task,cell,seed,coord,mean_FH,median_FH,frac_pos,median_sigma,E_sech2,two_s2_E_sech2
walker,PW_ent,301,0,0.009029212407767773,0.012559924274682999,0.90625,0.5118318796157837,0.44506871700286865,0.37772122025489807
walker,PW_ent,301,1,0.011678298003971577,0.012175608426332474,1.0,0.44571739435195923,0.4777328073978424,0.19515053927898407
walker,PW_ent,301,2,0.006263934075832367,0.00674770912155509,0.8385416666666666,0.6359496116638184,0.66829913854599,0.5682997107505798
walker,PW_ent,301,3,0.01040447037667036,0.01283981092274189,0.890625,0.464588463306427,0.39106297492980957,0.28294071555137634
walker,PW_ent,301,4,0.012003983370959759,0.012378633953630924,1.0,0.4653787612915039,0.469747394323349,0.1727047711610794
walker,PW_ent,301,5,0.009629997424781322,0.01146407425403595,0.953125,0.5167187452316284,0.4709460735321045,0.33631613850593567
walker,PW_ent,302,0,0.010987772606313229,0.013342548161745071,0.9479166666666666,0.4378353953361511,0.39302244782447815,0.2427404373884201
walker,PW_ent,302,1,0.010997670702636242,0.012328343465924263,0.9947916666666666,0.4806620478630066,0.44372275471687317,0.24205823242664337
walker,PW_ent,302,2,0.007432680577039719,0.008708639070391655,0.8802083333333334,0.5670440196990967,0.6083006262779236,0.48775163292884827
walker,PW_ent,302,3,0.009726502001285553,0.012228884734213352,0.9479166666666666,0.4537002444267273,0.4848608076572418,0.3296651542186737
walker,PW_ent,302,4,0.011051678098738194,0.012018730863928795,1.0,0.47498488426208496,0.49307987093925476,0.23833613097667694
walker,PW_ent,302,5,0.009043598547577858,0.010248157195746899,0.9635416666666666,0.5135341882705688,0.5949090719223022,0.37672972679138184
walker,PW_ent,303,0,0.009718358516693115,0.013089852407574654,0.890625,0.4484255313873291,0.41255664825439453,0.3302263915538788
walker,PW_ent,303,1,0.011553697288036346,0.012130927294492722,1.0,0.47103196382522583,0.4414776563644409,0.20373781025409698
walker,PW_ent,303,2,0.0071785026229918,0.008222103118896484,0.8854166666666666,0.5856015682220459,0.6240172982215881,0.5052691102027893
walker,PW_ent,303,3,0.011206983588635921,0.013456749729812145,0.9791666666666666,0.44142866134643555,0.3696860373020172,0.22763271629810333
walker,PW_ent,303,4,0.01071279775351286,0.012463992461562157,0.9739583333333334,0.46884965896606445,0.45656004548072815,0.2616911828517914
walker,PW_ent,303,5,0.007756092119961977,0.009182970970869064,0.90625,0.6002144813537598,0.5747465491294861,0.4654625952243805
walker,PW_ent,304,0,0.010328809730708599,0.013084311038255692,0.9479166666666666,0.4564313292503357,0.4456227123737335,0.28815504908561707
walker,PW_ent,304,1,0.011608287692070007,0.012283239513635635,1.0,0.48021331429481506,0.40152764320373535,0.19997550547122955
walker,PW_ent,304,2,0.00722461985424161,0.008055413141846657,0.8958333333333334,0.6231037378311157,0.6162809729576111,0.5020908117294312
walker,PW_ent,304,3,0.011755231767892838,0.013362184166908264,0.9791666666666666,0.40033310651779175,0.398221492767334,0.18984836339950562
walker,PW_ent,304,4,0.010246084071695805,0.012059585191309452,0.953125,0.4636649489402771,0.4960215091705322,0.2938563823699951
walker,PW_ent,304,5,0.009550406597554684,0.010909589007496834,0.9479166666666666,0.458703875541687,0.5538889169692993,0.34180131554603577
walker,PW_ent,305,0,0.01123459730297327,0.013443196192383766,0.96875,0.4119065999984741,0.41479992866516113,0.22572965919971466
walker,PW_ent,305,1,0.009991117753088474,0.012163011357188225,0.9583333333333334,0.5163533687591553,0.4263256788253784,0.3114281892776489
walker,PW_ent,305,2,0.00854029506444931,0.010427012108266354,0.9270833333333334,0.5241364240646362,0.5606067180633545,0.411416620016098
walker,PW_ent,305,3,0.010095071978867054,0.013047918677330017,0.9270833333333334,0.42843323945999146,0.44076231122016907,0.3042639195919037
walker,PW_ent,305,4,0.012243837118148804,0.012616179883480072,1.0,0.4664251208305359,0.3554607927799225,0.15617454051971436
walker,PW_ent,305,5,0.008039053529500961,0.008730508387088776,0.96875,0.5842958092689514,0.5935959219932556,0.4459613561630249
walker,PW_ent,306,0,0.010627024807035923,0.013176314532756805,0.921875,0.4129388928413391,0.41070032119750977,0.2676025331020355
walker,PW_ent,306,1,0.010300708934664726,0.011450903490185738,0.9791666666666666,0.5044099688529968,0.4802423417568207,0.29009175300598145
walker,PW_ent,306,2,0.008656267076730728,0.009918538853526115,0.9166666666666666,0.5243743658065796,0.5764693021774292,0.4034239947795868
walker,PW_ent,306,3,0.010322138667106628,0.01281491108238697,0.9479166666666666,0.46204715967178345,0.42365947365760803,0.28861477971076965
walker,PW_ent,306,4,0.01206216961145401,0.0126112699508667,1.0,0.46464309096336365,0.3842552602291107,0.16869468986988068
walker,PW_ent,306,5,0.007236167322844267,0.007100055925548077,0.9739583333333334,0.6764297485351562,0.5913081169128418,0.5012950301170349
walker,PW_ent,307,0,0.009940111078321934,0.013150058686733246,0.9114583333333334,0.4720447063446045,0.4300020635128021,0.3149435818195343
walker,PW_ent,307,1,0.011678722687065601,0.012157134711742401,0.9947916666666666,0.46314939856529236,0.40874984860420227,0.19512124359607697
walker,PW_ent,307,2,0.0076132118701934814,0.008233105763792992,0.890625,0.5819563865661621,0.5513808131217957,0.47530969977378845
walker,PW_ent,307,3,0.010660079307854176,0.013312166556715965,0.921875,0.41949647665023804,0.400326132774353,0.2653244733810425
walker,PW_ent,307,4,0.010857228189706802,0.012148726731538773,0.984375,0.49916863441467285,0.4326900541782379,0.2517373561859131
walker,PW_ent,307,5,0.009126013144850731,0.010728716850280762,0.9427083333333334,0.4958178997039795,0.5650461316108704,0.3710498809814453
walker,PW_ent,308,0,0.010113857686519623,0.013026508502662182,0.9166666666666666,0.42250216007232666,0.43639588356018066,0.3029692471027374
walker,PW_ent,308,1,0.011156541295349598,0.011538837105035782,1.0,0.47300034761428833,0.5045566558837891,0.2311091423034668
walker,PW_ent,308,2,0.007450800389051437,0.0084537323564291,0.8802083333333334,0.5750720500946045,0.6573165655136108,0.48650285601615906
walker,PW_ent,308,3,0.011561439372599125,0.013535814359784126,0.96875,0.42149782180786133,0.41318145394325256,0.2032041996717453
walker,PW_ent,308,4,0.012725144624710083,0.013144411146640778,1.0,0.4235396385192871,0.39445391297340393,0.12300354242324829
walker,PW_ent,308,5,0.010325643233954906,0.012322485446929932,0.9635416666666666,0.4278544783592224,0.5335663557052612,0.28837326169013977
walker,WML_noent,301,0,-0.01955687440931797,0.014336977154016495,0.8489583333333334,0.39746201038360596,0.22297561168670654,2.3478281497955322
walker,WML_noent,301,1,0.0030117479618638754,0.014280333183705807,0.8958333333333334,0.2418084591627121,0.31282058358192444,0.7924352288246155
walker,WML_noent,301,2,-0.05963539704680443,0.01424328237771988,0.890625,0.19092512130737305,0.41884079575538635,5.109975814819336
walker,WML_noent,301,3,-0.0883965790271759,0.014320449903607368,0.8489583333333334,0.3099657893180847,0.2949577867984772,7.092149257659912
walker,WML_noent,301,4,-0.028856240212917328,0.01428702287375927,0.890625,0.14856144785881042,0.3851277828216553,2.9887256622314453
walker,WML_noent,301,5,-0.06754893809556961,0.01427310612052679,0.8697916666666666,0.17626988887786865,0.36375951766967773,5.655364513397217
walker,WML_noent,302,0,-0.0045597609132528305,0.014407213777303696,0.9166666666666666,0.2776530385017395,0.18622666597366333,1.3142513036727905
walker,WML_noent,302,1,0.0027287432458251715,0.014321763068437576,0.9322916666666666,0.1657332181930542,0.34651830792427063,0.8119394183158875
walker,WML_noent,302,2,-0.055198270827531815,0.01407201960682869,0.859375,0.21005353331565857,0.46507129073143005,4.804176330566406
walker,WML_noent,302,3,0.0010318051790818572,0.014337942935526371,0.9375,0.14077746868133545,0.34457793831825256,0.9288895726203918
walker,WML_noent,302,4,-0.0009471522644162178,0.014254352077841759,0.921875,0.17709483206272125,0.3864266872406006,1.0652762651443481
walker,WML_noent,302,5,-0.07139015197753906,0.014213288202881813,0.84375,0.5223972797393799,0.30952712893486023,5.920093536376953
walker,WML_noent,303,0,-0.01848975196480751,0.014287273399531841,0.8541666666666666,0.3091694712638855,0.2239648848772049,2.2742841243743896
walker,WML_noent,303,1,-0.030416833236813545,0.014239512383937836,0.8541666666666666,0.2715466618537903,0.31837424635887146,3.0962789058685303
walker,WML_noent,303,2,-0.16551166772842407,0.01410316489636898,0.84375,0.211610808968544,0.4377773702144623,12.406795501708984
walker,WML_noent,303,3,-0.150290384888649,0.014268048107624054,0.8645833333333334,0.24477127194404602,0.30086126923561096,11.357771873474121
walker,WML_noent,303,4,0.0038637707475572824,0.014267107471823692,0.9114583333333334,0.1968599259853363,0.3710205554962158,0.7337150573730469
walker,WML_noent,303,5,-0.056784480810165405,0.0140118058770895,0.8072916666666666,0.2390698343515396,0.4591646194458008,4.91349458694458
walker,WML_noent,304,0,0.005661266390234232,0.014084851369261742,0.8697916666666666,0.29431161284446716,0.46275457739830017,0.6098346710205078
walker,WML_noent,304,1,0.010699641890823841,0.014264563098549843,0.9739583333333334,0.21581214666366577,0.3155343532562256,0.2625979483127594
walker,WML_noent,304,2,0.0077278767712414265,0.012546454556286335,0.9010416666666666,0.4664266109466553,0.45945215225219727,0.46740713715553284
walker,WML_noent,304,3,0.011163939721882343,0.014241328462958336,0.9479166666666666,0.391635537147522,0.304625004529953,0.2305992841720581
walker,WML_noent,304,4,0.00764040881767869,0.014218825846910477,0.9114583333333334,0.18750539422035217,0.4163384437561035,0.47343531250953674
walker,WML_noent,304,5,0.011770889163017273,0.014031190425157547,0.9635416666666666,0.2673857808113098,0.45243582129478455,0.18876929581165314
walker,WML_noent,305,0,-0.062333688139915466,0.0143060814589262,0.8385416666666666,0.3385496735572815,0.24306844174861908,5.295937538146973
walker,WML_noent,305,1,-0.01997520588338375,0.014276301488280296,0.9010416666666666,0.22846998274326324,0.3028152287006378,2.3766591548919678
walker,WML_noent,305,2,-0.06671134382486343,0.014237869530916214,0.8541666666666666,0.18763390183448792,0.4508751928806305,5.5976386070251465
walker,WML_noent,305,3,-0.09186466783285141,0.014234248548746109,0.859375,0.25455242395401,0.4101139008998871,7.331165313720703
walker,WML_noent,305,4,-0.009625059552490711,0.01421072892844677,0.8854166666666666,0.20335137844085693,0.40635180473327637,1.6633435487747192
walker,WML_noent,305,5,-0.046733204275369644,0.014196140691637993,0.8854166666666666,0.18618392944335938,0.4588817358016968,4.220776557922363
walker,WML_noent,306,0,-0.4948566257953644,0.014232123270630836,0.875,0.21912656724452972,0.31960269808769226,35.10471725463867
walker,WML_noent,306,1,-0.06920548528432846,0.014293382875621319,0.90625,0.1928933560848236,0.30359628796577454,5.769530773162842
walker,WML_noent,306,2,-0.08433747291564941,0.014011121354997158,0.8072916666666666,0.28967392444610596,0.39225590229034424,6.812403202056885
walker,WML_noent,306,3,-0.057230520993471146,0.014358051121234894,0.8645833333333334,0.3585718274116516,0.28112125396728516,4.944235324859619
walker,WML_noent,306,4,0.0020985305309295654,0.01432771235704422,0.921875,0.16652610898017883,0.32067397236824036,0.8553726673126221
walker,WML_noent,306,5,-0.06273090839385986,0.014234203845262527,0.875,0.10934042930603027,0.5411154627799988,5.323313236236572
walker,WML_noent,307,0,-0.040914904326200485,0.014324354007840157,0.8697916666666666,0.14700579643249512,0.3076915740966797,3.8197898864746094
walker,WML_noent,307,1,-0.012376382946968079,0.014258066192269325,0.8802083333333334,0.21032656729221344,0.36142048239707947,1.852960467338562
walker,WML_noent,307,2,-0.0363648384809494,0.01422668807208538,0.8541666666666666,0.13563089072704315,0.4755788743495941,3.5062062740325928
walker,WML_noent,307,3,-0.0029495779890567064,0.014275158755481243,0.890625,0.12322641164064407,0.4457949697971344,1.2032800912857056
walker,WML_noent,307,4,-0.0038861206267029047,0.01426590234041214,0.9010416666666666,0.14963459968566895,0.4132867753505707,1.2678252458572388
walker,WML_noent,307,5,-0.04840654134750366,0.014149049296975136,0.828125,0.16453254222869873,0.5144231915473938,4.336101055145264
walker,WML_noent,308,0,0.007810801267623901,0.01427886076271534,0.90625,0.1477336883544922,0.3861332833766937,0.46169212460517883
walker,WML_noent,308,1,0.009534756653010845,0.014314617961645126,0.9270833333333334,0.10336510837078094,0.45034053921699524,0.34287992119789124
walker,WML_noent,308,2,0.0019929378759115934,0.014254230074584484,0.8489583333333334,0.16887670755386353,0.3695319890975952,0.8626499176025391
walker,WML_noent,308,3,0.006405202206224203,0.014380864799022675,0.9322916666666666,0.14114168286323547,0.31528162956237793,0.558563768863678
walker,WML_noent,308,4,0.00824284553527832,0.014262288808822632,0.9010416666666666,0.13902144134044647,0.4104701578617096,0.43191635608673096
walker,WML_noent,308,5,0.00825741421431303,0.014255473390221596,0.9635416666666666,0.17216262221336365,0.43589115142822266,0.4309123754501343
g1,PW_ent,301,0,0.00020212661183904856,0.00020308783859945834,1.0,0.11712464690208435,0.7072765827178955,0.026000961661338806
g1,PW_ent,301,1,0.00019840511959046125,0.0002023417328018695,0.9947916666666666,0.13159236311912537,0.6919935345649719,0.04393383488059044
g1,PW_ent,301,2,0.00020121697161812335,0.0002036293299170211,0.9947916666666666,0.10061191022396088,0.8104478716850281,0.030384210869669914
g1,PW_ent,301,3,0.00019541879009921104,0.00019742842414416373,1.0,0.33272403478622437,0.3507973253726959,0.05832428112626076
g1,PW_ent,301,4,0.00017940376710612327,0.000182133968337439,1.0,0.34878718852996826,0.5820944309234619,0.1354968398809433
g1,PW_ent,301,5,0.00011571238428587094,0.00011333073780406266,0.9895833333333334,0.6032355427742004,0.6066496968269348,0.44241011142730713
g1,PW_ent,301,6,0.00020164034503977746,0.0002033743221545592,1.0,0.11413827538490295,0.7370983958244324,0.028344139456748962
g1,PW_ent,301,7,0.00019458612950984389,0.0001977863721549511,1.0,0.1765373945236206,0.7158753871917725,0.06233671307563782
g1,PW_ent,301,8,0.00019994867034256458,0.00020361936185508966,0.9947916666666666,0.1001276895403862,0.846798837184906,0.036495864391326904
g1,PW_ent,301,9,0.00020020703959744424,0.00020296599541325122,1.0,0.42790496349334717,0.2034585028886795,0.035250868648290634
g1,PW_ent,301,10,0.0001861361670307815,0.00019015034195035696,1.0,0.33982858061790466,0.5012860894203186,0.10305503010749817
g1,PW_ent,301,11,0.00011210169031983241,0.0001187424932140857,0.9791666666666666,0.5960146188735962,0.6341502666473389,0.45980918407440186
g1,PW_ent,301,12,0.00020291713008191437,0.00020371237769722939,1.0,0.10004672408103943,0.8478773236274719,0.022191660478711128
g1,PW_ent,301,13,0.00020184136519674212,0.00020302963093854487,1.0,0.11294389516115189,0.8359751105308533,0.027375465258955956
g1,PW_ent,301,14,0.00020345205848570913,0.00020362556097097695,1.0,0.10027336329221725,0.8699486255645752,0.019613994285464287
g1,PW_ent,301,15,0.00019458441238384694,0.00019938952755182981,0.9947916666666666,0.15522804856300354,0.8036076426506042,0.06234504655003548
g1,PW_ent,301,16,0.00018961071327794343,0.00019388450891710818,0.9947916666666666,0.20658081769943237,0.7880727648735046,0.08631192892789841
g1,PW_ent,301,17,0.00017692672554403543,0.0001809608656913042,0.9947916666666666,0.2869165539741516,0.7925276756286621,0.14743304252624512
g1,PW_ent,301,18,0.00018054305110126734,0.0001830384717322886,1.0,0.2813948392868042,0.772655725479126,0.13000686466693878
g1,PW_ent,301,19,0.00013149493315722793,0.0001390402321703732,0.9895833333333334,0.5171786546707153,0.6614159941673279,0.3663578927516937
g1,PW_ent,301,20,0.00011366072430973873,0.00011300860205665231,0.9895833333333334,0.581713080406189,0.6601216793060303,0.45229658484458923
g1,PW_ent,301,21,0.00013366808707360178,0.00013520897482521832,1.0,0.5184850692749023,0.6583396792411804,0.35588589310646057
g1,PW_ent,301,22,0.0001947428099811077,0.00019825610797852278,1.0,0.17220009863376617,0.77409428358078,0.06158171594142914
g1,PW_ent,301,23,0.00018261039804201573,0.0001871343411039561,1.0,0.2755696773529053,0.7226859927177429,0.12004480510950089
g1,PW_ent,301,24,0.00017059948004316539,0.00017881870735436678,0.984375,0.31735119223594666,0.7551155090332031,0.17792260646820068
g1,PW_ent,301,25,0.0001843548525357619,0.00018787317094393075,1.0,0.24568147957324982,0.8024014830589294,0.11163872480392456
g1,PW_ent,301,26,0.0001443373184883967,0.00014931525220163167,0.984375,0.46553587913513184,0.6788134574890137,0.30447351932525635
g1,PW_ent,301,27,0.00012527812214102596,0.00012776596122421324,1.0,0.571152925491333,0.6397116780281067,0.3963150978088379
g1,PW_ent,301,28,0.00013730338832829148,0.00014011829625815153,0.9895833333333334,0.499019980430603,0.6695572733879089,0.33836832642555237
g1,PW_ent,302,0,0.00020178947306703776,0.00020321522606536746,1.0,0.11358486115932465,0.7658085823059082,0.027625491842627525
g1,PW_ent,302,1,0.00019878770399373025,0.0002012017066590488,1.0,0.14680537581443787,0.7008264660835266,0.0420902781188488
g1,PW_ent,302,2,0.00020206444605719298,0.0002035725919995457,0.9947916666666666,0.10018113255500793,0.8316791653633118,0.026300514116883278
g1,PW_ent,302,3,0.00019956512551289052,0.00020163771114312112,1.0,0.4458417296409607,0.265193909406662,0.038344115018844604
g1,PW_ent,302,4,0.0001860587508417666,0.00018815870862454176,1.0,0.28502750396728516,0.5877522230148315,0.10342804342508316
g1,PW_ent,302,5,0.00012892800441477448,0.00012692733434960246,1.0,0.5477592945098877,0.6276284456253052,0.3787271976470947
g1,PW_ent,302,6,0.00020195689285174012,0.00020331470295786858,1.0,0.10904374718666077,0.7690777778625488,0.02681882120668888
g1,PW_ent,302,7,0.00019644743588287383,0.00019871091353707016,0.9947916666666666,0.17397929728031158,0.6890258193016052,0.053367454558610916
g1,PW_ent,302,8,0.000202262875973247,0.00020361985662020743,1.0,0.10012944042682648,0.8381630778312683,0.025344396010041237
g1,PW_ent,302,9,0.0002003375702770427,0.00020117315580137074,1.0,0.35068023204803467,0.29578885436058044,0.034621838480234146
g1,PW_ent,302,10,0.00017827101692091674,0.0001826226944103837,1.0,0.36379125714302063,0.5618898272514343,0.14095528423786163
g1,PW_ent,302,11,0.00013017481251154095,0.00012844259617850184,0.9947916666666666,0.5413787364959717,0.6332765817642212,0.3727191686630249
g1,PW_ent,302,12,0.00020323164062574506,0.00020374558516778052,1.0,0.1000293642282486,0.8275639414787292,0.02067609876394272
g1,PW_ent,302,13,0.00020188708731438965,0.00020306819351390004,1.0,0.11042562127113342,0.855185329914093,0.027155203744769096
g1,PW_ent,302,14,0.0002031384501606226,0.0002036539081018418,1.0,0.10011689364910126,0.8592261672019958,0.02112518437206745
g1,PW_ent,302,15,0.00019417201110627502,0.00019723171135410666,0.9947916666666666,0.17724508047103882,0.772574245929718,0.0643322691321373
g1,PW_ent,302,16,0.00018691814329940826,0.00018814778013620526,1.0,0.2618047595024109,0.7182747721672058,0.09928679466247559
g1,PW_ent,302,17,0.00017109363398049027,0.00017920261598192155,0.9895833333333334,0.3074319362640381,0.7685286402702332,0.17554129660129547
g1,PW_ent,302,18,0.00018037795962300152,0.0001853891444625333,0.9947916666666666,0.26030856370925903,0.8150284886360168,0.13080240786075592
g1,PW_ent,302,19,0.00014370831195265055,0.0001476789329899475,0.9895833333333334,0.47438281774520874,0.6700608730316162,0.3075045347213745
g1,PW_ent,302,20,0.00013079594646114856,0.00012846296885982156,0.9947916666666666,0.542252779006958,0.646994411945343,0.3697260916233063
g1,PW_ent,302,21,0.00013735894754063338,0.0001355753920506686,0.9947916666666666,0.5144467353820801,0.6703402400016785,0.3381005823612213
g1,PW_ent,302,22,0.00019403360784053802,0.00019931583665311337,0.9947916666666666,0.15724091231822968,0.8062276840209961,0.06499919295310974
g1,PW_ent,302,23,0.00018889464263338596,0.00019190061721019447,1.0,0.23526215553283691,0.7406256794929504,0.08976254612207413
g1,PW_ent,302,24,0.00017306346853729337,0.0001780007005436346,0.984375,0.3073199987411499,0.7994029521942139,0.16604918241500854
g1,PW_ent,302,25,0.0001831032132031396,0.0001875453453976661,0.9895833333333334,0.24859681725502014,0.7745024561882019,0.117669977247715
g1,PW_ent,302,26,0.00014540087431669235,0.00015216210158541799,0.984375,0.43368786573410034,0.7145266532897949,0.29934850335121155
g1,PW_ent,302,27,0.00013801397290080786,0.00013923682854510844,0.9895833333333334,0.4919567108154297,0.6765691637992859,0.3349441587924957
g1,PW_ent,302,28,0.00013574979675468057,0.00013863545609638095,0.984375,0.4852268397808075,0.7150235176086426,0.34585466980934143
g1,PW_ent,303,0,0.00020240565936546773,0.00020331182167865336,1.0,0.11167070269584656,0.7492545247077942,0.024656295776367188
g1,PW_ent,303,1,0.00019919210171792656,0.00020041136303916574,1.0,0.15882368385791779,0.7191020846366882,0.040141645818948746
g1,PW_ent,303,2,0.0002038313541561365,0.00020361885253805667,1.0,0.10007187724113464,0.8444921374320984,0.017786206677556038
g1,PW_ent,303,3,0.00020123082504142076,0.0002026840520557016,1.0,0.40447014570236206,0.21470849215984344,0.030317477881908417
g1,PW_ent,303,4,0.00018341436225455254,0.00018730414740275592,1.0,0.3202279806137085,0.5766416192054749,0.11617082357406616
g1,PW_ent,303,5,0.00012635027815122157,0.0001286351471208036,1.0,0.5706121921539307,0.6204930543899536,0.3911486864089966
g1,PW_ent,303,6,0.00020221853628754616,0.0002031634794548154,1.0,0.11149941384792328,0.7891775965690613,0.02555800974369049
g1,PW_ent,303,7,0.00019782614253927022,0.00019909979891963303,1.0,0.1820058822631836,0.6884381771087646,0.04672381281852722
g1,PW_ent,303,8,0.00020376923203002661,0.00020363141084089875,1.0,0.10022059828042984,0.826947033405304,0.0180855393409729
g1,PW_ent,303,9,0.00020183424931019545,0.00020370964193716645,1.0,0.4326077103614807,0.21053063869476318,0.02740977704524994
g1,PW_ent,303,10,0.0001844532525865361,0.00018741731764748693,1.0,0.3332337439060211,0.5483757853507996,0.11116456985473633
g1,PW_ent,303,11,0.00012055425759172067,0.00012071879609720781,1.0,0.5718306303024292,0.6329323649406433,0.4190783202648163
g1,PW_ent,303,12,0.0002043664426309988,0.00020419912470970303,1.0,0.10082294046878815,0.6530056595802307,0.015207815915346146
g1,PW_ent,303,13,0.00020237320859450847,0.0002025900175794959,1.0,0.11617813259363174,0.8496542572975159,0.024812661111354828
g1,PW_ent,303,14,0.00020352161664050072,0.00020355201559141278,1.0,0.10046073794364929,0.8562783598899841,0.01927877776324749
g1,PW_ent,303,15,0.000195392916793935,0.00019758011330850422,1.0,0.17357081174850464,0.7519276142120361,0.05844904109835625
g1,PW_ent,303,16,0.00019001461623702198,0.0001926341064972803,1.0,0.21921421587467194,0.8076892495155334,0.08436564356088638
g1,PW_ent,303,17,0.00017960376862902194,0.00018282441305927932,1.0,0.2925031781196594,0.7574582099914551,0.1345331221818924
g1,PW_ent,303,18,0.00018316744535695761,0.000184418517164886,1.0,0.27508270740509033,0.7955958247184753,0.1173606738448143
g1,PW_ent,303,19,0.00014703457418363541,0.00015185234951786697,1.0,0.4610902667045593,0.6676295399665833,0.29147613048553467
g1,PW_ent,303,20,0.0001364941126666963,0.00013706210302188993,1.0,0.511377215385437,0.6448684334754944,0.3422679901123047
g1,PW_ent,303,21,0.00013563073298428208,0.00013416237197816372,1.0,0.513836145401001,0.6695041060447693,0.34642839431762695
g1,PW_ent,303,22,0.00019515084568411112,0.00019669132598210126,1.0,0.18487678468227386,0.7673492431640625,0.059615422040224075
g1,PW_ent,303,23,0.0001896009052870795,0.00019099560449831188,1.0,0.23017515242099762,0.7784321308135986,0.08635935187339783
g1,PW_ent,303,24,0.00016993338067550212,0.00017508586461190134,1.0,0.35388287901878357,0.7201700210571289,0.18113230168819427
g1,PW_ent,303,25,0.00018693423771765083,0.00018787907902151346,1.0,0.2498455047607422,0.7906734347343445,0.09920928627252579
g1,PW_ent,303,26,0.00013937581388745457,0.00014153480879031122,1.0,0.4842737019062042,0.6964824795722961,0.32838180661201477
g1,PW_ent,303,27,0.00013292494986671954,0.00013172734179534018,1.0,0.5163496136665344,0.6548427939414978,0.35946691036224365
g1,PW_ent,303,28,0.00013713353837374598,0.00013872075942344964,1.0,0.5127757787704468,0.6554734706878662,0.33918678760528564
g1,PW_ent,304,0,0.00020132404461037368,0.00020314079301897436,1.0,0.1610613763332367,0.5207729935646057,0.02986835688352585
g1,PW_ent,304,1,0.00019369437359273434,0.00019502302166074514,1.0,0.21895679831504822,0.6703268885612488,0.06663387268781662
g1,PW_ent,304,2,0.00020329766266513616,0.00020354354637674987,1.0,0.10241095721721649,0.798272430896759,0.020357878878712654
g1,PW_ent,304,3,0.00019945786334574223,0.00020101183326914907,1.0,0.3518458604812622,0.3005428910255432,0.0388609915971756
g1,PW_ent,304,4,0.00018215762975160033,0.00018478039419278502,1.0,0.3696165680885315,0.5054817795753479,0.12222660332918167
g1,PW_ent,304,5,0.0001025369274429977,9.962693729903549e-05,0.9947916666666666,0.6745986938476562,0.5768916010856628,0.5058994293212891
g1,PW_ent,304,6,0.00020207012130413204,0.00020295886497478932,1.0,0.17109669744968414,0.47721871733665466,0.026273099705576897
g1,PW_ent,304,7,0.0001934596075443551,0.00019515857275109738,1.0,0.21413257718086243,0.6966958045959473,0.06776515394449234
g1,PW_ent,304,8,0.0002015907084569335,0.00020351844432298094,0.9947916666666666,0.10183319449424744,0.8088198304176331,0.028583260253071785
g1,PW_ent,304,9,0.0002009883610298857,0.00020346880774013698,1.0,0.4287775754928589,0.24043893814086914,0.03148593008518219
g1,PW_ent,304,10,0.00018066877964884043,0.000191427709069103,0.984375,0.3997151255607605,0.461194783449173,0.1294010728597641
g1,PW_ent,304,11,0.00010192639456363395,0.00010097982885781676,0.9947916666666666,0.6540780067443848,0.6063414216041565,0.5088414549827576
g1,PW_ent,304,12,0.00020340853370726109,0.0002036342630162835,1.0,0.1009795218706131,0.8082168698310852,0.019823631271719933
g1,PW_ent,304,13,0.00020061504619661719,0.00020118406973779202,1.0,0.13310781121253967,0.7960163950920105,0.03328483924269676
g1,PW_ent,304,14,0.00020634727843571454,0.00020704406779259443,1.0,0.43842196464538574,0.14435075223445892,0.005662604700773954
g1,PW_ent,304,15,0.00019059264741372317,0.0001928307901835069,1.0,0.229355588555336,0.7319846153259277,0.0815802738070488
g1,PW_ent,304,16,0.00018766551511362195,0.00018867032486014068,1.0,0.2551618218421936,0.707320511341095,0.0956854447722435
g1,PW_ent,304,17,0.00017030535673256963,0.00017365143867209554,0.9947916666666666,0.34810346364974976,0.7662496566772461,0.17933987081050873
g1,PW_ent,304,18,0.0001752965763444081,0.0001787480723578483,0.9947916666666666,0.3007059693336487,0.7520826458930969,0.15528835356235504
g1,PW_ent,304,19,0.00013461321941576898,0.00013820247841067612,0.9947916666666666,0.5221757292747498,0.6593469381332397,0.35133156180381775
g1,PW_ent,304,20,0.0001276215334655717,0.0001307655475102365,0.9895833333333334,0.5698204040527344,0.605658769607544,0.3850228786468506
g1,PW_ent,304,21,0.0001271631190320477,0.00012869913189206272,0.9895833333333334,0.5618233680725098,0.6103208661079407,0.3872317373752594
g1,PW_ent,304,22,0.00018585163343232125,0.00018813932547345757,1.0,0.28059130907058716,0.637638509273529,0.10442613810300827
g1,PW_ent,304,23,0.00018565019126981497,0.00019006122602149844,1.0,0.29291635751724243,0.6339800357818604,0.1053968295454979
g1,PW_ent,304,24,0.0001688593765720725,0.00017284182831645012,1.0,0.3641326427459717,0.7555601000785828,0.1863076239824295
g1,PW_ent,304,25,0.00017887447029352188,0.00018320989329367876,1.0,0.3255343437194824,0.6867806911468506,0.13804735243320465
g1,PW_ent,304,26,0.00013507592666428536,0.0001386343501508236,0.9895833333333334,0.5230961441993713,0.6351258754730225,0.3491019010543823
g1,PW_ent,304,27,0.00011855179764097556,0.00011893456394318491,0.9947916666666666,0.61742103099823,0.5877214074134827,0.4287276268005371
g1,PW_ent,304,28,0.00012934130791109055,0.00012955308193340898,0.9895833333333334,0.5476648807525635,0.6498879790306091,0.3767355978488922
g1,PW_ent,305,0,0.00020223326282575727,0.00020329278777353466,1.0,0.10806818306446075,0.7825039029121399,0.02548699639737606
g1,PW_ent,305,1,0.00019678223179653287,0.00019775450346060097,1.0,0.18532243371009827,0.6927587389945984,0.051754292100667953
g1,PW_ent,305,2,0.00020377898181322962,0.0002036745281657204,1.0,0.10019348561763763,0.8229848742485046,0.018038583919405937
g1,PW_ent,305,3,0.0002022871485678479,0.00020345176744740456,1.0,0.4484390914440155,0.16316579282283783,0.025227421894669533
g1,PW_ent,305,4,0.0001775389100657776,0.00018092042591888458,1.0,0.39495545625686646,0.518377959728241,0.1444830447435379
g1,PW_ent,305,5,0.00011480384273454547,0.00011537285172380507,0.9947916666666666,0.5981324315071106,0.6305010318756104,0.44678816199302673
g1,PW_ent,305,6,0.00020211708033457398,0.0002030900213867426,1.0,0.116819366812706,0.7630977630615234,0.026046892628073692
g1,PW_ent,305,7,0.00019615031487774104,0.00019777077250182629,1.0,0.1872280091047287,0.6811919212341309,0.05479926988482475
g1,PW_ent,305,8,0.00020379970374051481,0.0002036617515841499,1.0,0.10042200982570648,0.8221673965454102,0.017938682809472084
g1,PW_ent,305,9,0.00019916360906790942,0.00020176375983282924,1.0,0.41739076375961304,0.234474778175354,0.040278926491737366
g1,PW_ent,305,10,0.0001745731133269146,0.00017705486970953643,1.0,0.4092317819595337,0.5207915306091309,0.1587744504213333
g1,PW_ent,305,11,0.00011213135439902544,0.00011290142720099539,0.9947916666666666,0.6285985708236694,0.6058962941169739,0.45966625213623047
g1,PW_ent,305,12,0.0002040084800682962,0.00020388298435136676,1.0,0.10004054009914398,0.814028263092041,0.01693265698850155
g1,PW_ent,305,13,0.00020122221030760556,0.00020149967167526484,1.0,0.12971237301826477,0.838670551776886,0.030359020456671715
g1,PW_ent,305,14,0.0002035204815911129,0.00020358030451461673,1.0,0.10109884291887283,0.8257363438606262,0.0192842036485672
g1,PW_ent,305,15,0.00019578506180550903,0.00019781317678280175,1.0,0.18313968181610107,0.756964385509491,0.05655934289097786
g1,PW_ent,305,16,0.00018997171719092876,0.00019145765691064298,1.0,0.2457655370235443,0.6654308438301086,0.08457235246896744
g1,PW_ent,305,17,0.00017558496620040387,0.00017754745204001665,1.0,0.3074463903903961,0.7877386212348938,0.1538987010717392
g1,PW_ent,305,18,0.00018243712838739157,0.0001827561791287735,1.0,0.2760104238986969,0.811453640460968,0.12087979912757874
g1,PW_ent,305,19,0.00014331463898997754,0.00014433034812100232,0.9947916666666666,0.4696604013442993,0.6844348907470703,0.30940160155296326
g1,PW_ent,305,20,0.00012896870612166822,0.00012769887689501047,0.9947916666666666,0.5199326276779175,0.6955073475837708,0.3785311281681061
g1,PW_ent,305,21,0.00013751635560765862,0.0001358279841952026,0.9947916666666666,0.49159184098243713,0.6864500045776367,0.3373420238494873
g1,PW_ent,305,22,0.0001952718012034893,0.000197272514924407,1.0,0.17942561209201813,0.7778307795524597,0.05903266742825508
g1,PW_ent,305,23,0.0001906943944049999,0.00019163636898156255,1.0,0.21408632397651672,0.8185791373252869,0.08109012991189957
g1,PW_ent,305,24,0.00017775256128516048,0.0001791582617443055,1.0,0.2963860034942627,0.7799363136291504,0.14345359802246094
g1,PW_ent,305,25,0.0001819099998101592,0.0001835437724366784,1.0,0.2709074020385742,0.8101520538330078,0.123419851064682
g1,PW_ent,305,26,0.0001476147590437904,0.00014848727732896805,0.9947916666666666,0.45937713980674744,0.6806347966194153,0.2886803150177002
g1,PW_ent,305,27,0.0001309628423769027,0.00012867958866991103,0.9947916666666666,0.5298569202423096,0.660616934299469,0.36892184615135193
g1,PW_ent,305,28,0.00013392732944339514,0.00013159532682038844,1.0,0.5412031412124634,0.6423537731170654,0.3546367585659027
g1,PW_ent,306,0,0.0002018612140091136,0.000202440787688829,1.0,0.17432332038879395,0.49050116539001465,0.027279755100607872
g1,PW_ent,306,1,0.00019226805306971073,0.0001934113388415426,1.0,0.23847489058971405,0.659919798374176,0.0735069289803505
g1,PW_ent,306,2,0.00020303577184677124,0.00020343513460829854,1.0,0.1026507019996643,0.7937080264091492,0.021619878709316254
g1,PW_ent,306,3,0.00020027982827741653,0.00020225644402671605,1.0,0.3790173828601837,0.2538801431655884,0.03490004315972328
g1,PW_ent,306,4,0.00018497589917387813,0.00018808923778124154,1.0,0.3558468222618103,0.5100380778312683,0.10864609479904175
g1,PW_ent,306,5,0.00012378634710330516,0.0001211689377669245,1.0,0.5891983509063721,0.5772591233253479,0.4035036265850067
g1,PW_ent,306,6,0.0002025704161496833,0.00020295291324146092,1.0,0.24376769363880157,0.33958005905151367,0.02386227808892727
g1,PW_ent,306,7,0.000192006365978159,0.0001934301690198481,1.0,0.22669248282909393,0.6922359466552734,0.07476792484521866
g1,PW_ent,306,8,0.0002032232005149126,0.00020348266116343439,1.0,0.10205990076065063,0.8339353203773499,0.02071676217019558
g1,PW_ent,306,9,0.00020093040075153112,0.0002025528228841722,1.0,0.3772273361682892,0.22954769432544708,0.03176525607705116
g1,PW_ent,306,10,0.00018389719480182976,0.0001881805364973843,1.0,0.37171635031700134,0.49431803822517395,0.11384403705596924
g1,PW_ent,306,11,9.054900874616578e-05,8.58241255627945e-05,0.984375,0.6866512298583984,0.5914304852485657,0.5636662840843201
g1,PW_ent,306,12,0.00020354359003249556,0.0002036398509517312,1.0,0.10092692077159882,0.7977226376533508,0.019172795116901398
g1,PW_ent,306,13,0.00020021409727633,0.000200750888325274,1.0,0.1408061534166336,0.7972615361213684,0.0352168083190918
g1,PW_ent,306,14,0.00020636862609535456,0.0002071282360702753,1.0,0.4424392282962799,0.08394298702478409,0.005559701472520828
g1,PW_ent,306,15,0.00019280709966551512,0.00019465296645648777,1.0,0.26909303665161133,0.5313720703125,0.07090944796800613
g1,PW_ent,306,16,0.0001843084319261834,0.00018759697559289634,1.0,0.25539594888687134,0.7455593943595886,0.11186244338750839
g1,PW_ent,306,17,0.00016435405996162444,0.00017216740525327623,0.9947916666666666,0.3662641644477844,0.7061451077461243,0.20801766216754913
g1,PW_ent,306,18,0.00017177021072711796,0.00017605502216611058,1.0,0.34298449754714966,0.6912879943847656,0.17228110134601593
g1,PW_ent,306,19,0.00013485642557498068,0.00013907594257034361,0.9947916666666666,0.5384101271629333,0.5975266098976135,0.350159615278244
g1,PW_ent,306,20,0.00011611045192694291,0.00011631924280663952,0.9947916666666666,0.5906647443771362,0.6255549788475037,0.44049200415611267
g1,PW_ent,306,21,0.00013529426360037178,0.00013674137881025672,0.9947916666666666,0.554270327091217,0.588205873966217,0.3480498790740967
g1,PW_ent,306,22,0.000184554563020356,0.0001900995266623795,1.0,0.23850275576114655,0.7412195205688477,0.1106763705611229
g1,PW_ent,306,23,0.000179512586328201,0.00018245293176732957,1.0,0.3467780649662018,0.5880040526390076,0.13497240841388702
g1,PW_ent,306,24,0.00017200216825585812,0.00017833473975770175,1.0,0.31846633553504944,0.7512120604515076,0.17116332054138184
g1,PW_ent,306,25,0.00017904101696331054,0.00018382666166871786,1.0,0.28893527388572693,0.7484781742095947,0.13724471628665924
g1,PW_ent,306,26,0.00013456646411214024,0.00013501050125341862,1.0,0.5174478888511658,0.6446979641914368,0.3515568971633911
g1,PW_ent,306,27,0.0001255959359696135,0.0001268256310140714,1.0,0.5705864429473877,0.62690669298172,0.3947836458683014
g1,PW_ent,306,28,0.00011858893412863836,0.00012394598161336035,1.0,0.5848746299743652,0.6055173277854919,0.4285486936569214
g1,PW_ent,307,0,0.00020287428924348205,0.00020337189198471606,1.0,0.11024558544158936,0.6917526125907898,0.022398047149181366
g1,PW_ent,307,1,0.0001969627192011103,0.00019831809913739562,1.0,0.17744973301887512,0.7022213339805603,0.05088450014591217
g1,PW_ent,307,2,0.00020391646830830723,0.00020367163233458996,1.0,0.10003462433815002,0.854902446269989,0.017376018688082695
g1,PW_ent,307,3,0.00020182497974019498,0.00020301155745983124,1.0,0.3986445963382721,0.1942969560623169,0.027454465627670288
g1,PW_ent,307,4,0.0001887800171971321,0.0001897037000162527,1.0,0.28620100021362305,0.5835838317871094,0.09031494706869125
g1,PW_ent,307,5,0.00012140749458922073,0.000123420191812329,1.0,0.5506020784378052,0.6360642313957214,0.41496679186820984
g1,PW_ent,307,6,0.0002029434108408168,0.00020338420290499926,1.0,0.10709580034017563,0.7859670519828796,0.022064944729208946
g1,PW_ent,307,7,0.00019931148563046008,0.00020028228755109012,1.0,0.15134891867637634,0.7390545010566711,0.039566315710544586
g1,PW_ent,307,8,0.00020390714053064585,0.00020365288946777582,1.0,0.10006971657276154,0.8521183133125305,0.017420925199985504
g1,PW_ent,307,9,0.00019891267584171146,0.00020008310093544424,1.0,0.36105871200561523,0.2630331218242645,0.04148812219500542
g1,PW_ent,307,10,0.0001855914742918685,0.0001874091540230438,1.0,0.2850789427757263,0.6257807612419128,0.10567981749773026
g1,PW_ent,307,11,0.0001210005721077323,0.00011850517330458388,1.0,0.5556892156600952,0.6606331467628479,0.41692766547203064
g1,PW_ent,307,12,0.00020429666619747877,0.00020399270579218864,1.0,0.10015134513378143,0.7122302651405334,0.015543930232524872
g1,PW_ent,307,13,0.000202059731236659,0.00020227183995302767,1.0,0.12054294347763062,0.8570680022239685,0.026323208585381508
g1,PW_ent,307,14,0.00020372409198898822,0.00020361895440146327,1.0,0.1012190505862236,0.8352756500244141,0.01830306462943554
g1,PW_ent,307,15,0.00019730289932340384,0.00019894172146450728,1.0,0.15338855981826782,0.8508241772651672,0.049245163798332214
g1,PW_ent,307,16,0.00019009278912562877,0.00019163999240845442,1.0,0.2124815732240677,0.8054283261299133,0.0839889869093895
g1,PW_ent,307,17,0.0001760144514264539,0.00018094481492880732,1.0,0.300256609916687,0.7800443768501282,0.15182895958423615
g1,PW_ent,307,18,0.0001867200480774045,0.00018854931113310158,1.0,0.23781825602054596,0.8262424468994141,0.10024148225784302
g1,PW_ent,307,19,0.00015244909445755184,0.00015357974916696548,1.0,0.42400890588760376,0.7149596214294434,0.2653847932815552
g1,PW_ent,307,20,0.00013376527931541204,0.00013331533409655094,1.0,0.5120407938957214,0.6756349205970764,0.3554176390171051
g1,PW_ent,307,21,0.00013572155148722231,0.0001382047194056213,1.0,0.48494982719421387,0.6974236369132996,0.3459908068180084
g1,PW_ent,307,22,0.00019334215903654695,0.0001951732556335628,1.0,0.20321689546108246,0.7281033992767334,0.06833109259605408
g1,PW_ent,307,23,0.00018567213555797935,0.00018834060756489635,1.0,0.26214325428009033,0.7012021541595459,0.10529109835624695
g1,PW_ent,307,24,0.00017776305321604013,0.00018092937534675002,1.0,0.30003252625465393,0.7424758076667786,0.14340297877788544
g1,PW_ent,307,25,0.00018293969333171844,0.00018517626449465752,1.0,0.25467073917388916,0.8383932113647461,0.11845804005861282
g1,PW_ent,307,26,0.00013771765225101262,0.0001433789439033717,1.0,0.49103492498397827,0.6756815910339355,0.33637210726737976
g1,PW_ent,307,27,0.00011884735431522131,0.00012120644532842562,1.0,0.5560852289199829,0.6757672429084778,0.4273034632205963
g1,PW_ent,307,28,0.00014417091733776033,0.00014497130177915096,1.0,0.460282564163208,0.69891357421875,0.3052753508090973
g1,PW_ent,308,0,0.00020260184828657657,0.0002033864293480292,1.0,0.12536212801933289,0.6505770683288574,0.02371087111532688
g1,PW_ent,308,1,0.0001967908610822633,0.0001972063328139484,1.0,0.1863420307636261,0.7137411236763,0.05171257257461548
g1,PW_ent,308,2,0.00020390514691825956,0.00020366266835480928,1.0,0.10008730739355087,0.8426448702812195,0.017430683597922325
g1,PW_ent,308,3,0.00020201953884679824,0.00020343170035630465,1.0,0.4218423366546631,0.21857082843780518,0.026516949757933617
g1,PW_ent,308,4,0.00018244892999064177,0.0001841774646891281,1.0,0.31477418541908264,0.6076050400733948,0.12082294374704361
g1,PW_ent,308,5,0.00012725575652439147,0.00012818766117561609,1.0,0.5283066034317017,0.7017945647239685,0.3867853879928589
g1,PW_ent,308,6,0.00020249791850801557,0.00020314523135311902,1.0,0.11029087752103806,0.7464819550514221,0.02421182207763195
g1,PW_ent,308,7,0.00019817477732431144,0.00019873006385751069,1.0,0.1681041121482849,0.7323915362358093,0.045043859630823135
g1,PW_ent,308,8,0.000203849354875274,0.00020360259804874659,1.0,0.1001221239566803,0.8647041916847229,0.017699413001537323
g1,PW_ent,308,9,0.00020059419330209494,0.00020200198923703283,1.0,0.3580256402492523,0.30561402440071106,0.03338523581624031
g1,PW_ent,308,10,0.0001876865280792117,0.00018955091945827007,1.0,0.2991737723350525,0.5877501368522644,0.0955842137336731
g1,PW_ent,308,11,0.00013063044752925634,0.00013197677617426962,1.0,0.5226414203643799,0.6772390007972717,0.370523601770401
g1,PW_ent,308,12,0.0002039530227193609,0.0002036876103375107,1.0,0.10002632439136505,0.8462042808532715,0.017199881374835968
g1,PW_ent,308,13,0.00020258664153516293,0.000202778639504686,1.0,0.11407925188541412,0.8640013337135315,0.023784199729561806
g1,PW_ent,308,14,0.0002030776668107137,0.0002034478820860386,1.0,0.1042802631855011,0.7682338356971741,0.02141801081597805
g1,PW_ent,308,15,0.00019557883206289262,0.0001968560682144016,1.0,0.19845466315746307,0.687224805355072,0.05755315348505974
g1,PW_ent,308,16,0.00019322377920616418,0.00019383494509384036,1.0,0.20702925324440002,0.8063495755195618,0.06890153139829636
g1,PW_ent,308,17,0.00018383788119535893,0.000184999022167176,1.0,0.2662986218929291,0.8067567944526672,0.11412990093231201
g1,PW_ent,308,18,0.00018506137712392956,0.00018609344260767102,1.0,0.25933772325515747,0.8093708157539368,0.10823419690132141
g1,PW_ent,308,19,0.00015406444435939193,0.00015272590098902583,1.0,0.4262661933898926,0.7118072509765625,0.257600873708725
g1,PW_ent,308,20,0.00013332028174772859,0.00013322311860974878,1.0,0.5243294835090637,0.6719439029693604,0.35756194591522217
g1,PW_ent,308,21,0.00015296688070520759,0.0001524676918052137,1.0,0.4623229205608368,0.6547024846076965,0.26288971304893494
g1,PW_ent,308,22,0.00019596600031945854,0.00019736969261430204,1.0,0.17475290596485138,0.7831067442893982,0.05568739399313927
g1,PW_ent,308,23,0.00019103581144008785,0.00019237035303376615,1.0,0.21732820570468903,0.7924607396125793,0.0794447660446167
g1,PW_ent,308,24,0.0001761937019182369,0.00017776922322809696,1.0,0.3002467751502991,0.8004390597343445,0.15096540749073029
g1,PW_ent,308,25,0.000185418946784921,0.00018568822997622192,1.0,0.2573586702346802,0.8022398948669434,0.10651115328073502
g1,PW_ent,308,26,0.0001405974617227912,0.00014118454419076443,1.0,0.4855397045612335,0.6883218288421631,0.3224949836730957
g1,PW_ent,308,27,0.00012841309944633394,0.00012591436097864062,1.0,0.5471096038818359,0.6576230525970459,0.3812084197998047
g1,PW_ent,308,28,0.0001533065951662138,0.0001524510735180229,1.0,0.42945924401283264,0.7145719528198242,0.261252760887146
g1,WML_noent,301,0,0.00019995716866105795,0.00020365053205750883,0.9947916666666666,0.10369060933589935,0.677128255367279,0.03645499050617218
g1,WML_noent,301,1,0.00017707905499264598,0.0002037297235801816,0.984375,0.10585243999958038,0.6581671237945557,0.14669904112815857
g1,WML_noent,301,2,0.00016590832092333585,0.00020373288134578615,0.984375,0.10003635287284851,0.820538341999054,0.20052802562713623
g1,WML_noent,301,3,0.0001687388139544055,0.0002064660075120628,0.9739583333333334,0.15178942680358887,0.2583049237728119,0.1868886500597
g1,WML_noent,301,4,0.00011031027679564431,0.00019769657228607684,0.9166666666666666,0.3436841368675232,0.35303404927253723,0.46844157576560974
g1,WML_noent,301,5,0.0001572106993990019,0.00017867730639409274,0.9583333333333334,0.4143814444541931,0.4555708169937134,0.24243982136249542
g1,WML_noent,301,6,0.0001910720020532608,0.00020397009211592376,0.984375,0.10151412338018417,0.6853458881378174,0.07927044481039047
g1,WML_noent,301,7,0.00018792948685586452,0.00020351420971564949,0.9895833333333334,0.10932236164808273,0.6613655686378479,0.09441342949867249
g1,WML_noent,301,8,0.0001374699204461649,0.0002035914221778512,0.9791666666666666,0.1000206246972084,0.8427017331123352,0.3375658094882965
g1,WML_noent,301,9,0.00016280596901196986,0.00020718210726045072,0.9739583333333334,0.1780664622783661,0.20882290601730347,0.21547752618789673
g1,WML_noent,301,10,0.00016448268434032798,0.00019952142611145973,0.9635416666666666,0.309920072555542,0.3683798015117645,0.20739787817001343
g1,WML_noent,301,11,0.00010791813110699877,0.00016516685718670487,0.8854166666666666,0.5524280667304993,0.4042447805404663,0.479968786239624
g1,WML_noent,301,12,0.00019472406711429358,0.00020402247901074588,0.984375,0.10002966225147247,0.7350651621818542,0.061672013252973557
g1,WML_noent,301,13,0.00019887469534296542,0.000203645700821653,0.9895833333333334,0.10009349882602692,0.8376795649528503,0.04167117550969124
g1,WML_noent,301,14,0.00020410509023349732,0.0002037544036284089,1.0,0.1000087559223175,0.8072145581245422,0.01646707020699978
g1,WML_noent,301,15,0.00017705046047922224,0.00020331252017058432,0.9791666666666666,0.11191494762897491,0.6826400756835938,0.14683683216571808
g1,WML_noent,301,16,0.00018525536870583892,0.00020251570094842464,0.9791666666666666,0.12280616164207458,0.7718143463134766,0.1072993278503418
g1,WML_noent,301,17,0.00015203598013613373,0.00020031188614666462,0.9427083333333334,0.15683460235595703,0.7388963103294373,0.26737549901008606
g1,WML_noent,301,18,0.00016626920842099935,0.00020134466467425227,0.9635416666666666,0.15503671765327454,0.666038990020752,0.19878911972045898
g1,WML_noent,301,19,0.00015729623555671424,0.00019750357023440301,0.953125,0.3513375520706177,0.4022471010684967,0.24202758073806763
g1,WML_noent,301,20,0.00013992947060614824,0.0001755793928168714,0.9375,0.42707502841949463,0.46767663955688477,0.3257138729095459
g1,WML_noent,301,21,0.00017288319941144437,0.00019163481192663312,0.9791666666666666,0.2914842963218689,0.5624610781669617,0.1669178456068039
g1,WML_noent,301,22,0.0001800722093321383,0.00020312030392233282,0.984375,0.11225313693284988,0.7726831436157227,0.1322757452726364
g1,WML_noent,301,23,0.00017867008864413947,0.0002026068978011608,0.9583333333333334,0.1618037074804306,0.5506955981254578,0.139032244682312
g1,WML_noent,301,24,0.00014006202400196344,0.00019891472766175866,0.9322916666666666,0.20690304040908813,0.5986080765724182,0.32507506012916565
g1,WML_noent,301,25,0.00013300735736265779,0.00020203713211230934,0.953125,0.13873550295829773,0.7033254504203796,0.35906982421875
g1,WML_noent,301,26,0.00014492995978798717,0.00018695996550377458,0.9270833333333334,0.3662404417991638,0.4922412931919098,0.30161774158477783
g1,WML_noent,301,27,0.00016184124979190528,0.0001776902354322374,0.9739583333333334,0.43428313732147217,0.454532265663147,0.22012633085250854
g1,WML_noent,301,28,0.00014401193766389042,0.00018140242900699377,0.9114583333333334,0.4131191670894623,0.44496092200279236,0.3060414493083954
g1,WML_noent,302,0,0.00016653085185680538,0.0002038308302871883,0.9791666666666666,0.10105255991220474,0.7206752896308899,0.19752824306488037
g1,WML_noent,302,1,0.00017169618513435125,0.00020354666048660874,0.9739583333333334,0.11375702917575836,0.6241769194602966,0.1726377010345459
g1,WML_noent,302,2,0.00013400259194895625,0.00020362497889436781,0.984375,0.10005959868431091,0.8149481415748596,0.3542740046977997
g1,WML_noent,302,3,0.00016938192129600793,0.00020688654331024736,0.9739583333333334,0.17080894112586975,0.22583931684494019,0.18378962576389313
g1,WML_noent,302,4,0.00017040350940078497,0.0002018102677538991,0.9583333333333334,0.21145647764205933,0.39354419708251953,0.17886687815189362
g1,WML_noent,302,5,0.00013564169057644904,0.0001873132714536041,0.9583333333333334,0.4116348624229431,0.3214876353740692,0.34637561440467834
g1,WML_noent,302,6,0.00018348444427829236,0.0002037879021372646,0.9635416666666666,0.10070294141769409,0.7480868697166443,0.11583303660154343
g1,WML_noent,302,7,0.0001718139974400401,0.00020345582743175328,0.9791666666666666,0.11517508327960968,0.6194449067115784,0.17207004129886627
g1,WML_noent,302,8,0.00018624785298015922,0.00020369223784655333,0.984375,0.100041463971138,0.8243322372436523,0.10251685976982117
g1,WML_noent,302,9,0.00018500494479667395,0.0002071121707558632,0.984375,0.12986978888511658,0.19476158916950226,0.10850613564252853
g1,WML_noent,302,10,0.00017768358520697802,0.00020233055693097413,0.9635416666666666,0.3140513300895691,0.3149031698703766,0.14378592371940613
g1,WML_noent,302,11,0.0001555201451992616,0.0001956763444468379,0.96875,0.43133071064949036,0.2720622718334198,0.2505861222743988
g1,WML_noent,302,12,0.00016656449588481337,0.00020362966461107135,0.984375,0.10001601278781891,0.852499783039093,0.19736607372760773
g1,WML_noent,302,13,0.00019912495918106288,0.0002037231024587527,0.9947916666666666,0.10007315874099731,0.8265595436096191,0.040465231984853745
g1,WML_noent,302,14,0.00020394254534039646,0.0002036773948930204,1.0,0.10000607371330261,0.8489568829536438,0.017250383272767067
g1,WML_noent,302,15,0.00019033874559681863,0.00020331391715444624,0.984375,0.11326999217271805,0.7108976244926453,0.08280377835035324
g1,WML_noent,302,16,0.00014485539577435702,0.0001952640013769269,0.9635416666666666,0.2441106140613556,0.6087875962257385,0.3019770085811615
g1,WML_noent,302,17,0.000155124522279948,0.00020041805692017078,0.96875,0.16338901221752167,0.689150333404541,0.25249263644218445
g1,WML_noent,302,18,7.894219743320718e-05,0.00020144434529356658,0.9479166666666666,0.13709107041358948,0.6914212703704834,0.6195967197418213
g1,WML_noent,302,19,0.0001279500575037673,0.0001889446284621954,0.9375,0.48950642347335815,0.3769777715206146,0.3834397792816162
g1,WML_noent,302,20,0.000157236703671515,0.00018095313862431794,0.9791666666666666,0.38051265478134155,0.46147680282592773,0.24231456220149994
g1,WML_noent,302,21,0.0001283006859011948,0.0001760455488692969,0.9635416666666666,0.42907488346099854,0.4750991761684418,0.38175010681152344
g1,WML_noent,302,22,0.00013319420395419002,0.00020334235159680247,0.984375,0.10925319790840149,0.7720810770988464,0.35816943645477295
g1,WML_noent,302,23,0.00012492631503846496,0.00019917527970392257,0.9739583333333334,0.18387870490550995,0.6283373236656189,0.39801037311553955
g1,WML_noent,302,24,6.830484926467761e-05,0.00019317652913741767,0.921875,0.28265154361724854,0.600931704044342,0.6708555221557617
g1,WML_noent,302,25,0.00010001405462389812,0.00020313789718784392,0.9791666666666666,0.15659773349761963,0.5322694182395935,0.5180564522743225
g1,WML_noent,302,26,0.00017224061593879014,0.00019546007388271391,0.9739583333333334,0.2940087616443634,0.47298184037208557,0.17001424729824066
g1,WML_noent,302,27,0.000157540402142331,0.0001815207942854613,0.9635416666666666,0.4199780225753784,0.450702041387558,0.2408510446548462
g1,WML_noent,302,28,0.00017310136172454804,0.0001928165729623288,0.9739583333333334,0.3118661046028137,0.4623759686946869,0.16586659848690033
g1,WML_noent,303,0,0.00019811582751572132,0.00020388865959830582,0.9895833333333334,0.10098184645175934,0.7340452075004578,0.04532792791724205
g1,WML_noent,303,1,0.00016583949036430568,0.0002038375096162781,0.984375,0.10621432960033417,0.6469112038612366,0.20085972547531128
g1,WML_noent,303,2,0.00012000180868199095,0.00020373554434627295,0.9895833333333334,0.10002212226390839,0.8440648913383484,0.4217403829097748
g1,WML_noent,303,3,0.00019646577129606158,0.0002067761670332402,0.9947916666666666,0.14870354533195496,0.23353318870067596,0.0532790869474411
g1,WML_noent,303,4,0.00018577056471258402,0.00019804108887910843,0.984375,0.2870670557022095,0.43015408515930176,0.10481669753789902
g1,WML_noent,303,5,0.0001596668444108218,0.00016726265312172472,0.9895833333333334,0.4677896499633789,0.4353558123111725,0.23060424625873566
g1,WML_noent,303,6,0.0002002073306357488,0.00020394967577885836,0.9895833333333334,0.10177372395992279,0.6961967945098877,0.035249531269073486
g1,WML_noent,303,7,0.00013488430704455823,0.00020334168220870197,0.984375,0.11859148740768433,0.6390786170959473,0.3500252962112427
g1,WML_noent,303,8,4.327123679104261e-05,0.000203599120141007,0.9895833333333334,0.1000141054391861,0.872525155544281,0.7914864420890808
g1,WML_noent,303,9,0.00020334353030193597,0.00020720067550428212,1.0,0.1597379595041275,0.16135521233081818,0.020136870443820953
g1,WML_noent,303,10,0.00017919430683832616,0.00019849714590236545,0.9739583333333334,0.20108823478221893,0.5749478936195374,0.13650615513324738
g1,WML_noent,303,11,0.0001262367732124403,0.00016153790056705475,0.9166666666666666,0.8054987192153931,0.25480523705482483,0.3916955888271332
g1,WML_noent,303,12,0.0001768466754583642,0.00020468514412641525,0.9947916666666666,0.10001987963914871,0.621381402015686,0.14781887829303741
g1,WML_noent,303,13,0.00019265366427134722,0.00020374446467030793,0.9947916666666666,0.10005463659763336,0.8470082879066467,0.07164882123470306
g1,WML_noent,303,14,0.0001840386976255104,0.00020361605857033283,0.9947916666666666,0.10001745074987411,0.8395889401435852,0.11316218227148056
g1,WML_noent,303,15,0.00019481782510410994,0.00020283643971197307,0.9895833333333334,0.12320845574140549,0.7144567370414734,0.06122021749615669
g1,WML_noent,303,16,0.00018951011588796973,0.00019850704120472074,0.9895833333333334,0.20060305297374725,0.5846725106239319,0.08679675310850143
g1,WML_noent,303,17,0.000165472156368196,0.00019693135982379317,0.9791666666666666,0.24563248455524445,0.5272887349128723,0.20262986421585083
g1,WML_noent,303,18,0.00017754007421899587,0.00020164280431345105,0.9791666666666666,0.27431321144104004,0.46060189604759216,0.14447744190692902
g1,WML_noent,303,19,0.00014427384303417057,0.00016890787810552865,0.953125,0.48546522855758667,0.43958529829978943,0.30477944016456604
g1,WML_noent,303,20,0.00015452821389771998,0.00016452278941869736,0.9895833333333334,0.5530077219009399,0.3823004961013794,0.25536608695983887
g1,WML_noent,303,21,0.0001678696571616456,0.0001770994858816266,0.9947916666666666,0.44856005907058716,0.4063208997249603,0.19107691943645477
g1,WML_noent,303,22,0.0001971840247279033,0.00020325313380453736,0.9895833333333334,0.11060814559459686,0.709204375743866,0.049818139523267746
g1,WML_noent,303,23,0.00019686664745677263,0.00020270854292903095,0.9895833333333334,0.13806046545505524,0.6028409600257874,0.05134734511375427
g1,WML_noent,303,24,0.00018032058142125607,0.00019563460955396295,0.984375,0.2228093147277832,0.6395180225372314,0.131078839302063
g1,WML_noent,303,25,0.000192035804502666,0.00020125001901760697,0.984375,0.1348900943994522,0.7790603041648865,0.07462611794471741
g1,WML_noent,303,26,0.0001679632841842249,0.0001792949333321303,0.9791666666666666,0.45453882217407227,0.4353444576263428,0.19062571227550507
g1,WML_noent,303,27,0.00016946329560596496,0.00018204684602096677,0.984375,0.38437995314598083,0.4499690532684326,0.18339751660823822
g1,WML_noent,303,28,0.00018628132238518447,0.00020074579515494406,1.0,0.3747374415397644,0.28217801451683044,0.10235562175512314
g1,WML_noent,304,0,0.00019572996825445443,0.00020394055172801018,0.984375,0.11826235055923462,0.5523674488067627,0.05682474747300148
g1,WML_noent,304,1,0.00019407524087000638,0.00020339949696790427,0.9895833333333334,0.15486636757850647,0.4886234700679779,0.06479848176240921
g1,WML_noent,304,2,0.00020296061120461673,0.0002039609244093299,1.0,0.1001286506652832,0.7105236053466797,0.02198210544884205
g1,WML_noent,304,3,0.00020029167353641242,0.00020729599054902792,0.9947916666666666,0.2023136168718338,0.15417075157165527,0.03484312444925308
g1,WML_noent,304,4,0.00018980505410581827,0.0002017256774706766,0.9895833333333334,0.33719441294670105,0.2603781521320343,0.08537551015615463
g1,WML_noent,304,5,0.00015601555060129613,0.0001810633111745119,0.9739583333333334,0.5492534637451172,0.31437021493911743,0.24819891154766083
g1,WML_noent,304,6,0.00018528154760133475,0.0002041537663899362,0.9895833333333334,0.1035504937171936,0.6549850106239319,0.10717322677373886
g1,WML_noent,304,7,0.0001975170598598197,0.00020335234876256436,0.9947916666666666,0.12126278877258301,0.6222429871559143,0.048213254660367966
g1,WML_noent,304,8,0.00020333321299403906,0.00020367468823678792,1.0,0.10008405148983002,0.8411208987236023,0.02018667198717594
g1,WML_noent,304,9,0.00015537207946181297,0.00020407531701494008,0.984375,0.15529493987560272,0.41267475485801697,0.2512997090816498
g1,WML_noent,304,10,0.00011183771857758984,0.00019527085532899946,0.96875,0.3210473656654358,0.3766685724258423,0.46108123660087585
g1,WML_noent,304,11,0.0001879951887531206,0.00020288383529987186,1.0,0.3754609227180481,0.24113412201404572,0.094096839427948
g1,WML_noent,304,12,0.00019920677004847676,0.0002035637735389173,0.9947916666666666,0.10006937384605408,0.8756756782531738,0.04007093235850334
g1,WML_noent,304,13,0.00020375540771055967,0.00020363106159493327,1.0,0.10013501346111298,0.8489957451820374,0.01815209351480007
g1,WML_noent,304,14,0.00020461721578612924,0.0002038689999608323,1.0,0.10019820928573608,0.6811546683311462,0.013999334536492825
g1,WML_noent,304,15,0.00019057258032262325,0.00020296027651056647,0.9895833333333334,0.13056352734565735,0.6164719462394714,0.08167694509029388
g1,WML_noent,304,16,0.00018960981105919927,0.00020064259297214448,0.9895833333333334,0.15462706983089447,0.7215492129325867,0.08631636947393417
g1,WML_noent,304,17,0.00015531921235378832,0.00020141431014053524,0.96875,0.1662922352552414,0.6651180386543274,0.2515544593334198
g1,WML_noent,304,18,0.0001816173316910863,0.00020119913097005337,0.9739583333333334,0.20870909094810486,0.5368009805679321,0.12483016401529312
g1,WML_noent,304,19,0.00018910809012595564,0.00020198157289996743,0.9895833333333334,0.27486318349838257,0.3044438660144806,0.08873406052589417
g1,WML_noent,304,20,0.00016166541900020093,0.0001846078666858375,0.984375,0.47111237049102783,0.3593975305557251,0.22097361087799072
g1,WML_noent,304,21,0.00017250438395421952,0.00020505992870312184,0.9791666666666666,0.3054409623146057,0.2606887221336365,0.1687433272600174
g1,WML_noent,304,22,0.00018791593902278692,0.0002029483439400792,0.984375,0.17254389822483063,0.44649824500083923,0.09447876363992691
g1,WML_noent,304,23,0.00018867735343519598,0.00019965629326179624,0.9791666666666666,0.22853805124759674,0.4535934031009674,0.09080968052148819
g1,WML_noent,304,24,2.4017523173824884e-05,0.00019781550508923829,0.90625,0.34468913078308105,0.41035857796669006,0.8842654824256897
g1,WML_noent,304,25,0.0001363487244816497,0.00019715700182132423,0.9635416666666666,0.25380611419677734,0.5346776247024536,0.342968612909317
g1,WML_noent,304,26,0.00016480004705954343,0.00017986883176490664,0.9791666666666666,0.3655351996421814,0.5467339158058167,0.2058686465024948
g1,WML_noent,304,27,0.00015576346777379513,0.00017191199003718793,0.9791666666666666,0.5030765533447266,0.40501201152801514,0.24941368401050568
g1,WML_noent,304,28,0.00018551312678027898,0.00020254214177839458,0.9947916666666666,0.3327265977859497,0.26881980895996094,0.10605722665786743
g1,WML_noent,305,0,0.00019027113739866763,0.00020356742606963962,0.984375,0.10253319144248962,0.7456005215644836,0.08312960714101791
g1,WML_noent,305,1,0.00015640973288100213,0.00020321388728916645,0.9791666666666666,0.1435418725013733,0.5484958291053772,0.24629949033260345
g1,WML_noent,305,2,6.490891337307403e-06,0.00020391939324326813,0.984375,0.10003124177455902,0.774387776851654,0.9687221050262451
g1,WML_noent,305,3,0.00015830110351089388,0.00020730159303639084,0.9791666666666666,0.15054714679718018,0.14931915700435638,0.23718535900115967
g1,WML_noent,305,4,0.00016131850134115666,0.00020478898659348488,0.953125,0.283555805683136,0.27533698081970215,0.2226453572511673
g1,WML_noent,305,5,5.062979107606225e-05,0.00010865773947443813,0.7447916666666666,1.0573501586914062,0.25692036747932434,0.7560272812843323
g1,WML_noent,305,6,0.00014758053293917328,0.00020381146168801934,0.984375,0.10152731090784073,0.7124761939048767,0.2888452708721161
g1,WML_noent,305,7,0.0001668250624788925,0.00020309009414631873,0.984375,0.11721872538328171,0.6760201454162598,0.1961105316877365
g1,WML_noent,305,8,0.0001538628275739029,0.0002036281512118876,0.984375,0.10008006542921066,0.828744113445282,0.2585724890232086
g1,WML_noent,305,9,0.00012782432895619422,0.0002055146178463474,0.96875,0.14271506667137146,0.35837599635124207,0.3840456008911133
g1,WML_noent,305,10,9.528703958494589e-05,0.00019956484902650118,0.953125,0.24932032823562622,0.46118029952049255,0.5408349633216858
g1,WML_noent,305,11,0.00017508817836642265,0.00019411422545090318,0.984375,0.37961235642433167,0.3030188977718353,0.1562926024198532
g1,WML_noent,305,12,0.00017321463383268565,0.00020367425167933106,0.9947916666666666,0.10002948343753815,0.8239160180091858,0.16532069444656372
g1,WML_noent,305,13,0.0001980365050258115,0.00020365953969303519,0.9947916666666666,0.1003502607345581,0.8175368905067444,0.04571015015244484
g1,WML_noent,305,14,0.00020378129556775093,0.00020356106688268483,1.0,0.10002820193767548,0.8653728365898132,0.01802735961973667
g1,WML_noent,305,15,0.0001550057204440236,0.00020264524209778756,0.96875,0.15782970190048218,0.5321784615516663,0.25306499004364014
g1,WML_noent,305,16,0.00019461398187559098,0.0002037110971286893,0.9895833333333334,0.12182798981666565,0.5491316914558411,0.06220252439379692
g1,WML_noent,305,17,0.00016003136988729239,0.00019610763411037624,0.96875,0.22060701251029968,0.6527625918388367,0.2288476824760437
g1,WML_noent,305,18,0.00010791842214530334,0.0002023299311986193,0.953125,0.1340222805738449,0.6705787777900696,0.479967325925827
g1,WML_noent,305,19,0.0001565610436955467,0.0001848722022259608,0.9427083333333334,0.3657382130622864,0.4761876165866852,0.2455703467130661
g1,WML_noent,305,20,0.00014627295604441315,0.00017961158300749958,0.9479166666666666,0.382120817899704,0.5266037583351135,0.2951461374759674
g1,WML_noent,305,21,0.00017254549311473966,0.00019083821098320186,0.9895833333333334,0.3323461413383484,0.450723260641098,0.1685451716184616
g1,WML_noent,305,22,0.00013262640277389437,0.00020240453886799514,0.9635416666666666,0.14314058423042297,0.6234179139137268,0.3609055280685425
g1,WML_noent,305,23,0.0001655225205468014,0.0002022658591158688,0.96875,0.13519686460494995,0.6939144730567932,0.20238719880580902
g1,WML_noent,305,24,9.166359814116731e-05,0.000201207963982597,0.9479166666666666,0.1430222988128662,0.7058284878730774,0.5582954287528992
g1,WML_noent,305,25,0.0001328688085777685,0.00019881525076925755,0.9427083333333334,0.2088213860988617,0.6140245795249939,0.35973748564720154
g1,WML_noent,305,26,0.00012562294432427734,0.0001706612529233098,0.921875,0.4360485076904297,0.48928287625312805,0.3946535289287567
g1,WML_noent,305,27,0.0001580164534971118,0.00017384192324243486,0.9791666666666666,0.47109177708625793,0.40190795063972473,0.23855705559253693
g1,WML_noent,305,28,0.00015621444617863744,0.0001792514231055975,0.9427083333333334,0.44276949763298035,0.4230712950229645,0.24724052846431732
g1,WML_noent,306,0,0.00016514425806235522,0.0002046808076556772,0.9635416666666666,0.12934592366218567,0.40241992473602295,0.20420992374420166
g1,WML_noent,306,1,0.00016855051217135042,0.000202885246835649,0.9583333333333334,0.14820720255374908,0.5287682414054871,0.18779604136943817
g1,WML_noent,306,2,7.3473297561577056e-06,0.00020372644939925522,0.984375,0.10011745989322662,0.783244788646698,0.9645950794219971
g1,WML_noent,306,3,0.00012228923151269555,0.00020723968918900937,0.96875,0.2086070030927658,0.14692342281341553,0.41071781516075134
g1,WML_noent,306,4,0.00013276647950988263,0.00020125068840570748,0.9270833333333334,0.28199419379234314,0.3160231411457062,0.36023053526878357
g1,WML_noent,306,5,0.0001500798243796453,0.00017682358156889677,0.9375,0.5073933601379395,0.3492155075073242,0.2768017649650574
g1,WML_noent,306,6,2.521226997487247e-05,0.0002047054877039045,0.9427083333333334,0.11948099732398987,0.4167332649230957,0.8785082697868347
g1,WML_noent,306,7,0.00017375813331454992,0.00020332202257122844,0.9895833333333334,0.11767302453517914,0.6559749245643616,0.16270174086093903
g1,WML_noent,306,8,0.00012684227840509266,0.00020370753190945834,0.9791666666666666,0.10017324984073639,0.7603278160095215,0.38877788186073303
g1,WML_noent,306,9,0.00011802359949797392,0.00020641396986320615,0.9479166666666666,0.18803012371063232,0.19621814787387848,0.431272953748703
g1,WML_noent,306,10,0.0001382534537697211,0.00020291859982535243,0.9479166666666666,0.2272356003522873,0.3369642198085785,0.3337901830673218
g1,WML_noent,306,11,0.00014175397518556565,0.00018317316425964236,0.9270833333333334,0.4313015639781952,0.33620333671569824,0.31692197918891907
g1,WML_noent,306,12,0.00010922500950982794,0.00020390996360220015,0.984375,0.10008332133293152,0.704284131526947,0.4736712872982025
g1,WML_noent,306,13,0.00020227325148880482,0.00020367445540614426,1.0,0.10013797879219055,0.8237288594245911,0.025294357910752296
g1,WML_noent,306,14,0.00020633287203963846,0.0002074659860227257,1.0,0.164433091878891,0.037979405373334885,0.005732001271098852
g1,WML_noent,306,15,0.0001868914841907099,0.00020160741405561566,0.96875,0.17787599563598633,0.5018506646156311,0.09941520541906357
g1,WML_noent,306,16,0.00014850487059447914,0.00020257348660379648,0.9479166666666666,0.12556320428848267,0.6942679286003113,0.2843910753726959
g1,WML_noent,306,17,-4.572714169626124e-05,0.00017385295359417796,0.7760416666666666,0.698538064956665,0.29521414637565613,1.2203480005264282
g1,WML_noent,306,18,0.00016517360927537084,0.00019571238954085857,0.9635416666666666,0.259015291929245,0.5594423413276672,0.20406849682331085
g1,WML_noent,306,19,0.00016216831863857806,0.00019003951456397772,0.953125,0.3573054373264313,0.4103146493434906,0.21855027973651886
g1,WML_noent,306,20,0.0001580300013301894,0.00018765154527500272,0.9635416666666666,0.4527877867221832,0.33383527398109436,0.23849183320999146
g1,WML_noent,306,21,0.000180352246388793,0.00019901507766917348,0.9791666666666666,0.4204425811767578,0.27345922589302063,0.13092626631259918
g1,WML_noent,306,22,0.00019466248340904713,0.00020652190141845495,0.9895833333333334,0.28484097123146057,0.14877144992351532,0.06196874380111694
g1,WML_noent,306,23,0.00015909677313175052,0.0002019112289417535,0.9479166666666666,0.25723227858543396,0.3482905328273773,0.23335130512714386
g1,WML_noent,306,24,0.0001511403388576582,0.00019895704463124275,0.9322916666666666,0.19386589527130127,0.6158502697944641,0.2716914117336273
g1,WML_noent,306,25,8.636698476038873e-05,0.00019450383842922747,0.890625,0.31158721446990967,0.4485893249511719,0.5838184952735901
g1,WML_noent,306,26,0.0001760772429406643,0.00019432511180639267,0.9739583333333334,0.3246525824069977,0.40253129601478577,0.1515265256166458
g1,WML_noent,306,27,0.00017195520922541618,0.00019066994718741626,0.9791666666666666,0.38108938932418823,0.3362734019756317,0.17138957977294922
g1,WML_noent,306,28,0.0001430818228982389,0.00018484954489395022,0.9479166666666666,0.4320210814476013,0.38486215472221375,0.31052345037460327
g1,WML_noent,307,0,0.0001311732776230201,0.0002036674995906651,0.9479166666666666,0.1029442846775055,0.6888923048973083,0.36790788173675537
g1,WML_noent,307,1,0.00015037879347801208,0.00020320691692177206,0.9427083333333334,0.13079571723937988,0.6038100123405457,0.2753610610961914
g1,WML_noent,307,2,0.0001675839303061366,0.00020365972886793315,0.9583333333333334,0.10004416853189468,0.8098486065864563,0.19245372712612152
g1,WML_noent,307,3,4.633724529412575e-05,0.00020707753719761968,0.9635416666666666,0.16210514307022095,0.19744843244552612,0.7767120003700256
g1,WML_noent,307,4,0.00010988217400154099,0.00020323287753853947,0.9375,0.18321582674980164,0.36709606647491455,0.47050461173057556
g1,WML_noent,307,5,0.00015247712144628167,0.00018178028403781354,0.9427083333333334,0.5051769018173218,0.3094874918460846,0.26524975895881653
g1,WML_noent,307,6,0.0001791126560419798,0.0002036251244135201,0.9635416666666666,0.10413453727960587,0.6704063415527344,0.1368996500968933
g1,WML_noent,307,7,3.255957199144177e-05,0.0002036948862951249,0.9322916666666666,0.10951744765043259,0.6238194108009338,0.8431032299995422
g1,WML_noent,307,8,9.877770207822323e-05,0.00020361843053251505,0.953125,0.10003460943698883,0.8170760273933411,0.5240141749382019
g1,WML_noent,307,9,0.00014503249258268625,0.00020698447769973427,0.9479166666666666,0.1828061044216156,0.1857529878616333,0.30112361907958984
g1,WML_noent,307,10,0.0001112522732000798,0.00019729045743588358,0.9270833333333334,0.35389095544815063,0.3488430976867676,0.4639023244380951
g1,WML_noent,307,11,0.0001121641616919078,0.00016021777992136776,0.9010416666666666,0.5706768035888672,0.4117835462093353,0.45950818061828613
g1,WML_noent,307,12,0.00018483541498426348,0.00020384244271554053,0.984375,0.10016801953315735,0.7574520111083984,0.10932298749685287
g1,WML_noent,307,13,0.0001996531937038526,0.0002038446837104857,0.9947916666666666,0.10060574114322662,0.7379714846611023,0.03791976720094681
g1,WML_noent,307,14,0.0002036913501797244,0.0002035891666309908,1.0,0.10002590715885162,0.8512317538261414,0.018460867926478386
g1,WML_noent,307,15,0.00013256432430353016,0.00020340047194622457,0.9583333333333334,0.120950847864151,0.585634708404541,0.36120474338531494
g1,WML_noent,307,16,0.00016267136379610747,0.00020101362315472215,0.9427083333333334,0.14518240094184875,0.7009637355804443,0.2161262482404709
g1,WML_noent,307,17,9.90998451015912e-05,0.00020112194761168212,0.9166666666666666,0.1477535218000412,0.7107247710227966,0.5224619507789612
g1,WML_noent,307,18,0.00015808553143870085,0.00020197279809508473,0.9479166666666666,0.13439472019672394,0.7310404777526855,0.23822419345378876
g1,WML_noent,307,19,0.0001512896124040708,0.00019019984756596386,0.9270833333333334,0.2992361783981323,0.5475714206695557,0.2709721028804779
g1,WML_noent,307,20,0.0001405078946845606,0.0001759287843015045,0.9270833333333334,0.42784780263900757,0.48744773864746094,0.3229265511035919
g1,WML_noent,307,21,0.00011589876521611586,0.0001817429147195071,0.921875,0.4320525825023651,0.3943561017513275,0.44151198863983154
g1,WML_noent,307,22,0.0001530795416329056,0.00020208669593557715,0.9479166666666666,0.1517002284526825,0.6595237851142883,0.2623468339443207
g1,WML_noent,307,23,0.00014537590323016047,0.00019950995920225978,0.9427083333333334,0.1783417910337448,0.6732794642448425,0.29946884512901306
g1,WML_noent,307,24,7.843558705644682e-05,0.00019418299780227244,0.859375,0.27284500002861023,0.561997652053833,0.622037947177887
g1,WML_noent,307,25,0.00015582842752337456,0.00020316484733484685,0.9583333333333334,0.20258906483650208,0.3919123113155365,0.24910062551498413
g1,WML_noent,307,26,0.00011002211977029219,0.00016357522690668702,0.9166666666666666,0.4895859360694885,0.4722071886062622,0.46983012557029724
g1,WML_noent,307,27,0.00014380674110725522,0.00017486451542936265,0.9375,0.42965519428253174,0.4801075756549835,0.30703017115592957
g1,WML_noent,307,28,0.00016358344873879105,0.0001970807497855276,0.9583333333333334,0.3428061604499817,0.3300911486148834,0.21173103153705597
g1,WML_noent,308,0,0.0001443859509890899,0.00020368049445096403,0.9791666666666666,0.10603143274784088,0.6389277577400208,0.3042391240596771
g1,WML_noent,308,1,0.0001923848903970793,0.00020362480427138507,0.9895833333333334,0.11342541128396988,0.6189541220664978,0.07294388860464096
g1,WML_noent,308,2,0.00020184899040032178,0.0002037332160398364,0.9947916666666666,0.100033700466156,0.8284873962402344,0.027338767424225807
g1,WML_noent,308,3,0.00018411556084174663,0.0002072929491987452,0.9791666666666666,0.17161822319030762,0.16117119789123535,0.11279180645942688
g1,WML_noent,308,4,0.0001417954481439665,0.00019786761549767107,0.96875,0.281494140625,0.4433196485042572,0.31672215461730957
g1,WML_noent,308,5,0.00017056871729437262,0.00018668620032258332,0.984375,0.4179190397262573,0.3688497543334961,0.17807072401046753
g1,WML_noent,308,6,0.00018756103236228228,0.00020345012308098376,0.984375,0.11170119047164917,0.6705910563468933,0.09618895500898361
g1,WML_noent,308,7,0.00018201820785179734,0.00020351860439404845,0.9895833333333334,0.11051812767982483,0.6571781039237976,0.1228983998298645
g1,WML_noent,308,8,0.0002006823633564636,0.00020363186195027083,0.9947916666666666,0.10004889965057373,0.8336739540100098,0.032960474491119385
g1,WML_noent,308,9,0.00018731039017438889,0.0002071569033432752,0.984375,0.154413640499115,0.2203831672668457,0.09739664942026138
g1,WML_noent,308,10,0.0001684396411292255,0.00020219478756189346,0.96875,0.21178215742111206,0.4343232214450836,0.1883302479982376
g1,WML_noent,308,11,0.0001662048016441986,0.0001980513916350901,0.9739583333333334,0.39834117889404297,0.2750936448574066,0.19909946620464325
g1,WML_noent,308,12,0.00020269911328796297,0.00020377920009195805,1.0,0.10006309300661087,0.8070425987243652,0.023242250084877014
g1,WML_noent,308,13,0.0002030499163083732,0.00020356199820525944,1.0,0.10008715093135834,0.8702397346496582,0.021551797166466713
g1,WML_noent,308,14,0.00020415526523720473,0.00020375048916321248,1.0,0.10019216686487198,0.7901174426078796,0.01622532494366169
g1,WML_noent,308,15,0.00018841550627257675,0.00020267651416361332,0.9895833333333334,0.13562938570976257,0.6676866412162781,0.09207146614789963
g1,WML_noent,308,16,0.00019468677055556327,0.00020205241162329912,0.9895833333333334,0.13731414079666138,0.6989855766296387,0.06185167655348778
g1,WML_noent,308,17,0.00016332259110640734,0.00019836737192235887,0.9583333333333334,0.18252697587013245,0.7146976590156555,0.21298806369304657
g1,WML_noent,308,18,0.0001660905545577407,0.00020057795336470008,0.9635416666666666,0.17989957332611084,0.6309068202972412,0.19964991509914398
g1,WML_noent,308,19,0.00013274762022774667,0.00017831093282438815,0.9270833333333334,0.39114099740982056,0.5401981472969055,0.36032140254974365
g1,WML_noent,308,20,0.000177777765202336,0.00018939661094918847,0.9895833333333334,0.34785282611846924,0.4310849905014038,0.1433320790529251
g1,WML_noent,308,21,0.00016343175957445055,0.0001853702124208212,0.9739583333333334,0.333266943693161,0.526801347732544,0.21246205270290375
g1,WML_noent,308,22,0.0001857340830611065,0.00020272022811695933,0.984375,0.14209088683128357,0.5871939063072205,0.10499254614114761
g1,WML_noent,308,23,0.00019424226775299758,0.000202854978851974,0.9895833333333334,0.1248561292886734,0.6716756820678711,0.06399369984865189
g1,WML_noent,308,24,0.00011444320989539847,0.00019836272986140102,0.9479166666666666,0.22941429913043976,0.5295214653015137,0.4485260248184204
g1,WML_noent,308,25,0.0001779018057277426,0.00020250315719749779,0.9739583333333334,0.20035050809383392,0.44653716683387756,0.14273440837860107
g1,WML_noent,308,26,0.00017174752429127693,0.0001909811981022358,0.9739583333333334,0.3411409854888916,0.44269582629203796,0.17239044606685638
g1,WML_noent,308,27,0.00015550559328403324,0.00017837373889051378,0.9739583333333334,0.4576236605644226,0.4097856283187866,0.2506563365459442
g1,WML_noent,308,28,0.00016799256263766438,0.00019430031534284353,0.9739583333333334,0.3243459463119507,0.3925987184047699,0.19048459827899933
leap,PW_ent,301,0,0.0007518618949688971,0.0007637810194864869,1.0,0.11674448847770691,0.8174930214881897,0.03901030123233795
leap,PW_ent,301,1,0.0007207737653516233,0.0007340555312111974,1.0,0.22593216598033905,0.6361407041549683,0.07874556630849838
leap,PW_ent,301,2,0.0006959111778996885,0.000721997581422329,0.9947916666666666,0.24050194025039673,0.7117326855659485,0.1105235293507576
leap,PW_ent,301,3,0.0006778946262784302,0.0007026678649708629,1.0,0.30292633175849915,0.5371696352958679,0.13355137407779694
leap,PW_ent,301,4,0.0007621245458722115,0.0007668815087527037,1.0,0.10657473653554916,0.7558603286743164,0.025893086567521095
leap,PW_ent,301,5,0.0007476651226170361,0.0007669663173146546,1.0,0.2975122928619385,0.30899932980537415,0.044374484568834305
leap,PW_ent,301,6,0.0007643057615496218,0.0007667106110602617,1.0,0.1347087025642395,0.5245853066444397,0.023105228319764137
leap,PW_ent,301,7,0.0007479338091798127,0.0007629532483406365,1.0,0.1811828315258026,0.5065727829933167,0.04403097555041313
leap,PW_ent,301,8,0.000760759983677417,0.0007637328817509115,1.0,0.1425512284040451,0.5915728211402893,0.027637286111712456
leap,PW_ent,301,9,0.000736005138605833,0.000757356989197433,1.0,0.2642664611339569,0.4091677963733673,0.059277575463056564
leap,PW_ent,301,10,0.0007510866853408515,0.0007665266748517752,1.0,0.27119389176368713,0.31934693455696106,0.04000120982527733
leap,PW_ent,301,11,0.0007505920366384089,0.0007637161179445684,1.0,0.23950421810150146,0.3900904655456543,0.04063335061073303
leap,PW_ent,301,12,0.0007312376401387155,0.00074146525003016,1.0,0.23204399645328522,0.5287137627601624,0.06537109613418579
leap,PW_ent,301,13,0.0007608206942677498,0.0007667606114409864,1.0,0.10695130378007889,0.7580998539924622,0.027559667825698853
leap,PW_ent,301,14,0.0007606136496178806,0.0007686179014854133,1.0,0.1433982402086258,0.5398356318473816,0.027824297547340393
leap,PW_ent,301,15,0.0007576585630886257,0.0007636069203726947,1.0,0.1325242519378662,0.7170866131782532,0.03160132095217705
leap,PW_ent,302,0,0.0006897504790686071,0.0007267042528837919,0.9947916666666666,0.4120119512081146,0.4226815700531006,0.11839786916971207
leap,PW_ent,302,1,0.0006906176568008959,0.000709032523445785,1.0,0.29074305295944214,0.5827240347862244,0.11728933453559875
leap,PW_ent,302,2,0.0006492703105323017,0.0007255274103954434,0.9947916666666666,0.25899308919906616,0.6060667634010315,0.1701374053955078
leap,PW_ent,302,3,0.0005345987738110125,0.0007123412797227502,0.9895833333333334,0.32665741443634033,0.449632853269577,0.3167044222354889
leap,PW_ent,302,4,0.0007494774763472378,0.0007582742837257683,1.0,0.1323367953300476,0.7431222796440125,0.04205794632434845
leap,PW_ent,302,5,0.0006694387993775308,0.0007555917836725712,0.9947916666666666,0.23198747634887695,0.47130489349365234,0.14435915648937225
leap,PW_ent,302,6,0.0007460655178874731,0.0007594497874379158,0.9947916666666666,0.3009690046310425,0.3376448452472687,0.046418845653533936
leap,PW_ent,302,7,0.0006800552946515381,0.000753562489990145,0.9739583333333334,0.21289128065109253,0.5270596146583557,0.13078968226909637
leap,PW_ent,302,8,0.0007179540116339922,0.0007291759829968214,1.0,0.2470625638961792,0.5888181328773499,0.08234959840774536
leap,PW_ent,302,9,0.0007353271939791739,0.0007670277263969183,0.9947916666666666,0.10930585861206055,0.7361292839050293,0.06014403700828552
leap,PW_ent,302,10,0.0006422742735594511,0.0006837010150775313,0.9895833333333334,0.35997146368026733,0.5557826161384583,0.17907939851284027
leap,PW_ent,302,11,0.0005999314016662538,0.0006458745920099318,0.9947916666666666,0.37188720703125,0.6607474684715271,0.23319971561431885
leap,PW_ent,302,12,0.000729086110368371,0.0007418501190841198,1.0,0.24902616441249847,0.5040975213050842,0.06812108308076859
leap,PW_ent,302,13,0.0007294307579286397,0.0007658971007913351,0.9895833333333334,0.11546789109706879,0.7718594670295715,0.06768051534891129
leap,PW_ent,302,14,0.0007332038949243724,0.000762472627684474,0.9947916666666666,0.15337243676185608,0.6051670908927917,0.06285808235406876
leap,PW_ent,302,15,0.0007463428773917258,0.0007538122590631247,1.0,0.16283172369003296,0.7157542705535889,0.04606443643569946
leap,PW_ent,303,0,0.0007550654117949307,0.0007581580430269241,1.0,0.1419847309589386,0.7731895446777344,0.034915726631879807
leap,PW_ent,303,1,0.0005546005559153855,0.0006451684748753905,0.9791666666666666,0.42761069536209106,0.5740792751312256,0.2911392152309418
leap,PW_ent,303,2,0.0006649500573985279,0.0006886925548315048,1.0,0.2983599901199341,0.7039269804954529,0.15009640157222748
leap,PW_ent,303,3,0.0006282232934609056,0.000645056483335793,1.0,0.35532405972480774,0.6394461989402771,0.19703859090805054
leap,PW_ent,303,4,0.0007585121202282608,0.0007620088872499764,1.0,0.20620539784431458,0.4467669427394867,0.030510440468788147
leap,PW_ent,303,5,0.0006958909798413515,0.0007093561580404639,1.0,0.3030129075050354,0.5743104219436646,0.11054936796426773
leap,PW_ent,303,6,0.000715180765837431,0.0007217282545752823,1.0,0.2525894343852997,0.615533709526062,0.08589411526918411
leap,PW_ent,303,7,0.0006432346999645233,0.000685941893607378,0.9947916666666666,0.4096720814704895,0.4528390169143677,0.17785179615020752
leap,PW_ent,303,8,0.0006091539980843663,0.0006310521857813001,0.9947916666666666,0.38081926107406616,0.6716734766960144,0.22141194343566895
leap,PW_ent,303,9,0.0005276497104205191,0.000547596369870007,1.0,0.51880943775177,0.5847715735435486,0.3255862891674042
leap,PW_ent,303,10,0.00048719983897171915,0.0005181278102099895,0.9635416666666666,0.530278205871582,0.6001341342926025,0.37728723883628845
leap,PW_ent,303,11,0.0005242367624305189,0.0005557033000513911,1.0,0.4552673101425171,0.6901626586914062,0.32994863390922546
leap,PW_ent,303,12,0.0006119575118646026,0.0006861187284812331,0.9635416666666666,0.34042370319366455,0.5597677826881409,0.217828631401062
leap,PW_ent,303,13,0.0006063615437597036,0.000633173156529665,0.9947916666666666,0.3882311284542084,0.6351564526557922,0.22498102486133575
leap,PW_ent,303,14,0.0007311042281799018,0.0007432836573570967,1.0,0.2030896693468094,0.6402890682220459,0.06554173678159714
leap,PW_ent,303,15,0.0005383334937505424,0.0005559573182836175,1.0,0.474661260843277,0.6382918953895569,0.31193089485168457
leap,PW_ent,304,0,0.0007280111312866211,0.0007371912943199277,1.0,0.2449922412633896,0.5714887976646423,0.06949510425329208
leap,PW_ent,304,1,0.0006065236520953476,0.0006247085984796286,1.0,0.4155901074409485,0.6050968170166016,0.22477389872074127
leap,PW_ent,304,2,0.0007199908141046762,0.0007291235961019993,1.0,0.24367474019527435,0.6594850420951843,0.07974620908498764
leap,PW_ent,304,3,0.0006450162618421018,0.0006833282532170415,0.9947916666666666,0.3053988814353943,0.6878147721290588,0.1755746603012085
leap,PW_ent,304,4,0.0007488612900488079,0.0007572232862003148,1.0,0.14602364599704742,0.6983888745307922,0.04284563288092613
leap,PW_ent,304,5,0.0007376549765467644,0.0007546435808762908,0.9947916666666666,0.27665573358535767,0.41658201813697815,0.05716891214251518
leap,PW_ent,304,6,0.0007417887100018561,0.0007478769402951002,1.0,0.1801445037126541,0.6571062207221985,0.05188530683517456
leap,PW_ent,304,7,0.0007368900696747005,0.0007491656579077244,1.0,0.1791805624961853,0.6549106240272522,0.05814651772379875
leap,PW_ent,304,8,0.0006854032981209457,0.000740283983759582,1.0,0.2765715718269348,0.44155576825141907,0.12395411729812622
leap,PW_ent,304,9,0.0007458589388988912,0.0007504445966333151,1.0,0.16690778732299805,0.7112115025520325,0.04668305441737175
leap,PW_ent,304,10,0.0006581686902791262,0.0006721894606016576,1.0,0.33256301283836365,0.6533546447753906,0.15876398980617523
leap,PW_ent,304,11,0.0005434441263787448,0.0005852210451848805,0.9791666666666666,0.5287811756134033,0.44890105724334717,0.30539876222610474
leap,PW_ent,304,12,0.000716525421012193,0.000731085310690105,1.0,0.2438095659017563,0.6059421896934509,0.08417552709579468
leap,PW_ent,304,13,0.0007075684261508286,0.0007199628744274378,1.0,0.24507786333560944,0.7218104004859924,0.09562379866838455
leap,PW_ent,304,14,0.0007511707954108715,0.0007602723781019449,1.0,0.14933694899082184,0.6649349331855774,0.03989354148507118
leap,PW_ent,304,15,0.0006714868359267712,0.0007058270857669413,1.0,0.3112625479698181,0.5058926939964294,0.14174146950244904
leap,PW_ent,305,0,0.0007426366209983826,0.0007568944711238146,1.0,0.13396358489990234,0.8256144523620605,0.05080163851380348
leap,PW_ent,305,1,0.0006546738441102207,0.0007353302789852023,0.9791666666666666,0.2520149350166321,0.5363526940345764,0.16323085129261017
leap,PW_ent,305,2,0.0006667487323284149,0.0006961444159969687,1.0,0.34053727984428406,0.5503008961677551,0.14779742062091827
leap,PW_ent,305,3,0.0006878774147480726,0.0007072038715705276,1.0,0.2754955589771271,0.6663326621055603,0.12079185992479324
leap,PW_ent,305,4,0.0007163166883401573,0.0007512726588174701,0.9895833333333334,0.18525704741477966,0.6428804397583008,0.08444234728813171
leap,PW_ent,305,5,0.0006716831703670323,0.0007360897725448012,0.9895833333333334,0.23977740108966827,0.5154457688331604,0.1414903849363327
leap,PW_ent,305,6,0.0007313883979804814,0.0007455840241163969,1.0,0.2234991490840912,0.5487634539604187,0.06517838686704636
leap,PW_ent,305,7,0.0006987129454500973,0.0007171576144173741,1.0,0.2545399069786072,0.6880661845207214,0.10694251209497452
leap,PW_ent,305,8,0.0007669206825084984,0.0007685534656047821,1.0,0.10201554000377655,0.7534978985786438,0.019762950018048286
leap,PW_ent,305,9,0.0007195785292424262,0.0007525007240474224,0.9947916666666666,0.31372717022895813,0.3495090901851654,0.08027315884828568
leap,PW_ent,305,10,0.0007592163165099919,0.0007669988553971052,1.0,0.10906871408224106,0.6839998364448547,0.02961026132106781
leap,PW_ent,305,11,0.0007512005977332592,0.0007682527066208422,0.9947916666666666,0.10393176972866058,0.7178016304969788,0.03985556960105896
leap,PW_ent,305,12,0.0007569015142507851,0.0007616240181960166,1.0,0.14172491431236267,0.682527482509613,0.03256900608539581
leap,PW_ent,305,13,0.000746644102036953,0.0007663244032301009,1.0,0.15187695622444153,0.5496012568473816,0.04567940905690193
leap,PW_ent,305,14,0.000762917276006192,0.0007736128754913807,1.0,0.20449873805046082,0.3212834894657135,0.024880042299628258
leap,PW_ent,305,15,0.0007596731302328408,0.0007656115922145545,1.0,0.1397985965013504,0.5841593742370605,0.029026396572589874
leap,PW_ent,306,0,0.0007546364213339984,0.0007674721418879926,1.0,0.11156269907951355,0.7093793749809265,0.0354640819132328
leap,PW_ent,306,1,0.000625832995865494,0.0006633700104430318,0.984375,0.3592882752418518,0.637039840221405,0.20009373128414154
leap,PW_ent,306,2,0.0006612523575313389,0.0006885030306875706,1.0,0.3042013943195343,0.6903074383735657,0.15482251346111298
leap,PW_ent,306,3,0.0005931839696131647,0.0006303636473603547,0.9947916666666666,0.40861743688583374,0.5955023169517517,0.2418239563703537
leap,PW_ent,306,4,0.0007372398977167904,0.0007486646063625813,1.0,0.2074396163225174,0.5632628798484802,0.05769942328333855
leap,PW_ent,306,5,0.0007434988510794938,0.0007618536474183202,1.0,0.22607877850532532,0.44325199723243713,0.04969946667551994
leap,PW_ent,306,6,0.0007656750385649502,0.0007723773596808314,1.0,0.20050939917564392,0.3502837121486664,0.021355049684643745
leap,PW_ent,306,7,0.0007338467985391617,0.0007551047019660473,1.0,0.21084927022457123,0.4580365717411041,0.062036287039518356
leap,PW_ent,306,8,0.0007545969565398991,0.0007692623184993863,1.0,0.20675069093704224,0.39178529381752014,0.03551453724503517
leap,PW_ent,306,9,0.00073435646481812,0.0007488357950933278,1.0,0.23781999945640564,0.4754418134689331,0.061384838074445724
leap,PW_ent,306,10,0.000728333427105099,0.0007693085935898125,1.0,0.22134490311145782,0.45174717903137207,0.06908318400382996
leap,PW_ent,306,11,0.0006268881843425333,0.0006804656004533172,0.96875,0.32077890634536743,0.6313942074775696,0.19874505698680878
leap,PW_ent,306,12,0.0007635552319698036,0.0007684442680329084,1.0,0.1253475546836853,0.5821182131767273,0.024064555764198303
leap,PW_ent,306,13,0.0007065406534820795,0.0007554226322099566,0.9947916666666666,0.4004071354866028,0.30621764063835144,0.09693756699562073
leap,PW_ent,306,14,0.0007604208658449352,0.0007634851499460638,1.0,0.129333034157753,0.7056911587715149,0.02807076834142208
leap,PW_ent,306,15,0.0007592986221425235,0.000766994315199554,1.0,0.10111302882432938,0.7826268076896667,0.029505126178264618
leap,PW_ent,307,0,0.0007580102537758648,0.0007625389844179153,1.0,0.1654854714870453,0.5932857394218445,0.03115185536444187
leap,PW_ent,307,1,0.0006783113931305707,0.0007134947809390724,1.0,0.2514604330062866,0.7432429194450378,0.1330186277627945
leap,PW_ent,307,2,0.0006781498086638749,0.0007133374456316233,1.0,0.30312579870224,0.60854172706604,0.13322509825229645
leap,PW_ent,307,3,0.0005884041311219335,0.0006202440708875656,1.0,0.4079127311706543,0.6656950116157532,0.2479333132505417
leap,PW_ent,307,4,0.0007285694591701031,0.0007505622925236821,1.0,0.15120035409927368,0.6732017993927002,0.06878143548965454
leap,PW_ent,307,5,0.0005967637407593429,0.0006516191642731428,0.9895833333333334,0.4976711869239807,0.39152851700782776,0.237248495221138
leap,PW_ent,307,6,0.0007518042693845928,0.0007713766535744071,1.0,0.1830107867717743,0.43309900164604187,0.03908402845263481
leap,PW_ent,307,7,0.0006814777734689415,0.0007416837615892291,1.0,0.2254660576581955,0.6173880100250244,0.1289716213941574
leap,PW_ent,307,8,0.0007375369896180928,0.000771156104747206,1.0,0.24501757323741913,0.36809971928596497,0.05731957033276558
leap,PW_ent,307,9,0.0007626931765116751,0.0007670419290661812,1.0,0.10423429310321808,0.8112942576408386,0.025166383013129234
leap,PW_ent,307,10,0.0007467502728104591,0.0007644394063390791,1.0,0.19144007563591003,0.5121898055076599,0.045543793588876724
leap,PW_ent,307,11,0.0006996973534114659,0.00071473210118711,0.9947916666666666,0.28598225116729736,0.5977305173873901,0.1056843027472496
leap,PW_ent,307,12,0.0007547866553068161,0.0007630584295839071,1.0,0.12521538138389587,0.7574419379234314,0.03527207300066948
leap,PW_ent,307,13,0.0006955322460271418,0.000719354604370892,1.0,0.25892889499664307,0.6338549256324768,0.11100787669420242
leap,PW_ent,307,14,0.0007560636731795967,0.0007651049527339637,0.9947916666666666,0.1730412393808365,0.4821726381778717,0.03363989293575287
leap,PW_ent,307,15,0.0007441036286763847,0.0007512528682127595,1.0,0.16210341453552246,0.7680041193962097,0.04892655089497566
leap,PW_ent,308,0,0.0007628087769262493,0.0007668824400752783,1.0,0.10149998217821121,0.8249642252922058,0.025018557906150818
leap,PW_ent,308,1,0.000737645837944001,0.0007555698975920677,1.0,0.2406005561351776,0.45614585280418396,0.05718060955405235
leap,PW_ent,308,2,0.0007517909980379045,0.0007590119494125247,1.0,0.14111435413360596,0.7328087687492371,0.03910093382000923
leap,PW_ent,308,3,0.0007232837961055338,0.0007340075680986047,1.0,0.23243498802185059,0.5811583399772644,0.0755373015999794
leap,PW_ent,308,4,0.0007309471257030964,0.0007396594155579805,1.0,0.20868650078773499,0.574341356754303,0.06574252247810364
leap,PW_ent,308,5,0.0007117974455468357,0.0007274238159880042,1.0,0.23604561388492584,0.6868833899497986,0.09021863341331482
leap,PW_ent,308,6,0.0007139437948353589,0.0007588339503854513,1.0,0.19053685665130615,0.5555514693260193,0.08747520297765732
leap,PW_ent,308,7,0.0006369323818944395,0.0006978842429816723,0.9895833333333334,0.5062035322189331,0.3307952880859375,0.18590712547302246
leap,PW_ent,308,8,0.0007606477593071759,0.0007683404255658388,1.0,0.1307324767112732,0.564376175403595,0.02778070978820324
leap,PW_ent,308,9,0.0007551137241534889,0.0007634108187630773,1.0,0.15292173624038696,0.5703328251838684,0.03485406935214996
leap,PW_ent,308,10,0.000762589683290571,0.0007628374733030796,1.0,0.1366492509841919,0.5495172142982483,0.025298655033111572
leap,PW_ent,308,11,0.0007445968803949654,0.0007595854112878442,0.9947916666666666,0.18597260117530823,0.5431479811668396,0.04829614236950874
leap,PW_ent,308,12,0.0007670891936868429,0.0007674165535718203,1.0,0.10097189992666245,0.811798095703125,0.01954762078821659
leap,PW_ent,308,13,0.0007474995218217373,0.0007579000666737556,1.0,0.15156877040863037,0.70145183801651,0.044586170464754105
leap,PW_ent,308,14,0.0007540653459727764,0.0007694505620747805,1.0,0.17484275996685028,0.4727182388305664,0.03619402274489403
leap,PW_ent,308,15,0.0007456353050656617,0.0007629833999089897,1.0,0.12532325088977814,0.6335838437080383,0.046968813985586166
leap,WML_noent,301,0,0.000605561479460448,0.000745933735743165,0.9479166666666666,0.4066254198551178,0.32843828201293945,0.22600366175174713
leap,WML_noent,301,1,0.0006130338297225535,0.0007513565942645073,0.9583333333333334,0.18952356278896332,0.6437355875968933,0.21645291149616241
leap,WML_noent,301,2,0.0007214909419417381,0.0007607573643326759,0.9895833333333334,0.16551473736763,0.594765841960907,0.07782881706953049
leap,WML_noent,301,3,0.0006087837391532958,0.0007532712770625949,0.984375,0.2620624303817749,0.46540066599845886,0.22188515961170197
leap,WML_noent,301,4,0.00048441937542520463,0.0007593183545395732,0.9322916666666666,0.2634720802307129,0.3523074686527252,0.38084110617637634
leap,WML_noent,301,5,0.000379074364900589,0.0007673103827983141,0.9635416666666666,0.10180395841598511,0.739416778087616,0.5154874920845032
leap,WML_noent,301,6,0.0006930138915777206,0.0007679510163143277,0.9791666666666666,0.1705160290002823,0.462742418050766,0.11422675848007202
leap,WML_noent,301,7,0.0006300887325778604,0.0007712732767686248,0.9947916666666666,0.18493999540805817,0.3703737258911133,0.19465428590774536
leap,WML_noent,301,8,0.0007647206075489521,0.0007805866189301014,1.0,0.20366503298282623,0.18256843090057373,0.02257501892745495
leap,WML_noent,301,9,0.0007270220667123795,0.0007761900778859854,0.984375,0.18315474689006805,0.3313470482826233,0.07075926661491394
leap,WML_noent,301,10,0.0007588053704239428,0.0007736881379969418,0.9947916666666666,0.10192323476076126,0.4664311408996582,0.030135536566376686
leap,WML_noent,301,11,0.0006048976210877299,0.0007813136326149106,0.9479166666666666,0.3809398412704468,0.09127993136644363,0.2268521785736084
leap,WML_noent,301,12,0.0007123897667042911,0.0007733645034022629,0.96875,0.14392638206481934,0.3660217225551605,0.08946144580841064
leap,WML_noent,301,13,0.0007443889626301825,0.0007734959945082664,0.984375,0.10395227372646332,0.4630495607852936,0.04856179282069206
leap,WML_noent,301,14,0.0007572461036033928,0.000774250365793705,1.0,0.17661640048027039,0.29761776328086853,0.032128479331731796
leap,WML_noent,301,15,0.0007686028257012367,0.0007706030737608671,1.0,0.10028568655252457,0.6718859672546387,0.017613036558032036
leap,WML_noent,302,0,0.0007233141805045307,0.0007713735103607178,0.9947916666666666,0.10226881504058838,0.5853243470191956,0.0754985436797142
leap,WML_noent,302,1,0.0006755680660717189,0.0007676786626689136,0.9739583333333334,0.22274501621723175,0.409264475107193,0.13652503490447998
leap,WML_noent,302,2,0.000625177170149982,0.000765528529882431,0.984375,0.22676295042037964,0.4526909291744232,0.20093201100826263
leap,WML_noent,302,3,0.0006901593878865242,0.0007615011418238282,0.9635416666666666,0.23747235536575317,0.350182443857193,0.11787519603967667
leap,WML_noent,302,4,0.0007024197257123888,0.0007721635047346354,0.984375,0.10298027098178864,0.5223387479782104,0.10220464318990707
leap,WML_noent,302,5,0.0006578796892426908,0.0007508681155741215,0.96875,0.23932993412017822,0.44268345832824707,0.15913338959217072
leap,WML_noent,302,6,0.0007450776756741107,0.0007682849536649883,0.984375,0.12036029994487762,0.5772817134857178,0.0476815365254879
leap,WML_noent,302,7,0.0005742553039453924,0.0007302256999537349,0.9427083333333334,0.3739394545555115,0.33808669447898865,0.26601752638816833
leap,WML_noent,302,8,0.0007441231864504516,0.0007712109945714474,0.9895833333333334,0.10602890700101852,0.5718958973884583,0.04890147224068642
leap,WML_noent,302,9,0.0006369457696564496,0.0007364029297605157,0.984375,0.23409336805343628,0.5971764922142029,0.18588991463184357
leap,WML_noent,302,10,0.00030581350438296795,0.0007483374793082476,0.8697916666666666,0.22289758920669556,0.4846293032169342,0.609125554561615
leap,WML_noent,302,11,0.0006061719614081085,0.0007622606353834271,0.9583333333333334,0.16281864047050476,0.6023293137550354,0.22522342205047607
leap,WML_noent,302,12,0.0007532198796980083,0.0007703849114477634,0.9947916666666666,0.10478804260492325,0.6009480953216553,0.037274643778800964
leap,WML_noent,302,13,0.0006858438719063997,0.0007673075888305902,0.9739583333333334,0.10799527168273926,0.675297200679779,0.12339102476835251
leap,WML_noent,302,14,0.0006576292798854411,0.0007629238534718752,0.984375,0.1481705904006958,0.6015889644622803,0.1594534069299698
leap,WML_noent,302,15,0.0007018372416496277,0.0007567118154838681,0.9895833333333334,0.2477712482213974,0.45597633719444275,0.10294923186302185
leap,WML_noent,303,0,0.0006251760642044246,0.000767353514675051,0.953125,0.12255384027957916,0.4794158637523651,0.20093335211277008
leap,WML_noent,303,1,0.0007042092620395124,0.0007457613828592002,0.9895833333333334,0.22208264470100403,0.5243226289749146,0.09991741925477982
leap,WML_noent,303,2,0.0006611158023588359,0.0007688459591008723,0.9895833333333334,0.10463973879814148,0.6046915650367737,0.15499721467494965
leap,WML_noent,303,3,0.0006957888253964484,0.0007630629697814584,0.9791666666666666,0.1627570390701294,0.5288634896278381,0.11067994683980942
leap,WML_noent,303,4,0.0007280953577719629,0.0007680297130718827,0.9895833333333334,0.10284776240587234,0.6989665627479553,0.0693875178694725
leap,WML_noent,303,5,0.0005508828326128423,0.0007722114096395671,0.9895833333333334,0.21619904041290283,0.30915725231170654,0.29589101672172546
leap,WML_noent,303,6,0.0007021835190244019,0.0007688284968025982,0.9895833333333334,0.1397746205329895,0.4272080957889557,0.10250651836395264
leap,WML_noent,303,7,0.0005674290587194264,0.0007682183641009033,0.9791666666666666,0.12766151130199432,0.5510537028312683,0.2747425138950348
leap,WML_noent,303,8,0.0006889693904668093,0.0007651911582797766,0.9895833333333334,0.18926894664764404,0.42192554473876953,0.11939612030982971
leap,WML_noent,303,9,0.0007431347039528191,0.0007660746341571212,1.0,0.15425366163253784,0.5231257081031799,0.05016498640179634
leap,WML_noent,303,10,0.0006816722452640533,0.0007569320732727647,0.984375,0.19538918137550354,0.47589507699012756,0.12872299551963806
leap,WML_noent,303,11,0.0006921024178154767,0.0007504891254939139,0.984375,0.20981499552726746,0.6205757856369019,0.11539161205291748
leap,WML_noent,303,12,0.0006335903308354318,0.0007601661491207778,0.9479166666666666,0.40867578983306885,0.2532074749469757,0.1901787519454956
leap,WML_noent,303,13,0.0007096089539118111,0.000767533085308969,0.9947916666666666,0.10250086337327957,0.7728093266487122,0.09301581233739853
leap,WML_noent,303,14,0.0007665851735509932,0.0007723856833763421,1.0,0.10182157158851624,0.5059266686439514,0.020191708579659462
leap,WML_noent,303,15,0.0006923123728483915,0.0007666012970730662,0.9895833333333334,0.19027715921401978,0.49709853529930115,0.11512333899736404
leap,WML_noent,304,0,0.0007714935927651823,0.0007763478788547218,1.0,0.10005126893520355,0.44950950145721436,0.013918201439082623
leap,WML_noent,304,1,0.000692768779117614,0.0007717029075138271,0.984375,0.10022684186697006,0.6445918679237366,0.11453995108604431
leap,WML_noent,304,2,0.0007644963334314525,0.0007712997030466795,1.0,0.1008688434958458,0.6027491688728333,0.022861672565340996
leap,WML_noent,304,3,0.000765570264775306,0.000769564532674849,1.0,0.1083034873008728,0.540837287902832,0.021489040926098824
leap,WML_noent,304,4,0.0007773246616125107,0.0007794849807396531,1.0,0.10042905807495117,0.2936150133609772,0.006465189158916473
leap,WML_noent,304,5,0.0006450669607147574,0.0007659066468477249,0.953125,0.13637420535087585,0.6103839874267578,0.17550991475582123
leap,WML_noent,304,6,0.0007410068647004664,0.0007667744648642838,0.9947916666666666,0.11651907861232758,0.6805324554443359,0.05288463458418846
leap,WML_noent,304,7,0.0007292283698916435,0.0007763136527501047,0.984375,0.11838516592979431,0.37901195883750916,0.06793921440839767
leap,WML_noent,304,8,0.0006138039170764387,0.0007668657344765961,0.9322916666666666,0.11343169212341309,0.6705665588378906,0.2154686003923416
leap,WML_noent,304,9,0.0006206796388141811,0.0007646767189726233,0.9635416666666666,0.16106930375099182,0.5529683232307434,0.20668046176433563
leap,WML_noent,304,10,0.0006534780841320753,0.0007689917692914605,0.9739583333333334,0.12079152464866638,0.5008636116981506,0.16475926339626312
leap,WML_noent,304,11,0.000675584829878062,0.0007645158329978585,0.984375,0.1621514856815338,0.6205270886421204,0.13650356233119965
leap,WML_noent,304,12,0.0007453149300999939,0.0007710855570621789,0.9895833333333334,0.10679207742214203,0.48179206252098083,0.047378212213516235
leap,WML_noent,304,13,0.0007159498636610806,0.0007674916414543986,0.984375,0.13482186198234558,0.5592915415763855,0.08491110056638718
leap,WML_noent,304,14,0.000749765255022794,0.0007738247513771057,0.9895833333333334,0.10694032907485962,0.4285171926021576,0.04169003292918205
leap,WML_noent,304,15,0.000567636510822922,0.0007712075021117926,0.9791666666666666,0.20260322093963623,0.2907029092311859,0.27447736263275146
leap,WML_noent,305,0,0.0007413429557345808,0.000769070175010711,0.9895833333333334,0.10007985681295395,0.7101274132728577,0.05245509743690491
leap,WML_noent,305,1,0.0007674014195799828,0.0007747567724436522,1.0,0.10171706229448318,0.4044574499130249,0.019148586317896843
leap,WML_noent,305,2,0.0006672050221823156,0.0007714981911703944,0.984375,0.10016492009162903,0.5628599524497986,0.14721424877643585
leap,WML_noent,305,3,0.0007011936395429075,0.0007731968071311712,0.984375,0.1004105806350708,0.5473427772521973,0.10377180576324463
leap,WML_noent,305,4,0.0007480123895220459,0.0007708438206464052,0.9947916666666666,0.10018162429332733,0.6055492162704468,0.04393059015274048
leap,WML_noent,305,5,0.0007333445246331394,0.0007699723355472088,0.984375,0.10045987367630005,0.6781911849975586,0.06267824023962021
leap,WML_noent,305,6,0.0005472559714689851,0.0007701948052272201,0.9583333333333334,0.10065507143735886,0.5843141674995422,0.3005267083644867
leap,WML_noent,305,7,0.0007256651297211647,0.0007687294273637235,0.9895833333333334,0.10443282127380371,0.5304797291755676,0.0724935382604599
leap,WML_noent,305,8,0.0007220038678497076,0.0007771431701257825,0.9895833333333334,0.1942092776298523,0.2053242176771164,0.07717323303222656
leap,WML_noent,305,9,0.0007183356210589409,0.0007749320939183235,0.9895833333333334,0.12194918096065521,0.39394673705101013,0.08186181634664536
leap,WML_noent,305,10,0.0007367315702140331,0.0007727451156824827,0.9947916666666666,0.10034021735191345,0.5544552803039551,0.05834898725152016
leap,WML_noent,305,11,0.0006405892199836671,0.0007706917822360992,0.96875,0.12087388336658478,0.49552181363105774,0.18123306334018707
leap,WML_noent,305,12,0.0007582111284136772,0.0007758656865917146,0.9947916666666666,0.10020606964826584,0.40898433327674866,0.030895108357071877
leap,WML_noent,305,13,0.000531428842805326,0.000773732434026897,0.9583333333333334,0.12155482172966003,0.3622857630252838,0.32075604796409607
leap,WML_noent,305,14,0.0006909049116075039,0.0007733537931926548,0.9895833333333334,0.10011264681816101,0.5398135781288147,0.11692231893539429
leap,WML_noent,305,15,0.0007265947642736137,0.000771582592278719,0.984375,0.10253795981407166,0.5547500848770142,0.07130550593137741
leap,WML_noent,306,0,0.0007314737886190414,0.0007731679361313581,0.9895833333333334,0.10064069926738739,0.5160239338874817,0.06506926566362381
leap,WML_noent,306,1,0.0007201886619441211,0.000768061843700707,0.9791666666666666,0.11049595475196838,0.5668714642524719,0.07949341833591461
leap,WML_noent,306,2,0.0005848506116308272,0.0007693187799304724,0.96875,0.11593785136938095,0.568119466304779,0.25247520208358765
leap,WML_noent,306,3,0.0007091138395480812,0.0007689254707656801,0.984375,0.1532144695520401,0.41761937737464905,0.09364861994981766
leap,WML_noent,306,4,0.0006688525900244713,0.0007653434877283871,0.96875,0.2109847515821457,0.3486195504665375,0.1451084464788437
leap,WML_noent,306,5,0.0006582075729966164,0.0007692542858421803,0.96875,0.10246919840574265,0.668079137802124,0.15871430933475494
leap,WML_noent,306,6,0.0006937593570910394,0.0007742860470898449,0.96875,0.17154169082641602,0.27553603053092957,0.11327391117811203
leap,WML_noent,306,7,0.0006016982370056212,0.0007482599467039108,0.9427083333333334,0.251816987991333,0.514943540096283,0.23094148933887482
leap,WML_noent,306,8,0.000577170925680548,0.0007673732470721006,0.96875,0.12679189443588257,0.6027296781539917,0.26229098439216614
leap,WML_noent,306,9,0.0006969610694795847,0.0007714382372796535,0.9791666666666666,0.1031889021396637,0.5555114150047302,0.10918167978525162
leap,WML_noent,306,10,0.0006512279505841434,0.0007546086562797427,0.96875,0.3591897487640381,0.33724668622016907,0.1676352471113205
leap,WML_noent,306,11,0.0006235224427655339,0.0007624562131240964,0.9635416666666666,0.16749563813209534,0.56260085105896,0.20304693281650543
leap,WML_noent,306,12,0.0005965237505733967,0.0007704332820139825,0.9791666666666666,0.10892058908939362,0.5290102958679199,0.23755525052547455
leap,WML_noent,306,13,0.0006882241577841341,0.0007678933325223625,0.9739583333333334,0.13196563720703125,0.5299822688102722,0.12034866958856583
leap,WML_noent,306,14,0.0007177232764661312,0.0007670528721064329,0.9791666666666666,0.10558637976646423,0.7592329382896423,0.08264444023370743
leap,WML_noent,306,15,0.000627554371021688,0.0007476473692804575,0.9479166666666666,0.20182208716869354,0.5498461723327637,0.19789354503154755
leap,WML_noent,307,0,0.0007038746844045818,0.0007674408843740821,0.9895833333333334,0.10011381655931473,0.7891904711723328,0.10034512728452682
leap,WML_noent,307,1,0.0007306376355700195,0.0007744639879092574,0.9895833333333334,0.23771850764751434,0.38390567898750305,0.06613808870315552
leap,WML_noent,307,2,0.0004594896745402366,0.0007687316974624991,0.96875,0.120424285531044,0.5302795767784119,0.4127049148082733
leap,WML_noent,307,3,0.0006760251708328724,0.000772206112742424,0.9791666666666666,0.10322310030460358,0.5236198902130127,0.1359407752752304
leap,WML_noent,307,4,0.0007314684917218983,0.0007698204717598855,0.9791666666666666,0.10456137359142303,0.5591248869895935,0.0650760605931282
leap,WML_noent,307,5,0.0006208446575328708,0.0007666588062420487,0.9583333333333334,0.1224547028541565,0.5896078944206238,0.2064695805311203
leap,WML_noent,307,6,0.0007224263972602785,0.0007686592289246619,0.984375,0.10231909155845642,0.6166465282440186,0.07663319259881973
leap,WML_noent,307,7,0.0006432067602872849,0.0007665593875572085,0.9427083333333334,0.13570719957351685,0.5608143210411072,0.17788751423358917
leap,WML_noent,307,8,0.0007109636790119112,0.0007766414200887084,0.9635416666666666,0.13285306096076965,0.27056884765625,0.09128427505493164
leap,WML_noent,307,9,0.0006549388053826988,0.0007726363837718964,0.984375,0.10034578293561935,0.5464696288108826,0.16289229691028595
leap,WML_noent,307,10,0.00044200228876434267,0.0007753532845526934,0.9635416666666666,0.11087881028652191,0.3866128921508789,0.43505632877349854
leap,WML_noent,307,11,0.0005794852622784674,0.0007716316031292081,0.984375,0.11685574054718018,0.42837539315223694,0.25933292508125305
leap,WML_noent,307,12,0.000535481667611748,0.0007725190371274948,0.9791666666666666,0.10043303668498993,0.5449007153511047,0.3155759274959564
leap,WML_noent,307,13,0.000703265133779496,0.0007683088770136237,0.984375,0.11316119134426117,0.4666013717651367,0.10112413018941879
leap,WML_noent,307,14,0.0007636886439286172,0.0007774374098517001,0.9947916666666666,0.1189943253993988,0.34301093220710754,0.02389402873814106
leap,WML_noent,307,15,0.00036990942317061126,0.0007709079654887319,0.9635416666666666,0.10264678299427032,0.5805729031562805,0.5272015333175659
leap,WML_noent,308,0,0.0007743325550109148,0.0007772085955366492,1.0,0.1013660579919815,0.3654145300388336,0.01028958149254322
leap,WML_noent,308,1,0.0007576989009976387,0.0007694741361774504,1.0,0.1102505773305893,0.526444673538208,0.0315498523414135
leap,WML_noent,308,2,0.000758898037020117,0.0007695615058764815,0.9947916666666666,0.1000518798828125,0.6176994442939758,0.030017077922821045
leap,WML_noent,308,3,0.0007663263822905719,0.0007709689671173692,1.0,0.1004483550786972,0.5821589827537537,0.020522641018033028
leap,WML_noent,308,4,0.0007698256522417068,0.0007732069352641702,1.0,0.10044753551483154,0.5451707243919373,0.0160499420017004
leap,WML_noent,308,5,0.0007304809405468404,0.000778091256506741,0.984375,0.22742649912834167,0.18057334423065186,0.06633833795785904
leap,WML_noent,308,6,0.0007433995488099754,0.0007714347448199987,0.9947916666666666,0.1005108505487442,0.5489007830619812,0.04982638731598854
leap,WML_noent,308,7,0.0007630808395333588,0.0007738482672721148,0.9947916666666666,0.10008800029754639,0.5183406472206116,0.02467086911201477
leap,WML_noent,308,8,0.0007287025800906122,0.0007762094028294086,0.9895833333333334,0.10857363045215607,0.34502124786376953,0.06861135363578796
leap,WML_noent,308,9,0.0007691612117923796,0.0007697766413912177,1.0,0.10177046060562134,0.6751521229743958,0.016899297013878822
leap,WML_noent,308,10,0.0006736151408404112,0.0007722475565969944,0.9583333333333334,0.1281874179840088,0.40199553966522217,0.1390211284160614
leap,WML_noent,308,11,0.0006787441670894623,0.0007736239931546152,0.9739583333333334,0.24557383358478546,0.30161231756210327,0.1324654370546341
leap,WML_noent,308,12,0.00077059370232746,0.0007765315240249038,1.0,0.12676948308944702,0.33362436294555664,0.01506835501641035
leap,WML_noent,308,13,0.0007319669239223003,0.0007671304047107697,0.9947916666666666,0.10839705169200897,0.6481859683990479,0.06443899869918823
leap,WML_noent,308,14,0.0007320737931877375,0.000772268685977906,0.9895833333333334,0.1354038268327713,0.43447938561439514,0.06430238485336304
leap,WML_noent,308,15,0.0007520530489273369,0.0007711166981607676,1.0,0.1725482940673828,0.3504506051540375,0.03876590356230736
