dir,env_name,actor_update_mode,seed,seed_index,action_dim,action_pad,obs_dim,critic_obs_dim,estep_num_samples,eps_e,alpha_entropy,alpha_kl,gamma,lmbda,time_steps,iteration,checkpoint_frac,final_eval_return,ess_final,ess_degenerate,nan_in_eval,normalize_env,train_seconds,hydra_run_dir,files_present,n_missing,bytes_total,mtime_utc,sha256_actor,sha256_critic,sha256_meta,sha256_normalizer,present_in,sha256_agreement,fields_differing
exports/CheetahRun_pathwise_s0_final,CheetahRun,pathwise,0,0,6,,17,17,32,0.5,0.0020417142659425735,0.004456956405192614,0.99,0.95,52297728,399,1.0,935.8796997070312,0.0,False,False,True,636.7115364000056,/home/human/workspaces/reppo_original/outputs/2026-08-28/23-09-28,actor.npz|critic.npz|meta.json|normalizer.npz,0,5710672,2026-08-28T23:20:15Z,c7edcdaaa7cb914d3d26275ed866762c462b02d6d564692ddd48cb0d76e1730d,8292f72d6fcbf57c33fa7fbea60917cf1e6012d8fd6207fa7dd95a258747cf15,28dcd0d312e4359939641f3f62ee51bea541568f5e55e21bf04e0c48effc5659,eef67493a827ebf1dd9a0ef16eb5d33285e1fe4a42d53c7b1e79e6b553267672,workstation,single-source,
exports/FingerTurnHard_pathwise_s0_final,FingerTurnHard,pathwise,0,0,2,,12,12,32,0.5,4.956905552688795e-09,0.002886976348236203,0.99,0.95,52297728,399,1.0,933.083984375,0.0,False,False,True,1116.2739210739965,/home/human/workspaces/reppo_original/outputs/2026-08-29/15-01-58,actor.npz|critic.npz|meta.json|normalizer.npz,0,5665399,2026-08-29T15:20:39Z,ae1363072e8066781fe87d8b4f4f665cdf90fc78301e0e7c6d067db45669edc0,85e993c2ecad18832c78a95f6595fc863ab419f448e5ba896b86fc47501c0243,afc3406a9f1e1409bfde43fe4c3bcf4e7da228689d1345f4d59a6c554c0e6273,908e3a883c6cc94cff8954d2b5ea5788b697515cd03aa53dc7871ed81c5e791e,workstation,single-source,
exports/G1JoystickFlatTerrain_pathwise_fa_s0_final,G1JoystickFlatTerrain,pathwise,0,0,29,0,103,103,32,0.5,0.00023000007786322385,0.004076009150594473,0.97,0.95,52297728,399,1.0,33.02556228637695,0.0,False,False,True,2972.621562601009,/home/human/workspaces/reppo_original/outputs/2026-08-30/13-53-27,actor.npz|critic.npz|meta.json|normalizer.npz,0,19391695,2026-08-30T14:43:11Z,8d6c468f814f464817517f7696c0472c48248bc236be10ac67b38afc5a47f2fb,f4c5d014ffac2caf50486b6d1c13017343617b5d7fc35a212cbce112859362bb,7cef58d29f19fa478f4f2a72a7929704959a1de1e09e7bdab856ee5fe89c3355,a31ad1fc59aba0fb1a8a525bbbfdde12b7c740c85aa909da45e069d705844128,workstation,single-source,
exports/G1JoystickFlatTerrain_pathwise_fa_s101_final,G1JoystickFlatTerrain,pathwise,101,0,29,0,103,103,32,0.5,0.00020752238924615085,0.004297551233321428,0.97,0.95,52297728,399,1.0,29.791976928710938,0.0,False,False,True,2463.1763825980015,/rwthfs/rz/cluster/hpcwork/qzi10910/reppo_runs/outputs/conf/g1_A_s101,actor.npz|critic.npz|meta.json|normalizer.npz,0,19396634,2026-09-01T10:31:07Z,e174854b24c642523bc327258964f838b6de8c849582b049d5233386709e3528,345161354456b678faf1e63cd4fe34f59e5fceb88b74394097d8e7a4f5494ca7,2a6a0750dde340e774cf4e4d116b0b819a1608250fe64f4a2a485e79c84a26c0,f93278e39f28eb09b6e1a8539272e694548d7717f0b1b978cc402d836137d608,claix,single-source,
exports/G1JoystickFlatTerrain_pathwise_fa_s102_final,G1JoystickFlatTerrain,pathwise,102,0,29,0,103,103,32,0.5,0.00020752238924615085,0.004399615805596113,0.97,0.95,52297728,399,1.0,28.134492874145508,0.0,False,False,True,2465.5587867959985,/rwthfs/rz/cluster/hpcwork/qzi10910/reppo_runs/outputs/conf/g1_A_s102,actor.npz|critic.npz|meta.json|normalizer.npz,0,19396643,2026-09-01T10:37:55Z,7add8993455751e107f90d6080fee4bcba91afe76fb5bb30d4233e0ff6af92fd,21375802d7bd0000f9c2839ccee8ef6b07984968c716e7b59c352526b31fc687,0d6af8f55d41ab4b0175d3211e155890a968001b97aa26c804202d5b45aa9084,b4acf270468290530548e60a544637c5e4f50f62deb396b1e4dba0c9d8546ac7,claix,single-source,
exports/G1JoystickFlatTerrain_pathwise_fa_s103_final,G1JoystickFlatTerrain,pathwise,103,0,29,0,103,103,32,0.5,0.00020752238924615085,0.0045029898174107075,0.97,0.95,52297728,399,1.0,33.471954345703125,0.0,False,False,True,2467.768258511991,/rwthfs/rz/cluster/hpcwork/qzi10910/reppo_runs/outputs/conf/g1_A_s103,actor.npz|critic.npz|meta.json|normalizer.npz,0,19396644,2026-09-01T10:50:48Z,1e54fb46c685a20e9e7a729dc23caa534c1ec197de910f26508439f662d033e0,c2fcf1993ab0a2fa8a3c11a80f68fd40af7c4f1db0d7a0a6370c6ef290ea4a93,8c9d75f9d5ce9e2200a27be19ecb7ba75a9c3612ec6d63551298cd88a252364d,87ee1f8237b3ad83d27dc2c2c8b1dcc27b2ba473412d22adf57e88820a7ffa36,claix,single-source,
exports/G1JoystickFlatTerrain_pathwise_fa_s104_final,G1JoystickFlatTerrain,pathwise,104,0,29,0,103,103,32,0.5,0.00020752238924615085,0.004470768850296736,0.97,0.95,52297728,399,1.0,29.318801879882812,0.0,False,False,True,2454.9731620069942,/rwthfs/rz/cluster/hpcwork/qzi10910/reppo_runs/outputs/conf/g1_A_s104,actor.npz|critic.npz|meta.json|normalizer.npz,0,19396632,2026-09-01T10:56:22Z,5ecc76771b4d2ae0303e1479b70f4a82fa09757a8c1620b34de4a0b45229038b,a0b2166351ed71c6a414ba8dcd99ca168831d98437d68b94a7647bc533f2fcd3,23260b47bb8989e6d831e09566e9e57ed2126d590b985a46809c9624350d9346,a282431857e558ef8b3d291bc6fda31e8dd7eb1edbe4e0b7211b6a8063aa56c6,claix,single-source,
exports/G1JoystickFlatTerrain_pathwise_fa_s105_final,G1JoystickFlatTerrain,pathwise,105,0,29,0,103,103,32,0.5,0.00020752238924615085,0.004524787422269583,0.97,0.95,52297728,399,1.0,30.039525985717773,0.0,False,False,True,2457.7595984590007,/rwthfs/rz/cluster/hpcwork/qzi10910/reppo_runs/outputs/conf/g1_A_s105,actor.npz|critic.npz|meta.json|normalizer.npz,0,19396634,2026-09-01T11:02:55Z,f0a957316086309c0a987991a16630480e5e8e774bfc3489bbbee76563dab699,1a24bd5849c1041c3242b267b0492937134174ac774f085e0ab5f82542012f1d,417f6dd4287243cb2ace9b72a65f1b71654e7bbf6d492a70180d95385791780f,22ee6eb82bbf8073db09a696279dd092b5d31c0fcdd3353106a0536bd9aacc62,claix,single-source,
exports/G1JoystickFlatTerrain_pathwise_fa_s106_final,G1JoystickFlatTerrain,pathwise,106,0,29,0,103,103,32,0.5,0.00020752238924615085,0.00441582640632987,0.97,0.95,52297728,399,1.0,28.9632568359375,0.0,False,False,True,2456.7022417550033,/rwthfs/rz/cluster/hpcwork/qzi10910/reppo_runs/outputs/conf/g1_A_s106,actor.npz|critic.npz|meta.json|normalizer.npz,0,19396621,2026-09-01T11:19:32Z,079b8fdf59951396b7cf3864930bf90285c9b1b7e8e37e2d03b8cc3c10bcefcb,b0b51c0a7ebc7aaf96f4c2e5850560b7b3c540b42bd5844c410fa8951590c5be,9ac0d93f58fbcb6266dfccf7ab53717a926642acb5508ca5e7087881c3ebf6d6,5a9675a49cbe0bf22537de2bb12f5810e054efd94d33756a39503e019ea55961,claix,single-source,
exports/G1JoystickFlatTerrain_pathwise_fa_s107_final,G1JoystickFlatTerrain,pathwise,107,0,29,0,103,103,32,0.5,0.00020752238924615085,0.004208617378026247,0.97,0.95,52297728,399,1.0,32.16105270385742,0.0,False,False,True,2467.1545751090016,/rwthfs/rz/cluster/hpcwork/qzi10910/reppo_runs/outputs/conf/g1_A_s107,actor.npz|critic.npz|meta.json|normalizer.npz,0,19396626,2026-09-01T11:32:39Z,29180a47738ea03262c6ad9496c7f2d025385b3eade85c56dcf3e79820f402d3,c4c6e929507a1fb1f5ac01dff211d55db2b9b69cbde32c03d1f521b3827770f7,ca8136e8a6d2e7c368ab866bdf3f42fe72533f8566c316c6baed1e25d67fe86d,6dd64b3f3754394ea4e876b082c9f4f20e29530e37d1a4f52679797f5bceb38b,claix,single-source,
exports/G1JoystickFlatTerrain_pathwise_fa_s108_final,G1JoystickFlatTerrain,pathwise,108,0,29,0,103,103,32,0.5,0.00020752238924615085,0.0041904267854988575,0.97,0.95,52297728,399,1.0,29.26029396057129,0.0,False,False,True,2447.151943221994,/rwthfs/rz/cluster/hpcwork/qzi10910/reppo_runs/outputs/conf/g1_A_s108,actor.npz|critic.npz|meta.json|normalizer.npz,0,19396624,2026-09-01T11:35:48Z,7b9c0de1eeb912f9352409e9fa301f14396cb400a2d90898297b26b24ebd5c41,509df22f7f6a3dabcc4e43ec0f5f8b557496fb59919bbccd68fd736175f5ec7c,f1e4d7bbb74466e627d3c31b80f80b3815ce9fe72e4a120d52241f35a52d7e10,62ed9545787b5667887a48d5589bf62acc11130671eb938ee257a0508211bce4,claix,single-source,
exports/G1JoystickFlatTerrain_pathwise_fa_s1_final,G1JoystickFlatTerrain,pathwise,1,0,29,0,103,103,32,0.5,0.00023000007786322385,0.0038842232897877693,0.97,0.95,52297728,399,1.0,29.91904067993164,0.0,False,False,True,3163.6544543269556,/home/human/workspaces/reppo_original/outputs/2026-08-30/16-22-46,actor.npz|critic.npz|meta.json|normalizer.npz,0,19391702,2026-08-30T17:15:41Z,25ef0b7808f07b4aea83af143daf7822a978b81debf2d41a40ee6d528ce0572a,0ddbfcaccd20586afd906985738a9ddef1d4b18ef75c1d6ce02a7d1f40917f31,1193e1e356453ebfb4d4fe24a3b4fa270eb4ed70a4859ac2988dcf59a49784ee,d36b0be950aacbd446f369f07baeedeea627dbfe2a4f93af5895df0b5a71f5a2,workstation,single-source,
exports/G1JoystickFlatTerrain_pathwise_fa_s201_final,G1JoystickFlatTerrain,pathwise,201,0,29,0,103,103,32,0.5,0.00020752238924615085,0.012507792562246323,0.97,0.95,2621440,20,1.0,-2.203486919403076,0.0,False,False,True,788.1124463469896,/rwthfs/rz/cluster/hpcwork/qzi10910/reppo_runs/outputs/smoke/g1_A_s201,actor.npz|critic.npz|meta.json|normalizer.npz,0,19396106,2026-09-01T09:32:21Z,9183388c4148b6a31932ada5c0540f3b99bf2209e9ff77a0288409924340f43e,9a39aeda8e31e26c48adca8426c882cd5598d35ff32b7e87a11a501c9672a77f,aa1a77ff8e6ea3a283bdc2fc18c1ae2a9cf0066e12a809c3b6d48c989083fcdb,0dae9c1edf0ccacae9dc3d3de704087cd180bdd59b81e7a534707a8cf883dd72,claix,single-source,
exports/G1JoystickFlatTerrain_pathwise_fa_s2_final,G1JoystickFlatTerrain,pathwise,2,0,29,0,103,103,32,0.5,0.00023000007786322385,0.0039148349314928055,0.97,0.95,52297728,399,1.0,30.30789566040039,0.0,False,False,True,3052.254554373969,/home/human/workspaces/reppo_original/outputs/2026-08-30/18-53-58,actor.npz|critic.npz|meta.json|normalizer.npz,0,19391698,2026-08-30T19:45:04Z,e82838772325b4bacec61f26c99fbea038b510c7ae5ab4ed40141c20e638c861,c005619a7fe3cf5f76dfb3fb4aca5d78f20a19768cb5696913ac7e7bcc755a0d,9fde36affcec39996b17c9ac28e1f58a7d81a58011fcc2deb7b7d2d77b198a8f,084f677ab20853e7be72eecc19619760c1a04a976139fc83de87a9efdbdcb03d,workstation,single-source,
exports/G1JoystickFlatTerrain_pathwise_fa_s301_final,G1JoystickFlatTerrain,pathwise,301,0,29,0,103,103,32,0.5,0.00020752238924615085,0.0043693240731954575,0.97,0.95,52297728,399,1.0,27.264759063720703,0.0,False,False,True,2549.16604340903,/rwthfs/rz/cluster/hpcwork/qzi10910/reppo_runs/outputs/faithful_repair/g1_PW1_s301,actor.npz|critic.npz|meta.json|normalizer.npz,0,19396648,2026-09-02T03:22:15Z,38710c5374100d0153db48b018ed7677e5f134900c064f80640a1e802341c2d7,b234319b3feb01f370ae0601fd0b212dd30015059ea8a1d1fa3023cb5e0c7627,4b17a9d67930ece326b8584766374a99986545f423fded80d9827f68e4998259,0830dc6db9bf10434cd67e0e850727ec70c3145b2a92a4aa75412e7d1c906053,claix,single-source,
exports/G1JoystickFlatTerrain_pathwise_fa_s302_final,G1JoystickFlatTerrain,pathwise,302,0,29,0,103,103,32,0.5,0.00020752238924615085,0.004445385187864304,0.97,0.95,52297728,399,1.0,29.184972763061523,0.0,False,False,True,2453.3076560839836,/rwthfs/rz/cluster/hpcwork/qzi10910/reppo_runs/outputs/faithful_repair/g1_PW1_s302,actor.npz|critic.npz|meta.json|normalizer.npz,0,19396657,2026-09-02T08:27:19Z,5009e42aa04b98a0e77721675db8694304231134089a9b5bf9952ec2794c7fc6,a89120804c1916af409b286a30bfe75caac68d7d302740d3b053430bd2e35073,c1e7ceb3e9713eb4dd4c04dd0dbca6d6e14648ff8d993be47f785ccb5f834908,6f5329df6d291fd597d8a8a8680f7509af408bc85de576d1a81d93ae28dd3271,claix,single-source,
exports/G1JoystickFlatTerrain_pathwise_fa_s303_final,G1JoystickFlatTerrain,pathwise,303,0,29,0,103,103,32,0.5,0.00020752238924615085,0.004651558119803667,0.97,0.95,52297728,399,1.0,17.794275283813477,0.0,False,False,True,2552.8649843360763,/rwthfs/rz/cluster/hpcwork/qzi10910/reppo_runs/outputs/faithful_repair/g1_PW1_s303,actor.npz|critic.npz|meta.json|normalizer.npz,0,19396640,2026-09-02T03:22:20Z,6301a5dad2c8cde5803207749dfa54a023b127b9424b6f35e355016e3560fbbe,bf7fd2b6eb94715a4a085657bd0ea9b39d43c009313b9e1bef760c327283cadb,15100aecc4bd6b29900ef26b6d73a77395624809bdbccbed497f086d570e49cd,c2ca724328d96abe2386cbf06fc474d9933735513dbdf7f382174c96e59f8801,claix,single-source,
exports/G1JoystickFlatTerrain_pathwise_fa_s304_final,G1JoystickFlatTerrain,pathwise,304,0,29,0,103,103,32,0.5,0.00020752238924615085,0.00516266655176878,0.97,0.95,52297728,399,1.0,13.012063980102539,0.0,False,False,True,2448.417025545001,/rwthfs/rz/cluster/hpcwork/qzi10910/reppo_runs/outputs/faithful_repair/g1_PW1_s304,actor.npz|critic.npz|meta.json|normalizer.npz,0,19396638,2026-09-02T08:29:35Z,5d01d6f9a0e632de5868f4ebfad08b84cb6dd8698548fac353a6fa9928f73573,b256431351cad7e72a7ef8d0da6477ed0691f5e922b59cad0048ae56f9fb408c,82b7c99ae23a1f7ae70c3a949593d275cce8098788073985713ca8453431d11f,ff541bdc9047846541745968234083b4fc530c6423b890931d617facfd982637,claix,single-source,
exports/G1JoystickFlatTerrain_pathwise_fa_s305_final,G1JoystickFlatTerrain,pathwise,305,0,29,0,103,103,32,0.5,0.00020752238924615085,0.0043923319317400455,0.97,0.95,52297728,399,1.0,24.29935646057129,0.0,False,False,True,2552.1290999070043,/rwthfs/rz/cluster/hpcwork/qzi10910/reppo_runs/outputs/faithful_repair/g1_PW1_s305,actor.npz|critic.npz|meta.json|normalizer.npz,0,19396656,2026-09-02T03:22:19Z,5ecfe561da9a52f20c3aebe545f48c57ae6d6cbc6ea051fdb9ed4edc9d3c9719,b4a08e677207c210a52b942324a3bd40549a4c4cdaff9f20346fc51830d41891,0a96d79b80d9a0fbd7a744a7850f19395a13a308a3e361e202bc1fe8e818a710,44e10dcbdf644946db5ccae59f307435937bce7599afaa025ca34af642e0a8d9,claix,single-source,
exports/G1JoystickFlatTerrain_pathwise_fa_s306_final,G1JoystickFlatTerrain,pathwise,306,0,29,0,103,103,32,0.5,0.00020752238924615085,0.005524554755538702,0.97,0.95,52297728,399,1.0,10.326732635498047,0.0,False,False,True,2435.376529373025,/rwthfs/rz/cluster/hpcwork/qzi10910/reppo_runs/outputs/faithful_repair/g1_PW1_s306,actor.npz|critic.npz|meta.json|normalizer.npz,0,19396638,2026-09-02T08:36:51Z,7f1abdde9d9219d1d54edc062d74a2e61f69245702a1f6fbe23d45d58a48627f,59b44465a3d1bb7d5bd5859647f3aa47c52fe8b22d1e1209b88af184ceac33ed,fa43ee40836cd8ee2dd7a9087c9434db625951489a56cc72c04e5e6453fa30e0,acd21f3eb59917deb7fb5d34d3a26e85a2a7d3ef3588e9e00f8b77fa880e011a,claix,single-source,
exports/G1JoystickFlatTerrain_pathwise_fa_s307_final,G1JoystickFlatTerrain,pathwise,307,0,29,0,103,103,32,0.5,0.00020752238924615085,0.0044192178174853325,0.97,0.95,52297728,399,1.0,30.37877082824707,0.0,False,False,True,2557.7499830609886,/rwthfs/rz/cluster/hpcwork/qzi10910/reppo_runs/outputs/faithful_repair/g1_PW1_s307,actor.npz|critic.npz|meta.json|normalizer.npz,0,19396660,2026-09-02T03:22:25Z,b46c40acae7893b52d4cbaa77657b6909e5d7d70235ef90a9629042d8d2346e1,2b89adccf8b77ff5db777478a20f3e5e94eeed7e675742c7cfcde11b218e44fc,7604cab8e4e2fbed43346adf799aabc41269b5b85529861eae867675e24598d4,5cbfccba8d9e256c36ff9868049f9d11d2aaac0f913918c90e6d842b4222057f,claix,single-source,
exports/G1JoystickFlatTerrain_pathwise_fa_s308_final,G1JoystickFlatTerrain,pathwise,308,0,29,0,103,103,32,0.5,0.00020752238924615085,0.004293057601898909,0.97,0.95,52297728,399,1.0,31.427305221557617,0.0,False,False,True,2446.302840979013,/rwthfs/rz/cluster/hpcwork/qzi10910/reppo_runs/outputs/faithful_repair/g1_PW1_s308,actor.npz|critic.npz|meta.json|normalizer.npz,0,19396633,2026-09-02T08:37:02Z,7106af271e3980fbfe5b8efc04ee81563e00421d69529f7a061fc99f7594137b,eb53b31536b31c6e97a6310b0e581f5ef1198e37f2f8853bcc88c92f849054e7,8b4a1ecf0362221b65f3bbb2862da1d508cb3c29a34c1a31358078b4946f7e57,08293cacc9419dce7fddcb2e48b8ca84c551b611f5e2ca007a48902dcb84a0f3,claix,single-source,
exports/G1JoystickFlatTerrain_pathwise_s0_final,G1JoystickFlatTerrain,pathwise,0,0,29,,103,103,32,0.5,0.00022081754286773503,0.004117770120501518,0.97,0.95,52297728,399,1.0,32.903114318847656,0.0,False,False,True,3041.5548603180214,/home/human/workspaces/reppo_original/outputs/2026-08-29/22-25-28,actor.npz|critic.npz|meta.json|normalizer.npz,0,19391661,2026-08-29T23:16:22Z,6bf230aaffccf0de5fc5415f231ff86bd5491681f67cfca008a711f176a4e8a0,da3470fbf8454130526b25e55d0f378580a593421800cd527f78779ceec4d7d0,19f8abe987f4c1a1946abccbff6a85a63a975416aa58992611f411d84de539d0,3aa56bf2a7465f089ceef07df2686e00b0a7a82232eff1ff048fddc4f5f62c40,workstation,single-source,
exports/G1JoystickFlatTerrain_pathwise_s901_final,G1JoystickFlatTerrain,pathwise,901,0,29,0,103,103,32,0.5,0.0002271399716846645,0.0044553098268806934,0.97,0.95,52297728,399,1.0,32.61233139038086,0.0,False,False,True,3086.944036958972,/home/human/workspaces/reppo_original/outputs/manual/rerun901-g1,actor.npz|critic.npz|meta.json|normalizer.npz,0,19397562,2026-08-31T23:17:06Z,ae9b6530f337b231df510a1e4e92c51c39e65e03a7e3246dbff021e38ad77753,582b4119cf1795413e7cb8d8efce84314043fd261c7c74914ea0a60bc38ae525,de584e021971ade2dd98c06b8cbe03240ff04a7c78ae8a5684b1331d92bd9621,710e4f1a27d5ba3db07ca63bd8b0a820dc2c13a0205ee28b90b5011e8660181f,workstation,single-source,
exports/G1JoystickFlatTerrain_pathwise_s901orig_final,G1JoystickFlatTerrain,pathwise,901,0,29,0,103,103,32,0.5,0.00020788784604519606,0.004243381787091494,0.97,0.95,52297728,399,1.0,32.153907775878906,0.0,False,False,True,3111.5271785919904,/home/human/workspaces/reppo_original/outputs/2026-08-31/16-07-00,actor.npz|critic.npz|meta.json|normalizer.npz,0,19391692,2026-08-31T21:56:18Z,ebae11fd033047626999067077a7905a139d30b20036d7423d91640ae064547f,0c2b7c3b35f3b6f1a0a6bd3d1d237a21f009dcfa1dc0e40fbc416de4e91201dc,02bfe67002eb15479618e87ff4dfdec1db657991842ca418a90232e2a2e589bb,28c5d7b9b54b2dc3c94551896de64510e37998dd7d4a049e3554fba6f7083691,workstation,single-source,
exports/G1JoystickFlatTerrain_weighted_mle_s0_final,G1JoystickFlatTerrain,weighted_mle,0,0,29,0,103,103,32,0.5,0.00023000007786322385,0.41120967268943787,0.97,0.95,52297728,399,1.0,26.792356491088867,18.952545166015625,False,False,True,5944.896837130014,/home/human/workspaces/reppo_original/outputs/2026-08-30/14-43-21,actor.npz|critic.npz|meta.json|normalizer.npz,0,19394528,2026-08-30T16:22:36Z,07119712e96131a2539b245c4cfd1c3f91cd867fb1489163f8228027fb78a523,d1919496e09108054fe720ce9754c10b5edf9bb564e9055e0e2c663a48dbbe53,4412b950e260ddb58c8f4338f168a67ace2260185f1dc2e45e8cba98492d691f,54e9729ba00c895dcd79c2c3f38e68238e5e6827f33b7c3f6289fca710ec6808,workstation,single-source,
exports/G1JoystickFlatTerrain_weighted_mle_s101_final,G1JoystickFlatTerrain,weighted_mle,101,0,29,0,103,103,32,0.5,0.00020752238924615085,0.5056033134460449,0.97,0.95,52297728,399,1.0,9.402726173400879,18.947811126708984,False,False,True,3826.171453531002,/rwthfs/rz/cluster/hpcwork/qzi10910/reppo_runs/outputs/conf/g1_B_s101,actor.npz|critic.npz|meta.json|normalizer.npz,0,19399430,2026-09-01T10:57:43Z,1cc0c1df455d4c22ad376a7d5b736e7243618416bf33d044b75a19a6f38ac997,ab9c8ffe2bee6f2b8493ef398b0859017206cc46775ec78e8f370fb26a438a41,3b48c720b07a552d5e3fe01f55a00df2f574b4d0f351ffe32f7f9cbe303343ef,818177ca073394d6e38defe79ef9798a471cd643d19e82c162a342775b089858,claix,single-source,
exports/G1JoystickFlatTerrain_weighted_mle_s102_final,G1JoystickFlatTerrain,weighted_mle,102,0,29,0,103,103,32,0.5,0.00020752238924615085,0.5706496238708496,0.97,0.95,52297728,399,1.0,18.405454635620117,18.336584091186523,False,False,True,3829.636054349001,/rwthfs/rz/cluster/hpcwork/qzi10910/reppo_runs/outputs/conf/g1_B_s102,actor.npz|critic.npz|meta.json|normalizer.npz,0,19399453,2026-09-01T11:07:33Z,9fcb872f2d8d5ac4f797fe6c0359852b547f4debe53aaeab096a2e17cf5209ab,5a40b2b18501a26ea51691bc457d73580e78aab12b02d32bb32f6cf18d5405fd,2d7cc17b3c9253a3d0e870150acd205fbc143c2a2e1fe640d3ec60e0acf56c65,c49186b120a77ee654203abec621220e3f3abc2736b11145a3839628689f75e3,claix,single-source,
exports/G1JoystickFlatTerrain_weighted_mle_s103_final,G1JoystickFlatTerrain,weighted_mle,103,0,29,0,103,103,32,0.5,0.00020752238924615085,0.49293452501296997,0.97,0.95,52297728,399,1.0,14.692596435546875,18.846445083618164,False,False,True,3828.900318315995,/rwthfs/rz/cluster/hpcwork/qzi10910/reppo_runs/outputs/conf/g1_B_s103,actor.npz|critic.npz|meta.json|normalizer.npz,0,19399468,2026-09-01T11:14:07Z,9f73fb5cec320ab46efae531af79cf02614ca61eb5921a184d10266c45009a4e,62c6fa425b91508a2aeeaee2ad574b7235219b6011adc6390695cab087acc8d7,9773984e1b7ca72197ff87041a0eb3ca452bbb4f06f8d0425c7312d053d8bc53,c3ec6a3a4fdfa7fb787758102a9b7573d466136071b730d9a9cfc2727437dc07,claix,single-source,
exports/G1JoystickFlatTerrain_weighted_mle_s104_final,G1JoystickFlatTerrain,weighted_mle,104,0,29,0,103,103,32,0.5,0.00020752238924615085,0.550157368183136,0.97,0.95,52297728,399,1.0,10.967278480529785,19.628013610839844,False,False,True,3825.9104523999995,/rwthfs/rz/cluster/hpcwork/qzi10910/reppo_runs/outputs/conf/g1_B_s104,actor.npz|critic.npz|meta.json|normalizer.npz,0,19399468,2026-09-01T11:22:55Z,fedfd4cc7f7ee5bb90110f7fc30a9661f8a0cab29c3210959ef247772031f927,17828524b9cc77fa0fe2528ca185eeb77ac69f4a0d8fd260a6c4f980c93ae807,fc48f4ce4dfe16a062f5f4e74c8aed34ec9a01c8eb72cefdcb00eb3cc70de9b0,6838968276ef8a4f57b5585b718a7840dfecbf2424ffaeb576f91ecc6ee2734a,claix,single-source,
exports/G1JoystickFlatTerrain_weighted_mle_s105_final,G1JoystickFlatTerrain,weighted_mle,105,0,29,0,103,103,32,0.5,0.00020752238924615085,0.4959206283092499,0.97,0.95,52297728,399,1.0,15.973441123962402,20.28453826904297,False,False,True,3821.4585666990024,/rwthfs/rz/cluster/hpcwork/qzi10910/reppo_runs/outputs/conf/g1_B_s105,actor.npz|critic.npz|meta.json|normalizer.npz,0,19399485,2026-09-01T11:42:17Z,93c1bc5d77041a70bd76c701643e3314183923030958ad3ec37ec3ae068697dc,01bee1da8ae9638891e109fe024efb76d3b6d1dfcbe99320d94b4b5ab90f3b02,0055805b3a384edbf1b6226d2a1361bdd6b51a7067ac0d3b0a032c17dea008dd,5270e885a23b1259ce3f388197e84560873d4524c6ea1aa6bd158db146ec06c1,claix,single-source,
exports/G1JoystickFlatTerrain_weighted_mle_s106_final,G1JoystickFlatTerrain,weighted_mle,106,0,29,0,103,103,32,0.5,0.00020752238924615085,0.561675488948822,0.97,0.95,52297728,399,1.0,27.019664764404297,19.2889347076416,False,False,True,3841.726434794007,/rwthfs/rz/cluster/hpcwork/qzi10910/reppo_runs/outputs/conf/g1_B_s106,actor.npz|critic.npz|meta.json|normalizer.npz,0,19399452,2026-09-01T11:54:05Z,ff83247d91da194de6cb770c3036567f5a4cb7d66886727752d8bf4bae01fe29,9f46edcb21b6eeeb7b219d3b65f2748500c0562120f6a731c23126ace2c509f5,36bd024b9779675a8076418e778d3547e88074fc173c43b511ee4dbc489b4167,c2837e6087cb6fd5c19692b7bbb2fa33b95930e1f1098d430bf3ac619e041b11,claix,single-source,
exports/G1JoystickFlatTerrain_weighted_mle_s107_final,G1JoystickFlatTerrain,weighted_mle,107,0,29,0,103,103,32,0.5,0.00020752238924615085,0.5359904766082764,0.97,0.95,52297728,399,1.0,24.73347282409668,19.189918518066406,False,False,True,3810.9904493299982,/rwthfs/rz/cluster/hpcwork/qzi10910/reppo_runs/outputs/conf/g1_B_s107,actor.npz|critic.npz|meta.json|normalizer.npz,0,19399471,2026-09-01T11:55:36Z,8d046492ca650eea299563be3aebe6318e3d94673e675222b786a07bbb7e350a,76310eac8472ec53e6b174e740f901154da4baf0f27ff51c8d111898494a189a,312903adb1564b05ec3ca2072d8a72708a56ece77fde31bcfc377165011a3f94,3c719e18e13be5ba8bdf951abc15e01377ec55244ba58ffe76a10e1b9fc9d017,claix,single-source,
exports/G1JoystickFlatTerrain_weighted_mle_s108_final,G1JoystickFlatTerrain,weighted_mle,108,0,29,0,103,103,32,0.5,0.00020752238924615085,0.5169694423675537,0.97,0.95,52297728,399,1.0,23.13818359375,18.985403060913086,False,False,True,3814.67839798599,/rwthfs/rz/cluster/hpcwork/qzi10910/reppo_runs/outputs/conf/g1_B_s108,actor.npz|critic.npz|meta.json|normalizer.npz,0,19399435,2026-09-01T12:00:50Z,6ed002e30693472e766d2ff504d87528a9c55b6acc61b0eceaf00b0a877da985,6e0d35624f78390b7cdd7be4ad1b5e0f66744496d891d4f94461ad4abe223f61,5c00c1bb398fd02df54b1c7ee5f2f524e0907feae4512da931e53a7cc993b9ce,413a55cba948ed781d0cb5fa527ef165798cd120cfa5b206dbc2b606d8c456eb,claix,single-source,
exports/G1JoystickFlatTerrain_weighted_mle_s1_final,G1JoystickFlatTerrain,weighted_mle,1,0,29,0,103,103,32,0.5,0.00023000007786322385,0.39656367897987366,0.97,0.95,52297728,399,1.0,17.54608154296875,19.054906845092773,False,False,True,5865.3260602400405,/home/human/workspaces/reppo_original/outputs/2026-08-30/17-15-51,actor.npz|critic.npz|meta.json|normalizer.npz,0,19394537,2026-08-30T18:53:46Z,709323c708dcf5744cf346946854ede0447b3cfb5f77526d7f17d0748ec1d22e,f600ff19f2a09f30d39e8996678dfd534ec26716ac865293912203ddcefaef10,6d553a1f6ba04d0a987fb005bf4bddaf0e7e37499e2ab8ef45c998c8859090cf,9e78afb12fb815b062b96a1aa2ceece8db6d45251ecf26d37a72f768a2883670,workstation,single-source,
exports/G1JoystickFlatTerrain_weighted_mle_s2_final,G1JoystickFlatTerrain,weighted_mle,2,0,29,0,103,103,32,0.5,0.00023000007786322385,0.4001885950565338,0.97,0.95,52297728,399,1.0,16.468530654907227,19.409528732299805,False,False,True,5860.534223972005,/home/human/workspaces/reppo_original/outputs/2026-08-30/19-45-14,actor.npz|critic.npz|meta.json|normalizer.npz,0,19394539,2026-08-30T21:23:06Z,9b0e7580690ab1e0f3732b97f4998fc693b2741b640e185c71bb5184b34b8c58,b5b83ea08c8aeb9864d23f164d349d488d1ee3e84d9a30d3b5f9c5d2cc82dab9,5f10f31eead01e303aa46070426e1eceac4d2cce039d3dbbc9fa8c6eb72e0153,16119c3f77f063a7ae23c5bf1b0b3e3204792d55e231b4dd5e9f64ee20b25821,workstation,single-source,
exports/G1JoystickFlatTerrain_weighted_mle_s301_final,G1JoystickFlatTerrain,weighted_mle,301,0,29,0,103,103,32,0.5,0.00020752238924615085,0.39590010046958923,0.97,0.95,52297728,399,1.0,15.91957950592041,19.0783748626709,False,False,True,3839.9998242250003,/rwthfs/rz/cluster/hpcwork/qzi10910/reppo_runs/outputs/faithful_repair/g1_WML32_s301,actor.npz|critic.npz|meta.json|normalizer.npz,0,19399470,2026-09-02T09:00:16Z,47eed443d85853beaf73eb298214fc040a9d921d6164d9c206df38a77552d5d2,a2e049b5e273989d69400b053405b7c5719751acd8b1469b5ac572b33b9e7592,915aee4ba11976beaac5141d2eb3e8136ece84c60a455109c5164755ee35bdfb,fd83137b041dd1962154366302b14c8eef0b64355b33d89725cf3de1ccb8b9e0,claix,single-source,
exports/G1JoystickFlatTerrain_weighted_mle_s302_final,G1JoystickFlatTerrain,weighted_mle,302,0,29,0,103,103,32,0.5,0.00020752238924615085,0.3701062798500061,0.97,0.95,52297728,399,1.0,22.1348876953125,19.26565933227539,False,False,True,4095.9137151110917,/rwthfs/rz/cluster/hpcwork/qzi10910/reppo_runs/outputs/faithful_repair/g1_WML32_s302,actor.npz|critic.npz|meta.json|normalizer.npz,0,19399466,2026-09-02T03:48:03Z,0380ad7fd359a6832efb5fe82141144a207865777e520d69b877153b53c59282,c99c226f77ec5f2ccb94ada614f7c3c1afbdf3300fd2f70efee9906086806d2e,4836a6b9333fe1af9caf9c933987801bdd62989cc9545f12494d643f6fb2ef44,480a6e03403e809a4b24c1a91607cc18f38bdd3bc2cbd584e5acee8ab78bb526,claix,single-source,
exports/G1JoystickFlatTerrain_weighted_mle_s303_final,G1JoystickFlatTerrain,weighted_mle,303,0,29,0,103,103,32,0.5,0.00020752238924615085,0.3980666995048523,0.97,0.95,52297728,399,1.0,14.42068099975586,19.119037628173828,False,False,True,3831.150263217016,/rwthfs/rz/cluster/hpcwork/qzi10910/reppo_runs/outputs/faithful_repair/g1_WML32_s303,actor.npz|critic.npz|meta.json|normalizer.npz,0,19399492,2026-09-02T09:03:01Z,1aeb4622f0807ce8bf5e11502d71194f3edd2291686a856c9f4e7ac79d9cdba7,44392def667f0a966bc1b30d32947dc067060c02e3fecba394e32a4f7e3cfab0,79fe8169a835b07e000fc644c6f1589419484150d75610b81b607fc72270e3d5,a04f256a9cad497944028f3e1d301b640757b4e9d918341790f689054d0b96f1,claix,single-source,
exports/G1JoystickFlatTerrain_weighted_mle_s304_final,G1JoystickFlatTerrain,weighted_mle,304,0,29,0,103,103,32,0.5,0.00020752238924615085,0.32385459542274475,0.97,0.95,52297728,399,1.0,11.965431213378906,20.249004364013672,False,False,True,4086.5087626089808,/rwthfs/rz/cluster/hpcwork/qzi10910/reppo_runs/outputs/faithful_repair/g1_WML32_s304,actor.npz|critic.npz|meta.json|normalizer.npz,0,19399470,2026-09-02T03:47:53Z,e7e8ee25bb1e3bde88d1b3f2054d2a619ab52cd45ef4c87a99ee0cf3e4ee455d,3e0dcbd575fa445d9832f49fea923e6352a8f059ae3925acff67865a61a24fa6,2dda06773a4957e643dacbf88033d5cbdacff7c83fe68196e6bf4621d029dd4a,4c153ff6f44cf2a5b590795736bc5a8234e51cddff8c48f0c318a2afad66a41f,claix,single-source,
exports/G1JoystickFlatTerrain_weighted_mle_s305_final,G1JoystickFlatTerrain,weighted_mle,305,0,29,0,103,103,32,0.5,0.00020752238924615085,0.41106656193733215,0.97,0.95,52297728,399,1.0,16.221261978149414,18.792922973632812,False,False,True,3821.576691316004,/rwthfs/rz/cluster/hpcwork/qzi10910/reppo_runs/outputs/faithful_repair/g1_WML32_s305,actor.npz|critic.npz|meta.json|normalizer.npz,0,19399476,2026-09-02T09:03:17Z,04b594fe9129ed407398276d8a557fc26e84078e924f0f899979f2fdfc992a62,99172c25b5bd557013c39784ec782d9dc74509e590494a9f571619e6a62425b8,ed2d197d1ffb1469718917d507feebf5d19e8a941f5d4cfa522fb8450e354a98,093a287b17de3f1f5921eb366b6032f073f2a839443fb0d25feacf98fc5a3f0e,claix,single-source,
exports/G1JoystickFlatTerrain_weighted_mle_s306_final,G1JoystickFlatTerrain,weighted_mle,306,0,29,0,103,103,32,0.5,0.00020752238924615085,0.34862494468688965,0.97,0.95,52297728,399,1.0,10.492107391357422,19.686962127685547,False,False,True,4085.5002040640684,/rwthfs/rz/cluster/hpcwork/qzi10910/reppo_runs/outputs/faithful_repair/g1_WML32_s306,actor.npz|critic.npz|meta.json|normalizer.npz,0,19399484,2026-09-02T03:47:52Z,2eee39442ecbe5777d68d101d1321c74223a31d83198de1f502b23e189672a1b,55a1541d0edaecd5f972fd8a9c057ca1b25e00f0d9a749a99110630d7369d29d,afe7c44c0b27d3b605a70ac5942834af976ecbd70a3bfe9322a0ea6ece28aa9a,1c260922bd1cd29cd446e749b45a18c67872ceac92980847bfafa92069fcb0f9,claix,single-source,
exports/G1JoystickFlatTerrain_weighted_mle_s307_final,G1JoystickFlatTerrain,weighted_mle,307,0,29,0,103,103,32,0.5,0.00020752238924615085,0.34802737832069397,0.97,0.95,52297728,399,1.0,12.307926177978516,20.057540893554688,False,False,True,3830.6067720939755,/rwthfs/rz/cluster/hpcwork/qzi10910/reppo_runs/outputs/faithful_repair/g1_WML32_s307,actor.npz|critic.npz|meta.json|normalizer.npz,0,19399463,2026-09-02T09:03:26Z,f73c0b37881cde1f1d8c590086c42a9e8ef9774dec9ab95098e56a34520f1335,b1e1c64a75d37e02ed82203d668e6a3b556ede1c1d8947b1bfcfeb1f5bbfbd6f,de84419550eeb5f39717551467ad7092cb1a9df0bd93f6b06f2a68b3ba220866,1ee2f9204fbedfc467dc4a8fb76c6b9809c360fbc843cdb7c0255ea5e0bc26f1,claix,single-source,
exports/G1JoystickFlatTerrain_weighted_mle_s308_final,G1JoystickFlatTerrain,weighted_mle,308,0,29,0,103,103,32,0.5,0.00020752238924615085,0.3789190948009491,0.97,0.95,52297728,399,1.0,14.506757736206055,19.59893226623535,False,False,True,4062.9148155970033,/rwthfs/rz/cluster/hpcwork/qzi10910/reppo_runs/outputs/faithful_repair/g1_WML32_s308,actor.npz|critic.npz|meta.json|normalizer.npz,0,19399474,2026-09-02T03:47:29Z,2d9b9563e7ea0d30289453d945be7b2a724cb44748833e74e5daaa9111b3c294,b1931b425b6472710ecb3c5912e409c3901bad7f32e1bc3b4be0ddd11c9106e7,958cf428ca4a32eb87e21c16f4326e67dcacf5a92d56a550f95aa3c0cc0ba0d8,df4a0b25f2e6850ead2fef248bb7f4d5f89cf013957551fe6ed50151b593b1a1,claix,single-source,
exports/HopperHop_pathwise_fa_s0_final,HopperHop,pathwise,0,0,4,,15,15,32,0.5,0.00035000007483176887,0.000594555342104286,0.99,0.95,52297728,399,1.0,1.9203157424926758,0.0,False,False,True,1445.8531890419836,/home/human/workspaces/reppo_original/outputs/2026-08-29/22-29-35,actor.npz|critic.npz|meta.json|normalizer.npz,0,5690166,2026-08-29T22:53:46Z,2c9acea1607c9768080466f013dadcd66ecb60db665845082bfc1a607478d085,c3f39a4b1db7c6670d0629b0dcd3f41be767825ff70d74a15483c8344e55e8d9,e3cc13268de9d69751b2dfbc667d46c62d170a313474e77f7c225f9e5d84c76c,104690452325d0ab26bb1e1209cb8ad39fe31e39a1516fdb6e9e30d42ce69012,workstation,single-source,
exports/HopperHop_pathwise_fa_s101_final,HopperHop,pathwise,101,0,4,0,15,15,32,0.5,0.00037288450403138995,0.009221709333360195,0.99,0.95,52297728,399,1.0,126.91902160644531,0.0,False,False,True,693.054762676009,/rwthfs/rz/cluster/hpcwork/qzi10910/reppo_runs/outputs/conf/hopper_A_s101,actor.npz|critic.npz|meta.json|normalizer.npz,0,5695115,2026-09-01T11:52:37Z,cc5da4e53bef10c0d43b959d820cf02ef22f06b64b9ecfad1ba50b849649700a,dbf03dc8585767705fac31f699eee846fe1baeaf76e93c5c894fb56e74b671e3,5eecfcf6cb4b614da5581b1c3f12ca519e3b2f0548c3d733c0295203e9e4684d,d5bd04032025719259f3194eea4d32479a3a82cc13f9ea175bdf15daab81e0d4,claix,single-source,
exports/HopperHop_pathwise_fa_s102_final,HopperHop,pathwise,102,0,4,0,15,15,32,0.5,0.00037288450403138995,0.0007764124893583357,0.99,0.95,52297728,399,1.0,1.340828776359558,0.0,False,False,True,691.047269622999,/rwthfs/rz/cluster/hpcwork/qzi10910/reppo_runs/outputs/conf/hopper_A_s102,actor.npz|critic.npz|meta.json|normalizer.npz,0,5695129,2026-09-01T11:54:37Z,f179ed1f244bfb24fc42923de03c216d1411148d7b844fa0481cbe3cb449d5ed,9955fe0f74c387f4cfcefc670d32cbc1700af5d7b4a21e7e50fd6863e194a841,e0157756a85041403e656dcc0a695ff5eac8ed2bc2d923e2a3961c21297a51f9,7e1690b41a63df85974c229573e9103649e698003a0aec0448195c3dce63bbc5,claix,single-source,
exports/HopperHop_pathwise_fa_s103_final,HopperHop,pathwise,103,0,4,0,15,15,32,0.5,0.00037288450403138995,0.009629900567233562,0.99,0.95,52297728,399,1.0,639.6490478515625,0.0,False,False,True,707.7942250510096,/rwthfs/rz/cluster/hpcwork/qzi10910/reppo_runs/outputs/conf/hopper_A_s103,actor.npz|critic.npz|meta.json|normalizer.npz,0,5695087,2026-09-01T12:00:56Z,b87f7cb78aaad046b47c290853734940d37d7b174c9258b63264f62973736ad7,7afcb5b5e7e6675d937e414f300d49c41942363564a552aaaac72966c91bbfc8,903afabd1cf990560e90d1b56ff74b9cdbb68788b1b446cb82fab8995163b841,e346d111b44a2041f8f2ae4fea2683bcc5dd4ed96654d4d767583e5f81bdc03a,claix,single-source,
exports/HopperHop_pathwise_fa_s104_final,HopperHop,pathwise,104,0,4,0,15,15,32,0.5,0.00037288450403138995,0.004263737704604864,0.99,0.95,52297728,399,1.0,1.1000750064849854,0.0,False,False,True,688.8133338290063,/rwthfs/rz/cluster/hpcwork/qzi10910/reppo_runs/outputs/conf/hopper_A_s104,actor.npz|critic.npz|meta.json|normalizer.npz,0,5695137,2026-09-01T12:02:10Z,8f75f0e934504e909bd93f0b24d0c22b91d5974797fb291090c306e0b54ad358,0fc3bdbbcb76ebedba16f5bffd78097db43faab09e71f50dc39fc2bac8a7c4c3,347922e8c3f151bc3b566e0dafc6a9bd6ef3bc6c4dab2872c2ee0a2e2233dd5e,01f8908901b014adc2409c79e6f812d82c90a53c32380ef5ea6ec7308f5fc768,claix,single-source,
exports/HopperHop_pathwise_fa_s105_final,HopperHop,pathwise,105,0,4,0,15,15,32,0.5,0.00037288450403138995,0.01973598636686802,0.99,0.95,52297728,399,1.0,1.2786495685577393,0.0,False,False,True,695.2668136690045,/rwthfs/rz/cluster/hpcwork/qzi10910/reppo_runs/outputs/conf/hopper_A_s105,actor.npz|critic.npz|meta.json|normalizer.npz,0,5695125,2026-09-01T12:04:34Z,7cc9a358ae93c8fd22c25990d65db1d7c0ffd87d85ae93d5c164c75f6ebd9547,f6fcec6cd5fb218173e7f0853a59bccd984856eb5b405cef1d6f573f4c2ec12c,f2dfbb076bf70534a4e711a611204802387707cb02fea2ba52f1e6c4b304107d,587dc3fcf4d3d5184f34d566c081464361767988ca0e9c01d68de6a34ab5b343,claix,single-source,
exports/HopperHop_pathwise_fa_s106_final,HopperHop,pathwise,106,0,4,0,15,15,32,0.5,0.00037288450403138995,0.005262445658445358,0.99,0.95,52297728,399,1.0,218.9886016845703,0.0,False,False,True,704.8192443690059,/rwthfs/rz/cluster/hpcwork/qzi10910/reppo_runs/outputs/conf/hopper_A_s106,actor.npz|critic.npz|meta.json|normalizer.npz,0,5695074,2026-09-01T12:06:43Z,4c9d26cb64c442c8986fdbaf7b2a7c2c8c04bd9a1f48bb79c2c2f2192ef9fb9f,6a987c39ac559a8ac3600e8f155e66a406421dba1b208d0d28db62d9ad59d214,c1835ccaac5009688166d54b23900294fc054f3af554764d701a58be7b30810a,27317e4572faa65d252358b6768ac3c9fd127cff4315f3f12ef3fa22a089925a,claix,single-source,
exports/HopperHop_pathwise_fa_s107_final,HopperHop,pathwise,107,0,4,0,15,15,32,0.5,0.00037288450403138995,0.005428521893918514,0.99,0.95,52297728,399,1.0,107.36611938476562,0.0,False,False,True,693.0231636480021,/rwthfs/rz/cluster/hpcwork/qzi10910/reppo_runs/outputs/conf/hopper_A_s107,actor.npz|critic.npz|meta.json|normalizer.npz,0,5695122,2026-09-01T12:13:52Z,622376c1278ca04d37a4826193ac6119d63398c655d9a6dbd361ad4de20af5ad,b6b0dd00095e6d4e356c6ab4514aa97e7cd73ee45bece4eead04904015a474fd,b8ba33e72cb33d57eeb85e82cc141633184d5990bfd17c8c5e8b2ffa87824415,0c2c416972f791a14bf4f0d52345c0282ff9dd27b1f0a5a1d7522cbb8856366c,claix,single-source,
exports/HopperHop_pathwise_fa_s108_final,HopperHop,pathwise,108,0,4,0,15,15,32,0.5,0.00037288450403138995,0.0011936782393604517,0.99,0.95,52297728,399,1.0,1.2595608234405518,0.0,False,False,True,689.4233870830067,/rwthfs/rz/cluster/hpcwork/qzi10910/reppo_runs/outputs/conf/hopper_A_s108,actor.npz|critic.npz|meta.json|normalizer.npz,0,5695136,2026-09-01T12:15:20Z,d3bccc9c6450bfca69a04994a687a807f3413b1f8e86ed44c40144a67d79a900,c2639235ccaf011945fd2fa5bcc810838f5301504b59217b52b05daf301cabb5,7e0f828979087fadde7a58c86ac4277a5c9aa515c013f1f2bb547662bb282b4f,1586e83749e4826454f674095a2fd4717fcbd4bddc1d0ef95f94d5d31cace935,claix,single-source,
exports/HopperHop_pathwise_fa_s1_final,HopperHop,pathwise,1,0,4,,15,15,32,0.5,0.00035000007483176887,0.006949452683329582,0.99,0.95,52297728,399,1.0,203.65283203125,0.0,False,False,True,1535.5201729589899,/home/human/workspaces/reppo_original/outputs/2026-08-29/23-51-35,actor.npz|critic.npz|meta.json|normalizer.npz,0,5690174,2026-08-30T00:17:16Z,9823505e6c37544b892bd9a0df099a99832b54282d663cce8ec274d288dabea3,6c2aff7931c518980875228aa5a7055eec3a88ed6491dcc01a7828ad7ce9fff2,ac6b819889ca2fffb88b5b7a9c235167684ae46c01a50e2a2a69e0f41e5153ad,7a7189b60d447f3f87e83c3f6900b7b88fed8b056a272c10e1b64ed3692d6e49,workstation,single-source,
exports/HopperHop_pathwise_fa_s2_final,HopperHop,pathwise,2,0,4,,15,15,32,0.5,0.00035000007483176887,0.00042367118294350803,0.99,0.95,52297728,399,1.0,1.2366507053375244,0.0,False,False,True,1463.006750075001,/home/human/workspaces/reppo_original/outputs/2026-08-30/01-15-52,actor.npz|critic.npz|meta.json|normalizer.npz,0,5690172,2026-08-30T01:40:22Z,039a70d860d0e163f8aa4f5b57e8b68c038a6c0acefa8eb7a041f0c1405de886,10f580d3b83e632bba75ef1f11d9cfa6f1fe370098f56d11513eb9a8663869da,d0c608bb574bdd1d8b6c13ebf5ad4f4ed11e910d6d211f975c933aa902144ecd,05bdad08f51d8b6c1b605ee6892aaaefea07f91f227a2a8213b691ac333291e0,workstation,single-source,
exports/HopperHop_pathwise_s0_final,HopperHop,pathwise,0,0,4,,15,15,32,0.5,0.002305193105712533,0.010112801566720009,0.99,0.95,52297728,399,1.0,131.5048065185547,0.0,False,False,True,1574.7101495640236,/home/human/workspaces/reppo_original/outputs/2026-08-29/14-35-29,actor.npz|critic.npz|meta.json|normalizer.npz,0,5690148,2026-08-29T15:01:49Z,f914ae4028c8e2e97503ccc0bb813695dd9292f70125758898cab54bfb7d3bcd,af042ec56ee6bd9abfa6a2a3ec19379f393be65c716d98c9b47826dd61c605c5,d8103e6fc55bc4c74aa3daa15528a5efae29075a38027290ba69bf39ad7a39ba,2fba8d6a49396a37cc54903e75adb15ae1f1f476889e4308ae5cfcc1cd43985e,workstation,single-source,
exports/HopperHop_pathwise_s901_final,HopperHop,pathwise,901,0,4,0,15,15,32,0.5,0.002983679063618183,0.004081644117832184,0.99,0.95,52297728,399,1.0,163.07223510742188,0.0,False,False,True,1579.3737789319712,/home/human/workspaces/reppo_original/outputs/2026-08-31/16-56-01,actor.npz|critic.npz|meta.json|normalizer.npz,0,5690162,2026-08-31T17:22:27Z,8b41f5eaf5ba3bd0f887052d54b15c57ebac36160e58068f33a78c1927ad9980,96b60ed1f614a56774c24c557daf0d13ca098391598a865bef051dcb4238bffa,95545326cdbe78b4ce4c39892841be4996c138ee71163e3a66f74b6192453a43,0817d6f02d176beb814e875c4d74f4cbbc329f038ad039c36f885ec3302f018d,workstation,single-source,
exports/HopperHop_weighted_mle_s0_final,HopperHop,weighted_mle,0,0,4,,15,15,32,0.5,0.00035000007483176887,0.2575695514678955,0.99,0.95,52297728,399,1.0,186.52662658691406,23.3433837890625,False,False,True,3443.91859933699,/home/human/workspaces/reppo_original/outputs/2026-08-29/22-53-55,actor.npz|critic.npz|meta.json|normalizer.npz,0,5692965,2026-08-29T23:51:26Z,bcc54e8f13148689b9731b56b030b744376857fc48d65bd6b9ff005beddf3f58,5f91caf21eee72ebd6a52afe21b65b839b3a48fff97188ea6c9a997d68f17d7d,93504c05f403b23e549acae75002bd4b040a4a7f623c21f671e62de679a6b56b,d11d6dda10138324bb059bca5b144fa23363b5e7d8b8c3459b65009b8633f75a,workstation,single-source,
exports/HopperHop_weighted_mle_s101_final,HopperHop,weighted_mle,101,0,4,0,15,15,32,0.5,0.00037288450403138995,0.41552257537841797,0.99,0.95,52297728,399,1.0,2.477243661880493,19.42098045349121,False,False,True,1137.840560157012,/rwthfs/rz/cluster/hpcwork/qzi10910/reppo_runs/outputs/conf/hopper_B_s101,actor.npz|critic.npz|meta.json|normalizer.npz,0,5697962,2026-09-01T12:01:07Z,ff8d6f6ee84f004965bd112b1d2a6a9acd17c1203a640fe9796820ca9e05977c,20e13fb3bd5202228c418c8f38bbfa166daa534f620581189a8fe20e90f0be09,8ef857fd215c8bda32f33fb847a60062d09ca1f99d4075fd3a78d723a964f16d,d51b95efb2c24de3edb298cb6f7d1cbd3077d480c3339cc06a8382c019e700d4,claix,single-source,
exports/HopperHop_weighted_mle_s102_final,HopperHop,weighted_mle,102,0,4,0,15,15,32,0.5,0.00037288450403138995,0.6111050844192505,0.99,0.95,52297728,399,1.0,0.6393567323684692,17.531280517578125,False,False,True,1135.8033048600046,/rwthfs/rz/cluster/hpcwork/qzi10910/reppo_runs/outputs/conf/hopper_B_s102,actor.npz|critic.npz|meta.json|normalizer.npz,0,5697987,2026-09-01T12:04:10Z,afbb4a49aff17bdd23068f07c8cc53cd50f548781421fbc025285502c56fffd2,782fa03c8dc23382ff08253f82c184d6508768c656822959197f80a9d7e03690,1a3230bbdb9d41ac18c62adb1915549dde69d0e1037c8d0999572d3015349436,f265c747baa7fa03d2f634946cab83b9318e790b2af1326441e40ddb7429d554,claix,single-source,
exports/HopperHop_weighted_mle_s103_final,HopperHop,weighted_mle,103,0,4,0,15,15,32,0.5,0.00037288450403138995,0.4015600383281708,0.99,0.95,52297728,399,1.0,208.39944458007812,22.562271118164062,False,False,True,1136.5018833009963,/rwthfs/rz/cluster/hpcwork/qzi10910/reppo_runs/outputs/conf/hopper_B_s103,actor.npz|critic.npz|meta.json|normalizer.npz,0,5697943,2026-09-01T12:08:01Z,556a35a5d1992fee84be181a7d169a9fee8f69397c33727c760c1b42b03eb8af,a3ab3b709469eec910a0f9bcb2919acb7fbcbb14fc1708c7a971ef05c6366eaa,4082385fb107a6cc37d504f9b41ece2483f6f65b922030ec150992dbb1d69e1a,05a327faf22a47bc21ecbdd8dce40aa0f44cdfd5b421797f895fd83505870406,claix,single-source,
exports/HopperHop_weighted_mle_s104_final,HopperHop,weighted_mle,104,0,4,0,15,15,32,0.5,0.00037288450403138995,0.24157635867595673,0.99,0.95,52297728,399,1.0,110.01028442382812,22.908164978027344,False,False,True,1123.9994310449983,/rwthfs/rz/cluster/hpcwork/qzi10910/reppo_runs/outputs/conf/hopper_B_s104,actor.npz|critic.npz|meta.json|normalizer.npz,0,5697953,2026-09-01T12:09:43Z,fae6c8d38f512ef28944af2776c2393efff16b818886b578aaef5d8d099d4903,44cf12d2ee2a6bfd13648a1a9a8fb0be9da116e28d40f6ff49bb074ba913cb7c,504ccbd052094ffc605feb1810496c869c894f8931d2e4b11f8dd9e1ec1a5a07,1b216cc7577547dc01607de2ac566990925eb3de15acb1fb668250cac1eebea3,claix,single-source,
exports/HopperHop_weighted_mle_s105_final,HopperHop,weighted_mle,105,0,4,0,15,15,32,0.5,0.00037288450403138995,0.49911603331565857,0.99,0.95,52297728,399,1.0,165.3518524169922,21.458560943603516,False,False,True,1119.400815099012,/rwthfs/rz/cluster/hpcwork/qzi10910/reppo_runs/outputs/conf/hopper_B_s105,actor.npz|critic.npz|meta.json|normalizer.npz,0,5697971,2026-09-01T12:12:15Z,3da26f7a2ec4d2a3da7f7bab26b07415831c83c2653cbb0321e8341a8d5b42e5,6de45e8af27f1b83b85367cf7532a0263376c5255ffd5f852cf258819c6f9c34,70905e74ea4bea723af9bb46bb098b1d683280f779d1751d83e59a9a25ee835b,a246cd42da341c2bc615371b4363edf2c066a94c8b3880fc59901f3f89545715,claix,single-source,
exports/HopperHop_weighted_mle_s106_final,HopperHop,weighted_mle,106,0,4,0,15,15,32,0.5,0.00037288450403138995,0.37546175718307495,0.99,0.95,52297728,399,1.0,227.1861572265625,22.339378356933594,False,False,True,1124.8331475790037,/rwthfs/rz/cluster/hpcwork/qzi10910/reppo_runs/outputs/conf/hopper_B_s106,actor.npz|critic.npz|meta.json|normalizer.npz,0,5697977,2026-09-01T12:13:47Z,0eaf1f55aa743f97c2860116e64cbf7bd62e253a9a74a0c4dcd69f1d13fc82f1,19ce522126a5b0133240b718615297cd26f335e91d22d4903d6dc2a67fdd86b8,4bce7b0ecc8cf6c604ff46fe60ce968e502239c44e45d7310dda46bd9e4633e1,9e2de9105bb3d0f8c465a90474804002a3fdfc1998ae769975456ae9a37c41a5,claix,single-source,
exports/HopperHop_weighted_mle_s107_final,HopperHop,weighted_mle,107,0,4,0,15,15,32,0.5,0.00037288450403138995,0.3535274267196655,0.99,0.95,52297728,399,1.0,0.966966986656189,19.305587768554688,False,False,True,1124.5461513859918,/rwthfs/rz/cluster/hpcwork/qzi10910/reppo_runs/outputs/conf/hopper_B_s107,actor.npz|critic.npz|meta.json|normalizer.npz,0,5697962,2026-09-01T12:21:47Z,8156008de01e0f824fe63f3a06d03bec4389e7e059c7abed7a61e8537c9ebf5e,13a470b90b28258abce17a47e10ef18d39435c2eebce038c4130c905ac13dd08,b1e9370646562fed398f9ae1f9056f47cbcd08861737744fc03425435ea7c82c,a3ef4e5731366240859e0007b744db553d7956ad17b791a50cf12f6da28d1938,claix,single-source,
exports/HopperHop_weighted_mle_s108_final,HopperHop,weighted_mle,108,0,4,0,15,15,32,0.5,0.00037288450403138995,0.5368783473968506,0.99,0.95,52297728,399,1.0,1.00851309299469,17.76850128173828,False,False,True,1132.0441705319972,/rwthfs/rz/cluster/hpcwork/qzi10910/reppo_runs/outputs/conf/hopper_B_s108,actor.npz|critic.npz|meta.json|normalizer.npz,0,5697927,2026-09-01T12:22:43Z,dc549931897b034de2b44ea95e4c40f0c57465d6594139db5379a63939ce1001,383451c89a43e3d2105338876d1157dbaa6100aade2dc9018d47077aec89f9ad,3fca05b8a76197bef5097cef54fcb34fab012a6149b17413c440598fc5fcb687,778dffaf5a53f83e46e04e890941c1fb4e70a4cb23a6739dadfb797f7485eb09,claix,single-source,
exports/HopperHop_weighted_mle_s1_final,HopperHop,weighted_mle,1,0,4,,15,15,32,0.5,0.00035000007483176887,0.2684311866760254,0.99,0.95,52297728,399,1.0,175.43727111816406,23.102447509765625,False,False,True,3490.9752979009936,/home/human/workspaces/reppo_original/outputs/2026-08-30/00-17-26,actor.npz|critic.npz|meta.json|normalizer.npz,0,5692987,2026-08-30T01:15:43Z,f736e0a7151dba1570ad0bb670a4cb7c161022f7521a405ba398caec8e1a4775,503a327d7f392749857024296db6b04592cb9e30374a9fe828721ce7e1048bc6,4e1cb0ea759fe2069bdf4c00b18101f318fa39445daa132d3dc2f9ab11841eb9,3591a63029044e8ac34551898a62fb34d5b3753a3e54ff9ab9e25af66c99fc46,workstation,single-source,
exports/HopperHop_weighted_mle_s234_final,HopperHop,weighted_mle,234,0,4,0,15,15,32,0.5,0.00037288450403138995,0.0009246604167856276,0.99,0.95,2621440,20,1.0,1.0039265155792236,30.016159057617188,False,False,True,213.57087941101054,/rwthfs/rz/cluster/hpcwork/qzi10910/reppo_runs/outputs/smoke/hopper_B_s234,actor.npz|critic.npz|meta.json|normalizer.npz,0,5697391,2026-09-01T09:25:33Z,2d7e539fb0d341efadb1c312bcdef4ad6d25d75aa213a7e0afd844e6cf37dbe5,7613c9b637638050f15d4332c61d9721722ab788d710593e53306dbf4dbfaf20,914bd06521b23d3d9954314b68de5db4101488b18f4d665035fcbe3a4b803797,feaf33985db838f4be305dab2f6045b3a6cfee210bfba6bf96c603c0e7f25fe0,claix,single-source,
exports/HopperHop_weighted_mle_s2_final,HopperHop,weighted_mle,2,0,4,,15,15,32,0.5,0.00035000007483176887,0.3577364385128021,0.99,0.95,52297728,399,1.0,0.9481192231178284,18.695964813232422,False,False,True,3453.661652116978,/home/human/workspaces/reppo_original/outputs/2026-08-30/01-40-31,actor.npz|critic.npz|meta.json|normalizer.npz,0,5692996,2026-08-30T02:38:11Z,1b311969aa8d9b41ec8ac5fba3082cf7c4f017dbf8a8ae01a0b85dc322ba75fd,e4596e571b6b7916c4dd1f1f05f23b5768256a28db2da185b447d8775d84fd12,6726ccadca45b45836d13a11fbedb41eaa7ea736d3e87addff52d8ccfaa2c935,d5066fcc4a238abee4a583948376efb0851353a37cde2f0267bc47bfac324d11,workstation,single-source,
exports/HumanoidRun_pathwise_fa_s1_final,HumanoidRun,pathwise,1,0,21,,67,67,32,0.5,0.0032899994403123856,0.03737204521894455,0.99,0.95,52297728,399,1.0,652.498291015625,0.0,False,False,True,2282.435626651997,/home/human/workspaces/reppo_original/outputs/2026-08-28/02-58-04,actor.npz|critic.npz|meta.json|normalizer.npz,0,6009026,2026-08-28T03:36:16Z,4190c2c6743d53e926dee5fe2ff81aa8dd499cc6a43b39655903b56178699dc8,229df9380c5092689a1ad370229b308a48be6c2b6b13eee4685eedf0f2dc8a11,d4141c5389685949f9f5af9376def9b61de045d41c1fe981b7c543df63869e4c,2e24e67f934e5f3c2bfdcb05b6a0575f5b6d87d3ea2356e4a95ef313a7957840,workstation,single-source,
exports/HumanoidRun_pathwise_fa_s2_final,HumanoidRun,pathwise,2,0,21,,67,67,32,0.5,0.0032899994403123856,0.07760699093341827,0.99,0.95,52297728,399,1.0,725.7431640625,0.0,False,False,True,2330.2099707439993,/home/human/workspaces/reppo_original/outputs/2026-08-28/03-36-24,actor.npz|critic.npz|meta.json|normalizer.npz,0,6009022,2026-08-28T04:15:22Z,83c8cb87f54707e65744efb9d088b14399cd7bfed4a49f9d67b08daaa11df8af,2ab4383b55351a95c072f87ba289b2ae57c4e2ce43d4ab0d1a4672faeec11cbb,64ee476e653831ee8e9f7d1871a97174b50b7f83c9cf3230d4875246bf3382ef,06a9abb0f9144cf0efdc332fd871abf590a44dd39e34da4a7ea0ec0ae3e698b4,workstation,single-source,
exports/HumanoidRun_pathwise_fa_s3_final,HumanoidRun,pathwise,3,0,21,,67,67,32,0.5,0.0032899994403123856,0.05099868029356003,0.99,0.95,52297728,399,1.0,762.1729736328125,0.0,False,False,True,2349.8012445539935,/home/human/workspaces/reppo_original/outputs/2026-08-28/08-27-54,actor.npz|critic.npz|meta.json|normalizer.npz,0,6009023,2026-08-28T09:07:12Z,9d78a664d4f4f2ee1b866ac970fd99ef7b0f7dead549d8fc2062ca82d62790b1,870364c1ee93f14026ec9a5036c88d63a79faae5f2a5374ba4ec118a750d535d,bf31c26b6343d564185692b32bc303922e2c433aeff64ffbe2bfc0b6ee3a49f1,e360d577d5a2f550e9319723dc935b5d10156c0e346d80bbd2e6054aa41d9035,workstation,single-source,
exports/HumanoidRun_pathwise_fa_s4_final,HumanoidRun,pathwise,4,0,21,,67,67,32,0.5,0.0032899994403123856,0.05038890987634659,0.99,0.95,52297728,399,1.0,747.5343017578125,0.0,False,False,True,2378.496284604,/home/human/workspaces/reppo_original/outputs/2026-08-28/09-07-21,actor.npz|critic.npz|meta.json|normalizer.npz,0,6009022,2026-08-28T09:47:09Z,25a5a8c4de4fa1ce2212a7d41d72b2a6bad714dce8480e8c425b68302407de91,d94f5531ca03a969c6881c5867e1164407d1311040109e2ddcfbb13b296dddc6,ff2ff03fa25f351149cc65281ab837c8b0b5f279d342ae1e82cecd244d7e9f6e,1e8f6a520ce315c72ef0a326793894722841f3e416dd70bfbae6c5b4fff6f446,workstation,single-source,
exports/HumanoidRun_pathwise_fa_s5_final,HumanoidRun,pathwise,5,0,21,,67,67,32,0.5,0.0032899994403123856,0.04881567135453224,0.99,0.95,52297728,399,1.0,774.4738159179688,0.0,False,False,True,2380.0364288479905,/home/human/workspaces/reppo_original/outputs/2026-08-28/09-47-20,actor.npz|critic.npz|meta.json|normalizer.npz,0,6009027,2026-08-28T10:27:10Z,bfbf175ad88c1125e34800999a736548fdc239548f64ef00b48105dea7797e7c,b09eb15362fd501ea3c39102d715a135919cf0a472fe75a27edcc92f1f785489,1dbdc77963097248de14424d3842782c6ce90c5193b7877a0afd1be4c7fdb777,1eb0d90be03e27756a6d5a56e70511b00d39bc59cefadb08571ceb47a2db4948,workstation,single-source,
exports/HumanoidRun_pathwise_fa_s6_final,HumanoidRun,pathwise,6,0,21,,67,67,32,0.5,0.0032899994403123856,0.09181547164916992,0.99,0.95,52297728,399,1.0,793.3118896484375,0.0,False,False,True,2397.189361993005,/home/human/workspaces/reppo_original/outputs/2026-08-28/10-27-20,actor.npz|critic.npz|meta.json|normalizer.npz,0,6009040,2026-08-28T11:07:27Z,ea78c30247d5b830856455d189a253aae78bbce1773c2cf7f98ee37278037c5d,4120b3d05537c35477c69e456b5b669b2fd9b0bb9a90cdbf0abd466587dd72d6,1f0175769141b48db8f654e9b0ad766e86c3102fa084c2f8cd6cb2dc392b37b4,5857cea668dd2450228ec01ac317fef206bd6afdc734c8453455f81478e01b69,workstation,single-source,
exports/HumanoidRun_pathwise_fa_s7_final,HumanoidRun,pathwise,7,0,21,,67,67,32,0.5,0.0032899994403123856,0.04045277088880539,0.99,0.95,52297728,399,1.0,763.392578125,0.0,False,False,True,1522.811466714993,/home/human/workspaces/reppo_original/outputs/2026-08-28/08-27-54,actor.npz|critic.npz|meta.json|normalizer.npz,0,6009030,2026-08-28T08:53:25Z,93c2111e1c03140daec766373e7e5a52b659287bb1d8cf4652887253b02b74b4,0977c45ddb47ae845c21d701fc74d30a955f108fde3e94d5a609d81b7a86b779,baea5e52b1549429037007e1bc6cbc669c185129950581a1b2988784261d2946,b6cc27856979e8fa31ac2989839688401930c465175c09cf9cd091b7684e4f49,workstation,single-source,
exports/HumanoidRun_pathwise_fa_s8_final,HumanoidRun,pathwise,8,0,21,,67,67,32,0.5,0.0032899994403123856,0.04784087836742401,0.99,0.95,52297728,399,1.0,740.7667846679688,0.0,False,False,True,1526.4199640440056,/home/human/workspaces/reppo_original/outputs/2026-08-28/08-53-35,actor.npz|critic.npz|meta.json|normalizer.npz,0,6009013,2026-08-28T09:19:11Z,6314bf1a0ec7ce743f8acb782607022d7b63df04c374364f966a9f54aeb4a34c,237a2be96f620e5f6fca5ca281f441179e5346ee975cf04f79d5394b68d58920,c82b2adb631303a8355ed6a785c5c9956dd0dfee20faaa7b8ef2788f45424cc3,b633d18f897a0c9a4f54954e81693a15442d23e62c884a374337cf945cfbf1af,workstation,single-source,
exports/HumanoidRun_pathwise_fa_s9_final,HumanoidRun,pathwise,9,0,21,,67,67,32,0.5,0.0032899994403123856,0.04659684747457504,0.99,0.95,52297728,399,1.0,687.6336669921875,0.0,False,False,True,1531.0707866500015,/home/human/workspaces/reppo_original/outputs/2026-08-28/09-19-21,actor.npz|critic.npz|meta.json|normalizer.npz,0,6009032,2026-08-28T09:45:01Z,bcb558ff350d7a34e3e13976f8cb6fff6fc8293c7889545d31ebd7de9cff267c,d676ea0b0b3742e99d0b2246de29d89f1082cf2f43080e2dc5c54925a2042f29,4e61ea1c1bda94454e3f68033b07280cfd097b44bd917b35629e23766da5aa54,13d9596b570aac5cf01e1f39c5133a6af4b086270eb8dea54489c612ab0a4b16,workstation,single-source,
exports/HumanoidRun_pathwise_s0_final,HumanoidRun,pathwise,0,0,21,,67,67,32,0.5,0.003880065632984042,0.07497434318065643,0.99,0.95,52297728,399,1.0,772.1202392578125,0.0,False,False,True,1590.1735413739952,/home/human/workspaces/reppo_original/outputs/2026-08-27/21-42-07,actor.npz|critic.npz|meta.json|normalizer.npz,0,6008990,2026-08-27T22:08:46Z,3a8da45cdcb7df1729d1c93212945485481302650291b63ab0c85bf23d5fb479,e98ea6f0a04b6b76d17e4c186805b31464a8b05b2129372f213ba9c54b8fe382,c923778ac57d9583dd2a7c148fdf11c658fb2b53f94dbf37a24256541342687c,7c39f59035267e7ac8cfd7831c864f492053b56af10562b4f07725d6e0b382ae,workstation,single-source,
exports/HumanoidRun_pathwise_s1_final,HumanoidRun,pathwise,1,0,21,,67,67,32,0.5,0.0032828471157699823,0.03953936696052551,0.99,0.95,52297728,399,1.0,629.2937622070312,0.0,False,False,True,3007.876830428999,/home/human/workspaces/reppo_original/outputs/2026-08-28/00-33-44,actor.npz|critic.npz|meta.json|normalizer.npz,0,6009028,2026-08-28T01:24:00Z,b64a93bdb577a27243f6d96a5815bbe98a4115750c3e4f5753f4c0785b44a12d,db0be30140b71069258da52daf86a80263e9fdfbfb2201efb84ade82f894e526,96266c8cbeced31bd0483af47c76a18782e1ade8dfcbf750ad9583faabd17556,a4c08dcce4802597a025162d275ea18f524208a191d51e2d2068bde40d1b69e1,workstation,single-source,
exports/HumanoidRun_pathwise_s2_final,HumanoidRun,pathwise,2,0,21,,67,67,32,0.5,0.004033183213323355,0.04595017805695534,0.99,0.95,52297728,399,1.0,721.9410400390625,0.0,False,False,True,1632.6992231890035,/home/human/workspaces/reppo_original/outputs/2026-08-27/22-08-55,actor.npz|critic.npz|meta.json|normalizer.npz,0,6008978,2026-08-27T22:36:17Z,fe9baa535f11fa70426ff799a2ddfbed990a921ec35bafb034109f66a6a3ccb8,e61879ba8f0cccbd7d63001368c640e03bce88a9eb38638a659b6244af4cf178,5ab641a105f95208b8ae1c6c492dc7673626970a30dbb914918fdc82aa794315,99b15eedec4a5f3aa8d5b909672fd60431f00d6998653bdf2c7946b849f98007,workstation,single-source,
exports/HumanoidRun_pathwise_s3_final,HumanoidRun,pathwise,3,0,21,,67,67,32,0.5,0.0037837859708815813,0.03500087559223175,0.99,0.95,52297728,399,1.0,554.3434448242188,0.0,False,False,True,1590.755485435002,/home/human/workspaces/reppo_original/outputs/2026-08-28/09-45-11,actor.npz|critic.npz|meta.json|normalizer.npz,0,6009023,2026-08-28T10:11:51Z,e13e15b6d95fdc9de8ab8b911146115442a1346ac6460059743e5d79456b917f,dda873d6509ab3178401a022a6a85e0c6e93abb00da52bf8ef4cb10c26d2fa7f,b616455dfd18bca4baf84f16c9306cef429ae7d40032946d3ad19455dc61a421,f744309b371b7213756c797c1a9f90ab7f1345ee41e45aaf32bbcfd1b7248e6d,workstation,single-source,
exports/HumanoidRun_pathwise_s4_final,HumanoidRun,pathwise,4,0,21,,67,67,32,0.5,0.0049455175176262856,0.07447409629821777,0.99,0.95,52297728,399,1.0,872.0488891601562,0.0,False,False,True,2356.830705225002,/home/human/workspaces/reppo_original/outputs/2026-08-28/04-55-38,actor.npz|critic.npz|meta.json|normalizer.npz,0,6009010,2026-08-28T05:35:03Z,f76a72cddc7359feaf7d591d15bc80197999d938fcfb9167a8d4e055a088f15a,5f10f797da2ffd20e24bc0e05a7efd51d52f6753ef10e3c9d60a1a91fae85b9e,0621386ae69313a23edbb13c3c6a544e73a43719d48831ef6c84be5fbf30808d,8f375b48efc46cf15232b41581b53d05279814f7cd03b10bf6b9e980562eaed4,workstation,single-source,
exports/HumanoidRun_pathwise_s5_final,HumanoidRun,pathwise,5,0,21,,67,67,32,0.5,0.006695171818137169,0.06354454159736633,0.99,0.95,52297728,399,1.0,543.1051025390625,0.0,False,False,True,1597.594465563001,/home/human/workspaces/reppo_original/outputs/2026-08-28/10-37-59,actor.npz|critic.npz|meta.json|normalizer.npz,0,6009021,2026-08-28T11:04:47Z,889d90fa4983940df3fc65063dd415f54c69f84bc8a5151950090f29af2cfec5,e6cb189180cefade9ee1f0939e0d2144ba89391444f9ac5296aac874b56e8c7e,1d18e10bc7031cf3378b6ec022e7a131d8ebcec271a031b0e2b99da3950ec6f0,0ea52da0255bdc9427cea148fedabe53da2ec05f145b0aae60896038effa5f4a,workstation,single-source,
exports/HumanoidRun_pathwise_s6_final,HumanoidRun,pathwise,6,0,21,,67,67,32,0.5,0.0027079214341938496,0.06361527740955353,0.99,0.95,52297728,399,1.0,699.3558349609375,0.0,False,False,True,2394.1656876169873,/home/human/workspaces/reppo_original/outputs/2026-08-28/06-15-01,actor.npz|critic.npz|meta.json|normalizer.npz,0,6009034,2026-08-28T06:55:03Z,dd1b0fa66c18e6bc5cb7e172d2dae5f9d6b69537a88983e7878c27b63e35e1e7,98e72843fa5882408b8daaad2e65e05b1ecd5435bd3a718dfa09623c73be0c5a,7764e9c7300ebb80cd7df2a642b1fb7dd101d7f48a13b5344cb38af1edb538c2,5a4c964d2b0cc5eef4b82ffb65b2463908943081890b548d2f6fc30365fe5f55,workstation,single-source,
exports/HumanoidRun_pathwise_s8_final,HumanoidRun,pathwise,8,0,21,,67,67,32,0.5,0.0024550356902182102,0.03787440434098244,0.99,0.95,52297728,399,1.0,624.0293579101562,0.0,False,False,True,1594.1768285910002,/home/human/workspaces/reppo_original/outputs/2026-08-28/03-24-07,actor.npz|critic.npz|meta.json|normalizer.npz,0,6009032,2026-08-28T03:50:49Z,561174e5fd3580a077e201626ba0780629040fe65715574090fadbd825f7b3ff,68ab7a493d7a9cfde2ff5e41032110f675ad714bc095a0a5ea827537787600f2,c794532d3a27cce5037b060d32a632aef22a5d4e10ee3be863fc5e07a352e837,ec4608ab085479b2c7ddf61eaeca236b5bc14bbc62ceeac661f45be637d26f12,workstation,single-source,
exports/HumanoidRun_pathwise_s9_final,HumanoidRun,pathwise,9,0,21,,67,67,32,0.5,0.004885129630565643,0.05503671243786812,0.99,0.95,52297728,399,1.0,730.5096435546875,0.0,False,False,True,1306.8974526340025,/home/human/workspaces/reppo_original/outputs/2026-08-28/03-50-59,actor.npz|critic.npz|meta.json|normalizer.npz,0,6009022,2026-08-28T04:12:53Z,5ebdc0f9d31f609b41a738c2370bdc88811ac154e518931efeb58949db0ac68e,e204e9d74991d78997b52e7a437817059bd648e474239baceaf085a49cd7da43,6df4a55e5b35458ed82421c0520403ccb696cd6e9cf1f643bc19cc48683c7af3,7a3ed80138aed7db7c1d173c79716a4f8b85a54862c76556f1622b358f87705f,workstation,single-source,
exports/HumanoidRun_weighted_mle_dec_bs0.9_s0_final,HumanoidRun,weighted_mle,0,0,21,,67,67,32,0.5,0.0032899994403123856,0.009999999776482582,0.99,0.95,52297728,399,1.0,588.3538208007812,20.642467498779297,False,False,True,2314.770867223997,/home/human/workspaces/reppo_original/outputs/2026-08-28/18-10-45,actor.npz|critic.npz|meta.json|normalizer.npz,0,6013773,2026-08-28T18:49:28Z,b1da6888dfdf7a22e0a538d848c00334d211b39a3546b0a1f1cbbc60f79513d1,b5a1ec815c44eeaa48d1e34bb34cc724c0bb9ca8d52f91ce7daf970606fbb533,d646545edb9a6d0c7a97a5737954b1cf27d11b0865e68217897294ea7ebd09d2,2d9086a7cad8f05b430a5c794486d46de21db8fff14187f3e3688feb18703548,workstation,single-source,
exports/HumanoidRun_weighted_mle_dec_es0.0005_s0_final,HumanoidRun,weighted_mle,0,0,21,,67,67,32,0.5,0.0032899994403123856,0.009999999776482582,0.99,0.95,52297728,399,1.0,662.67431640625,18.141815185546875,False,False,True,2321.2544543229887,/home/human/workspaces/reppo_original/outputs/2026-08-28/16-25-58,actor.npz|critic.npz|meta.json|normalizer.npz,0,6013843,2026-08-28T17:04:47Z,811672b2642621fc7a2f6ff6486e601da82fb783ef1eef6d8754e953c340e500,08ced9bc3b038f4c3e238a3e93fd754ef963954f9310dc358708ab9be69dcf40,22935d11f5c0c3b09936fc907130cad290f3117cf1fd8771456958f423d3bba8,9449a6e15c5873f48c5f02db820cc1bd35bd7bfcc2b2d405585c6eced21476c2,workstation,single-source,
exports/HumanoidRun_weighted_mle_dec_es0.005_s0_final,HumanoidRun,weighted_mle,0,0,21,,67,67,32,0.5,0.0032899994403123856,0.009999999776482582,0.99,0.95,52297728,399,1.0,655.1192016601562,21.642601013183594,False,False,True,2328.155334285999,/home/human/workspaces/reppo_original/outputs/2026-08-28/20-39-02,actor.npz|critic.npz|meta.json|normalizer.npz,0,6013799,2026-08-28T21:17:58Z,2fb92fe92833048ab71e7f8749ab9cb1dac800ce5f8c8e66b4ad52acc4f1069f,a54d81fda0b815398b6f9179a5c4f6e639d53dbbe62d23208a9c4c86be12b6f0,038ea6852e63585e2de9f4589c1303f78c089393f0cedd209394f108d4ac88fd,74333e574945e04426ab21f5f7a25be76dbd467c26ada92290d3621470ee773e,workstation,single-source,
exports/HumanoidRun_weighted_mle_dec_es0.005_s1_final,HumanoidRun,weighted_mle,1,0,21,,67,67,32,0.5,0.0032899994403123856,0.009999999776482582,0.99,0.95,52297728,399,1.0,646.2520141601562,19.47547721862793,False,False,True,2373.979006348003,/home/human/workspaces/reppo_original/outputs/2026-08-28/21-18-05,actor.npz|critic.npz|meta.json|normalizer.npz,0,6013776,2026-08-28T21:57:46Z,f182fc256f29335a4aea86af3c3f4978211d006ea7ef3c873eb5f101db3e48f0,e752c274f1c516af1b0b30714a8623d74c2d466fe93c6e1b29cba9d6a4575678,1b9c571722ecac078bffb7f9ee2c4e65ff81f525668df4d1f68b3c6c0ea2a0b9,d56e1ffde962dea5bfaf62d8efe440764906b5ebd7714e9e19404f5df926bde8,workstation,single-source,
exports/HumanoidRun_weighted_mle_dec_es0.005_s2_final,HumanoidRun,weighted_mle,2,0,21,,67,67,32,0.5,0.0032899994403123856,0.009999999776482582,0.99,0.95,52297728,399,1.0,680.1597900390625,20.006559371948242,False,False,True,2514.961037902991,/home/human/workspaces/reppo_original/outputs/2026-08-28/21-57-55,actor.npz|critic.npz|meta.json|normalizer.npz,0,6013753,2026-08-28T22:39:57Z,ccf3edebf6c1da4a8a8f40532af5bcd459f31d3e6e30dd8f109b813b9f0c50ae,63424cc5a604573478a613bc632e4728079fddc8e2295e37064c62d4de9e926a,28e57485a6c5f403ae6479823102640a8fb47d626454aee4d5da9bb292cba911,ace83198646ae263491729291867f00b5ae5f7e1af2c629c91acc07698c786b9,workstation,single-source,
exports/HumanoidRun_weighted_mle_dec_s0_final,HumanoidRun,weighted_mle,0,0,21,,67,67,32,0.5,0.0032899994403123856,0.009999999776482582,0.99,0.95,52297728,399,1.0,697.8187255859375,17.98301124572754,False,False,True,3491.277248614002,/home/human/workspaces/reppo_original/outputs/2026-08-28/00-35-45,actor.npz|critic.npz|meta.json|normalizer.npz,0,6013809,2026-08-28T01:34:05Z,118cde5afaef32468914515d1903ccad591031a4410339311c45f6d1e8b729f6,0801e13a53b51991d8f37ec5b43f1e18d6eb1db87271773a3a6747721c7ddcda,326981e54d1d4c9c5e1b0c03eb03d447265399a521755cf491f411970f17b092,ac9ca0c0d9a443c7694b9e65bcb8bc8389048f971069aef3342649aaa00e7146,workstation,single-source,
exports/HumanoidRun_weighted_mle_dec_s1_final,HumanoidRun,weighted_mle,1,0,21,,67,67,32,0.5,0.0032899994403123856,0.009999999776482582,0.99,0.95,52297728,399,1.0,797.9760131835938,17.951114654541016,False,False,True,2485.807540566995,/home/human/workspaces/reppo_original/outputs/2026-08-28/01-34-14,actor.npz|critic.npz|meta.json|normalizer.npz,0,6013809,2026-08-28T02:15:49Z,f382171221c9ff6a445f52c92f33efa4cedc8c141697a43278807521f912bfce,b409d506c069595a4560afaa01e20c662bca2ab28a2528b27affcc80cc07f8a9,4948d35085e9201194ee329d1c88dd7ae20cbf3cd86d1a992034e0cc3969e82b,3c1acaa3735d1e89091e3cc89ac6dc5a78f7f898b9e0a430fb2d821beb115783,workstation,single-source,
exports/HumanoidRun_weighted_mle_dec_s2_final,HumanoidRun,weighted_mle,2,0,21,,67,67,32,0.5,0.0032899994403123856,0.009999999776482582,0.99,0.95,52297728,399,1.0,720.1356201171875,18.69698143005371,False,False,True,2489.965885646998,/home/human/workspaces/reppo_original/outputs/2026-08-28/02-15-59,actor.npz|critic.npz|meta.json|normalizer.npz,0,6013831,2026-08-28T02:57:38Z,b2d3baccaf69fd0256aedc2ad6dd6d1729c3502368e5024563ce9aebfe9ca937,03e152797a7f128a2c5f4020e2f0243c6d77dcca2fb602807c7c0aec723def39,ae0f359b1970de2ee9cb2a88d52d9ee93383b1fb43438f725691c783ed5bc418,cea6d6d61bccd293a56a896f20c1725b44abadd729596e7b1f384b107d4b1bec,workstation,single-source,
exports/HumanoidRun_weighted_mle_dec_s3_final,HumanoidRun,weighted_mle,3,0,21,,67,67,32,0.5,0.0032899994403123856,0.009999999776482582,0.99,0.95,52297728,399,1.0,664.589111328125,19.131649017333984,False,False,True,2547.0642248410004,/home/human/workspaces/reppo_original/outputs/2026-08-28/11-04-56,actor.npz|critic.npz|meta.json|normalizer.npz,0,6013805,2026-08-28T11:47:33Z,707b39b68270f907cf84f69da5abcfd1c2694121a5a829576733f9dc770e04bd,34177ddd9a3ca35f37f57f082c1fe9656984a49add928bd8a95f5a3f22ab120f,a5c64a603b5c09f12c9489bc1f1c6efca63f97c2b6368d926c895919064e3777,0626b12f6e582069b14d22da1f718f355e5fd5d79704629b05e88001713e0a83,workstation,single-source,
exports/HumanoidRun_weighted_mle_dec_s6_final,HumanoidRun,weighted_mle,6,0,21,,67,67,32,0.5,0.0032899994403123856,0.009999999776482582,0.99,0.95,52297728,399,1.0,642.1417846679688,18.897722244262695,False,False,True,2481.5572330720024,/home/human/workspaces/reppo_original/outputs/2026-08-28/13-09-13,actor.npz|critic.npz|meta.json|normalizer.npz,0,6013838,2026-08-28T13:50:43Z,05e2e7e0884f0869fb0d3f7dbcfe095fc18a6a00ad0eaa031af4c35ab6206136,78e832163c9f43704b713c0163044f0a3fcc4a422f6fcf20175342a51590c166,7e2e879968ec764d5fcd3107e21249936cdffdfd1870c34843aace1435d7587e,b3ece0d0d1422be6dbb6d5c6b0f3ea9e79d0bd849440ba85f9f6ed63bb2f8750,workstation,single-source,
exports/HumanoidRun_weighted_mle_dec_s7_final,HumanoidRun,weighted_mle,7,0,21,,67,67,32,0.5,0.0032899994403123856,0.009999999776482582,0.99,0.95,52297728,399,1.0,673.5595092773438,17.549846649169922,False,False,True,2458.434544439995,/home/human/workspaces/reppo_original/outputs/2026-08-28/13-50-54,actor.npz|critic.npz|meta.json|normalizer.npz,0,6013824,2026-08-28T14:32:02Z,6dbafa1ca592c91f9b70a41a14230165755638b030241ca15e0ca26ed537592b,be967851f35ec926d0b43ac3146b24766a783c8e9d011a768c20aa696bf5abad,952f513359125814578658ca1574de8c049e189b5419d8e64b2ff12008d03449,51e506ca4ba10ccf7b81d78f6f6b3b6f719f78f622b2da2851765b4c9bb219bc,workstation,single-source,
exports/HumanoidRun_weighted_mle_dec_s8_final,HumanoidRun,weighted_mle,8,0,21,,67,67,32,0.5,0.0032899994403123856,0.009999999776482582,0.99,0.95,52297728,399,1.0,685.633544921875,18.705276489257812,False,False,True,2475.3310568440065,/home/human/workspaces/reppo_original/outputs/2026-08-28/14-32-11,actor.npz|critic.npz|meta.json|normalizer.npz,0,6013835,2026-08-28T15:13:37Z,320d85be0c18a0287f2223673802a4796cca3db3d1fe5cd31840913308955651,75e80d5ac563bbefa0b6416f12a251e0e121c245d2ee73c4fd0c27bc44ab5ab6,88a754216fd5a09aad51f9182611d519c75cb4d05d761f8ce9b2e772116f7d41,a17ccc584f3cdc464a56227e4bf106096cf59e6ee5a5084902088bfe959bd20a,workstation,single-source,
exports/HumanoidRun_weighted_mle_s0_final,HumanoidRun,weighted_mle,0,0,21,,67,67,32,0.5,0.0032899994403123856,0.7137933373451233,0.99,0.95,52297728,399,1.0,644.7847900390625,19.017436981201172,False,False,True,4465.166550684,/home/human/workspaces/reppo_original/outputs/2026-08-27/23-51-55,actor.npz|critic.npz|meta.json|normalizer.npz,0,6011835,2026-08-28T01:06:29Z,d892edb6bc593631b6ff18eeba7581d113b5a8d2cd01d66f4fd1a05a9069051e,937e2afd59e8777cab2cad86247ca30695273472fc77cbfb04e53232305dc49e,c5e691aca377cd847d1d34b7874ca2c49b7530f585cb3380b76e1c60718a3a0a,30fb0ef38a601f15027ab3b9a75bcbd40738e35066cf34ec75c1e6f969b8030d,workstation,single-source,
exports/HumanoidRun_weighted_mle_s10_final,HumanoidRun,weighted_mle,10,0,21,,67,67,32,0.5,0.0032899994403123856,0.7880061268806458,0.99,0.95,52297728,399,1.0,718.0977783203125,18.68303680419922,False,False,True,4448.739128511006,/home/human/workspaces/reppo_original/outputs/2026-08-28/19-40-14,actor.npz|critic.npz|meta.json|normalizer.npz,0,6011855,2026-08-28T20:54:31Z,83c9de080b579d55deb5dd80eb3fd098c3f41501f1ebcff834cd353999ae1de7,8d8b7c2a392087c00469f33e70dfc92ef0c4f725aa7d6567d85d55a07ccfc04f,da99a7340efd77a9f1c5e27f09f2e73f322e0c5150c56fcc669a8fbed8e53afa,5efe48b1f5e0d460d5d071e091b7793eb9858cb0ebf97778dece39dd1d9b2997,workstation,single-source,
exports/HumanoidRun_weighted_mle_s1_final,HumanoidRun,weighted_mle,1,0,21,,67,67,32,0.5,0.0032899994403123856,1.0569446086883545,0.99,0.95,52297728,399,1.0,668.6661376953125,18.602571487426758,False,False,True,2584.420569779002,/home/human/workspaces/reppo_original/outputs/2026-08-27/23-51-55,actor.npz|critic.npz|meta.json|normalizer.npz,0,6011827,2026-08-28T00:35:08Z,82ff82a7a1bb3eab555faa27ae55ca94e958f52175d8c37dea11895afca609a0,0e2881da1038426b0ed7df872b6054daf4a9f99e297d5c7932a2e044f2a338ed,1f2196ed2cac8724f5805898b97645055a032b6b512665bef347a2a0a4b2432f,fc69faaf59423afa405316cef7f1e4b43517745baeff6d9383010391ad3ccb47,workstation,single-source,
exports/HumanoidRun_weighted_mle_s201_final,HumanoidRun,weighted_mle,201,0,21,0,67,67,128,0.5,0.0032899994403123856,0.024787824600934982,0.99,0.95,52297728,399,1.0,39.345130920410156,101.39923858642578,False,False,True,11030.954101547995,/home/human/workspaces/reppo_original/outputs/msweep/M128_s201,actor.npz|critic.npz|meta.json|normalizer.npz,0,6016727,2026-09-02T01:33:42Z,faa02e52303a42ee06aa304d628bfd0e673508ccf9f22991f67b96535048b91a,3290e3371a3f99dd88043f62c345177041e99c8ee1fa1db52df8768c20e5d9d4,da5cc5c3213df4cb93238e75f0e8f494d9b0022caa646ccef1b2e725c1cc2297,1ea33b7b068e86448f101a2d9686d7e359024037cc4c355d8e82fcc0f1294463,workstation,single-source,
exports/HumanoidRun_weighted_mle_s202_final,HumanoidRun,weighted_mle,202,0,21,0,67,67,128,0.5,0.0032899994403123856,0.4838491976261139,0.99,0.95,52297728,399,1.0,520.49462890625,77.58012390136719,False,False,True,11061.821947950004,/home/human/workspaces/reppo_original/outputs/msweep/M128_s202,actor.npz|critic.npz|meta.json|normalizer.npz,0,6016692,2026-09-02T04:38:24Z,b504a62f8771614fd335e6e80e7a98483502498d89531c25acd8a00c64af52cc,461074bee0ba3673bfbaf51929ceb9c683234db0a785d020d233361c04228cca,d68d2a4c2a6e0ff0d12ce6cb72f7400969453f58b1f43809eb2a65da57a938bf,33fcbc55bc2e98190f3156ff8709f78f36c2b0973ebebdd25bcd794cb98eed70,workstation,single-source,
exports/HumanoidRun_weighted_mle_s203_final,HumanoidRun,weighted_mle,203,0,21,0,67,67,128,0.5,0.0032899994403123856,0.08276788145303726,0.99,0.95,52297728,399,1.0,52.0825080871582,99.11990356445312,False,False,True,10956.892497685003,/home/human/workspaces/reppo_original/outputs/msweep/M128_s203,actor.npz|critic.npz|meta.json|normalizer.npz,0,6016711,2026-09-02T07:41:21Z,d3bee44f324efbd01e44703820c0b968acbd07fdf5301bea9e87cb5afce349c0,8ffc720819d61e724aae43c7833d940cf539915a9b11fcac0643436a721e1ca2,ca7abcf3c8320da414bb875535da3b7aff1b6eb48d75988c5801aa61362c10c4,7f879a677276b87498a04360f600175bbb52962f9f00a441593e3ab7df34c212,workstation,single-source,
exports/HumanoidRun_weighted_mle_s204_final,HumanoidRun,weighted_mle,204,0,21,0,67,67,128,0.5,0.0032899994403123856,0.25322335958480835,0.99,0.95,52297728,399,1.0,53.540096282958984,90.81950378417969,False,False,True,11099.669110126,/home/human/workspaces/reppo_original/outputs/msweep/M128_s204,actor.npz|critic.npz|meta.json|normalizer.npz,0,6016729,2026-09-02T10:46:41Z,eb13880ed4f17c04feb45fcee00894cb6c50bfd526b23a39fdc86d6af3eee532,375dd00636c298c93cc3c59561b7e61e3162779bdf0d30599ed3405aa4685c7d,849f35f4b1a88428fcc315b80dbca163369ac879b2ca70a6f2471f9fffa77180,caabce711627396c2f476e9084a61b5c8d08d664b26107d14b5bb79fb56a5339,workstation,single-source,
exports/HumanoidRun_weighted_mle_s205_final,HumanoidRun,weighted_mle,205,0,21,0,67,67,128,0.5,0.0032899994403123856,0.11190339922904968,0.99,0.95,52297728,399,1.0,20.34585189819336,84.88165283203125,False,False,True,10945.086018598988,/home/human/workspaces/reppo_original/outputs/msweep/M128_s205,actor.npz|critic.npz|meta.json|normalizer.npz,0,6016733,2026-09-02T13:49:24Z,4df89a08eac9c3308ccf96c8a7a81703341862d91df1b95ce56918654bb4787e,b8b926d64bdd770d07f90297fca2a1061a25c6b54b9c9e422994edd27313a62d,9bf206fbfa93aa3e9e7e29bc0175d2ecb3af09a77e861e8f1aa613a8e39d8160,c08262932e3d073662d8b47d02dfe06feea7b1d2e8e1a371097816e27331aa9e,workstation,single-source,
exports/HumanoidRun_weighted_mle_s211_final,HumanoidRun,weighted_mle,211,0,21,0,67,67,512,0.5,0.0032899994403123856,0.41198328137397766,0.99,0.95,52297728,399,1.0,10.557111740112305,333.4759216308594,False,False,True,18140.835978820003,/home/human/workspaces/reppo_original/outputs/msweep/M512_s211,actor.npz|critic.npz|meta.json|normalizer.npz,0,6016695,2026-09-02T03:32:11Z,d239a6b64db28ac1ac78b117f80cb628043c3a1b81f8ff6796bb3e93779a286c,3ec5b7697541a3e7b6d64149267056d1f31daeca1bd43e834deaa54e6d86caad,71b27c4812ec4541c137ea45ed09b851ec77edd5a1889738a77d54614d0745c6,29346e042133876fdd9a19b3d0485c0bf22644026d318b2d3b0fe1bf40a7cfb0,workstation,single-source,
exports/HumanoidRun_weighted_mle_s212_final,HumanoidRun,weighted_mle,212,0,21,0,67,67,512,0.5,0.0032899994403123856,0.49108415842056274,0.99,0.95,52297728,399,1.0,11.403176307678223,330.54705810546875,False,False,True,18097.848997232002,/home/human/workspaces/reppo_original/outputs/msweep/M512_s212,actor.npz|critic.npz|meta.json|normalizer.npz,0,6016693,2026-09-02T08:34:09Z,7b1c1fba9128ba37dc36c3cec797e9ded2b4c0fd14a0fae61435a617a53ea945,64cf6cecffb5d5cff7d68a161a4970938e32efd30e0d4e722ef21cc965e39ed8,00482baa929196b726c3a4bebf8ce72f8f0410e3641de5080c3d17bfe61cdd82,3a78602430e53b106716e3f7649a983e15e22f5340b30773f50d205b58d90228,workstation,single-source,
exports/HumanoidRun_weighted_mle_s214_final,HumanoidRun,weighted_mle,214,0,21,0,67,67,512,0.5,0.0032899994403123856,0.300957590341568,0.99,0.95,52297728,399,1.0,9.912254333496094,358.53826904296875,False,False,True,18373.66500028601,/home/human/workspaces/reppo_original/outputs/msweep/M512_s214,actor.npz|critic.npz|meta.json|normalizer.npz,0,6016732,2026-09-02T18:32:43Z,cc58f6a422b88b1b2614881de4a25d54a349aa30c3f586d3efb5b85a3b22e0f1,e30b91efe6ecc9523df16dedc24f04cb58c683dbddbccd5fd879648bbf22ec63,19b3df39c71bf128f8772084a9c575bd027d0c408b9d490dd2c34ccd7feabc13,fad144b64ea921cbbcbcdca981d2191aaec9fb2f4147df1b4076a355545164bb,workstation,single-source,
exports/HumanoidRun_weighted_mle_s297_final,HumanoidRun,weighted_mle,297,0,21,0,67,67,128,0.5,0.0032899994403123856,0.015893882140517235,0.99,0.95,524288,4,1.0,3.181027412414551,121.6748046875,False,False,True,414.9713245260027,/home/human/workspaces/reppo_original/outputs/msweep/timing_M128,actor.npz|critic.npz|meta.json|normalizer.npz,0,6005357,2026-09-01T22:27:55Z,b906670548b1f3d039b2437c4453cb5e6e14c05128886f1fe9d6d7ecec882650,f3e2ae94100833bf10f25904eed763f0ea8dfa3ded82d5a4c9ca6d2c6b7ac921,7ec6dd2787e514e2d0dadb5789410d0c13de70d109537ca6a50f51ee9379c427,45909c09f0903cf87cb6aed644b3ef8b9839778bd6379cb215bc17fd58c71aac,workstation,single-source,
exports/HumanoidRun_weighted_mle_s298_final,HumanoidRun,weighted_mle,298,0,21,0,67,67,512,0.5,0.0032899994403123856,0.017365755513310432,0.99,0.95,524288,4,1.0,10.244336128234863,484.7438049316406,False,False,True,454.6786199720009,/home/human/workspaces/reppo_original/outputs/msweep/timing_M512,actor.npz|critic.npz|meta.json|normalizer.npz,0,6005364,2026-09-01T22:28:35Z,a6279f35df849867386bbd8280bb7fdb01284cc6c4676b5d1551aa0177d5e8e9,522b3acd694d38d22425c440acd60650df841504af2686e4be7723bf75cc76bb,2c1cec71ecce13020ad3d70399add25a5a1bf108f80c27fc94b77cd684319260,705bd348473e3cee98643674504a84a4df4c9277ecd9cced6816b36c2debe768,workstation,single-source,
exports/HumanoidRun_weighted_mle_s299_final,HumanoidRun,weighted_mle,299,0,21,0,67,67,128,0.5,0.0032899994403123856,0.011671504937112331,0.99,0.95,131072,1,1.0,2.2270851135253906,121.32206726074219,False,False,True,356.6920338460004,/home/human/workspaces/reppo_original/outputs/msweep/smoke_M128,actor.npz|critic.npz|meta.json|normalizer.npz,0,6005353,2026-09-01T22:16:49Z,71e4df7950fc47d5b3bc027cf5e01860a08ebddadc0e28e496fffc101d6a0fb9,19ed4cd7b17ec9882dc73d0099dad66b032c6d0c523ebb9e3a5dca855d9870cb,407831c7a06ecdd2743b264346afe5e0bfc0a16126c9601a98c5fd01af67f41a,e8956f26cdfa6fabab7518db7dff2da3d3879849ea989ce74010a923b8c77352,workstation,single-source,
exports/HumanoidRun_weighted_mle_s2_final,HumanoidRun,weighted_mle,2,0,21,,67,67,32,0.5,0.0032899994403123856,0.7497292160987854,0.99,0.95,52297728,399,1.0,585.0399169921875,19.112369537353516,False,False,True,4426.858493492,/home/human/workspaces/reppo_original/outputs/2026-08-28/01-06-38,actor.npz|critic.npz|meta.json|normalizer.npz,0,6011879,2026-08-28T02:20:33Z,08487e2056bfcaa5eb3adc8bb4d30de8eae074d62509c774ca87572b8c6b320c,c06869d695b8c80ab0651c3b1db72f97a48bc9dcba074e63448f1860f8ea3ced,ee097b0c5d16ea7cdda0ee4532f413d370db3a69f83454bbc4b1541d7c27ff01,4b511e3340d9abd580029bbc501084e80867fc5032c46a585aa41139ef46a9a6,workstation,single-source,
exports/HumanoidRun_weighted_mle_s3_final,HumanoidRun,weighted_mle,3,0,21,,67,67,32,0.5,0.0032899994403123856,0.9833716154098511,0.99,0.95,52297728,399,1.0,623.6033935546875,18.69542694091797,False,False,True,4460.630389316997,/home/human/workspaces/reppo_original/outputs/2026-08-28/11-07-38,actor.npz|critic.npz|meta.json|normalizer.npz,0,6011833,2026-08-28T12:22:07Z,dd52efad99ae324faf2cf120948612237cd79470685a89832e7a2f86006d0b8f,bea8c4eed50859b273be0861074c96e33dcb30aa896d7d7a283770ded9acb77b,0cf73f2288dace6248d3073158427265082af6fbd79433eca75f1e8949a45cac,ee60ad491356979ddacf57559af2d96639b6000517c41f321d05a20a3ae3baa4,workstation,single-source,
exports/HumanoidRun_weighted_mle_s5_final,HumanoidRun,weighted_mle,5,0,21,,67,67,32,0.5,0.0032899994403123856,0.7271382808685303,0.99,0.95,52297728,399,1.0,689.16015625,20.30487823486328,False,False,True,4453.764378712003,/home/human/workspaces/reppo_original/outputs/2026-08-28/13-32-16,actor.npz|critic.npz|meta.json|normalizer.npz,0,6011816,2026-08-28T14:46:40Z,24bbecf0ec1c7be6e4b04c132164a4ed696a4d0eea49ec010a8a153d605921b6,9e43c52fc7a9bda5ae8e0c472d888a056d2394a9ff7d60e0998f80b91d66c32f,3bcf1939e3bd95b2e99ee475e080c0682f61846d4dbd314ff44e902c7a920606,ab81237f8647149b0033219d356cef0b04ac48e0ba06c1a924a16e349795aae9,workstation,single-source,
exports/HumanoidRun_weighted_mle_s6_final,HumanoidRun,weighted_mle,6,0,21,,67,67,32,0.5,0.0032899994403123856,0.8259521722793579,0.99,0.95,52297728,399,1.0,786.1934814453125,19.293149948120117,False,False,True,4402.713026532991,/home/human/workspaces/reppo_original/outputs/2026-08-28/14-46-49,actor.npz|critic.npz|meta.json|normalizer.npz,0,6011861,2026-08-28T16:00:21Z,bbbe6c70eb0cbeb052afcd99a667b21a1dce1492542fb76ff633d76f7e616728,811be3464e2b06025558ae90ebb93b1e3fc3fd5f936e25cc012a77b83ca77607,ca9b24a96f0fe1f5c80ffb7a7e3a76fb433f6c26abcb96591e1fbb01a881134f,86d5191295b63a392d771d7780119245fefe07dde0a1571d2fc754ca54bc6983,workstation,single-source,
exports/HumanoidRun_weighted_mle_s7_final,HumanoidRun,weighted_mle,7,0,21,,67,67,32,0.5,0.0032899994403123856,0.8474156260490417,0.99,0.95,52297728,399,1.0,701.6092529296875,19.051700592041016,False,False,True,4402.694159289007,/home/human/workspaces/reppo_original/outputs/2026-08-28/16-00-30,actor.npz|critic.npz|meta.json|normalizer.npz,0,6011862,2026-08-28T17:14:03Z,f80a695c2a4d170c5c8e5c5d80a567dc63ceb4c7776c46b465502c1672099783,9d72c864c39d159476d69d9612a445c821e231b3603ca3cd21e65abe0c6ec5bc,ba0c88ae49289d076c28e3b9732cf60d3d10f2c0479aa5f0fc25a92e0afdabcb,835fa6a0d9c8b346966012f57531cdd5c962d9192bc9bb8bbacb5e973ff6f3ec,workstation,single-source,
exports/HumanoidRun_weighted_mle_s8_final,HumanoidRun,weighted_mle,8,0,21,,67,67,32,0.5,0.0032899994403123856,0.8289790749549866,0.99,0.95,52297728,399,1.0,630.33544921875,19.59592628479004,False,False,True,4363.57584436801,/home/human/workspaces/reppo_original/outputs/2026-08-28/17-14-11,actor.npz|critic.npz|meta.json|normalizer.npz,0,6011854,2026-08-28T18:27:02Z,5c5de2dbd4828090e8e5331442b77b1fa20df9ae044b0c76bb0d6fc6c7d64dd9,2ec0be183bfc287f4ffcc6de7fd26719a3a4b76cf6d87a8e4fb3a1357516b859,6b6476be6a1c336bfdb3b782defbb6b37d94238efff87b325c3978f57708ce24,e5dd0c08963aeaa1c32bfd15e92150a0055e5612155a3e31f2a0d246ea9dd5de,workstation,single-source,
exports/HumanoidRun_weighted_mle_s9_final,HumanoidRun,weighted_mle,9,0,21,,67,67,32,0.5,0.0032899994403123856,0.7617626786231995,0.99,0.95,52297728,399,1.0,626.8082275390625,19.173179626464844,False,False,True,4357.933674878994,/home/human/workspaces/reppo_original/outputs/2026-08-28/18-27-20,actor.npz|critic.npz|meta.json|normalizer.npz,0,6011843,2026-08-28T19:40:05Z,5c32869c60ae43d71adbe9d09939f688632d6c01bb1a86b91968a1fbaf507564,38de89a03ffc8af1d1713ac017547cc9f87cb2d6bce7b1c3aaf6b9da0f83ab4a,3f2f2952de0056011a38cc59b8aca88f5de45e983bb084c94153e997920c42fd,6292e2fc345643259ad3b0a3900980d7f59b642587524fd08d154808c827fca1,workstation,single-source,
exports/HumanoidStand_pathwise_s1_final,HumanoidStand,pathwise,1,0,21,,67,67,32,0.5,0.00039721900247968733,0.0005938914837315679,0.99,0.95,52297728,399,1.0,996.536376953125,0.0,False,False,True,1588.650751595007,/home/human/workspaces/reppo_original/outputs/2026-08-29/12-38-09,actor.npz|critic.npz|meta.json|normalizer.npz,0,6009041,2026-08-29T13:04:46Z,88b272a7ae9da5b8da48942d9bdefb88c5ec50dc0cba3d76cc9cd7fc49fa0604,c4e08f643e8fc663901fbc8fa26d0346e1e170595af205be90eb94bed93926b7,94cbc2478600b6fd3e241e4943836e5c616a6cb70f78a44bcad257c007c282ce,55adbfdbdb1448324d3d4f86b6d13b4f463996b953f93cb9fb0ba541601e489f,workstation,single-source,
exports/HumanoidWalk_pathwise_s0_final,HumanoidWalk,pathwise,0,0,21,,67,67,32,0.5,0.00036784569965675473,0.007213180884718895,0.99,0.95,52297728,399,1.0,989.331787109375,0.0,False,False,True,1274.5221828730137,/home/human/workspaces/reppo_original/outputs/2026-08-29/11-48-10,actor.npz|critic.npz|meta.json|normalizer.npz,0,6009026,2026-08-29T12:09:31Z,e185ba6f0c50c842fc6e0b2d51da3607c5781774d7e7149882844691becca4ab,bf9e5f891a3b8648415dc41d955c25588b5b9945a53bc26ff9b6c64173f6ab0e,7f9c01f9e950dd475dfd7c2857683cf53617d25825fd40a88d945da71bf4ace2,4b26ff131046817c704b3a8c698e9d8ba844e28d6170a65de9cc1b7d0d28c8cb,workstation,single-source,
exports/LeapCubeReorient_pathwise_s0_final,LeapCubeReorient,pathwise,0,0,16,,57,57,32,0.5,0.0017463017720729113,0.09114125370979309,0.99,0.95,52297728,399,1.0,48.00690460205078,0.0,False,False,True,1689.760407889,/home/human/workspaces/reppo_original/outputs/2026-08-30/12-40-42,actor.npz|critic.npz|meta.json|normalizer.npz,0,5937054,2026-08-30T13:08:59Z,2cb76b653ab75e8a4449ae1b41148c96799a9850dac9dfaf2e0292bba4ddaf6d,6cd4869c6840f21b97540807e586cef53501e98c4a016385659919681cc1a3f7,b0eaf9f22476eee55b4fcdf144b48796a1f0b8775a94e7655e9b5e5479240d70,7f5ffb185176385c1c27bad09bb0f887d72cc21a72519eabb6a2ed74784174a8,workstation,single-source,
exports/LeapCubeRotateZAxis_pathwise_fa_s0_final,LeapCubeRotateZAxis,pathwise,0,0,16,0,32,32,32,0.5,0.0009399999980814755,0.014567268081009388,0.99,0.95,52297728,399,1.0,35.7426872253418,0.0,False,False,True,1456.777923533984,/home/human/workspaces/reppo_original/outputs/2026-08-30/21-23-22,actor.npz|critic.npz|meta.json|normalizer.npz,0,5834093,2026-08-30T21:47:49Z,96a57e3ed105ab1e95df07aa184d813cc7828fd21f69047a4f20fbdc9b6dd326,1c23d71c798458fad1fb7d6f4e82c563d203cab644e424abd2c81f03a851e41f,eef9cff67cd7cb6c95d5afbe48a054ba950b9fb499a4125ed63051ff860ee54a,658c6e979d864775b174ea49933e20cd527b24484e3999aed905890cbe1930e8,workstation,single-source,
exports/LeapCubeRotateZAxis_pathwise_fa_s101_final,LeapCubeRotateZAxis,pathwise,101,0,16,0,32,32,32,0.5,0.000782382907345891,0.014788543805480003,0.99,0.95,52297728,399,1.0,35.172019958496094,0.0,False,False,True,1086.8873648220033,/rwthfs/rz/cluster/hpcwork/qzi10910/reppo_runs/outputs/conf/leap_A_s101,actor.npz|critic.npz|meta.json|normalizer.npz,0,5839012,2026-09-01T11:16:33Z,a3f0136b0a83b03a9c05d3a3ee836e4bcc7616888631c51c1f371ec958624a48,b8ee0123d33a6dcd4c5df84c6f052724542e7f9f7db06dbd15b72d1bab69eddb,ab0b0b854bb0ed8f8b06b694ca7f2a8a99633e44f7f7f5e14711304126faa073,978bc535c1f41bb92d51ca01f466791a99d762bca8f4624686b3eb5ddf5feb15,claix,single-source,
exports/LeapCubeRotateZAxis_pathwise_fa_s102_final,LeapCubeRotateZAxis,pathwise,102,0,16,0,32,32,32,0.5,0.000782382907345891,0.011343940161168575,0.99,0.95,52297728,399,1.0,19.95796012878418,0.0,False,False,True,1093.3842466989881,/rwthfs/rz/cluster/hpcwork/qzi10910/reppo_runs/outputs/conf/leap_A_s102,actor.npz|critic.npz|meta.json|normalizer.npz,0,5838985,2026-09-01T11:21:36Z,6c9cc441051da6130d7e7f57d99df49da081b2177f7b8d0c326d13df97b49146,10022e1850b4993c1a73f8d3d7cdf1ab1ccd135ae5ecfd495192080c855abb98,fd5ccd7db7b2ad36ebd3de136099149bb3a07b3015c827d90e914bd4574dbf6c,df4d1a8c1309d9b74c6882235e7218857c9e2d90d6d7b321f823559c0e79ea05,claix,single-source,
exports/LeapCubeRotateZAxis_pathwise_fa_s103_final,LeapCubeRotateZAxis,pathwise,103,0,16,0,32,32,32,0.5,0.000782382907345891,0.022419191896915436,0.99,0.95,52297728,399,1.0,25.717702865600586,0.0,False,False,True,1087.892627504989,/rwthfs/rz/cluster/hpcwork/qzi10910/reppo_runs/outputs/conf/leap_A_s103,actor.npz|critic.npz|meta.json|normalizer.npz,0,5838998,2026-09-01T11:32:50Z,812d83a1ca8632e5f04613e909e1b32a98ac53a0206eafc471a36ba7b67e7fec,495164b2fdce57fb22903e4845a5bd44c65871fa7fb253616affbbf74c69c024,1942a1eaa310fe53b9504b80fb587bc420ebd96719153c65697e96187c658b6f,2de56520f5aad5f93b020a151f9f6806b9362998c659355ffb09466ff90f2584,claix,single-source,
exports/LeapCubeRotateZAxis_pathwise_fa_s104_final,LeapCubeRotateZAxis,pathwise,104,0,16,0,32,32,32,0.5,0.000782382907345891,0.010185281746089458,0.99,0.95,52297728,399,1.0,31.354408264160156,0.0,False,False,True,1082.4094452220015,/rwthfs/rz/cluster/hpcwork/qzi10910/reppo_runs/outputs/conf/leap_A_s104,actor.npz|critic.npz|meta.json|normalizer.npz,0,5838989,2026-09-01T11:38:24Z,38589d20552cb883d68dd5ca9c6fe679e1b1091a05d2b6fb3fb0b31deba0a7f1,acfae963e7751263311d3c6a6941b4d1de5c335e60d4aa835247713b54852f50,d1586bf079b71a3c438c12d6e8666e53c0a8f5715e4cd5a1c0fa655a29f70961,af22c930c541f451a879e8f633b3964f07590f132808185813510666348a9019,claix,single-source,
exports/LeapCubeRotateZAxis_pathwise_fa_s105_final,LeapCubeRotateZAxis,pathwise,105,0,16,0,32,32,32,0.5,0.000782382907345891,0.010592173784971237,0.99,0.95,52297728,399,1.0,18.149362564086914,0.0,False,False,True,1092.8520889039937,/rwthfs/rz/cluster/hpcwork/qzi10910/reppo_runs/outputs/conf/leap_A_s105,actor.npz|critic.npz|meta.json|normalizer.npz,0,5838981,2026-09-01T11:41:24Z,f47182796ad13698ce2c48bef18f92f5449b4113dc13bbf73269c17cfd1c3e6b,19613296efdd0c08336c83b7a67fb5bbc34838692b55cba6d72c3b769927da15,94720ab903b85020a7f7609b7e2c5a1994c981a33056653fbe869965be5bb0d8,43fb7afe4028758d545b320a236abcee34806c6baa4548a95303e7aa8b081c29,claix,single-source,
exports/LeapCubeRotateZAxis_pathwise_fa_s106_final,LeapCubeRotateZAxis,pathwise,106,0,16,0,32,32,32,0.5,0.000782382907345891,0.016850057989358902,0.99,0.95,52297728,399,1.0,30.601478576660156,0.0,False,False,True,1086.5261994330067,/rwthfs/rz/cluster/hpcwork/qzi10910/reppo_runs/outputs/conf/leap_A_s106,actor.npz|critic.npz|meta.json|normalizer.npz,0,5839013,2026-09-01T11:47:50Z,83409b545a58637841c6e623692d25fcdce6a35d0749a1df6a7c490631d4175a,b0cc025213862f1d1f017f02b8831ac55b699b039ae3ae67b429148235064be0,44cfe1320a1ff21fbcb5760d30eddc6e75a7da08731a9c33c4bd440ffb78c290,edb4d6dcc4348c79d37c4f1df5991f94be243d5431101d63f8d652daa4d30836,claix,single-source,
exports/LeapCubeRotateZAxis_pathwise_fa_s107_final,LeapCubeRotateZAxis,pathwise,107,0,16,0,32,32,32,0.5,0.000782382907345891,0.008947850205004215,0.99,0.95,52297728,399,1.0,22.801921844482422,0.0,False,False,True,1088.5141808409971,/rwthfs/rz/cluster/hpcwork/qzi10910/reppo_runs/outputs/conf/leap_A_s107,actor.npz|critic.npz|meta.json|normalizer.npz,0,5838997,2026-09-01T11:52:13Z,2d9cf255de7d3556ad708adcfff9e62b1f877c25d101e585b54c5af39a0d545c,c6a0e409b70ca32991b6deddfe364d79ec613a5ebb187748f4d6d60af7c6f203,d35dd23856a281c82df8cd2f38e2d25a7263547209af7d3925401a4ef1c07951,bff2f58bb2092a7b2710dec3696e857d2ac4540a018965b9b99624e28ee943e3,claix,single-source,
exports/LeapCubeRotateZAxis_pathwise_fa_s108_final,LeapCubeRotateZAxis,pathwise,108,0,16,0,32,32,32,0.5,0.000782382907345891,0.007039744406938553,0.99,0.95,52297728,399,1.0,31.642131805419922,0.0,False,False,True,1073.700393171006,/rwthfs/rz/cluster/hpcwork/qzi10910/reppo_runs/outputs/conf/leap_A_s108,actor.npz|critic.npz|meta.json|normalizer.npz,0,5838982,2026-09-01T11:55:55Z,57fe7dffe2bde23bac3b599cfa8a0e3327b0187905ce4160dc6094a144f5139e,b2a1d2885ce5a05a00e6b6d0c8a795ee6979e356f42bfeeac3c9d9b9d6c3d197,84eb97149e33bc51173a1286e68eec3e28cbc1adb4013988e8caca5d553c55d1,e66cd8cc496f4da589f2b8618ac87fba5501095d93cc8766a84d365a1b4ed377,claix,single-source,
exports/LeapCubeRotateZAxis_pathwise_fa_s1_final,LeapCubeRotateZAxis,pathwise,1,0,16,0,32,32,32,0.5,0.0009399999980814755,0.01879171095788479,0.99,0.95,52297728,399,1.0,30.85362434387207,0.0,False,False,True,1436.2021018570522,/home/human/workspaces/reppo_original/outputs/2026-08-30/22-29-02,actor.npz|critic.npz|meta.json|normalizer.npz,0,5834096,2026-08-30T22:53:06Z,e2e955be355d54e57014fe2289ece5e8a8979b4ae491be58fd5becdf20b2c9f4,1d40c1e011e973fccae2a1a4bd15c5436fff9f702ef0c8f2f169de6a213552a8,46b3a0e670bed8057a0722abebfa72b781189636abd2ec606a17c9342ea622ca,8fceb26e55fd7490ac9cd1f37c835471949a219b4e1bc398748c52bc71bfb231,workstation,single-source,
exports/LeapCubeRotateZAxis_pathwise_fa_s2_final,LeapCubeRotateZAxis,pathwise,2,0,16,0,32,32,32,0.5,0.0009399999980814755,0.012426752597093582,0.99,0.95,52297728,399,1.0,34.6170768737793,0.0,False,False,True,1441.6262183290091,/home/human/workspaces/reppo_original/outputs/2026-08-30/23-34-23,actor.npz|critic.npz|meta.json|normalizer.npz,0,5834084,2026-08-30T23:58:34Z,f556529cb9ebfbc01ad5e87839167ceadf746935a4a74af3009dde7cc9e94ca3,287591ad4c33284a594371de5bb90eb3a58879dee22f999e5f8447b4673f27cc,41432057bb0a236be1050e68cf3cacaf846731567111c8b96798b2d38574a134,c261437752ac56e2dbdbe22a1999e1d44d638cc9e6c15ae6bf01b56095468be8,workstation,single-source,
exports/LeapCubeRotateZAxis_pathwise_fa_s3_final,LeapCubeRotateZAxis,pathwise,3,0,16,0,32,32,32,0.5,0.0009399999980814755,0.008860999718308449,0.99,0.95,52297728,399,1.0,37.74812316894531,0.0,False,False,True,1494.025990605005,/home/human/workspaces/reppo_original/outputs/2026-08-31/00-39-19,actor.npz|critic.npz|meta.json|normalizer.npz,0,5834084,2026-08-31T01:04:21Z,82195e6fc9a3d438f8b7170926a3fb18daaee18baa9fd540c562191389cd75f7,1ad10b72526382e11073c9d201a72c5630ca6533d4572a4eff60fe7f993c8f43,f8a63e20193f04bafd3dedc1bb150bd132d898b26cc0d6b320ee37085624b9db,6500f117ca334fd5dcf550dda96e849214bb1d84fc707303bae0cc482098c14f,workstation,single-source,
exports/LeapCubeRotateZAxis_pathwise_fa_s4_final,LeapCubeRotateZAxis,pathwise,4,0,16,0,32,32,32,0.5,0.0009399999980814755,0.014638466760516167,0.99,0.95,52297728,399,1.0,27.93931007385254,0.0,False,False,True,1527.1933496590354,/home/human/workspaces/reppo_original/outputs/2026-08-31/01-45-39,actor.npz|critic.npz|meta.json|normalizer.npz,0,5834100,2026-08-31T02:11:17Z,1305066fec4caaa8ad4b326387e32296b1d9b507ae897a57ea09c3cad701e7c8,72aaa52d7524344df4acb3028b381a9471a818df82c4761fd634729b12f85677,0774aa508d0219ad6db063ab4657bc1dac8fb626b2ee225bcb13f85520be7026,7e75bd3de9dc434a71587891ff918d75a96951e5b8522e79c3a3d9469c3159ec,workstation,single-source,
exports/LeapCubeRotateZAxis_pathwise_s0_final,LeapCubeRotateZAxis,pathwise,0,0,16,,32,32,32,0.5,0.001572495442815125,0.01415768451988697,0.99,0.95,52297728,399,1.0,32.80330276489258,0.0,False,False,True,2903.0877263480215,/home/human/workspaces/reppo_original/outputs/2026-08-30/12-40-42,actor.npz|critic.npz|meta.json|normalizer.npz,0,5834059,2026-08-30T13:29:14Z,dda2945ff92379f900e0a6769f47fbfc4de912281f0b29c2cabfc52439806e18,32c48091f5f8b63700cd9dba4e8aadd68f3e4712d0d71f2ee9a8441449d7a2c0,8340a927d57646e6d11eeae72f8cabcaada9e9f3bfafd5e05cb62647efbc93d5,24769afe8ac440de925502553252fee19c6e4b681db2cdf01605a243610c4874,workstation,single-source,
exports/LeapCubeRotateZAxis_pathwise_s901_final,LeapCubeRotateZAxis,pathwise,901,0,16,0,32,32,32,0.5,0.000797327549662441,0.010729405097663403,0.99,0.95,52297728,399,1.0,21.204185485839844,0.0,False,False,True,2964.3474693140015,/home/human/workspaces/reppo_original/outputs/manual/rerun901-leap,actor.npz|critic.npz|meta.json|normalizer.npz,0,5839935,2026-08-31T23:15:02Z,9d74b3ef14dd6113df26058d21f39eb48f89ddda25f428d2770d6934d5708180,5297240e2e35064b3ab368d83a63211d2942519e67b6c4a9ef29c205e5badeb8,5a2efa83e8363012d73d62832d20502cf5a0adfac64e83d2a08d8fd0d27c59cd,190218a496c31783070e6950cefea17039263fb4363bb505778426f8d4f56d55,workstation,single-source,
exports/LeapCubeRotateZAxis_pathwise_s901orig_final,LeapCubeRotateZAxis,pathwise,901,0,16,0,32,32,32,0.5,0.0008150272769853473,0.014675508253276348,0.99,0.95,52297728,399,1.0,20.35787010192871,0.0,False,False,True,2914.191693054978,/home/human/workspaces/reppo_original/outputs/2026-08-31/16-07-00,actor.npz|critic.npz|meta.json|normalizer.npz,0,5834083,2026-08-31T21:56:18Z,4b403e8a6a669b86067af6f2ee35b210e94f805d8d54340d41be6bd6d511c7e9,10b24a0c5170adfb73d090ed3488ceb622df5870cbab0ab251f85a5a7e2b5721,cfcc71bcd68b8a5cbd921f022100bccf36f400547a3de643aadc68621843f123,bc82b093222c1857584d6b37a1b2b791829cec00dc41642db8dfd07e63aee134,workstation,single-source,
exports/LeapCubeRotateZAxis_weighted_mle_s0_final,LeapCubeRotateZAxis,weighted_mle,0,0,16,0,32,32,32,0.5,0.0009399999980814755,0.2858448028564453,0.99,0.95,52297728,399,1.0,40.22950744628906,23.151304244995117,False,False,True,2442.9226857769536,/home/human/workspaces/reppo_original/outputs/2026-08-30/21-47-59,actor.npz|critic.npz|meta.json|normalizer.npz,0,5836915,2026-08-30T22:28:52Z,f8c33e990244303aa04dcbd43b3dbd3e68c5c90ef86c766bf2038ce45982fb3b,e78138ef195b1a0d8c9142199e1556f1e0e15d962d655dd4ebfc0fe04163a4e0,dc38f08412376adfe92b8eb5b8e395c8f91a432046589bbfbdb12b046042ab56,80c8ec847ac93ed351ba3493f9c394e8c4e04a9063f46b3d0775fdc5a99e36d6,workstation,single-source,
exports/LeapCubeRotateZAxis_weighted_mle_s101_final,LeapCubeRotateZAxis,weighted_mle,101,0,16,0,32,32,32,0.5,0.000782382907345891,0.48884737491607666,0.99,0.95,52297728,399,1.0,30.90998077392578,20.378908157348633,False,False,True,1528.2768588050094,/rwthfs/rz/cluster/hpcwork/qzi10910/reppo_runs/outputs/conf/leap_B_s101,actor.npz|critic.npz|meta.json|normalizer.npz,0,5841823,2026-09-01T11:26:07Z,7c4dff4e45612b41e90c6a6d0f3e7d0a15a3ca52bdd383807bdb9e9b0a3ecf34,84424d4821038786dad921be7632b5eb22f63dd3b3c9bc8330c54d59fdd27907,4a3c8aabafc90e0da8588197502b4f4e5a27b16a295eb080273c977b64ef0248,50bfea40c829ed88730f13f11e4282ef5284404d5fb6bc10428fb88ffb885efd,claix,single-source,
exports/LeapCubeRotateZAxis_weighted_mle_s102_final,LeapCubeRotateZAxis,weighted_mle,102,0,16,0,32,32,32,0.5,0.000782382907345891,0.5656040906906128,0.99,0.95,52297728,399,1.0,23.850811004638672,19.67160415649414,False,False,True,1529.361131230995,/rwthfs/rz/cluster/hpcwork/qzi10910/reppo_runs/outputs/conf/leap_B_s102,actor.npz|critic.npz|meta.json|normalizer.npz,0,5841842,2026-09-01T11:33:29Z,52c397c9156858d41ed87c5acb3e6614fed9aa2e559ea031cc2c0d55e471661c,d26ac64f2ac7fff632815642151d6c038db3244799175fd2cfccb14f0a2f99f6,237fde501a4ad603cde8764b1b49c5492b08b3203d8fd1a7014b97775a488192,03d52504240d6549009dac38f320422c0b4b6916d28c6b92dc5860baaf65c5f6,claix,single-source,
exports/LeapCubeRotateZAxis_weighted_mle_s103_final,LeapCubeRotateZAxis,weighted_mle,103,0,16,0,32,32,32,0.5,0.000782382907345891,0.5227668285369873,0.99,0.95,52297728,399,1.0,27.564002990722656,20.377761840820312,False,False,True,1538.321390498997,/rwthfs/rz/cluster/hpcwork/qzi10910/reppo_runs/outputs/conf/leap_B_s103,actor.npz|critic.npz|meta.json|normalizer.npz,0,5841840,2026-09-01T11:44:13Z,aa0e86709667a2697733f5bda164830962d49b96236eae177ab0e39a01826b58,25df2b6b0869d3364ba302cccc683a858b9d2225237554e6d5fe944a209db091,9a6ab09a116ca96cddad70ee85b795fbdc303e262ec0dc96d71d88279bfe3337,9c96cfe2ea76e75856f07792762f8a2998e928cc7691050e9980c45b5365bf3b,claix,single-source,
exports/LeapCubeRotateZAxis_weighted_mle_s104_final,LeapCubeRotateZAxis,weighted_mle,104,0,16,0,32,32,32,0.5,0.000782382907345891,0.4980354309082031,0.99,0.95,52297728,399,1.0,37.772865295410156,20.220518112182617,False,False,True,1533.5680016520055,/rwthfs/rz/cluster/hpcwork/qzi10910/reppo_runs/outputs/conf/leap_B_s104,actor.npz|critic.npz|meta.json|normalizer.npz,0,5841857,2026-09-01T11:48:03Z,08d18377dc7ad6c84306cb7e0ec6cf67e587791c2e905027f98d114b6dbde58d,88341a4db6859f57d1e57ae7b3050034d3c66e75256c4022ac9b332e210ddbd2,3f3776b1098484d7bfed4faccb8ec88ad3ae3e7d2f3db65701acf56b37795bdf,2cf949ff11ae2489f90ca06b59bbe675376c39f1880f053c8f217ea7d2bf7ada,claix,single-source,
exports/LeapCubeRotateZAxis_weighted_mle_s105_final,LeapCubeRotateZAxis,weighted_mle,105,0,16,0,32,32,32,0.5,0.000782382907345891,0.5182294845581055,0.99,0.95,52297728,399,1.0,36.17533874511719,19.61565589904785,False,False,True,1545.7046048579941,/rwthfs/rz/cluster/hpcwork/qzi10910/reppo_runs/outputs/conf/leap_B_s105,actor.npz|critic.npz|meta.json|normalizer.npz,0,5841847,2026-09-01T11:49:35Z,8c595ec8b3c2a5ddb4a490931f218f3b7fb62ec1bf6e30a1e30c2107a25f4a0a,62c0c6f9ac54e90b8ad527caa1a594e1742d17618bd585053697f5712ea38072,668088cd71a16563b90e116eecd0b2bcd5ba4701be81a8937f55ea911eed88e7,27cf0a7fa31533fb983bb81179dbbc2cef3bf28f16e0c8cd598dc105b69f7ed7,claix,single-source,
exports/LeapCubeRotateZAxis_weighted_mle_s106_final,LeapCubeRotateZAxis,weighted_mle,106,0,16,0,32,32,32,0.5,0.000782382907345891,0.31876885890960693,0.99,0.95,52297728,399,1.0,27.818260192871094,22.928600311279297,False,False,True,1536.8737981759914,/rwthfs/rz/cluster/hpcwork/qzi10910/reppo_runs/outputs/conf/leap_B_s106,actor.npz|critic.npz|meta.json|normalizer.npz,0,5841827,2026-09-01T11:58:52Z,39d73abce0f5e5f9c84e1aee6a5a28975345aec256c0dd6666ef2c8bb6b78fd2,a86c1e349b73fde0e8c7d6917337d66bf800efd07c6701d0449abe0b2a0c7889,510b5cf619d1e26f27ae00e5b0277a2ed75aa8667074c64aa7b4cb9ac5584e3f,4f7b7a6c3c96348e29bc918d7a72c2cbd7a263bd433d2f93028db5d1ea4e46c2,claix,single-source,
exports/LeapCubeRotateZAxis_weighted_mle_s107_final,LeapCubeRotateZAxis,weighted_mle,107,0,16,0,32,32,32,0.5,0.000782382907345891,0.4985778033733368,0.99,0.95,52297728,399,1.0,40.208927154541016,21.077009201049805,False,False,True,1533.268591930988,/rwthfs/rz/cluster/hpcwork/qzi10910/reppo_runs/outputs/conf/leap_B_s107,actor.npz|critic.npz|meta.json|normalizer.npz,0,5841820,2026-09-01T12:00:11Z,46feb8c1bb2b8c25fd9938972c8954cb07232d240b1b1483c9b20b4c3a05922f,abca3021bbf6a37c8bd3deb57af72a6e54fef3e484d72043c2f4d211a9bcb40e,21ef3a2306dc4d0876792841409f0ab281d9ea30f412aaa91e690d9902197e48,889262ee5923448de263ad0bb78872e2eae9b8700eebacc14933ba18419d5d7d,claix,single-source,
exports/LeapCubeRotateZAxis_weighted_mle_s108_final,LeapCubeRotateZAxis,weighted_mle,108,0,16,0,32,32,32,0.5,0.000782382907345891,0.5495988130569458,0.99,0.95,52297728,399,1.0,23.94176483154297,20.270401000976562,False,False,True,1537.619015092001,/rwthfs/rz/cluster/hpcwork/qzi10910/reppo_runs/outputs/conf/leap_B_s108,actor.npz|critic.npz|meta.json|normalizer.npz,0,5841834,2026-09-01T12:05:02Z,c7c18283b190760b7755c73f8e02a1b3bc8ed4c4a9bd5044f5d0eac650bd8a59,6494a3af4d0ca44a8b376d6a7f87e5f0a22b6a6e708887a376718f1ad06efc04,252e75227eefa1422eb2d3a84ae3b7e2a66a2451ed72693aaf40ca6a90e275a3,ebaadac60f8a3b2b940ab4d4e040e8cf9982b983bcafcd123649f70cb4facdf4,claix,single-source,
exports/LeapCubeRotateZAxis_weighted_mle_s1_final,LeapCubeRotateZAxis,weighted_mle,1,0,16,0,32,32,32,0.5,0.0009399999980814755,0.41665738821029663,0.99,0.95,52297728,399,1.0,24.18050193786621,20.31211280822754,False,False,True,2449.394434568996,/home/human/workspaces/reppo_original/outputs/2026-08-30/22-53-15,actor.npz|critic.npz|meta.json|normalizer.npz,0,5836951,2026-08-30T23:34:14Z,5ecf202f13554f7a57e5f302844a927c0872efb5895b4fcd7fa6327c5a550f0a,aea3cbad0369d7aadbe803a1c64af807272909b0bffa1cae5931fcb90f1dece6,1974ef1a62f288f166a8f210e9ac738384b119657bb5bf51087b5e275ebba99e,0b0f258ac6963c7cfd83a0896f85cc80dca4481fdd1eb140d35e4606cc800359,workstation,single-source,
exports/LeapCubeRotateZAxis_weighted_mle_s2_final,LeapCubeRotateZAxis,weighted_mle,2,0,16,0,32,32,32,0.5,0.0009399999980814755,0.6001786589622498,0.99,0.95,52297728,399,1.0,35.246009826660156,18.48710823059082,False,False,True,2416.9981073159724,/home/human/workspaces/reppo_original/outputs/2026-08-30/23-58-42,actor.npz|critic.npz|meta.json|normalizer.npz,0,5836917,2026-08-31T00:39:08Z,025334c6dfd9832af90d6fee9852231294fc2c43b391ef4d90cecce5456ba6eb,1a78dd5a4e0a6e10089985ba3e5d40d610655d43db6eb7ff7676374ddf8aac3d,ee8d32678279d99f6acabc07268f29ca11675ec469e6070ac79d30a96bee0663,36ce3368a1281a6943867aca4baa9a2158d41dfda4e51ea7dfdf46070b51e8f9,workstation,single-source,
exports/LeapCubeRotateZAxis_weighted_mle_s3_final,LeapCubeRotateZAxis,weighted_mle,3,0,16,0,32,32,32,0.5,0.0009399999980814755,0.34254711866378784,0.99,0.95,52297728,399,1.0,22.94906234741211,22.02057456970215,False,False,True,2444.0450328279985,/home/human/workspaces/reppo_original/outputs/2026-08-31/01-04-32,actor.npz|critic.npz|meta.json|normalizer.npz,0,5836932,2026-08-31T01:45:27Z,f5e44f193b7d1571c76248e6ad38b085ca63feb1ebb14c8bb7b517dd7c1ef675,d47b4e3555223851e3fbc9a38e33dcdc49c55f742468be625dd865624ce231e8,b4277668ffeb18020b3455584df156dd5b4a1b71506996a75e220cf4cec71b08,d87c0217eb28d447b05e8e71c7dc7e3a9fe2f5588995d2f8d6590ccb2588b934,workstation,single-source,
exports/LeapCubeRotateZAxis_weighted_mle_s4_final,LeapCubeRotateZAxis,weighted_mle,4,0,16,0,32,32,32,0.5,0.0009399999980814755,0.45244160294532776,0.99,0.95,52297728,399,1.0,25.165096282958984,21.440797805786133,False,False,True,2435.7370728130336,/home/human/workspaces/reppo_original/outputs/2026-08-31/02-11-27,actor.npz|critic.npz|meta.json|normalizer.npz,0,5836930,2026-08-31T02:52:12Z,62b0801c0e717593c9c9162ba1fb64134fda6dc836d4d45dd29ac95524a84843,f28f247429c6effd5dc2a3f8625bef738004281e5003ab882f3c5fe3692b2c17,d3b7e9fe82c7983921a4cbd4dd9f8057e2c5cc134796090f8b90a5554d293156,483072deee0aaf1e6a10be11c8bcc6e766b7779d7bbfd1b8786ed2ad191fdf24,workstation,single-source,
exports/WalkerRun_pathwise_fa_pad0_s0_final,WalkerRun,pathwise,0,0,6,0,24,24,32,0.5,0.015279999934136868,0.014104600995779037,0.99,0.95,52297728,399,1.0,909.4277954101562,0.0,False,False,True,1562.5240415399894,/home/human/workspaces/reppo_original/outputs/2026-08-30/14-13-29,actor.npz|critic.npz|meta.json|normalizer.npz,0,5739505,2026-08-30T14:39:37Z,6e37cb32965f08166f1f84cb5e12e7ef0b0d900e623ad6c058fc7ee030c494d3,834a59ab1b0237ea2e29bf4ad3e9f46156acb3dbc1d12c7a4944357340e6f018,a8443238d8647f3d2585a5d8a5fb84f04b3f0d9fee881df9f48c0211bfe110e4,9961568ae5a47f34979f2420c8cae0e8666a2fc60ba9a215d2e228f809b4d66a,workstation,single-source,
exports/WalkerRun_pathwise_fa_pad0_s1_final,WalkerRun,pathwise,1,0,6,0,24,24,32,0.5,0.015279999934136868,0.01214256975799799,0.99,0.95,52297728,399,1.0,903.09130859375,0.0,False,False,True,1551.9530936739757,/home/human/workspaces/reppo_original/outputs/2026-08-30/15-38-49,actor.npz|critic.npz|meta.json|normalizer.npz,0,5739512,2026-08-30T16:04:46Z,90dd4f319d06b46e296050e3ea50649ded617eb4712917ef91a744e13417f799,50c9abd418e9b649a2c342aef8fbe996ea0963b3d76a122d13b5863d118780d4,4c4c9467937af71325ea8b257ea7394925e4a8748d50a3cb1dad7f76ee20b050,0861d66fdbc4d3e95079bb789de600bbbb1a3938ac2ff0da53886d0b8a8ba59a,workstation,single-source,
exports/WalkerRun_pathwise_fa_pad0_s2_final,WalkerRun,pathwise,2,0,6,0,24,24,32,0.5,0.015279999934136868,0.00992298312485218,0.99,0.95,52297728,399,1.0,905.5460205078125,0.0,False,False,True,1564.9709714550409,/home/human/workspaces/reppo_original/outputs/2026-08-30/17-05-04,actor.npz|critic.npz|meta.json|normalizer.npz,0,5739514,2026-08-30T17:31:15Z,36981c2c5fd6fa0d8fc4409fd9fbe4282c59fed9dd7be69a03adb44cc66cdf08,ee59fe7088d28ec2f98888b3186c95181951284a9dca702e3ab5932e1f3c6ce8,7b4f2ec4024538ae3ed5b7aa5f67f288e350b0a89758d017196e9b045e377211,c8f91a2c7f08de0c3f82ec884f8295812ac2e3b1045a48bca97f2c5767a27fcb,workstation,single-source,
exports/WalkerRun_pathwise_fa_pad0_s3_final,WalkerRun,pathwise,3,0,6,0,24,24,32,0.5,0.015279999934136868,0.014340425841510296,0.99,0.95,52297728,399,1.0,907.38525390625,0.0,False,False,True,1557.6562773730257,/home/human/workspaces/reppo_original/outputs/2026-08-30/18-31-25,actor.npz|critic.npz|meta.json|normalizer.npz,0,5739514,2026-08-30T18:57:29Z,e5afef336b566789070fe1bc14ecfc0be2e56ad5a6c2c1ea71017d47ad996e97,b8ec05310a6a4d30b4d2ff4ae0a396087ad18659ff38357f39876cb3e77ba467,ce9ac1417c6397d107cf5fe244c691e40de3e8ae622e91199340a2432e9be572,4dfcebad57056c88f6cd93464c713339f6c2fe098312cc773bf7df0eb98b5732,workstation,single-source,
exports/WalkerRun_pathwise_fa_pad0_s4_final,WalkerRun,pathwise,4,0,6,0,24,24,32,0.5,0.015279999934136868,0.011264230124652386,0.99,0.95,52297728,399,1.0,902.0643310546875,0.0,False,False,True,1599.207745783031,/home/human/workspaces/reppo_original/outputs/2026-08-30/19-57-28,actor.npz|critic.npz|meta.json|normalizer.npz,0,5739507,2026-08-30T20:24:13Z,742f2841a260123d912c8fea655f2f663870d01e0f3486e57a44d6d5df9b1173,28e63bd1f63a254d91ee8781cc3290a0015de225b9eeb09ae47cd5958834e39a,a66cf8392886f3bc691d02254a23760084f405108b09744c35b02febab531c22,1c638bb8aca3cd7e78afb699c244e27b0f15a0444fd31f59324668f7263d1382,workstation,single-source,
exports/WalkerRun_pathwise_fa_pad16_s0_final,WalkerRun,pathwise,0,0,22,16,24,24,32,0.5,0.015279999934136868,0.02360256016254425,0.99,0.95,52297728,399,1.0,903.568603515625,0.0,False,False,True,861.8769862089539,/rwthfs/rz/cluster/hpcwork/qzi10910/reppo_runs/outputs/pad16/pathwise_s0,actor.npz|critic.npz|meta.json|normalizer.npz,0,5842844,2026-09-01T19:31:05Z,d67800740846c663c36e9eeb58a41861cdee4d9b9780fc1b273a1bf7342bc283,85612082bdd0e7ef5246bc159e78981ce0a8bcc55a9d5b2e61a0de3d5d07660f,ffa1bffa18c2f15487858e8a1eabd1d97a0aa724fd28dff4b1e57b42ea8d0209,4737fe9377faec545342c21b3f1337f12262f478a115e1e32e11b0411d992a4c,both,MISMATCH:sha256_actor|sha256_critic|sha256_meta|sha256_normalizer,alpha_kl|final_eval_return|train_seconds|hydra_run_dir|bytes_total|mtime_utc|sha256_actor|sha256_critic|sha256_meta|sha256_normalizer
exports/WalkerRun_pathwise_fa_pad16_s1_final,WalkerRun,pathwise,1,0,22,16,24,24,32,0.5,0.015279999934136868,0.01822563447058201,0.99,0.95,52297728,399,1.0,910.3348999023438,0.0,False,False,True,861.4344718449283,/rwthfs/rz/cluster/hpcwork/qzi10910/reppo_runs/outputs/pad16/pathwise_s1,actor.npz|critic.npz|meta.json|normalizer.npz,0,5842844,2026-09-01T19:33:13Z,92c46d26dd46a6563bcbf09cbece1c17dae0795b02e8712a711125a0b2ccd903,adea782683bcffdaa35379ebe6a73235cce696563501d82f311e3d2d322a867e,a81121228f097fe2e7f0c9f18ed37742c781477d916efce0f80c8a5ff2fdfd93,824e03b73417d7622d71b1573e97f05fb55deb934a526cc24a1720b00bf3ef73,both,MISMATCH:sha256_actor|sha256_critic|sha256_meta|sha256_normalizer,alpha_kl|final_eval_return|train_seconds|hydra_run_dir|bytes_total|mtime_utc|sha256_actor|sha256_critic|sha256_meta|sha256_normalizer
exports/WalkerRun_pathwise_fa_pad16_s2_final,WalkerRun,pathwise,2,0,22,16,24,24,32,0.5,0.015279999934136868,0.018835142254829407,0.99,0.95,52297728,399,1.0,909.5820922851562,0.0,False,False,True,860.2115446969401,/rwthfs/rz/cluster/hpcwork/qzi10910/reppo_runs/outputs/pad16/pathwise_s2,actor.npz|critic.npz|meta.json|normalizer.npz,0,5842846,2026-09-01T19:33:12Z,d966d04a799a6a47c4f9f825dfbb7c0ffb2ea0582b742b24450706573ddf5ce1,b01bd7b225038219c2cd24d603daaae3c54e8ad60d720a79f317079ca25fcb88,c15c59b5027ecd03cf04721087d799cc78b5bcd7ac37ac2e6352de2a4b1ff19b,211cc0d4cd3026fced4c35646d7219317d111f56679b0fb0fb3ac2954a80bdcd,both,MISMATCH:sha256_actor|sha256_critic|sha256_meta|sha256_normalizer,alpha_kl|final_eval_return|train_seconds|hydra_run_dir|bytes_total|mtime_utc|sha256_actor|sha256_critic|sha256_meta|sha256_normalizer
exports/WalkerRun_pathwise_fa_pad16_s3_final,WalkerRun,pathwise,3,0,22,16,24,24,32,0.5,0.015279999934136868,0.018937135115265846,0.99,0.95,52297728,399,1.0,907.1201782226562,0.0,False,False,True,859.1483690399909,/rwthfs/rz/cluster/hpcwork/qzi10910/reppo_runs/outputs/pad16/pathwise_s3,actor.npz|critic.npz|meta.json|normalizer.npz,0,5842840,2026-09-01T19:33:51Z,72ab874103729d45f29ac71ba947c26cffd969343dab650393b208d274f7edde,fde7327290846e889341412b195d7a106f5cb1cc0268e345dd98868077c2a8d8,f7935df297ba963c7b111cc75524f82942424f3f41def7aa7127ecba42c3beaa,1acb820ee8104076e42d4805e45bba1cb875c46d0a1e11bedb8291f69a0ee0ca,both,MISMATCH:sha256_actor|sha256_critic|sha256_meta|sha256_normalizer,alpha_kl|final_eval_return|train_seconds|hydra_run_dir|bytes_total|mtime_utc|sha256_actor|sha256_critic|sha256_meta|sha256_normalizer
exports/WalkerRun_pathwise_fa_pad16_s4_final,WalkerRun,pathwise,4,0,22,16,24,24,32,0.5,0.015279999934136868,0.018067296594381332,0.99,0.95,52297728,399,1.0,902.1347045898438,0.0,False,False,True,850.7175954029663,/rwthfs/rz/cluster/hpcwork/qzi10910/reppo_runs/outputs/pad16/pathwise_s4,actor.npz|critic.npz|meta.json|normalizer.npz,0,5842852,2026-09-01T19:34:51Z,4c39951e4cb5d5b6a78722aab343ae7fe37f8d31e9418eb19314d493b28e447f,a043dc50adedd24a49ffe3d17772938f9927bae2c2f2f22abcbb62cddeb49a32,783f2475ab5b8ba8802b2fcbcefdc3456a9951044a25f9951c84495415d650b5,1dadc3a9358567323708e4a5c46476da4680989b957dec1249a1fc4f6ddf871e,both,MISMATCH:sha256_actor|sha256_critic|sha256_meta|sha256_normalizer,alpha_kl|final_eval_return|train_seconds|hydra_run_dir|bytes_total|mtime_utc|sha256_actor|sha256_critic|sha256_meta|sha256_normalizer
exports/WalkerRun_pathwise_fa_pad6_s0_final,WalkerRun,pathwise,0,0,12,6,24,24,32,0.5,0.015279999934136868,0.016788767650723457,0.99,0.95,52297728,399,1.0,909.024658203125,0.0,False,False,True,1609.580621342,/home/human/workspaces/reppo_original/outputs/2026-08-31/04-44-31,actor.npz|critic.npz|meta.json|normalizer.npz,0,5776415,2026-08-31T05:11:27Z,6ec2aef5ba2368db81222855c0f42f42e058218fdca4310e78771d1164dc6793,ac8e1618b8eaa045776a95dd54ba26439b2438306b3ac67623c5d2509487dcec,4bf01412c5bbc5266ddf52056b3bb1ba49c3cb45966bd5872776e39484f79f8e,c654480f4b3374a9feba74e06cf54888c7e85d8670626367daaf7ad37e08f307,workstation,single-source,
exports/WalkerRun_pathwise_fa_pad6_s1_final,WalkerRun,pathwise,1,0,12,6,24,24,32,0.5,0.015279999934136868,0.016821157187223434,0.99,0.95,52297728,399,1.0,907.140625,0.0,False,False,True,1638.7979247280164,/home/human/workspaces/reppo_original/outputs/2026-08-31/06-11-28,actor.npz|critic.npz|meta.json|normalizer.npz,0,5776401,2026-08-31T06:38:52Z,fc377796df418b5ffe12a75242a6d05ad58ee7676ca8525730619c25a2fc7a41,794eb315fe22cf1630c8dc35c45fa8e78992186a6707d5fa3cd8c06983c9479a,dcf1ac1406b63e25af508907693013c0c3b51fca4632449b13957cd66dc144e8,3283566b1e7c67c68637a1dc87b6080ba3c7564c0c6c9de73682a9cd96b6bafc,workstation,single-source,
exports/WalkerRun_pathwise_fa_pad6_s2_final,WalkerRun,pathwise,2,0,12,6,24,24,32,0.5,0.015279999934136868,0.016057651489973068,0.99,0.95,52297728,399,1.0,910.743896484375,0.0,False,False,True,1581.5729458960122,/home/human/workspaces/reppo_original/outputs/2026-08-31/07-39-20,actor.npz|critic.npz|meta.json|normalizer.npz,0,5776428,2026-08-31T08:05:48Z,552b03b52f172f7d37a7907f100538daf2392a46c0c8f3f9536a3dc9e7488c29,8882bc75aebf76afb82fbfa95c290f28675a4cfbca0533f1c699fa9c71628197,1f35ffa4bdd6ae10267bd73d484d1cb1473a63f6c69c1ad17687377163b50895,de4b8f87483e8fe40a8e50a13ce7b14558e270c15859b84589ad37b024f1f960,workstation,single-source,
exports/WalkerRun_pathwise_fa_pad6_s3_final,WalkerRun,pathwise,3,0,12,6,24,24,32,0.5,0.015279999934136868,0.017625799402594566,0.99,0.95,52297728,399,1.0,908.859130859375,0.0,False,False,True,1642.3855860279873,/home/human/workspaces/reppo_original/outputs/2026-08-31/09-06-27,actor.npz|critic.npz|meta.json|normalizer.npz,0,5776430,2026-08-31T09:33:55Z,3f3611fe23c827db1ec6b8aaa521c43a250e8bfa471c28090d012b7f89db9154,eb4b12600e9d82bc0325f3d7b89b0ca3e459a9d6ab6b52698f65abf1d543e58a,56f2ca504cab67fc706d86ee3fdd428f0072c4af4c001d3ef47dc87711c4097f,b28ae09f4fd17edfd4c8f77921601f7d546f13de0687fd2b57461bad4677c544,workstation,single-source,
exports/WalkerRun_pathwise_fa_pad6_s4_final,WalkerRun,pathwise,4,0,12,6,24,24,32,0.5,0.015279999934136868,0.01353665255010128,0.99,0.95,52297728,399,1.0,908.2845458984375,0.0,False,False,True,1624.135159138008,/home/human/workspaces/reppo_original/outputs/2026-08-31/10-34-56,actor.npz|critic.npz|meta.json|normalizer.npz,0,5776432,2026-08-31T11:02:05Z,45f0d40c85c756f67968179209f67eedae7b349eb6bd9bc89f449c9a77c20d6f,7125f38950866b37b3d60da8a59b7ab38595e5e83eaf320fac4fa2fc096ba80f,e5cf227908526e328ba2dbd3afcc4d85987411ce9f1493d82e3c88130e6854dc,cbcb8f203a542abb6cc3e321a3d24c4350f8553c30800ebb06d78560246e9f52,workstation,single-source,
exports/WalkerRun_pathwise_fa_s101_final,WalkerRun,pathwise,101,0,6,0,24,24,32,0.5,0.014509915374219418,0.009246044792234898,0.99,0.95,52297728,399,1.0,911.6944580078125,0.0,False,False,True,822.7761890149995,/rwthfs/rz/cluster/hpcwork/qzi10910/reppo_runs/outputs/conf/walker_A_s101,actor.npz|critic.npz|meta.json|normalizer.npz,0,5744428,2026-09-01T12:17:28Z,055412bfe49265313b33e17aee4cd67097981c6c5fc7dd38fcb2a782dca3dc68,0c79172d18deb1f0dbc56b690ba01e5d0ff391c0571165279f68a99c04117f6b,93e77cea5ea87b3aa920b532db1bb7b5e392d4584d456e69babf95b0ecdb8a60,5a048c4a79ac4caa6423d347035e63dfbfd605cc782cde46b5cfb8679dd3b5e0,claix,single-source,
exports/WalkerRun_pathwise_fa_s102_final,WalkerRun,pathwise,102,0,6,0,24,24,32,0.5,0.014509915374219418,0.015087048523128033,0.99,0.95,52297728,399,1.0,910.4627685546875,0.0,False,False,True,823.2574112730072,/rwthfs/rz/cluster/hpcwork/qzi10910/reppo_runs/outputs/conf/walker_A_s102,actor.npz|critic.npz|meta.json|normalizer.npz,0,5744418,2026-09-01T12:18:24Z,e0602331b2a20d47c604b0b5ed2219b0316f5daa7ef1907c14b70f1ba045aa6e,092347454305cbdddd152cd7af878cedb696860ec23c43a6675c0eeb3f41cbe3,63413219f29a832f85843df90f68d01b125ca43bca047d024f16c8c5cf8d8576,77274ab3731518e25a160670666f36a93b3cae42d1ecc8cd0d05a4509aed30a1,claix,single-source,
exports/WalkerRun_pathwise_fa_s103_final,WalkerRun,pathwise,103,0,6,0,24,24,32,0.5,0.014509915374219418,0.011381862685084343,0.99,0.95,52297728,399,1.0,910.5733642578125,0.0,False,False,True,828.9315479039942,/rwthfs/rz/cluster/hpcwork/qzi10910/reppo_runs/outputs/conf/walker_A_s103,actor.npz|critic.npz|meta.json|normalizer.npz,0,5744409,2026-09-01T12:19:14Z,faf5fee0b69331cadceee75533cf130fc6529c153be150b7c25aa231ff8d5ace,76f1e550398576e1bf4b7616cc2e69b53c2a30c02ec633904fb06973dc2bb97b,74ba553960c6d4e446941fe6dfe826d94e78bcfbffd9d917fe7124944706dae7,fbff132e21a4b3dc8d914f000cc815eeaf68f3961fbc8ccdde655263ec80d3bb,claix,single-source,
exports/WalkerRun_pathwise_fa_s104_final,WalkerRun,pathwise,104,0,6,0,24,24,32,0.5,0.014509915374219418,0.010600500740110874,0.99,0.95,52297728,399,1.0,909.600830078125,0.0,False,False,True,828.3455416270008,/rwthfs/rz/cluster/hpcwork/qzi10910/reppo_runs/outputs/conf/walker_A_s104,actor.npz|critic.npz|meta.json|normalizer.npz,0,5744418,2026-09-01T12:19:39Z,33b1d5dab618626b7eb5e2ee7e07c94a42d4e273ca03068013cfe17add29757e,78246c6051f57f9914f3f22c3764f97e20599613a4d5f0a207d0a0e2250ff750,3afb460b5b4513e37957ac314ea30e7f2ed44e9713616b468b10459a0bd7b507,a4eadaf51d6da25e95c2d655020d52599b912953f0fe656f625b88d521433524,claix,single-source,
exports/WalkerRun_pathwise_fa_s105_final,WalkerRun,pathwise,105,0,6,0,24,24,32,0.5,0.014509915374219418,0.015285158529877663,0.99,0.95,52297728,399,1.0,907.2993774414062,0.0,False,False,True,825.7409431749984,/rwthfs/rz/cluster/hpcwork/qzi10910/reppo_runs/outputs/conf/walker_A_s105,actor.npz|critic.npz|meta.json|normalizer.npz,0,5744425,2026-09-01T12:22:41Z,db003b956b3e682ff01f9c357406ddd3da584e0dd870f4f8982a968dbb7365fd,a715109e5ab9193ef0a21d21251c80c7217b70b05d792eb422f5b238c44f6dd9,e2e55fec2b0393229af1f0bab7afa61c3696e003eb52558fc120b703040b891b,8773f29b6b1480c4e9c2eb0b3f29ec2b766df8ba21bf76d7a6358cdd153e3183,claix,single-source,
exports/WalkerRun_pathwise_fa_s106_final,WalkerRun,pathwise,106,0,6,0,24,24,32,0.5,0.014509915374219418,0.014694049954414368,0.99,0.95,52297728,399,1.0,897.6251220703125,0.0,False,False,True,836.5097255750006,/rwthfs/rz/cluster/hpcwork/qzi10910/reppo_runs/outputs/conf/walker_A_s106,actor.npz|critic.npz|meta.json|normalizer.npz,0,5744414,2026-09-01T12:37:30Z,cfeab712aa1283ecbdd63d94878bf01b8f81c40676c23c8c7f45078ac1f72fa5,b0aff1af62aa2e749f4a3d2e8805c6a0a705c1aaad4dce4b47d0027aea3e105c,096e8a8d9e1ecb7ba1291c6f2ee18872044c26166d434cf4a515ea4ffcd4a613,836b6a48577b640b745f67d5e4fc7370375fe5d31a7e9a3ab8012c0cf503390b,claix,single-source,
exports/WalkerRun_pathwise_fa_s107_final,WalkerRun,pathwise,107,0,6,0,24,24,32,0.5,0.014509915374219418,0.011504112742841244,0.99,0.95,52297728,399,1.0,903.2528076171875,0.0,False,False,True,842.3940627990087,/rwthfs/rz/cluster/hpcwork/qzi10910/reppo_runs/outputs/conf/walker_A_s107,actor.npz|critic.npz|meta.json|normalizer.npz,0,5744430,2026-09-01T12:39:25Z,25cf95b99163b07c98a580e936b127f9e4272ca3e090a1fe12ba9677521426e3,65be07542a7c648196afb9d50fdf67a9938aeb4ef08de68bec521550dad891f9,6b0c04a14451abb8695beeb5e0b41eb9601da7c925ea3c08160778c55e4e323f,2a26aa7dc0db4258cb593366a64385348524c3bf345b947450257bf157862cf7,claix,single-source,
exports/WalkerRun_pathwise_fa_s108_final,WalkerRun,pathwise,108,0,6,0,24,24,32,0.5,0.014509915374219418,0.019291825592517853,0.99,0.95,52297728,399,1.0,889.9786376953125,0.0,False,False,True,827.433050681997,/rwthfs/rz/cluster/hpcwork/qzi10910/reppo_runs/outputs/conf/walker_A_s108,actor.npz|critic.npz|meta.json|normalizer.npz,0,5744424,2026-09-01T12:40:28Z,b4a532b81d5cde206a90ee1f377266471d0fe1d1aa6559b5c538a4e6b798a3ce,241ea50fbc5f005940b663573c9a0a5e456ae9e651c5e4018c8429c7f354c913,aa816beffbeba831468a18a6c325d1266c0b47bdd267f37fddbfae5f1dd071b7,6c35cbc6b8a83fddf49f98d3d5909d6967120f7f89a375b30bbef745686c48f3,claix,single-source,
exports/WalkerRun_pathwise_fa_s2_final,WalkerRun,pathwise,2,0,6,,24,24,32,0.5,0.015279999934136868,0.01057217177003622,0.99,0.95,52297728,399,1.0,910.2832641601562,0.0,False,False,True,998.8284593530043,/home/human/workspaces/reppo_original/outputs/2026-08-28/04-45-58,actor.npz|critic.npz|meta.json|normalizer.npz,0,5739488,2026-08-28T05:02:42Z,3c1ccdd50a5b9ef254c5bdec493bac5da54f8b81cb293ff7af541236077200c0,088a27fb8ad133006218b16d8d3ec2544512d02b2d10abdb6495f65408b02656,7125d59e7b8395d5baa61e3136fb84f803357bf11f91cef9163fb6de303a9bb0,3da144e955a264be179498f0660449f24495a3b0501acdfedf1eee339f4e6eb8,workstation,single-source,
exports/WalkerRun_pathwise_fa_s301_final,WalkerRun,pathwise,301,0,6,0,24,24,32,0.5,0.014509915374219418,0.012048080563545227,0.99,0.95,52297728,399,1.0,911.151123046875,0.0,False,False,True,882.8274128760677,/rwthfs/rz/cluster/hpcwork/qzi10910/reppo_runs/outputs/faithful_repair/walker_PW1_s301,actor.npz|critic.npz|meta.json|normalizer.npz,0,5744447,2026-09-02T02:54:46Z,e0cbb41c2bbd92aca194bfd058f28d4188a6f7bdce5c4fac6103b8711d8812b4,b8f22a654a53e8f7bbd587d4b66a51d7516607b658ea1da143013ecf53ba8ba9,6298c9111cb588cc2656a7d2fdbe4af1a776a970a0158fe9a7b2e0fa2bf5d5d9,59586248211d5b165a13ac182da9c521bf9add2ad163deac62db32cda55280b0,claix,single-source,
exports/WalkerRun_pathwise_fa_s302_final,WalkerRun,pathwise,302,0,6,0,24,24,32,0.5,0.014509915374219418,0.015185674652457237,0.99,0.95,52297728,399,1.0,899.4186401367188,0.0,False,False,True,862.828734737006,/rwthfs/rz/cluster/hpcwork/qzi10910/reppo_runs/outputs/faithful_repair/walker_PW1_s302,actor.npz|critic.npz|meta.json|normalizer.npz,0,5744447,2026-09-02T08:13:55Z,f8be432948db058219e2c4c1da66133c5285457b96b42be9472e4482509dcfb1,a625a00c4cecf822b167af052c9807ba479fd4be6bd47359c74d8adfbdb5084f,49a74fca29fa48a4b63c32ce35010311a8623979e580bff01cf9da00e4f3a543,ff9a160d8ef399405780d0321033a1058a48462973c61f6dba4ef26965064c39,claix,single-source,
exports/WalkerRun_pathwise_fa_s303_final,WalkerRun,pathwise,303,0,6,0,24,24,32,0.5,0.014509915374219418,0.011266454122960567,0.99,0.95,52297728,399,1.0,907.067626953125,0.0,False,False,True,873.938796262024,/rwthfs/rz/cluster/hpcwork/qzi10910/reppo_runs/outputs/faithful_repair/walker_PW1_s303,actor.npz|critic.npz|meta.json|normalizer.npz,0,5744440,2026-09-02T02:54:38Z,0e4bc876c3a54aef389426e1b7dfc47798372e6017a645066f6fea5cfe88a72f,d58be70c5c558cd17bc530b3d26b1188595c9c7c5108a8f9fce2194dc14fa803,b7d2567fc814e9dd9e97dbd9fc8e7a783594b29ae5629944ceacfab01468ca65,8218aa5e633f46d6883b9fe0d8c1bbbc86d9e22ce29a743463f20ee7de89c33e,claix,single-source,
exports/WalkerRun_pathwise_fa_s304_final,WalkerRun,pathwise,304,0,6,0,24,24,32,0.5,0.014509915374219418,0.010706217959523201,0.99,0.95,52297728,399,1.0,910.3604736328125,0.0,False,False,True,864.7718789260252,/rwthfs/rz/cluster/hpcwork/qzi10910/reppo_runs/outputs/faithful_repair/walker_PW1_s304,actor.npz|critic.npz|meta.json|normalizer.npz,0,5744449,2026-09-02T08:13:57Z,3c70af60fb0d522afcb48449cb4c32edf98b83790ac2124ba8f67301a0ce2a88,431cacf3f2b072e735392b79b9fcc1ecc1c179ec680f4813a6da49a15d26bf91,3c8e97f7f8f9347e8031819ac60adcb0ef8edfbdfad5eb0291b907cedde1c561,bcf3b41b840a5acfee9dd445e4da37e716d48ba6db04866e78f5a48416a3c461,claix,single-source,
exports/WalkerRun_pathwise_fa_s305_final,WalkerRun,pathwise,305,0,6,0,24,24,32,0.5,0.014509915374219418,0.011985857039690018,0.99,0.95,52297728,399,1.0,908.5802612304688,0.0,False,False,True,883.7037381860428,/rwthfs/rz/cluster/hpcwork/qzi10910/reppo_runs/outputs/faithful_repair/walker_PW1_s305,actor.npz|critic.npz|meta.json|normalizer.npz,0,5744451,2026-09-02T03:05:19Z,aa308929b3d513c13291e7fa263c095915f97753eb429871887e8e684514e873,5c951dc121e793dbead9feccba624868e8165cf47c2d012f5adf27285de3a450,1b0fb892eb59c567a030e13153ec0b6814ad3011318506cebe745e6e72c8afad,6e979ff42bfcfb7dc4811bea82761f0756801cbe8ac70bbfdeabb2e6bd67e49c,claix,single-source,
exports/WalkerRun_pathwise_fa_s306_final,WalkerRun,pathwise,306,0,6,0,24,24,32,0.5,0.014509915374219418,0.01288538333028555,0.99,0.95,52297728,399,1.0,908.729248046875,0.0,False,False,True,861.2077708510042,/rwthfs/rz/cluster/hpcwork/qzi10910/reppo_runs/outputs/faithful_repair/walker_PW1_s306,actor.npz|critic.npz|meta.json|normalizer.npz,0,5744438,2026-09-02T08:16:46Z,9a4201c4a6daaa9a1d603d0819e4c7907d8c3cf4dacf01812799e63d9bfe1233,aded24060d4cc87dc3079f9d4c878b4cc7d5db7ec21a787adb8c6dfb2b37b045,de20e5aa5a236aab26314dafd01fe839ef80bf5cf3b7e2c447d3a8d2fbcf1916,efdc92af88edf408f22aa75de75bf1b53032176349dbb4ac6aae141108e549cc,claix,single-source,
exports/WalkerRun_pathwise_fa_s307_final,WalkerRun,pathwise,307,0,6,0,24,24,32,0.5,0.014509915374219418,0.010133283212780952,0.99,0.95,52297728,399,1.0,915.124267578125,0.0,False,False,True,872.9479708619183,/rwthfs/rz/cluster/hpcwork/qzi10910/reppo_runs/outputs/faithful_repair/walker_PW1_s307,actor.npz|critic.npz|meta.json|normalizer.npz,0,5744440,2026-09-02T03:07:30Z,5d9a5b7790eb89acfdb4e3c09ce8aa9b49fe91f8f7e30d13806ab05049c2c998,50e515edcb8bad85bb5eeb860241c4995db7eb52901c9737acbc712ef10e280b,fe0e94a906ca03080b6a66b1551970718e8f7befb52d5130456d814c5015cd8c,15bc7aff47b32ae715c0595447d256d89344501932ae4192f707d0e4dac9957b,claix,single-source,
exports/WalkerRun_pathwise_fa_s308_final,WalkerRun,pathwise,308,0,6,0,24,24,32,0.5,0.014509915374219418,0.02456815168261528,0.99,0.95,52297728,399,1.0,914.101806640625,0.0,False,False,True,863.973886938009,/rwthfs/rz/cluster/hpcwork/qzi10910/reppo_runs/outputs/faithful_repair/walker_PW1_s308,actor.npz|critic.npz|meta.json|normalizer.npz,0,5744451,2026-09-02T08:17:10Z,02c7ae00ab931429d789cb2847e257a2c3fbbf0f04bf1d49c69d0f0cea5748ea,b1be4125ac48ca11d4cc42749676302eff3301c4aabf9cea7df0ef1904575227,5d04aa250b2a573faee18a45958249131e48fc4c7320966e4fee032b0d7ce57b,6b11056e103b6a4eefd7e0e5da115f19ae834c1df785e626d1284bdb3d252185,claix,single-source,
exports/WalkerRun_pathwise_fa_s402_final,WalkerRun,pathwise,402,0,6,0,24,24,32,0.5,0.014509915374219418,0.10157772898674011,0.99,0.95,3932160,30,1.0,518.220458984375,0.0,False,False,True,308.96440319903195,/rwthfs/rz/cluster/hpcwork/qzi10910/reppo_runs/outputs/fr_smoke/pathwise_s402,actor.npz|critic.npz|meta.json|normalizer.npz,0,5748487,2026-09-02T02:36:01Z,3abbdbbbe5fd738f6e1e52cba4b53f3b27b6a1464b2d1e040dc98691474df7ea,be1a4c7a9f6f0fba8b9a5ed72effbdf1f74ac3685bb8aee14bb7f4aaf25ff524,61bb2d2612cf3cf49ec75f5e2d2f7b293670f739cdfa76c6804a0aada2d79851,7c7e609bf41c5f29a0848f4fc6ead834d6ab1c7ae70c20cf25d34f8bd0fd4fad,claix,single-source,
exports/WalkerRun_pathwise_s0_final,WalkerRun,pathwise,0,0,6,0,24,24,32,0.5,0.016810068860650063,0.022030826658010483,0.99,0.95,52297728,399,1.0,895.5374145507812,0.0,False,False,True,1538.9878636079957,/home/human/workspaces/reppo_original/outputs/2026-08-30/13-47-19,actor.npz|critic.npz|meta.json|normalizer.npz,0,5739492,2026-08-30T14:13:03Z,5c76a3f9935ee1e5e2b34f651d32d81a56857b940d1df641c270c595ce2c54ad,b3f23b8c4b4b75b28cafe23f7983a300b0b2ce15568b7a010664d327db2f7aa8,b5bfae9a80dc39339716d9aa68465f064167be1e077c046fae6c2e397ab3c918,9b80a2dc810d2d709f343db21a42f64a6c7255c655cd0d920acde67527bb39c7,workstation,single-source,
exports/WalkerRun_pathwise_s1_final,WalkerRun,pathwise,1,0,6,,24,24,32,,0.015240145847201347,0.01859450712800026,0.99,0.95,52297728,399,1.0,900.7498779296875,0.0,False,False,True,1559.2678749699999,/home/human/workspaces/reppo_original/outputs/2026-08-27/13-14-26,actor.npz|critic.npz|meta.json|normalizer.npz,0,5735514,2026-08-27T13:40:30Z,bf4f08737f200b0fb2088780b34b32999ccc0c520615f5e416398a445e091792,13bd3e37eb1285f7d156f10a6ef755f70ab4b66c52b9ef6084fbac9d608c5e63,41437966332c58d8cd48f2d4b48cb636b4e838d50757a9a68d4ac6c35e7e951e,7980a3ba04205ba92a7199f6d8e29846d0ecf5b14bc5e3113c24ae7b1f1c9b3f,workstation,single-source,
exports/WalkerRun_pathwise_s2_final,WalkerRun,pathwise,2,0,6,,24,24,32,,0.010116535238921642,0.0229890625923872,0.99,0.95,52297728,399,1.0,899.7708740234375,0.0,False,False,True,1565.5418991040005,/home/human/workspaces/reppo_original/outputs/2026-08-27/13-40-38,actor.npz|critic.npz|meta.json|normalizer.npz,0,5735506,2026-08-27T14:06:48Z,ee74095d382692f969b4c01bfd94aa1ef9e5969fef00eaf1d6619d7443bd1f8c,1456e51037fc322905abb3a231c9883d0e6e24dbb14a3fefe67dcd9140cad99d,a7b52da94a4ae1fd787f3d71333d5e10891ee38afda8b7877effa5f1a36ecf95,58b8171e271b65474f40d2623794a9ace1d696815efffb8be29b0b6b29a539ec,workstation,single-source,
exports/WalkerRun_pathwise_s901_final,WalkerRun,pathwise,901,0,6,0,24,24,32,0.5,0.016088107600808144,0.014628698118031025,0.99,0.95,52297728,399,1.0,885.738525390625,0.0,False,False,True,1158.4658852950088,/home/human/workspaces/reppo_original/outputs/manual/cal901-walker,actor.npz|critic.npz|meta.json|normalizer.npz,0,5745286,2026-08-31T23:40:52Z,0a0c77533a4f82acdb9d46193a97a3524b98157c46b82caa0315ec97d7858440,5d8de5181015b2d8a5d3842ca119684a89c81ec87b24f5500dd57d265bce5320,f70ae54ac79b3df0242d0b9c4eaa78594a6cfc6c7659f8233752bb7b6766363c,d751b307b9c96e9dd66473dac024ea692d79082b1402afd7bf1930b878002ff9,workstation,single-source,
exports/WalkerRun_pathwise_s99_final,WalkerRun,pathwise,99,0,6,,24,24,32,,0.01825069636106491,0.030201099812984467,0.99,0.95,26214400,200,1.0,857.35791015625,0.0,False,False,True,902.5860924640001,/home/human/workspaces/reppo_original/outputs/2026-08-27/12-29-55,actor.npz|critic.npz|meta.json|normalizer.npz,0,5735435,2026-08-27T12:45:03Z,47e88ab8d884afb96c9149be5db5ae31141bf698ad6c534cad58b8f4dc8fe113,16d8282cd37b0f3e50157fdfe79d04d09cdbeef0d7c87c7733ca0013724aadf4,ff7b542ed183ab293d067a5c6b9b5990f13d15b6913da20915f91f0ee62d2146,05c2e1960f39772beba455f7aefbdf0fca6ed2ddcd427d07a3c538a835aa3dae,workstation,single-source,
exports/WalkerRun_weighted_mle_pad0_s0_final,WalkerRun,weighted_mle,0,0,6,0,24,24,32,0.5,0.015279999934136868,0.525786817073822,0.99,0.95,52297728,399,1.0,913.3693237304688,21.244874954223633,False,False,True,3529.829024165054,/home/human/workspaces/reppo_original/outputs/2026-08-30/14-39-45,actor.npz|critic.npz|meta.json|normalizer.npz,0,5742355,2026-08-30T15:38:40Z,7a779d28d17cd5435c5a519524b952f8a63f53e13061e20576bb8df77284c275,533124e7846c50412f1154a4c89b9e6506c0cf5a601b5827ed7048e3dc73aaf1,71e072668cd75a950c475695b3e566bfc48c4d1fb915223f8b787cb649fd087a,775a4abbaf2f16e95997448edaebf509f69f546172c3f039d0ffa5b6b6d0910c,workstation,single-source,
exports/WalkerRun_weighted_mle_pad0_s1_final,WalkerRun,weighted_mle,1,0,6,0,24,24,32,0.5,0.015279999934136868,0.6195685863494873,0.99,0.95,52297728,399,1.0,898.7353515625,20.705486297607422,False,False,True,3574.098959577037,/home/human/workspaces/reppo_original/outputs/2026-08-30/16-05-16,actor.npz|critic.npz|meta.json|normalizer.npz,0,5742342,2026-08-30T17:04:55Z,0cdaf53335048990e7a3342a46411880c3d9f2bb7c3186469f63675e9075d25f,3de6f1741bc6675f1a18911f1e1cb47c03ba4a0b3573ef0334d637c22408dd66,c902c0dfe2d9da1756ef3f238de31889f2f9b5345c864fc28680e1f38837dc77,c33c90c406ec399411bf638cb1507da38ad5d6acf577ff9f111393e14a93edef,workstation,single-source,
exports/WalkerRun_weighted_mle_pad0_s2_final,WalkerRun,weighted_mle,2,0,6,0,24,24,32,0.5,0.015279999934136868,0.6101240515708923,0.99,0.95,52297728,399,1.0,906.4217529296875,20.586563110351562,False,False,True,3585.965251036978,/home/human/workspaces/reppo_original/outputs/2026-08-30/17-31-24,actor.npz|critic.npz|meta.json|normalizer.npz,0,5742332,2026-08-30T18:31:15Z,90b576d9d23972e584377c7fb8e992d2d228680aacfac557dfc5b5b0baf719a3,93f79ee57592c391d4e290ca34834af25108416968029172bc9ed8fbf47dfcbc,225b02e1c2d2fdf8cfafbc8f0f58b63bd8179d9f855cf1fd59eb82d2d60c3b90,30984a620b934c80e60e2439429d8a8863d99e1ff93817c6b41f8b006ecae9eb,workstation,single-source,
exports/WalkerRun_weighted_mle_pad0_s3_final,WalkerRun,weighted_mle,3,0,6,0,24,24,32,0.5,0.015279999934136868,0.5441866517066956,0.99,0.95,52297728,399,1.0,894.9641723632812,21.099979400634766,False,False,True,3575.2487809059676,/home/human/workspaces/reppo_original/outputs/2026-08-30/18-57-38,actor.npz|critic.npz|meta.json|normalizer.npz,0,5742342,2026-08-30T19:57:20Z,8271c9e926b7e9ae0cbd3a1e6a72b70e076c326ed354960d9cae46a0477b5285,faf1717b64df2f48d6260d3cd91b8edba1c6d85f52b3349e5a43d438f2bde73d,f2076bca766f2442c101b6ff390f2df762657d95bd7e969814fa43fed76a1071,f43039a7870c56380141bf96095487ab00288116b94c872c1008723edb249f93,workstation,single-source,
exports/WalkerRun_weighted_mle_pad0_s4_final,WalkerRun,weighted_mle,4,0,6,0,24,24,32,0.5,0.015279999934136868,0.553837776184082,0.99,0.95,52297728,399,1.0,923.2868041992188,20.667484283447266,False,False,True,3648.293126986013,/home/human/workspaces/reppo_original/outputs/2026-08-30/20-24-21,actor.npz|critic.npz|meta.json|normalizer.npz,0,5742355,2026-08-30T21:25:15Z,7537c0967d8da01abcde3f6bf0e950cd373c720f985856e84432b3f0d2977980,0a8ed55d34b3aa905a4aba840bb55436981658aef7ba9e06202f7a59c7f357dd,4b88728e91e77f5d9831c7d49957d6eefa64b3593071e0dc787f6694c4a68073,9f350dadd66e876fe8a2ec51113c978fedb811faf8a79dfc0f5cc1a5a87590d8,workstation,single-source,
exports/WalkerRun_weighted_mle_pad16_s0_final,WalkerRun,weighted_mle,0,0,22,16,24,24,32,0.5,0.015279999934136868,0.7982089519500732,0.99,0.95,52297728,399,1.0,571.4214477539062,16.634798049926758,False,False,True,1318.4674654490082,/rwthfs/rz/cluster/hpcwork/qzi10910/reppo_runs/outputs/pad16/weighted_mle_s0,actor.npz|critic.npz|meta.json|normalizer.npz,0,5845725,2026-09-01T19:44:15Z,74d6f6d05b9a1143143cd83c1a5722790b9db2ad688ef019f0caac4d6208bdc7,5ee090530c55b1495ff99cb2437d32f95704174f2302a838711afd5819f447f9,570459fed0b48a6e625ed418aed94a4142ddfab5fec52689393f96e9d42c4339,0a3d0bacb8cb87a0ecbc374f4a1604a1ec437a9ce7d84637a55c480c70216e39,both,MISMATCH:sha256_actor|sha256_critic|sha256_meta|sha256_normalizer,alpha_kl|final_eval_return|ess_final|train_seconds|hydra_run_dir|bytes_total|mtime_utc|sha256_actor|sha256_critic|sha256_meta|sha256_normalizer
exports/WalkerRun_weighted_mle_pad16_s1_final,WalkerRun,weighted_mle,1,0,22,16,24,24,32,0.5,0.015279999934136868,0.6022927761077881,0.99,0.95,52297728,399,1.0,630.1123657226562,17.693626403808594,False,False,True,1323.0120749650523,/rwthfs/rz/cluster/hpcwork/qzi10910/reppo_runs/outputs/pad16/weighted_mle_s1,actor.npz|critic.npz|meta.json|normalizer.npz,0,5845713,2026-09-01T19:44:19Z,11dd88d7f84d36b01f4a37ace39df83f7580cd67da09ca83d1978380439fd4ef,fc612e474f94777d475afe898e9ee6dbae3a3b68af9c70ede93e20c43b68ad49,3feb42effc0f63286679d3567b880cddaabf6b899df0768232768618818eb332,1363f87bd4df0a9b7916724f03c066a37f86c624b357da0a996d25c669b59cb5,both,MISMATCH:sha256_actor|sha256_critic|sha256_meta|sha256_normalizer,alpha_kl|final_eval_return|ess_final|train_seconds|hydra_run_dir|bytes_total|mtime_utc|sha256_actor|sha256_critic|sha256_meta|sha256_normalizer
exports/WalkerRun_weighted_mle_pad16_s2_final,WalkerRun,weighted_mle,2,0,22,16,24,24,32,0.5,0.015279999934136868,0.4994654059410095,0.99,0.95,52297728,399,1.0,651.53515625,18.285005569458008,False,False,True,1330.418496423983,/rwthfs/rz/cluster/hpcwork/qzi10910/reppo_runs/outputs/pad16/weighted_mle_s2,actor.npz|critic.npz|meta.json|normalizer.npz,0,5845715,2026-09-01T19:44:31Z,0c0c03605f16667d25ff4c2fc554ae492301bbc4baf0565e7f962a9f7fac2ed8,2afa0f76b28411a07b31c26d04ee909f655586aff0a45d278da5778a9a0ab429,973036907173da291385b6c336b78103a2468260e44c50b2bc1af9b23926a970,cf1c65219cdc26fbb4baf902a1f620e18f21d5b688e68ba86fc642c824f545d8,both,MISMATCH:sha256_actor|sha256_critic|sha256_meta|sha256_normalizer,alpha_kl|final_eval_return|ess_final|train_seconds|hydra_run_dir|bytes_total|mtime_utc|sha256_actor|sha256_critic|sha256_meta|sha256_normalizer
exports/WalkerRun_weighted_mle_pad16_s3_final,WalkerRun,weighted_mle,3,0,22,16,24,24,32,0.5,0.015279999934136868,0.7472954392433167,0.99,0.95,52297728,399,1.0,733.09326171875,16.95200538635254,False,False,True,1339.3280274709687,/rwthfs/rz/cluster/hpcwork/qzi10910/reppo_runs/outputs/pad16/weighted_mle_s3,actor.npz|critic.npz|meta.json|normalizer.npz,0,5845716,2026-09-01T19:44:35Z,1bbcf0fc24cb2067ec82d28a5dedfc74e70f5177791f1b296dfb0c7403a08072,4c1488d969530d245116af3b38ae08fa4407c9777bd25aa054c660ca4111aff1,83ae024deea7533e12476256478aa7d7d26f488178ee7a56db0b3ff26cdb9d8d,b75cafcc7b2526ab0eb4605dce4d875bd16f6bb5dbc4b0635723da387ee18435,both,MISMATCH:sha256_actor|sha256_critic|sha256_meta|sha256_normalizer,alpha_kl|final_eval_return|ess_final|train_seconds|hydra_run_dir|bytes_total|mtime_utc|sha256_actor|sha256_critic|sha256_meta|sha256_normalizer
exports/WalkerRun_weighted_mle_pad16_s4_final,WalkerRun,weighted_mle,4,0,22,16,24,24,32,0.5,0.015279999934136868,0.8771686553955078,0.99,0.95,52297728,399,1.0,456.61376953125,17.471954345703125,False,False,True,1331.6716821050504,/rwthfs/rz/cluster/hpcwork/qzi10910/reppo_runs/outputs/pad16/weighted_mle_s4,actor.npz|critic.npz|meta.json|normalizer.npz,0,5845735,2026-09-01T19:45:00Z,f2dc703cdb7525386edc030e7a7ff2ff3785c2fb6a8ea7d424ea2080dae7ef0f,687531f242b6039d7d36c81eb1632d27f61f599eb126246c081c78d13537a3f4,2f744f5a555d440fb2ab934ab4c15654c850ed7d77351a85c43408437ee9b8cd,7801e0596210e166adb115e406d4859f782e193e12bae3cbc256450b71830ad2,both,MISMATCH:sha256_actor|sha256_critic|sha256_meta|sha256_normalizer,alpha_kl|final_eval_return|ess_final|train_seconds|hydra_run_dir|bytes_total|mtime_utc|sha256_actor|sha256_critic|sha256_meta|sha256_normalizer
exports/WalkerRun_weighted_mle_pad6_s0_final,WalkerRun,weighted_mle,0,0,12,6,24,24,32,0.5,0.015279999934136868,0.7026727795600891,0.99,0.95,52297728,399,1.0,869.4747314453125,18.6636962890625,False,False,True,3577.1652215520153,/home/human/workspaces/reppo_original/outputs/2026-08-31/05-11-36,actor.npz|critic.npz|meta.json|normalizer.npz,0,5779258,2026-08-31T06:11:19Z,0ba8b834afcd5f608aed467f2125ff6856c4ecd78e3bd86d50e370b4124fc89a,5a807a077945a8192f8c3681d3d62b0b4e42e1b0bf43d0fbb9abe412876e3958,0139bf4fa3d5dd82fa4aabd426a204c17cbc4f4d98d68adcbbf83930f388d422,313418f0e2e424903c1721cce5401a2853b7dfd35b081d2ba681bd9b73f9716e,workstation,single-source,
exports/WalkerRun_weighted_mle_pad6_s1_final,WalkerRun,weighted_mle,1,0,12,6,24,24,32,0.5,0.015279999934136868,0.6056668758392334,0.99,0.95,52297728,399,1.0,871.9972534179688,18.091644287109375,False,False,True,3596.254172904999,/home/human/workspaces/reppo_original/outputs/2026-08-31/06-39-08,actor.npz|critic.npz|meta.json|normalizer.npz,0,5779279,2026-08-31T07:39:11Z,ece5c1aed30b93569d71488b393986f9a2b7f7407c841dfa05133253470ea640,5795168d1488375ab78a6133fd7bccca5cdfa882656b547bffd21a6006d501ec,7ea8d827be1b4cc1525ebfc99184e441e5a9eb4bde817540ef0c0db95494babe,a2600830cdb0f9a5b6802b3be57ccbfdc445b1599cc188922b46343127e0bf7b,workstation,single-source,
exports/WalkerRun_weighted_mle_pad6_s2_final,WalkerRun,weighted_mle,2,0,12,6,24,24,32,0.5,0.015279999934136868,0.6627101302146912,0.99,0.95,52297728,399,1.0,917.2644653320312,18.073097229003906,False,False,True,3615.11446290795,/home/human/workspaces/reppo_original/outputs/2026-08-31/08-05-57,actor.npz|critic.npz|meta.json|normalizer.npz,0,5779255,2026-08-31T09:06:16Z,b8fef8b1e82bcce57c9f2453858f9ffdb23a373afc375c40e5ab4fb7fda5d183,9164ad8f8e35f8a2c7116076f9cbbfe2a58e0c5097092bdc4b81673b311bf99f,d95f303bf83803b32212a569bba5c9b5c37ed92cd7edb4d109fa601865412d1a,f182e017f323e3433b16b830c2ffdea23cd229888e616a10422b441747b28e0e,workstation,single-source,
exports/WalkerRun_weighted_mle_pad6_s3_final,WalkerRun,weighted_mle,3,0,12,6,24,24,32,0.5,0.015279999934136868,0.6283804178237915,0.99,0.95,52297728,399,1.0,892.569091796875,19.063547134399414,False,False,True,3634.673029522004,/home/human/workspaces/reppo_original/outputs/2026-08-31/09-34-06,actor.npz|critic.npz|meta.json|normalizer.npz,0,5779248,2026-08-31T10:34:46Z,c5a615bbeb9088b73452591dc296cd9a73eb3b707f9474c4e7ddc52266ef1127,03af82bad72fb97f2763f64403052292120b6034df64397faef782a37dbb1afd,e19fc944ad2bbb340825704ff3a9b1907918682c3035a511edb04d17cb1d459b,9d237fc0fa7242082d0bb82d5b44d8402d9b509ea95c0899bbd976185c6a076b,workstation,single-source,
exports/WalkerRun_weighted_mle_pad6_s4_final,WalkerRun,weighted_mle,4,0,12,6,24,24,32,0.5,0.015279999934136868,0.6236552596092224,0.99,0.95,52297728,399,1.0,892.9846801757812,18.892166137695312,False,False,True,3657.4757810989977,/home/human/workspaces/reppo_original/outputs/2026-08-31/11-02-15,actor.npz|critic.npz|meta.json|normalizer.npz,0,5779251,2026-08-31T12:03:17Z,2afb7245d57e35902a2da1ba025e02445314c81c9fdc87b90d48de74932db87a,b1b5ffb380ff77c7de45d1f439631903cc2366146594d26f080d13ce7f95a1de,c79805c8da3823fedee1e8936b4f65cf0b085eff2f28d917d28aeab9b960eb9a,72771aacbd308cf9d5183e96cad71afae1318644bfaae19d47f28b23bb18731f,workstation,single-source,
exports/WalkerRun_weighted_mle_s101_final,WalkerRun,weighted_mle,101,0,6,0,24,24,32,0.5,0.014509915374219418,0.4814116060733795,0.99,0.95,52297728,399,1.0,909.2294311523438,21.018461227416992,False,False,True,1269.5986936059926,/rwthfs/rz/cluster/hpcwork/qzi10910/reppo_runs/outputs/conf/walker_B_s101,actor.npz|critic.npz|meta.json|normalizer.npz,0,5747268,2026-09-01T12:25:14Z,f5f08c2e570ccce9d08cbef2f036aef7a6a95fa3b03d56ef2f9e7d2ef23c5cfd,8ead4a9d0bdc7724554b205e8de45966609d801b3fd3da1dc4624bc626f9d78c,551f1713aeba061fb8578d49e2cf5699c5e9daf476bf7d70ecad09db6f545d62,4a825b404b42e00e0ac434bb724292860fcc13a00c9c50a8a3be07d99aa1fb29,claix,single-source,
exports/WalkerRun_weighted_mle_s102_final,WalkerRun,weighted_mle,102,0,6,0,24,24,32,0.5,0.014509915374219418,0.5815193057060242,0.99,0.95,52297728,399,1.0,879.208984375,20.74217987060547,False,False,True,1270.4502266579948,/rwthfs/rz/cluster/hpcwork/qzi10910/reppo_runs/outputs/conf/walker_B_s102,actor.npz|critic.npz|meta.json|normalizer.npz,0,5747250,2026-09-01T12:25:43Z,d6170a5aeb2ca046f188789e54aba8ead9272293d8e7da51c8d5df04f098b5eb,9f7d0ef28b08daa848b895fac278aea02ba9af660a88be7e08b19f533a25f68e,6d6b55e8b049e69713b295ec6399c66f54fe02c1c1d6556e5607657e47c9551a,d91d34ab5b2000db207b88844a13fdfd6d8e50c7baf9fc1bc56eddaf1dfb3f49,claix,single-source,
exports/WalkerRun_weighted_mle_s103_final,WalkerRun,weighted_mle,103,0,6,0,24,24,32,0.5,0.014509915374219418,0.5948183536529541,0.99,0.95,52297728,399,1.0,907.6688232421875,21.412899017333984,False,False,True,1278.07445947401,/rwthfs/rz/cluster/hpcwork/qzi10910/reppo_runs/outputs/conf/walker_B_s103,actor.npz|critic.npz|meta.json|normalizer.npz,0,5747292,2026-09-01T12:26:41Z,6e6eb567e2d6d3d9fe62e12d48c5b48dc6d31dea8f22cf2c883b6f027e457c8f,404c08eddcb37c6544540869aa0368ad9b76dc6609b4c81791506bb1b7341719,3195839d6c6903a5db3853b8139d4a67cf65bbe62d9c486097b3c341f2d10df1,95b229f8da399afab1ff1b4837c1cd5d5fe7389e409c76971322e6c9b2dec83b,claix,single-source,
exports/WalkerRun_weighted_mle_s104_final,WalkerRun,weighted_mle,104,0,6,0,24,24,32,0.5,0.014509915374219418,0.6038638949394226,0.99,0.95,52297728,399,1.0,890.2717895507812,20.13007354736328,False,False,True,1263.6395869499975,/rwthfs/rz/cluster/hpcwork/qzi10910/reppo_runs/outputs/conf/walker_B_s104,actor.npz|critic.npz|meta.json|normalizer.npz,0,5747277,2026-09-01T12:28:32Z,7f28eb77e3576de93eb350c969c53077d072c55e7b0521e0709ae349c97e296d,657754bbc2515aedd56f85f4fca0593a1008051d77d76dabc5a1769eb9f21e8e,ed22783f19718a080958287f982b9ecaeb746aa2b62ddc83eb06786df2074235,23731f6d93bce4b6c3eb27e268a764bf27edfed1e6c22a2589a6cf5522a094a1,claix,single-source,
exports/WalkerRun_weighted_mle_s105_final,WalkerRun,weighted_mle,105,0,6,0,24,24,32,0.5,0.014509915374219418,0.5798273086547852,0.99,0.95,52297728,399,1.0,909.4074096679688,21.03313446044922,False,False,True,1262.3918268200068,/rwthfs/rz/cluster/hpcwork/qzi10910/reppo_runs/outputs/conf/walker_B_s105,actor.npz|critic.npz|meta.json|normalizer.npz,0,5747269,2026-09-01T12:43:30Z,f88d2f626caf07975b14afd48a6cbede65a8e55a9e07a6fb5037d2e901d33ca6,73290fd689d332dafa6b5debe216bec8f8a3de44c390c801e73912be9bad0a52,e4d2fdeda75ac1cabdee2ffd68de346fa2f773c3188805e9cf29a9f24f5a8d0e,c87fd95ef34c9f85398d2da7258c73768d3643ae69cb1b7433801873aa007d8d,claix,single-source,
exports/WalkerRun_weighted_mle_s106_final,WalkerRun,weighted_mle,106,0,6,0,24,24,32,0.5,0.014509915374219418,0.5527227520942688,0.99,0.95,52297728,399,1.0,918.0025634765625,20.810819625854492,False,False,True,1259.7001995699975,/rwthfs/rz/cluster/hpcwork/qzi10910/reppo_runs/outputs/conf/walker_B_s106,actor.npz|critic.npz|meta.json|normalizer.npz,0,5747272,2026-09-01T12:44:20Z,35785077038e54357e11867224ec364358e1ca8ac59af94a119b0b50a441a9b1,9a71d99fe7dfa011a436116af736c34a8511fc99f7328373d2896d881c92330e,7e2b81bb894421aa03475c57e1669c208ef55005c983b743d6a2b72fc43528ec,09b278f31e643a0a9aebd0ec94346fd7d5a7d3142d54b351d3d97adb932e3943,claix,single-source,
exports/WalkerRun_weighted_mle_s107_final,WalkerRun,weighted_mle,107,0,6,0,24,24,32,0.5,0.014509915374219418,0.6470824480056763,0.99,0.95,52297728,399,1.0,889.6519775390625,20.729137420654297,False,False,True,1270.594243767002,/rwthfs/rz/cluster/hpcwork/qzi10910/reppo_runs/outputs/conf/walker_B_s107,actor.npz|critic.npz|meta.json|normalizer.npz,0,5747273,2026-09-01T12:47:11Z,c978cbcd5fb34a3981c1fd71a646bdf0c566a9d7cf8c50e6121750a42ecd374c,ed0a198d503f9f614a83f1e1a86e8ab7efc22a356fdaf9d17e803bdf9df73156,397334939deafdafbc955c87f14457cd9a2cfbef8d554a5f1b0f3f954de0647a,ec6a1abac7585f7071bd32018ed3f084906e87da6bd83d6b2c36e4468bf85ffd,claix,single-source,
exports/WalkerRun_weighted_mle_s108_final,WalkerRun,weighted_mle,108,0,6,0,24,24,32,0.5,0.014509915374219418,0.5610502362251282,0.99,0.95,52297728,399,1.0,890.8977661132812,20.46947479248047,False,False,True,1262.2878943199903,/rwthfs/rz/cluster/hpcwork/qzi10910/reppo_runs/outputs/conf/walker_B_s108,actor.npz|critic.npz|meta.json|normalizer.npz,0,5747272,2026-09-01T12:49:08Z,666f693194cdb65b34241c9de1f699879b373e047642a91b27f0683328243632,11190d0767dbe1f3e240632d58014018f70c5f1bcd208fb6748cedbf6c456b54,13b2ee0f581e8419e1953a375d2c1b52172d3a9d511cd0f4e7ad53003aeca1b8,0265519ba035156a5fcaa32686f7dda95e4d5d1f1913e0a271f9771671241076,claix,single-source,
exports/WalkerRun_weighted_mle_s1_final,WalkerRun,weighted_mle,1,0,6,,24,24,32,0.5,0.015279999934136868,0.009999999776482582,0.99,0.95,52297728,399,1.0,916.9720458984375,18.148250579833984,False,False,True,1998.4962242170004,/home/human/workspaces/reppo_original/outputs/2026-08-27/21-08-18,actor.npz|critic.npz|meta.json|normalizer.npz,0,5744280,2026-08-27T21:41:43Z,a72bee264cf0a9a1c72e0ed58950b8f8fad2260cb910b629b1eccca075b42c8f,167f09fd9ae39128686a1212900b524a242ff75114a0bad03bb0d3fb34ef0fc2,896e99dd6ade17e485c0c28162bf7877c4a856df276e7fddeab8bdb2991d501d,e3ff19078e13815bc9df24d3987967a062018200de0ce1d85dbe8294af638932,workstation,single-source,
exports/WalkerRun_weighted_mle_s2_final,WalkerRun,weighted_mle,2,0,6,,24,24,32,0.5,0.015279999934136868,0.009999999776482582,0.99,0.95,52297728,399,1.0,919.7267456054688,17.667003631591797,False,False,True,3625.936145022999,/home/human/workspaces/reppo_original/outputs/2026-08-27/21-46-06,actor.npz|critic.npz|meta.json|normalizer.npz,0,5744270,2026-08-27T22:46:37Z,810fa8dee3fb533c4b63617c73f2923b609a18da0c0e661caa1cc4004be1b61c,55999f672309b04f23b1ae23b3f3b061019005ca5277aaa07a09c876ce2316bc,6faf697b95cf32a76876062220e7b5ac7e71b01de973e29091383b5cbcd24f5d,560ce8e17c135c1a2b55bb3253809ec8d16fa01dcd9fb5dd51072299687fb11e,workstation,single-source,
exports/WalkerRun_weighted_mle_s301_final,WalkerRun,weighted_mle,301,0,6,0,24,24,32,0.5,0.014509915374219418,0.3422566056251526,0.99,0.95,52297728,399,1.0,775.089111328125,20.30577850341797,False,False,True,1302.8352367769985,/rwthfs/rz/cluster/hpcwork/qzi10910/reppo_runs/outputs/faithful_repair/walker_WML32_s301,actor.npz|critic.npz|meta.json|normalizer.npz,0,5747220,2026-09-02T08:24:56Z,0e68d7ecc210cb9938384cd08294edf42f0d3f7ec24039ce59b22760151790dd,c56c4d27a3265ef1f61eddef51ff89917da8b596d2bab190d86fb197aa2a20da,10d2a50fab4d293c055873541d5d7885a451cb85795a8d675a38c5eead7ce8ba,8dc1ce8cbb835a0dd6bc982131aa869706740dec7405523dc1ce2624a9e64aae,claix,single-source,
exports/WalkerRun_weighted_mle_s302_final,WalkerRun,weighted_mle,302,0,6,0,24,24,32,0.5,0.014509915374219418,0.3747544288635254,0.99,0.95,52297728,399,1.0,777.159912109375,20.80125617980957,False,False,True,1325.9172469290206,/rwthfs/rz/cluster/hpcwork/qzi10910/reppo_runs/outputs/faithful_repair/walker_WML32_s302,actor.npz|critic.npz|meta.json|normalizer.npz,0,5747245,2026-09-02T03:18:00Z,449e5499a1ad10ae9563e5b72f41a74e6f5d43fca2c245c8c10f469b4976d649,9223937c26f31eee5c943566254019acbef363233aef51b7c78acde650056c45,4d6c43eda3aea3ab7ee5e2826843db7b2d7e38699b1877c822e05c0497c08d97,8cb899c8825797012970b567374d303b800c14b210a3684c2d4ea4a3cd48f1af,claix,single-source,
exports/WalkerRun_weighted_mle_s303_final,WalkerRun,weighted_mle,303,0,6,0,24,24,32,0.5,0.014509915374219418,0.4280034005641937,0.99,0.95,52297728,399,1.0,808.0831298828125,19.241857528686523,False,False,True,1298.7809234540036,/rwthfs/rz/cluster/hpcwork/qzi10910/reppo_runs/outputs/faithful_repair/walker_WML32_s303,actor.npz|critic.npz|meta.json|normalizer.npz,0,5747229,2026-09-02T08:26:02Z,f431fb5428560baf31c25a1265ff6cb1dfb2fc53d89002a56d3b60628f01be67,003aac6e3c20f5e2c403a4416c7a801c7a2dfbb0a54fe5f42e59aed8c81a421f,146d8aded41fbe602dae911337884ee545ba92340bb54f578fb5ff712aaf5758,9297fe165b9f1676949dc0b05bcb4a2ceb448d76c052ca1fef45cf964ed5b816,claix,single-source,
exports/WalkerRun_weighted_mle_s304_final,WalkerRun,weighted_mle,304,0,6,0,24,24,32,0.5,0.014509915374219418,0.34204694628715515,0.99,0.95,52297728,399,1.0,655.4672241210938,19.351268768310547,False,False,True,1329.6718124130275,/rwthfs/rz/cluster/hpcwork/qzi10910/reppo_runs/outputs/faithful_repair/walker_WML32_s304,actor.npz|critic.npz|meta.json|normalizer.npz,0,5747199,2026-09-02T03:18:04Z,766f1d22923d7a5b7d1547e2a0be195d95e94130e1537fa1dddba28579b092e6,c405f518dc4c13cec80537f160e4a89e00479442881e9609a6fd81a61d8e0462,f376064ae407d888e89ee4b0ea4555d7bf15ce0686b9a1eacd7b934d23a2e7f1,c92f89352ec0b1fb7dcb01de2df6b71e0f6f04412b9b8e559f7dc2b12f80566a,claix,single-source,
exports/WalkerRun_weighted_mle_s305_final,WalkerRun,weighted_mle,305,0,6,0,24,24,32,0.5,0.014509915374219418,0.4309658110141754,0.99,0.95,52297728,399,1.0,786.0338745117188,19.77609634399414,False,False,True,1303.9364404920198,/rwthfs/rz/cluster/hpcwork/qzi10910/reppo_runs/outputs/faithful_repair/walker_WML32_s305,actor.npz|critic.npz|meta.json|normalizer.npz,0,5747225,2026-09-02T08:27:12Z,257ed1880ba9a2b2781632c5e51b3de69ece1f2d894ee602565cb4bc41c5946d,500142b860ddeacd62433a0b68f1f1398ddeae15edf7d933a257638587487490,cc37ff61cdc9d8ef74334ef840549f57f19b4039c2588e99eebfac88b73a6275,b5df24fd071763fbb6eace3f062cd9a5e4b73e23716d1ee97efbfbe03419336b,claix,single-source,
exports/WalkerRun_weighted_mle_s306_final,WalkerRun,weighted_mle,306,0,6,0,24,24,32,0.5,0.014509915374219418,0.4328633248806,0.99,0.95,52297728,399,1.0,695.3661499023438,19.408233642578125,False,False,True,1322.6849589420017,/rwthfs/rz/cluster/hpcwork/qzi10910/reppo_runs/outputs/faithful_repair/walker_WML32_s306,actor.npz|critic.npz|meta.json|normalizer.npz,0,5747251,2026-09-02T03:28:23Z,54023e677fda54988e023b6bdba97af0761fd275b19339a188616c48d1b498a0,dd918b4cbd99b4fba4f84bfbc625fd65bda2c7e38a21bdbf017bb712a75f7ef1,08374f0bdd16164132cfaab990657c27e841894f980140ad9bc986b2913c303e,9f39361dd2c24e495a28145751f065a42717c3dc48ac4320f2a3808ebeb4ddff,claix,single-source,
exports/WalkerRun_weighted_mle_s307_final,WalkerRun,weighted_mle,307,0,6,0,24,24,32,0.5,0.014509915374219418,0.30005985498428345,0.99,0.95,52297728,399,1.0,895.3389892578125,22.815059661865234,False,False,True,1296.6702414180036,/rwthfs/rz/cluster/hpcwork/qzi10910/reppo_runs/outputs/faithful_repair/walker_WML32_s307,actor.npz|critic.npz|meta.json|normalizer.npz,0,5747253,2026-09-02T08:28:30Z,15a743ed179c28879411e6922e618f3ee16cae2a8d7af74c24c6ef05448b191e,0f7666d3fd4d0b1bdf077c6ffc59032d936b188f1d9904946dc0ce0be76f323f,a9e2efb9197ab3ff1196808944fbb877f77a45b2fd5dbf70ad008ae911fb1049,3632258d5c6f3ed846d4e150a86c280a7fef9384bec4a859980603c5d309d835,claix,single-source,
exports/WalkerRun_weighted_mle_s308_final,WalkerRun,weighted_mle,308,0,6,0,24,24,32,0.5,0.014509915374219418,0.2134818136692047,0.99,0.95,52297728,399,1.0,653.6845703125,22.49201011657715,False,False,True,1340.5982406859985,/rwthfs/rz/cluster/hpcwork/qzi10910/reppo_runs/outputs/faithful_repair/walker_WML32_s308,actor.npz|critic.npz|meta.json|normalizer.npz,0,5747226,2026-09-02T03:29:06Z,9fdc23ee2f729c17d0a932532b47e6905b6f9729c21e58f7949835bc859996d3,4e934ee2e36e9a9412c74915134d29ce4a66f442708c5c18a1dbddcff221dd5d,8f926b8373c4a3b99615e448622ce01b846566e94923d6dcb7ff6fe1e6c19150,91ac0221b7f7cacb5d813ec662dcc2f7a5e1cd0b670e52b79864c4a85af1a9d3,claix,single-source,
exports/WalkerRun_weighted_mle_s403_final,WalkerRun,weighted_mle,403,0,6,0,24,24,32,0.5,0.014509915374219418,0.49695032835006714,0.99,0.95,3932160,30,1.0,567.5546264648438,18.367687225341797,False,False,True,335.81540102895815,/rwthfs/rz/cluster/hpcwork/qzi10910/reppo_runs/outputs/fr_smoke/weighted_mle_s403,actor.npz|critic.npz|meta.json|normalizer.npz,0,5752308,2026-09-02T02:36:28Z,9c9554dd4f6df508ad25fc065c5f82eba358cf32e4a67e513ba6fb880e0c3f36,486cbfbcecf0f4c89086b5e21517d1d3b47396f24f55b2d8758a81190eec1be5,8b07024f0bd1d80a87923f088c8027d6c1cc89ceaed366cf1dd30f56b2382883,ffd6abed2aa42ddbea0e824957e178d1d2bc8aa50eb4d9e23d00d67162026efc,claix,single-source,
exports/WalkerRun_weighted_mle_s99_final,WalkerRun,weighted_mle,99,0,6,,24,24,32,0.5,0.015279999934136868,0.009999999776482582,0.99,0.95,26214400,200,1.0,888.1865844726562,17.72265625,False,False,True,1169.1419740660021,/home/human/workspaces/reppo_original/outputs/2026-08-27/19-06-10,actor.npz|critic.npz|meta.json|normalizer.npz,0,5743816,2026-08-27T19:25:45Z,d2733051d63bd97e3fa43ca15655fcb63a9623f1c67c9c047576389d5e7808ac,1bccf9afda7bf541a885f3bc24d91ec60abfd11cfbd30897694db1042db22f12,d696c9c94b64209da5765b207b0379afc9b564c135fcde8cda565dc7f235409d,970b795d98abcdb13ece663ebec6750e037a8b6e40e825d5251031ed4192794a,workstation,single-source,
exports/WalkerStand_pathwise_s0_final,WalkerStand,pathwise,0,0,6,,24,24,32,0.5,0.0002605948830023408,0.002987433457747102,0.99,0.95,52297728,399,1.0,987.6856689453125,0.0,False,False,True,1556.7089331859897,/home/human/workspaces/reppo_original/outputs/2026-08-29/11-26-58,actor.npz|critic.npz|meta.json|normalizer.npz,0,5739526,2026-08-29T11:52:59Z,79937c6c22194b5ad2ddabbc0f8a97045cee5a0d16a3b79cf2039d51d9c929ad,e8a36931a4e453bb730e4c2d359a46a3de6b218cdf39b1005dfbfa6853ff7e0c,eb92891e4a188a6f89f391aa078b7b5b19a9f806966d06e2d346d8b9f89576ad,f16fddb38206718140979f1e39c1300ca7f183436fb258489eab61bf3e50b12c,workstation,single-source,
exports/WalkerWalk_pathwise_s0_final,WalkerWalk,pathwise,0,0,6,,24,24,32,0.5,0.0002747154503595084,0.0019247911404818296,0.99,0.95,52297728,399,1.0,977.394287109375,0.0,False,False,True,1516.906167144014,/home/human/workspaces/reppo_original/outputs/2026-08-29/11-53-06,actor.npz|critic.npz|meta.json|normalizer.npz,0,5739527,2026-08-29T12:18:28Z,b70008eaf2ca055b623fb488b6cc7bc8f6e426b7babff92d42e6dbb05823e70d,03c916fe00ade05f619d208ec8ecf6e335456b247cc84800c07f86d1d16afa38,19a3b3df2b28e71d7e5f1d3f572313c961c7debd6ac81775b6a2324df42df9d5,975674d364dbdfd39a299220209d918e62add9f2e0556a435f3307ec46d3c79b,workstation,single-source,
