cell,seed,coord,median_sigma,mean_sigma,p95_sigma,max_sigma,sat95,sat99
PW_ent,301,0,0.1329827606678009,0.18219661712646484,0.418834924697876,3.965369462966919,0.1981001738943847,0.06060471829069571
PW_ent,301,1,0.1493828296661377,0.19940531253814697,0.4675339162349701,3.0892772674560547,0.057186369392335346,0.013827844079262524
PW_ent,301,2,0.10130444169044495,0.11583083868026733,0.15962140262126923,2.986896514892578,0.007615339503111306,0.0005047624433193435
PW_ent,301,3,0.3117549419403076,0.3593018054962158,0.7284355759620667,2.327057123184204,0.26046350747420216,0.10181844126673383
PW_ent,301,4,0.3857834041118622,0.4170440435409546,0.7640268802642822,2.194409132003784,0.2511447907103094,0.10101202813615123
PW_ent,301,5,0.6412782073020935,0.6423840522766113,0.868075966835022,1.4089959859848022,0.18819401026012098,0.06651103326469343
PW_ent,301,6,0.12377087771892548,0.15100787580013275,0.284444659948349,3.004035711288452,0.04158944559807775,0.008568769780989536
PW_ent,301,7,0.20054727792739868,0.23910002410411835,0.5040377378463745,1.6657953262329102,0.08005287436330423,0.019189099329031584
PW_ent,301,8,0.1008191928267479,0.11595246940851212,0.15748699009418488,3.063446044921875,0.012931512160042383,0.0008077385843720178
PW_ent,301,9,0.36363840103149414,0.35786232352256775,0.5879293084144592,0.9964903593063354,0.46885487171373974,0.241300512852034
PW_ent,301,10,0.3633437156677246,0.3909715414047241,0.6681921482086182,1.721577525138855,0.2620261024402815,0.10413812675103688
PW_ent,301,11,0.6290873885154724,0.6423454880714417,0.9345325827598572,1.631455421447754,0.18457528497708045,0.06302812237080553
PW_ent,301,12,0.10034516453742981,0.11832880228757858,0.16794046759605408,2.7969274520874023,0.023343020907180812,0.004395620103972295
PW_ent,301,13,0.11787937581539154,0.1361720860004425,0.21723228693008423,2.2627878189086914,0.007488235495927334,0.0006980902818171258
PW_ent,301,14,0.10053224861621857,0.1067315936088562,0.12520769238471985,0.6283255219459534,0.014396282129608357,0.0006775324609794033
PW_ent,301,15,0.17133399844169617,0.19947417080402374,0.3749235272407532,2.17684268951416,0.04639402929378783,0.007349595826686005
PW_ent,301,16,0.22237615287303925,0.254476398229599,0.49895089864730835,1.9813756942749023,0.09587442880997371,0.029220932044209974
PW_ent,301,17,0.317263126373291,0.3330722749233246,0.5791972279548645,1.5786913633346558,0.0959988192057134,0.03049753008790505
PW_ent,301,18,0.3074643611907959,0.3232038915157318,0.5513677597045898,1.1272693872451782,0.09821926659664348,0.02801912941929551
PW_ent,301,19,0.581706702709198,0.6092279553413391,1.0023396015167236,2.055290460586548,0.2672117422245084,0.1283199105663814
PW_ent,301,20,0.6081978678703308,0.6103854179382324,0.8452260494232178,1.452340841293335,0.25605024580462726,0.11742119957524189
PW_ent,301,21,0.54686439037323,0.5500059723854065,0.7908733487129211,1.4850199222564697,0.2378716832197428,0.1008943181180666
PW_ent,301,22,0.18851430714130402,0.21473781764507294,0.40994060039520264,1.3853687047958374,0.07744483250739846,0.016182415475502077
PW_ent,301,23,0.2875863313674927,0.30578118562698364,0.5241542458534241,1.2806700468063354,0.08490988227070183,0.02638856668699587
PW_ent,301,24,0.33619338274002075,0.3616020381450653,0.6627690196037292,1.617973804473877,0.19331851128604463,0.07889556312779063
PW_ent,301,25,0.272470623254776,0.290271520614624,0.49832090735435486,1.5580744743347168,0.12810585926501272,0.04027476656852653
PW_ent,301,26,0.49649202823638916,0.4983339309692383,0.7153627276420593,1.6162232160568237,0.20410426119624547,0.08276159754798174
PW_ent,301,27,0.6328960061073303,0.630389392375946,0.9039192795753479,1.34956693649292,0.319430710096444,0.16681485836722035
PW_ent,301,28,0.534242570400238,0.5360608696937561,0.7783612608909607,1.293611764907837,0.3169772245385554,0.17974933727862352
PW_ent,302,0,0.12285976856946945,0.15745405852794647,0.3047536015510559,2.1258153915405273,0.08886207517938609,0.02418897369464454
PW_ent,302,1,0.18243713676929474,0.22646073997020721,0.49206385016441345,2.0997114181518555,0.09806525972719295,0.026941693439632652
PW_ent,302,2,0.10139894485473633,0.11842489242553711,0.17446115612983704,1.9412325620651245,0.0066505675804788035,0.0008654697309345684
PW_ent,302,3,0.37315428256988525,0.38409140706062317,0.6892099976539612,1.3210119009017944,0.5412759480993604,0.3002736900061251
PW_ent,302,4,0.3482103943824768,0.3803819715976715,0.6777543425559998,1.9756921529769897,0.22031722981044255,0.08144812555570256
PW_ent,302,5,0.5932165384292603,0.5982600450515747,0.8005547523498535,1.4960567951202393,0.15643248735136614,0.05273872322676081
PW_ent,302,6,0.1241636648774147,0.1581946164369583,0.30043384432792664,1.8557114601135254,0.058409259855292515,0.009467906955690887
PW_ent,302,7,0.1775510013103485,0.21469587087631226,0.43612611293792725,1.7045493125915527,0.07058068431867971,0.018370679751554996
PW_ent,302,8,0.1009548157453537,0.12392189353704453,0.20660708844661713,3.4402482509613037,0.007497217797479927,0.001026209533062476
PW_ent,302,9,0.30547648668289185,0.32161298394203186,0.5825214982032776,1.404465913772583,0.3936759219622225,0.18229242217528205
PW_ent,302,10,0.3940187692642212,0.4176793098449707,0.6928435564041138,2.111118793487549,0.25175152795885686,0.09955965689243367
PW_ent,302,11,0.573348879814148,0.5791255235671997,0.8036999702453613,1.5474909543991089,0.17870732389526575,0.06239898305566727
PW_ent,302,12,0.1003086119890213,0.11467361450195312,0.1485186666250229,1.614997386932373,0.025754290151914234,0.0030992574045883552
PW_ent,302,13,0.1162811666727066,0.1362365037202835,0.2182760089635849,2.6239984035491943,0.009831214422313779,0.0012105479016910332
PW_ent,302,14,0.10039103031158447,0.1224360242486,0.21452130377292633,5.54538106918335,0.02250540767810441,0.004075578172572779
PW_ent,302,15,0.2036076933145523,0.2740047872066498,0.6501576900482178,4.678994178771973,0.16319671332001592,0.05673136150266953
PW_ent,302,16,0.27534162998199463,0.30110815167427063,0.5387905836105347,1.4271001815795898,0.16208008803262586,0.06685937580281733
PW_ent,302,17,0.3630704879760742,0.3973598778247833,0.7238436341285706,3.3769078254699707,0.13225223363680358,0.04535647412490044
PW_ent,302,18,0.3095042109489441,0.34303972125053406,0.6454641819000244,1.349847674369812,0.1258119957304652,0.0406518358700577
PW_ent,302,19,0.5165660381317139,0.5311588644981384,0.7978250980377197,1.4879074096679688,0.30458411972177163,0.16469289055033895
PW_ent,302,20,0.5929383039474487,0.5989141464233398,0.83282071352005,1.7871639728546143,0.21950838426529332,0.08524774994040622
PW_ent,302,21,0.5448728799819946,0.5484724640846252,0.7599421143531799,1.6212373971939087,0.2891929784644217,0.1417110518576611
PW_ent,302,22,0.20241162180900574,0.23825351893901825,0.46364471316337585,1.6937758922576904,0.10337006816434884,0.03002863151670938
PW_ent,302,23,0.2658686637878418,0.2913590371608734,0.5104408264160156,2.059809446334839,0.11581854715357222,0.0380091621421024
PW_ent,302,24,0.3533855974674225,0.376319020986557,0.6274601817131042,2.0564589500427246,0.21046757836746274,0.1003616642501282
PW_ent,302,25,0.2966192364692688,0.32625898718833923,0.5579280257225037,2.706869602203369,0.10535230682228237,0.02928576462722732
PW_ent,302,26,0.5111503601074219,0.5385718941688538,0.8262509703636169,3.6812875270843506,0.3382132165655607,0.17866004932306997
PW_ent,302,27,0.5382575988769531,0.5486823916435242,0.762727677822113,1.9492871761322021,0.2204397089632986,0.0862711537351447
PW_ent,302,28,0.5285653471946716,0.5394676327705383,0.7514342069625854,1.5519174337387085,0.1954938889973641,0.07452236609612616
PW_ent,303,0,0.1203051209449768,0.14777719974517822,0.27849557995796204,1.9057350158691406,0.06338925203702707,0.00943963207693234
PW_ent,303,1,0.1703757792711258,0.19739913940429688,0.38076186180114746,1.3468708992004395,0.056189797351520576,0.012828604285785089
PW_ent,303,2,0.10055627673864365,0.10852465778589249,0.1297338902950287,1.5277079343795776,0.00593457721051413,0.00027278165250648037
PW_ent,303,3,0.30893611907958984,0.32659655809402466,0.5882142782211304,1.2359635829925537,0.4104277640896803,0.20045232990212625
PW_ent,303,4,0.3367016315460205,0.3567720353603363,0.5684282779693604,1.5501245260238647,0.1664624118587756,0.05865165556075113
PW_ent,303,5,0.59637451171875,0.5998758673667908,0.7963629364967346,1.1908020973205566,0.15398818814643978,0.04861020310992372
PW_ent,303,6,0.11944293230772018,0.1549777239561081,0.31655076146125793,2.1224684715270996,0.036355329093714445,0.00575210703196321
PW_ent,303,7,0.18699946999549866,0.21373750269412994,0.3950055241584778,2.944627046585083,0.09515871431236478,0.02337266802661309
PW_ent,303,8,0.1005302146077156,0.11320114135742188,0.13145571947097778,9.240193367004395,0.004263333519118267,0.000729434835741265
PW_ent,303,9,0.2975769639015198,0.32311615347862244,0.6057105660438538,1.0046542882919312,0.47282273052740703,0.2304027354151487
PW_ent,303,10,0.34462031722068787,0.369301438331604,0.6097059845924377,1.839783787727356,0.1318074547489769,0.040908063033189945
PW_ent,303,11,0.6306930780410767,0.6467828750610352,0.8879456520080566,1.4928531646728516,0.1721645177603435,0.05434131716895224
PW_ent,303,12,0.10157179832458496,0.1421164721250534,0.2835955321788788,11.898834228515625,0.058136766837935096,0.010575739189828723
PW_ent,303,13,0.12157268077135086,0.1399204581975937,0.22260168194770813,2.416632890701294,0.013983966986314012,0.0018996399442748205
PW_ent,303,14,0.1034189984202385,0.1519702523946762,0.34600719809532166,6.289480209350586,0.07830291186589325,0.02507640430973186
PW_ent,303,15,0.2040790617465973,0.24456866085529327,0.5092007517814636,2.469006061553955,0.09548310492470898,0.02102719061913873
PW_ent,303,16,0.23941519856452942,0.2531462609767914,0.4055592715740204,1.604096531867981,0.07741421522999946,0.01603557145648545
PW_ent,303,17,0.30344969034194946,0.32762202620506287,0.5756695866584778,2.9174246788024902,0.14726001502472572,0.04509812342012265
PW_ent,303,18,0.23908163607120514,0.24940097332000732,0.41311219334602356,0.8361115455627441,0.07801922885154021,0.019756121570287125
PW_ent,303,19,0.5049845576286316,0.5260770320892334,0.8215625882148743,1.7590800523757935,0.3180993599567799,0.16680188432158385
PW_ent,303,20,0.5577801465988159,0.56779944896698,0.7779074907302856,1.2410691976547241,0.19338675240265482,0.07050962350330962
PW_ent,303,21,0.5579810738563538,0.5650853514671326,0.815649688243866,1.4235053062438965,0.28732129546642676,0.14120389793056695
PW_ent,303,22,0.2127281129360199,0.23319323360919952,0.41891273856163025,1.058798909187317,0.05933379516452841,0.01082102190781378
PW_ent,303,23,0.24946822226047516,0.2633659243583679,0.4208013713359833,1.6512165069580078,0.1034909502550303,0.032408879337488566
PW_ent,303,24,0.37117528915405273,0.3823558986186981,0.6089541912078857,1.717090129852295,0.15372108488942382,0.05485074955674387
PW_ent,303,25,0.2527353763580322,0.27298223972320557,0.49063393473625183,1.0950202941894531,0.1186619436396225,0.031787464615117784
PW_ent,303,26,0.511559247970581,0.5173121094703674,0.7248969078063965,1.1952636241912842,0.2559195432459929,0.12449322159404695
PW_ent,303,27,0.5566359758377075,0.5706127285957336,0.8014024496078491,1.4335063695907593,0.19307037342465297,0.07426716116776282
PW_ent,303,28,0.5731114149093628,0.5847275257110596,0.8479040861129761,1.6363998651504517,0.28616013388940265,0.1335513682343365
PW_ent,304,0,0.19525454938411713,0.24640657007694244,0.5521148443222046,2.2751176357269287,0.2758915492332958,0.10205955745081674
PW_ent,304,1,0.2557283043861389,0.2979311943054199,0.591506838798523,3.156754493713379,0.14884815976791013,0.04165413652256204
PW_ent,304,2,0.11230289936065674,0.1399771124124527,0.2663661539554596,1.7739545106887817,0.015989152955663503,0.0010157574385721382
PW_ent,304,3,0.2900888919830322,0.32628902792930603,0.6429413557052612,3.088158369064331,0.24453792807791733,0.07360729989442806
PW_ent,304,4,0.4125116169452667,0.44042155146598816,0.777885913848877,1.317583441734314,0.24349998501862846,0.10322368512999262
PW_ent,304,5,0.7703190445899963,0.7890841960906982,1.1354912519454956,1.7236741781234741,0.2864687922319878,0.13222796911680135
PW_ent,304,6,0.14485102891921997,0.1857922077178955,0.40865030884742737,1.5890265703201294,0.17528324894485614,0.05898477078416394
PW_ent,304,7,0.24459728598594666,0.29083335399627686,0.617096483707428,2.4657421112060547,0.17964374475511072,0.062216793341714406
PW_ent,304,8,0.1127186119556427,0.1615099012851715,0.39267992973327637,1.6597641706466675,0.12134320527399323,0.021393347667862554
PW_ent,304,9,0.3114965558052063,0.34724903106689453,0.68531733751297,1.7950280904769897,0.3509193400152226,0.13995576769081122
PW_ent,304,10,0.4004473090171814,0.43037042021751404,0.7681412100791931,1.7166682481765747,0.256500312328879,0.11454088144493683
PW_ent,304,11,0.68956458568573,0.703153669834137,0.986375629901886,1.5251857042312622,0.31643277873726267,0.1543114533735198
PW_ent,304,12,0.10538462549448013,0.12827856838703156,0.22751089930534363,2.219815969467163,0.056526307542467145,0.006545011283262522
PW_ent,304,13,0.13194073736667633,0.15022893249988556,0.24851442873477936,1.2678523063659668,0.016626744027882612,0.0015363615374868733
PW_ent,304,14,0.15128293633460999,0.20963777601718903,0.5083684921264648,1.0564374923706055,0.4889178910019334,0.290553221652353
PW_ent,304,15,0.24732212722301483,0.2689448297023773,0.4870607256889343,1.1062062978744507,0.1149242959667235,0.027925929150174205
PW_ent,304,16,0.3124562203884125,0.3400081396102905,0.6279368996620178,1.4784557819366455,0.21538466439423312,0.07780882387571068
PW_ent,304,17,0.35449910163879395,0.3760382831096649,0.6670677661895752,1.7433372735977173,0.18635168139087124,0.07445905861236489
PW_ent,304,18,0.30501043796539307,0.32589757442474365,0.6008078455924988,1.600792646408081,0.1525743867984658,0.05037656157729762
PW_ent,304,19,0.5838536024093628,0.6003021597862244,0.9273636341094971,1.6393545866012573,0.34237621561183396,0.1990684223078997
PW_ent,304,20,0.6278505921363831,0.6312901377677917,0.9169191718101501,1.3605964183807373,0.21207323753218257,0.08293027775306953
PW_ent,304,21,0.6392111778259277,0.6566479802131653,0.9864777326583862,1.714320182800293,0.40123922497043746,0.23889292861982026
PW_ent,304,22,0.3203936219215393,0.3485296964645386,0.6506237387657166,1.4556535482406616,0.2663324004615531,0.10841500035782947
PW_ent,304,23,0.3603966534137726,0.4015558063983917,0.78536456823349,2.0242912769317627,0.2480605160616969,0.10196503980443287
PW_ent,304,24,0.34712305665016174,0.36888304352760315,0.6598150730133057,1.6055033206939697,0.16917657931210672,0.05973133556075647
PW_ent,304,25,0.3490251302719116,0.3669424057006836,0.6466631889343262,1.42610502243042,0.2314944725652024,0.10216291612631496
PW_ent,304,26,0.6082776784896851,0.6335175633430481,1.0174330472946167,1.787932276725769,0.3454106947206889,0.18706373027187503
PW_ent,304,27,0.715282678604126,0.7268865704536438,1.090134859085083,1.6556987762451172,0.35390891981912675,0.19429334354077513
PW_ent,304,28,0.6164126396179199,0.6240373253822327,0.9340303540229797,1.4809703826904297,0.32765361756068695,0.18009848267898745
PW_ent,305,0,0.1179247498512268,0.15560655295848846,0.3408944308757782,1.5599066019058228,0.05368283728755572,0.011298863513485857
PW_ent,305,1,0.21414539217948914,0.2653895318508148,0.5672948360443115,2.261831521987915,0.12425542999652361,0.03783298228877647
PW_ent,305,2,0.10076826810836792,0.11674407869577408,0.15769430994987488,3.529681444168091,0.011913949274423153,0.001573298475212295
PW_ent,305,3,0.35339927673339844,0.36628687381744385,0.6506298780441284,3.291029453277588,0.516471592742862,0.2640599382179473
PW_ent,305,4,0.4323272109031677,0.44915902614593506,0.7253739237785339,2.056509256362915,0.2913470893027359,0.12817583458534057
PW_ent,305,5,0.6384788751602173,0.646687924861908,0.8905528783798218,1.557626485824585,0.17191482805173786,0.0577130875092861
PW_ent,305,6,0.12056052684783936,0.1525207906961441,0.29966217279434204,3.19602632522583,0.05976145020960703,0.009373298351387746
PW_ent,305,7,0.20914660394191742,0.24944661557674408,0.49979346990585327,3.3065056800842285,0.06367586776032777,0.013485149770510739
PW_ent,305,8,0.10127514600753784,0.12606364488601685,0.1806752234697342,6.748712062835693,0.00805059336526522,0.0013802671167547642
PW_ent,305,9,0.32222071290016174,0.3517538607120514,0.6706108450889587,1.8256080150604248,0.42100055983155543,0.2330156981534556
PW_ent,305,10,0.41993358731269836,0.44662514328956604,0.7309715747833252,1.723129153251648,0.32400560723282834,0.14692868860029862
PW_ent,305,11,0.6433464288711548,0.6442620158195496,0.8962346911430359,1.5497266054153442,0.18068621726147013,0.06888141296943474
PW_ent,305,12,0.10015878081321716,0.1081196740269661,0.12093938887119293,1.849068284034729,0.011342687879291142,0.0005006257820808575
PW_ent,305,13,0.1292000412940979,0.1492040604352951,0.24426156282424927,2.154702663421631,0.012060528752671327,0.0020728340732491845
PW_ent,305,14,0.10200843214988708,0.12906794250011444,0.25586897134780884,1.3961907625198364,0.03284803340332903,0.008574004739366835
PW_ent,305,15,0.20845481753349304,0.2459128051996231,0.5101190805435181,2.3151659965515137,0.11285717490358904,0.027356574083272828
PW_ent,305,16,0.2476811558008194,0.2717241644859314,0.48082250356674194,2.026503324508667,0.11317562664345888,0.038095938287682596
PW_ent,305,17,0.3126075565814972,0.32783085107803345,0.5547383427619934,2.093046188354492,0.08355207041891227,0.025600646511802282
PW_ent,305,18,0.28408849239349365,0.2930605113506317,0.48061496019363403,1.2816452980041504,0.0940595258470055,0.030032003638100917
PW_ent,305,19,0.49488377571105957,0.5208847522735596,0.8426100015640259,2.283006191253662,0.26281459246169064,0.1355376304891061
PW_ent,305,20,0.5416626930236816,0.5488756895065308,0.7617846131324768,2.303096055984497,0.21850037569891742,0.10098140072125832
PW_ent,305,21,0.5369718670845032,0.550414502620697,0.8327760696411133,1.5297372341156006,0.2567696689661779,0.12750729261995553
PW_ent,305,22,0.20688118040561676,0.24332565069198608,0.5022566914558411,1.8222911357879639,0.08947323207104907,0.026504647736691502
PW_ent,305,23,0.23561657965183258,0.25181758403778076,0.3994549512863159,2.7806308269500732,0.08606206277576743,0.016726480088404588
PW_ent,305,24,0.32037484645843506,0.35305097699165344,0.6640675067901611,2.6329357624053955,0.1669398735664335,0.07027088227013618
PW_ent,305,25,0.2961592674255371,0.31847497820854187,0.5446714162826538,2.461590528488159,0.16323746433473288,0.0717297864715591
PW_ent,305,26,0.4843370318412781,0.49949750304222107,0.7909671068191528,1.4324520826339722,0.2780176775711683,0.13924068470305817
PW_ent,305,27,0.5673199892044067,0.5728816986083984,0.7988529205322266,1.7346351146697998,0.21029076092324864,0.08145113648523516
PW_ent,305,28,0.5577253699302673,0.5544565320014954,0.7694583535194397,1.8320362567901611,0.29617668853121626,0.1492896434061378
PW_ent,306,0,0.21279416978359222,0.3060401380062103,0.7851038575172424,5.471081733703613,0.24366555592012876,0.09553037494408188
PW_ent,306,1,0.2789686918258667,0.3073940575122833,0.5816242098808289,1.5595613718032837,0.2417891916157465,0.09981717552302288
PW_ent,306,2,0.1199895441532135,0.15347881615161896,0.3075563311576843,1.2987911701202393,0.0987499654703519,0.018638702286719128
PW_ent,306,3,0.27283263206481934,0.3088863492012024,0.6185178756713867,1.6042447090148926,0.28520017423032457,0.11988311638733558
PW_ent,306,4,0.382203072309494,0.4134018123149872,0.7615799307823181,1.7364497184753418,0.26668719876102404,0.12583413221839473
PW_ent,306,5,0.6199463605880737,0.6389340758323669,0.9095944762229919,1.5937122106552124,0.24619802115268352,0.10610667657127067
PW_ent,306,6,0.22824524343013763,0.27802586555480957,0.6221998333930969,1.7715117931365967,0.3989883999371792,0.16597688732550275
PW_ent,306,7,0.2914193272590637,0.3311328887939453,0.6505593061447144,2.1179490089416504,0.2606356249405884,0.11152931693428862
PW_ent,306,8,0.11825725436210632,0.1589156538248062,0.3432724177837372,2.921553373336792,0.04367680432722671,0.006873433748444382
PW_ent,306,9,0.27731236815452576,0.31882405281066895,0.6369695067405701,2.028764009475708,0.3422160528184628,0.16442913648218357
PW_ent,306,10,0.3811427354812622,0.4190831184387207,0.795558512210846,2.638094186782837,0.3205349155808351,0.15545045710879934
PW_ent,306,11,0.7670800685882568,0.7811992764472961,1.0629909038543701,1.6824278831481934,0.2579329977301237,0.11179534608023171
PW_ent,306,12,0.1108904704451561,0.13925689458847046,0.2739644944667816,1.6255778074264526,0.01892470787710354,0.0015664734540952582
PW_ent,306,13,0.14041197299957275,0.1517297476530075,0.2345001995563507,0.8499738574028015,0.0064251787555053945,0.00019096478792170876
PW_ent,306,14,0.15034538507461548,0.19823618233203888,0.45533040165901184,3.3581526279449463,0.3644234973172035,0.19436827491102204
PW_ent,306,15,0.3143455982208252,0.3504398763179779,0.6885666847229004,1.8039504289627075,0.18728224121675419,0.0637605279317535
PW_ent,306,16,0.30068671703338623,0.3241265118122101,0.5730791687965393,1.271906852722168,0.11539929982798258,0.0305561522943975
PW_ent,306,17,0.42676764726638794,0.45015573501586914,0.8032944202423096,1.3895785808563232,0.21186476211407254,0.0936201535729438
PW_ent,306,18,0.38567250967025757,0.4044615924358368,0.6884355545043945,1.2483758926391602,0.17049704578346922,0.06810407167513216
PW_ent,306,19,0.6417399048805237,0.6635245680809021,1.074174404144287,1.6798254251480103,0.332584977720766,0.18160610308968364
PW_ent,306,20,0.6687852740287781,0.6888383030891418,1.023769736289978,1.8021624088287354,0.3109601638089376,0.1622035638321224
PW_ent,306,21,0.599313497543335,0.609687864780426,0.8746522665023804,1.7389030456542969,0.3159844989265849,0.1585871747347614
PW_ent,306,22,0.32408976554870605,0.3660711944103241,0.7680258750915527,2.6146693229675293,0.1674962609463998,0.062220176246497026
PW_ent,306,23,0.37187904119491577,0.3869144022464752,0.6467012763023376,1.3905878067016602,0.2516189879413787,0.1008780727032282
PW_ent,306,24,0.3781866431236267,0.39997759461402893,0.7201288938522339,1.531139612197876,0.28635982551568745,0.14268150987413467
PW_ent,306,25,0.3221173584461212,0.3349738121032715,0.566681981086731,1.01714289188385,0.20497306436743434,0.0846439157395833
PW_ent,306,26,0.6396685838699341,0.6623656153678894,1.0404810905456543,1.8074733018875122,0.314109273480678,0.1620879437962224
PW_ent,306,27,0.6372752785682678,0.651260495185852,0.9358740448951721,1.4593712091445923,0.2713639841565908,0.1275892879866678
PW_ent,306,28,0.7551593780517578,0.7623044848442078,1.1568413972854614,1.8475850820541382,0.31851359687908193,0.16174123721184352
PW_ent,307,0,0.12180480360984802,0.1643989086151123,0.35933029651641846,1.4776109457015991,0.09182998956217865,0.0257151288909775
PW_ent,307,1,0.18343301117420197,0.21154169738292694,0.3994462192058563,1.5208139419555664,0.050160856170751215,0.009347942500533108
PW_ent,307,2,0.10045988857746124,0.12110873311758041,0.1467868536710739,4.038814544677734,0.006076126536046877,0.0012044631914771887
PW_ent,307,3,0.3010181784629822,0.3272571265697479,0.5756735801696777,3.497760772705078,0.48096518720618175,0.22569241528381004
PW_ent,307,4,0.32018572092056274,0.3632703721523285,0.6172383427619934,3.445404052734375,0.21141058877080002,0.08040918635466598
PW_ent,307,5,0.6122817993164062,0.6300661563873291,0.8788267374038696,1.7282408475875854,0.15361165678050506,0.05331688443904187
PW_ent,307,6,0.12196016311645508,0.17257948219776154,0.40389931201934814,2.3716604709625244,0.09734552107002714,0.027284159783802248
PW_ent,307,7,0.17872367799282074,0.2108682543039322,0.4069965183734894,1.9264724254608154,0.07847404191599743,0.01684159965632392
PW_ent,307,8,0.10044214874505997,0.11094961315393448,0.1312101036310196,1.6245890855789185,0.0027371304058287937,0.00023571606819048884
PW_ent,307,9,0.30243682861328125,0.31661954522132874,0.5659694075584412,1.156105875968933,0.37220270990166543,0.13499812400557784
PW_ent,307,10,0.31768161058425903,0.34799134731292725,0.5980780720710754,3.1161718368530273,0.19557418602546073,0.06364252181591513
PW_ent,307,11,0.6129157543182373,0.6307919025421143,0.8901160359382629,1.5875029563903809,0.17543927131750012,0.06007919739434969
PW_ent,307,12,0.10149658471345901,0.12573499977588654,0.2046995311975479,3.611679792404175,0.05474805197705886,0.011133761640817008
PW_ent,307,13,0.12431202828884125,0.14685051143169403,0.22999149560928345,3.9181015491485596,0.009804150308168315,0.0016619190544749085
PW_ent,307,14,0.10106250643730164,0.13370805978775024,0.24221929907798767,7.562997341156006,0.027314498437055818,0.006503099223801258
PW_ent,307,15,0.1914025843143463,0.2188098430633545,0.39744722843170166,1.7111830711364746,0.05595452301412542,0.008095802573090371
PW_ent,307,16,0.24622128903865814,0.27491965889930725,0.48824137449264526,1.5605478286743164,0.11795673326146346,0.03113196454511129
PW_ent,307,17,0.3214193880558014,0.33419403433799744,0.5299209952354431,1.6663371324539185,0.11229887638566576,0.030472786668474732
PW_ent,307,18,0.2733730673789978,0.2965059280395508,0.5254363417625427,2.368581533432007,0.06553264145127563,0.013642270067879594
PW_ent,307,19,0.4761064052581787,0.48618587851524353,0.7162929177284241,1.4307856559753418,0.21674244701303583,0.09511805096766253
PW_ent,307,20,0.5226448774337769,0.5343706011772156,0.7399994730949402,1.4215294122695923,0.2489634407028515,0.11334957155818358
PW_ent,307,21,0.538291871547699,0.562335193157196,0.8768604397773743,1.8934311866760254,0.29066868752509584,0.1503834176949619
PW_ent,307,22,0.23890048265457153,0.29143086075782776,0.6209964752197266,2.865191698074341,0.17574897610880927,0.05775740579726644
PW_ent,307,23,0.2862192690372467,0.3075646162033081,0.504717230796814,1.2255544662475586,0.1498862669418082,0.0456332187867786
PW_ent,307,24,0.3433797359466553,0.35954344272613525,0.5899890065193176,1.8768903017044067,0.18934365371371473,0.08452574351946525
PW_ent,307,25,0.28335851430892944,0.31011444330215454,0.534025251865387,2.4159231185913086,0.09298255100105324,0.02517286121631117
PW_ent,307,26,0.5272426605224609,0.5349858403205872,0.7704774737358093,1.4227627515792847,0.26948497783486575,0.12907992466350912
PW_ent,307,27,0.5723450183868408,0.5762906670570374,0.8013806343078613,1.1839065551757812,0.1900262900235423,0.069422376509639
PW_ent,307,28,0.49214982986450195,0.508904755115509,0.7342526316642761,2.460956335067749,0.26254185226363713,0.12263867411261331
PW_ent,308,0,0.12635183334350586,0.1702180951833725,0.3958407938480377,1.75833261013031,0.1369442446290375,0.0327502796556878
PW_ent,308,1,0.18319359421730042,0.21385549008846283,0.409473717212677,1.5780344009399414,0.09005853391976999,0.029642258886699375
PW_ent,308,2,0.1007094532251358,0.1165873184800148,0.15161985158920288,5.541468620300293,0.007823744416381782,0.0011316895786868347
PW_ent,308,3,0.25551271438598633,0.29773736000061035,0.5864617824554443,1.788683533668518,0.4853087978795945,0.2680440985182065
PW_ent,308,4,0.3343495726585388,0.3764704167842865,0.6486698389053345,2.509986162185669,0.1641480409242719,0.054649043826839584
PW_ent,308,5,0.5476141571998596,0.5690332055091858,0.820844829082489,1.957337498664856,0.14771091221239294,0.04746744000297279
PW_ent,308,6,0.11999975889921188,0.15445242822170258,0.3145132064819336,1.328096628189087,0.09382552070080241,0.022917127134264137
PW_ent,308,7,0.18049223721027374,0.2099379450082779,0.39607304334640503,1.4970284700393677,0.057788398386843166,0.011861616762481757
PW_ent,308,8,0.10054994374513626,0.1140693947672844,0.1542336344718933,1.593898057937622,0.010979396026835897,0.0010183473749480955
PW_ent,308,9,0.23612788319587708,0.27017489075660706,0.5186793208122253,1.336034893989563,0.3264124215695369,0.1245287199725727
PW_ent,308,10,0.3025992214679718,0.34178853034973145,0.6305263042449951,1.6752068996429443,0.19298044306141338,0.06686719069902207
PW_ent,308,11,0.554387092590332,0.5728684663772583,0.8345086574554443,1.61691153049469,0.12604326883838482,0.03212300552487638
PW_ent,308,12,0.1001991555094719,0.11304718255996704,0.12241033464670181,2.1642332077026367,0.007228036860456485,0.001461046276885216
PW_ent,308,13,0.11246278136968613,0.12417703866958618,0.17524389922618866,1.3479902744293213,0.002698501552828684,0.00012490538884886668
PW_ent,308,14,0.1031409427523613,0.14596439898014069,0.3521217405796051,2.0346009731292725,0.05348146027436416,0.01856744627854774
PW_ent,308,15,0.20429682731628418,0.24895764887332916,0.49770551919937134,2.4652771949768066,0.15889118833503618,0.05522863793263031
PW_ent,308,16,0.2252478450536728,0.25438764691352844,0.4631538689136505,1.6435984373092651,0.09092124073740092,0.02509107453151808
PW_ent,308,17,0.26444774866104126,0.2954840660095215,0.49669164419174194,2.536121129989624,0.08327050863340876,0.027550515197654918
PW_ent,308,18,0.26734089851379395,0.28772076964378357,0.46841076016426086,1.8733465671539307,0.07919145612217411,0.027716524988427773
PW_ent,308,19,0.44089362025260925,0.4583132565021515,0.676123321056366,1.5784646272659302,0.288517975175583,0.1570206544733227
PW_ent,308,20,0.5254167318344116,0.5347076058387756,0.7372554540634155,1.6203709840774536,0.1753189236337868,0.0649371829386927
PW_ent,308,21,0.4771386384963989,0.4987807273864746,0.7589486241340637,1.5515162944793701,0.29028818228052994,0.13808338833986925
PW_ent,308,22,0.19062617421150208,0.21542680263519287,0.39305147528648376,1.77116858959198,0.08419590155221479,0.018120352477220037
PW_ent,308,23,0.23309874534606934,0.2502787113189697,0.4166451096534729,1.0436376333236694,0.07569666180917077,0.02139411418180731
PW_ent,308,24,0.30253809690475464,0.3219660818576813,0.5224553346633911,1.7791361808776855,0.13539210544513589,0.0465762801028855
PW_ent,308,25,0.2593443989753723,0.27987024188041687,0.49168676137924194,1.3123462200164795,0.07490875107464834,0.017801762386541634
PW_ent,308,26,0.5216127634048462,0.5398989319801331,0.8023743033409119,1.3649306297302246,0.2906359633447903,0.1502595833844435
PW_ent,308,27,0.5811407566070557,0.5940013527870178,0.8187074065208435,1.7164888381958008,0.2079705945482934,0.0791234089411227
PW_ent,308,28,0.445089191198349,0.4728321135044098,0.7509564757347107,1.451572299003601,0.2781326054601497,0.13525328377619042
PW_noent,301,0,0.11119309067726135,0.15238922834396362,0.3088221848011017,8.341142654418945,0.36958910978081105,0.17699976896408
PW_noent,301,1,0.12454795837402344,0.17774038016796112,0.39384758472442627,5.084973335266113,0.2291519811046938,0.10241309548137756
PW_noent,301,2,0.10072469711303711,0.1353483647108078,0.23237326741218567,6.073879241943359,0.03493586419481029,0.004052967031199939
PW_noent,301,3,0.17048735916614532,0.20651626586914062,0.42820948362350464,1.474614143371582,0.4919694979782833,0.3271455577534746
PW_noent,301,4,0.38923290371894836,0.4373704493045807,0.8666086196899414,2.4461612701416016,0.591290431336896,0.44910178752254026
PW_noent,301,5,0.4695170521736145,0.5211384296417236,0.9410781264305115,1.5528842210769653,0.47453341567355417,0.29513240636109345
PW_noent,301,6,0.1060531735420227,0.14703865349292755,0.30340027809143066,4.749727249145508,0.1248884725732371,0.02845290224995557
PW_noent,301,7,0.1549476534128189,0.24797631800174713,0.6978002190589905,3.0095229148864746,0.28268282327968736,0.13392564425570583
PW_noent,301,8,0.10081960260868073,0.1425345540046692,0.23254428803920746,16.84233856201172,0.0348647454558587,0.004799416950466209
PW_noent,301,9,0.14832627773284912,0.19173778593540192,0.43076711893081665,1.2625370025634766,0.45104620194352085,0.2658669910468339
PW_noent,301,10,0.37136009335517883,0.4680040776729584,1.0285427570343018,5.825615882873535,0.6516824447368718,0.5150419055301184
PW_noent,301,11,0.4939151406288147,0.542372465133667,0.9062916040420532,7.563845634460449,0.46865943321920717,0.2946547523291066
PW_noent,301,12,0.10017484426498413,0.11298868805170059,0.1468447595834732,3.441932439804077,0.03273973094935868,0.001311175546287704
PW_noent,301,13,0.10258789360523224,0.13884764909744263,0.25544676184654236,4.662336349487305,0.023866771948595045,0.002857254125832081
PW_noent,301,14,0.10009761154651642,0.16392536461353302,0.34946179389953613,10.880105018615723,0.07555009937435563,0.03884853455701886
PW_noent,301,15,0.14593128859996796,0.19400827586650848,0.4204547107219696,5.325290679931641,0.2661604744223253,0.1019618992616458
PW_noent,301,16,0.2155972719192505,0.25765925645828247,0.544952392578125,2.1033811569213867,0.2563075579050677,0.10033301070928023
PW_noent,301,17,0.22789213061332703,0.30727419257164,0.7758636474609375,4.1933135986328125,0.3246005313294155,0.19186775011246793
PW_noent,301,18,0.23792432248592377,0.32398366928100586,0.8025169372558594,3.696469783782959,0.41569128706407327,0.246451186648358
PW_noent,301,19,0.6205697059631348,0.698976993560791,1.3817073106765747,3.1784863471984863,0.5922363735855979,0.4523340570855135
PW_noent,301,20,0.6309491395950317,0.6919684410095215,1.2644706964492798,6.768786430358887,0.5930037251546711,0.44328112050362206
PW_noent,301,21,0.4546637237071991,0.4957495629787445,0.9108012914657593,1.769579291343689,0.4666045166846075,0.31047674917239715
PW_noent,301,22,0.16404108703136444,0.19924218952655792,0.42008116841316223,1.1577033996582031,0.43522881747476044,0.21347473091122393
PW_noent,301,23,0.18895220756530762,0.24984633922576904,0.6010906100273132,2.1518380641937256,0.16781473826409168,0.06179209269838117
PW_noent,301,24,0.43898218870162964,0.5923824906349182,1.6287392377853394,3.8416926860809326,0.3711808754677905,0.2260359217511041
PW_noent,301,25,0.30757930874824524,0.41370487213134766,1.1078038215637207,5.17676305770874,0.4555813294632572,0.2865801263863803
PW_noent,301,26,0.6790440082550049,0.7814996838569641,1.7233067750930786,4.6610565185546875,0.6924189428739601,0.5720396866444885
PW_noent,301,27,0.7987891435623169,0.9164627194404602,1.8365970849990845,4.564302921295166,0.615898918185675,0.4709410370748053
PW_noent,301,28,0.49486154317855835,0.5279303193092346,0.927107572555542,1.8624833822250366,0.5123326884645913,0.3611873633310836
PW_noent,302,0,0.10607501864433289,0.15519022941589355,0.35972559452056885,3.799717664718628,0.1695183916123382,0.06044887561778034
PW_noent,302,1,0.13406416773796082,0.20500344038009644,0.5324509739875793,4.003246784210205,0.30286779891306437,0.15516958216638246
PW_noent,302,2,0.10037603974342346,0.132571741938591,0.14912410080432892,25.469688415527344,0.04086615202428909,0.00617020330665079
PW_noent,302,3,0.17279212176799774,0.20512421429157257,0.4097936153411865,2.0565078258514404,0.5175242024632527,0.2930413848606934
PW_noent,302,4,0.2278553694486618,0.2598276734352112,0.509228527545929,1.299216866493225,0.4138331896515937,0.21943000921297143
PW_noent,302,5,0.5243209600448608,0.5752646923065186,1.0352816581726074,2.353071689605713,0.48732679727093847,0.32249067872712084
PW_noent,302,6,0.10433082282543182,0.13631151616573334,0.2726342976093292,1.7078081369400024,0.11534526857166182,0.028262348422943496
PW_noent,302,7,0.14974844455718994,0.23853647708892822,0.6222738027572632,8.605622291564941,0.33401557506907764,0.19225766640317773
PW_noent,302,8,0.10040648281574249,0.12334748357534409,0.1954793781042099,3.7802326679229736,0.08042931015065281,0.01704150374381399
PW_noent,302,9,0.133977472782135,0.15676112473011017,0.2872048020362854,1.1754423379898071,0.4119842319107147,0.20432570129552383
PW_noent,302,10,0.3321724534034729,0.38043728470802307,0.7829172015190125,2.0139048099517822,0.5613148945912784,0.40356390639727374
PW_noent,302,11,0.4969261884689331,0.5355625748634338,0.9555292129516602,1.6978812217712402,0.43909245588314966,0.2640096042306916
PW_noent,302,12,0.10013019293546677,0.11360770463943481,0.12746477127075195,13.491692543029785,0.03015271326054182,0.0032253448132985862
PW_noent,302,13,0.10126890242099762,0.11719489097595215,0.14965808391571045,3.6416778564453125,0.06369813563721477,0.016771565463222355
PW_noent,302,14,0.10002400726079941,0.1176607608795166,0.14927875995635986,2.5289273262023926,0.0415738050291433,0.00940793677354323
PW_noent,302,15,0.1510552614927292,0.21206073462963104,0.5192176103591919,3.4204275608062744,0.2482096627995903,0.11892927842812172
PW_noent,302,16,0.2708582282066345,0.3705374300479889,0.938357412815094,2.854653835296631,0.3861073562840606,0.24029688171903682
PW_noent,302,17,0.31520509719848633,0.4039829671382904,0.9866750836372375,4.924533843994141,0.4487540732899906,0.30159979395627806
PW_noent,302,18,0.19757488369941711,0.23732168972492218,0.5063465237617493,1.9059542417526245,0.4379906153799933,0.27282146812630387
PW_noent,302,19,0.5814859867095947,0.7003898620605469,1.591650366783142,3.945054531097412,0.5156809712230294,0.37074877991754845
PW_noent,302,20,0.6397325992584229,0.6984526515007019,1.3161530494689941,2.129761219024658,0.5392592322486204,0.39065275202169003
PW_noent,302,21,0.6600203514099121,0.8196840286254883,1.9426536560058594,6.579710006713867,0.6162024653711239,0.489753134153122
PW_noent,302,22,0.14910654723644257,0.22988121211528778,0.6358856558799744,3.220219612121582,0.1373608116513184,0.04528749058709985
PW_noent,302,23,0.2711294889450073,0.34909117221832275,0.8210536241531372,4.62048864364624,0.5105053677977983,0.33159382786358066
PW_noent,302,24,0.4475213587284088,0.597247838973999,1.6106406450271606,3.805936574935913,0.5456709657175451,0.4099533947679485
PW_noent,302,25,0.21083469688892365,0.25806471705436707,0.5669082403182983,2.460526943206787,0.2623963881601942,0.13641465719549054
PW_noent,302,26,0.36272570490837097,0.4156428277492523,0.8552141785621643,2.2938482761383057,0.5959850674824274,0.47800526751338634
PW_noent,302,27,0.7597206830978394,0.8720335960388184,1.8174034357070923,4.864171504974365,0.5415273340862764,0.3950043223638957
PW_noent,302,28,0.43640464544296265,0.4671933352947235,0.8034582734107971,2.5550503730773926,0.48864995144678797,0.3194211608802464
PW_noent,303,0,0.11120953410863876,0.13877075910568237,0.25852617621421814,1.5385857820510864,0.15738325165848774,0.03674202582455436
PW_noent,303,1,0.14095744490623474,0.21652953326702118,0.5536169409751892,3.6935298442840576,0.31194733023119287,0.15121129795079796
PW_noent,303,2,0.10058881342411041,0.12100211530923843,0.12985797226428986,16.508358001708984,0.043277264771996,0.006519901218447237
PW_noent,303,3,0.19571831822395325,0.23892013728618622,0.5158958435058594,1.7661380767822266,0.4267323847490306,0.26548576047403966
PW_noent,303,4,0.4105551242828369,0.499133437871933,1.1242502927780151,2.8067212104797363,0.5787173194951888,0.4226867615516238
PW_noent,303,5,0.6359264850616455,0.6809030175209045,1.0992183685302734,2.4213621616363525,0.4711419436132922,0.30026820035429796
PW_noent,303,6,0.12361960113048553,0.15872059762477875,0.31900015473365784,1.736228585243225,0.1175702296440123,0.027115566417689353
PW_noent,303,7,0.18524755537509918,0.30273371934890747,0.8899993300437927,5.653016090393066,0.3468806933179302,0.20192309887643622
PW_noent,303,8,0.10022692382335663,0.11759340763092041,0.13918906450271606,9.775840759277344,0.044293594443375196,0.007147763967652608
PW_noent,303,9,0.17532795667648315,0.21501493453979492,0.4586194157600403,1.4993765354156494,0.4637794313839852,0.2814776161821636
PW_noent,303,10,0.33178970217704773,0.3938085734844208,0.826725959777832,3.55959415435791,0.4831395594625471,0.31255702872579494
PW_noent,303,11,1.0187041759490967,1.0840054750442505,1.7546472549438477,3.356905937194824,0.6412130746485527,0.49696577027710465
PW_noent,303,12,0.10786102712154388,0.1286025494337082,0.21033190190792084,2.473339557647705,0.10078677712170207,0.02234818935925362
PW_noent,303,13,0.10061556100845337,0.10412976145744324,0.11057095974683762,1.579036831855774,0.021871535521469684,0.0009300897173703283
PW_noent,303,14,0.1000806987285614,0.10577806830406189,0.11535698175430298,1.6234638690948486,0.07243163944431809,0.03730464004049568
PW_noent,303,15,0.37110447883605957,0.4504774510860443,0.9690070152282715,3.2490766048431396,0.5107904491023053,0.3549709165078841
PW_noent,303,16,0.3757152557373047,0.4174802303314209,0.8001266717910767,1.7668596506118774,0.39058948762350965,0.22561196918223483
PW_noent,303,17,0.46764498949050903,0.513619601726532,0.9107087254524231,2.645589828491211,0.4623262805868493,0.2928562585496221
PW_noent,303,18,0.34168165922164917,0.4074943959712982,0.8539294600486755,1.9394704103469849,0.690798106192525,0.49091346829550103
PW_noent,303,19,0.6986818909645081,0.9275312423706055,2.332972764968872,8.552597999572754,0.5770281574227364,0.4381960203835844
PW_noent,303,20,0.8873515725135803,0.9913756251335144,1.8993538618087769,4.394925594329834,0.6221339207010199,0.4829033262664056
PW_noent,303,21,0.807085394859314,0.948322594165802,1.9879974126815796,5.533932209014893,0.6012922591288997,0.459238470507209
PW_noent,303,22,0.18247783184051514,0.201308012008667,0.3619939088821411,1.0618013143539429,0.32887616012531445,0.13868988251943346
PW_noent,303,23,0.2368776798248291,0.2987368404865265,0.6838047504425049,2.496567726135254,0.3245244784453306,0.14442558751681664
PW_noent,303,24,0.4266936779022217,0.4847460687160492,1.0302242040634155,2.2334654331207275,0.39556685474739844,0.24898072319616557
PW_noent,303,25,0.24641308188438416,0.2745721638202667,0.5292440056800842,1.1826575994491577,0.28831681544103355,0.14315063635004485
PW_noent,303,26,0.27161329984664917,0.2859659492969513,0.44084981083869934,0.9529977440834045,0.836405499200811,0.6724682119657847
PW_noent,303,27,0.49812066555023193,0.5353385806083679,0.8650153875350952,1.58249831199646,0.49494619203334994,0.339310795592475
PW_noent,303,28,0.6575856804847717,0.7105287909507751,1.3213276863098145,2.6741411685943604,0.6321179798597212,0.4971687666361359
PW_noent,304,0,0.15452273190021515,0.1994444876909256,0.4306291937828064,1.7000846862792969,0.4599909542161174,0.23438886084344954
PW_noent,304,1,0.2052801549434662,0.26226234436035156,0.5813809633255005,3.168618679046631,0.39677867728507055,0.23346156580203145
PW_noent,304,2,0.10294448584318161,0.11428254097700119,0.15290525555610657,2.277238607406616,0.07809082933697704,0.012818760223224581
PW_noent,304,3,0.22686699032783508,0.27256080508232117,0.587709903717041,1.2408239841461182,0.4115283879545477,0.23415546662418482
PW_noent,304,4,0.4518905282020569,0.5960034132003784,1.5198513269424438,4.775791168212891,0.597324706899348,0.4406430915238387
PW_noent,304,5,0.8492133021354675,0.887528121471405,1.3492558002471924,2.4149551391601562,0.6251787930163433,0.4773964324105053
PW_noent,304,6,0.12734967470169067,0.1502688080072403,0.2689390480518341,2.0469579696655273,0.15670387383529508,0.049239028557217394
PW_noent,304,7,0.20912957191467285,0.31018316745758057,0.6581944227218628,81.21151733398438,0.37302637018900575,0.20319929053486388
PW_noent,304,8,0.10564181208610535,0.12265926599502563,0.17362433671951294,3.88995361328125,0.183838790149122,0.05469108467656941
PW_noent,304,9,0.24775929749011993,0.3332982361316681,0.8124969601631165,6.037062168121338,0.4503454630703095,0.2903524757683804
PW_noent,304,10,0.44576025009155273,0.5667081475257874,1.3439043760299683,3.677013635635376,0.6710529713509125,0.5472783422809159
PW_noent,304,11,0.4676613211631775,0.49908503890037537,0.8173430562019348,1.5266278982162476,0.49549069309574095,0.3279897778689622
PW_noent,304,12,0.1262889802455902,0.1744982749223709,0.3855944871902466,3.6249520778656006,0.14290493079550384,0.04674919290242358
PW_noent,304,13,0.10400199890136719,0.11782101541757584,0.1787991225719452,1.2476805448532104,0.029026834022865138,0.0015113336963600889
PW_noent,304,14,0.10857318341732025,0.12052598595619202,0.17446555197238922,1.2192226648330688,0.3941301036418112,0.159207595221858
PW_noent,304,15,0.23539599776268005,0.2699831426143646,0.5124201774597168,1.0822356939315796,0.5997229554883531,0.3317613558053842
PW_noent,304,16,0.4646070599555969,0.5619761347770691,1.2194716930389404,3.687795877456665,0.5597491323182304,0.4148636134431638
PW_noent,304,17,0.47523826360702515,0.5383242964744568,1.0435731410980225,3.253988265991211,0.5594201527860285,0.4136077151998712
PW_noent,304,18,0.2903529405593872,0.3151606321334839,0.5344089865684509,1.1886391639709473,0.3014281224928446,0.1443420481547833
PW_noent,304,19,0.5937267541885376,0.7505524754524231,1.7269928455352783,7.466970443725586,0.523384622849383,0.3618500787607882
PW_noent,304,20,0.6973534822463989,0.7430451512336731,1.2563966512680054,2.264596700668335,0.6134830756174975,0.4580988022256855
PW_noent,304,21,0.6856553554534912,0.8320779800415039,1.7752461433410645,4.957727909088135,0.546712460776959,0.38590134253766006
PW_noent,304,22,0.34700632095336914,0.4010010063648224,0.8022814989089966,3.6617066860198975,0.3362867167119908,0.1626409338492931
PW_noent,304,23,0.5002416372299194,0.5494515299797058,1.0335174798965454,2.3940446376800537,0.6397445426557297,0.48548151173465887
PW_noent,304,24,0.7240766286849976,0.8595187664031982,1.858283519744873,4.834808826446533,0.6599019639601807,0.5259740176667048
PW_noent,304,25,0.45394420623779297,0.49618038535118103,0.8926512598991394,2.1174824237823486,0.5587958293309545,0.40740074728834524
PW_noent,304,26,0.5783751010894775,0.6358874440193176,1.1207464933395386,2.0998618602752686,0.49816672264478123,0.33854633733553313
PW_noent,304,27,0.6341054439544678,0.7008154988288879,1.2527340650558472,2.1248812675476074,0.5394908382606954,0.38871416195368
PW_noent,304,28,0.40760040283203125,0.5039052367210388,1.0887200832366943,4.177407264709473,0.7380145466501075,0.6003762750259786
PW_noent,305,0,0.10753731429576874,0.15642863512039185,0.38597235083580017,1.7932665348052979,0.24716075024179637,0.10427046795613082
PW_noent,305,1,0.14427250623703003,0.24233420193195343,0.550151526927948,21.789079666137695,0.3336175942269914,0.18441696330509383
PW_noent,305,2,0.10036805272102356,0.1633942574262619,0.13049528002738953,81.61591339111328,0.07388508986225582,0.022838657857751087
PW_noent,305,3,0.15669246017932892,0.181876078248024,0.33298003673553467,2.8311989307403564,0.5518088519015195,0.3132066179708841
PW_noent,305,4,0.3375451862812042,0.3864043653011322,0.792566180229187,2.1918559074401855,0.6352630228233732,0.48686078851095943
PW_noent,305,5,0.9065334796905518,0.9855437874794006,1.6462759971618652,4.329030513763428,0.7091050602643056,0.587765623486456
PW_noent,305,6,0.10207976400852203,0.1318066120147705,0.22809378802776337,6.7723236083984375,0.14312613214211192,0.06636011193440776
PW_noent,305,7,0.1627337634563446,0.24962174892425537,0.632024884223938,5.325077056884766,0.30207442295165365,0.15464038198789884
PW_noent,305,8,0.10037676990032196,0.15198315680027008,0.14099805057048798,48.704612731933594,0.06506396593738088,0.008906294273864404
PW_noent,305,9,0.1625339537858963,0.19219344854354858,0.3615484833717346,1.9362506866455078,0.5197049282931291,0.36433899491293803
PW_noent,305,10,0.383287250995636,0.48206472396850586,1.1435236930847168,4.257566928863525,0.5895389210749712,0.4237944431547409
PW_noent,305,11,0.4781482219696045,0.5236279368400574,0.8583308458328247,3.311814785003662,0.5226557399517593,0.35531174544056787
PW_noent,305,12,0.10018397867679596,0.10873202234506607,0.12381362915039062,1.816920518875122,0.04672439407752249,0.006001494460708412
PW_noent,305,13,0.10231378674507141,0.13068895041942596,0.1644253134727478,30.327526092529297,0.05682269881031885,0.019286344934648134
PW_noent,305,14,0.10094721615314484,0.1805078536272049,0.47761082649230957,8.143497467041016,0.20139264219846606,0.1317221626944555
PW_noent,305,15,0.2391699105501175,0.28574880957603455,0.6140730381011963,1.8505682945251465,0.43159125689107447,0.24931020311244378
PW_noent,305,16,0.18753525614738464,0.22192497551441193,0.4330087900161743,2.7040865421295166,0.37872105107099036,0.16889738495863205
PW_noent,305,17,0.4189929664134979,0.46182718873023987,0.8268105983734131,1.9369105100631714,0.49874083319334633,0.35055383906123105
PW_noent,305,18,0.24549943208694458,0.30664074420928955,0.6812468767166138,3.284029722213745,0.3400696463591037,0.18590849697427556
PW_noent,305,19,0.5364296436309814,0.6013410091400146,1.1154139041900635,2.917754650115967,0.5924303800758671,0.4643763950307469
PW_noent,305,20,0.48470979928970337,0.5497202277183533,0.9537321925163269,4.331862449645996,0.4708276863008643,0.31326572409657377
PW_noent,305,21,0.3920872211456299,0.44189849495887756,0.8289610147476196,1.8978052139282227,0.4714709013208478,0.3193671091731425
PW_noent,305,22,0.20775634050369263,0.2609274387359619,0.5823136568069458,2.149156332015991,0.25682203246701046,0.11605884146682115
PW_noent,305,23,0.14929860830307007,0.18689008057117462,0.38697129487991333,2.1160314083099365,0.19402831097650763,0.06444463211998587
PW_noent,305,24,0.16263042390346527,0.1984758824110031,0.41254812479019165,1.8167145252227783,0.37274598749648985,0.21384279355816893
PW_noent,305,25,0.31891027092933655,0.360777348279953,0.7094656229019165,2.1425931453704834,0.44552771250119233,0.30040972614078026
PW_noent,305,26,0.4401012659072876,0.4784919321537018,0.8576791286468506,2.3376104831695557,0.4962739384316648,0.35299351069902646
PW_noent,305,27,0.5620421171188354,0.637517511844635,1.213407278060913,3.0317676067352295,0.5632989648572416,0.4113416927182249
PW_noent,305,28,0.5142440795898438,0.5683646202087402,1.0411500930786133,2.495676040649414,0.5728782625611196,0.4263678253498666
PW_noent,306,0,0.12991520762443542,0.17215551435947418,0.3794141709804535,2.5478882789611816,0.3396690770303657,0.15998961204743026
PW_noent,306,1,0.21312476694583893,0.2860274314880371,0.6711625456809998,7.98567008972168,0.37583436034436096,0.19723664692361853
PW_noent,306,2,0.10252335667610168,0.13744178414344788,0.2604416608810425,5.970059394836426,0.07891624178926207,0.018100412143282976
PW_noent,306,3,0.2016465663909912,0.24890761077404022,0.521913468837738,1.9065788984298706,0.39219325136834965,0.2414299037836364
PW_noent,306,4,0.4089345335960388,0.4705398976802826,0.9854370355606079,1.9433847665786743,0.5525271872047707,0.39642619371768584
PW_noent,306,5,0.46572592854499817,0.5075886845588684,0.8921992778778076,1.9029580354690552,0.4485038620631252,0.2777820807887642
PW_noent,306,6,0.11561719328165054,0.1536453813314438,0.315256267786026,1.66200852394104,0.2531154057933504,0.10568971746231141
PW_noent,306,7,0.14120936393737793,0.19137178361415863,0.4500497877597809,2.391479969024658,0.23044781751162727,0.10085972565715234
PW_noent,306,8,0.10215321183204651,0.1229926347732544,0.18679235875606537,2.7893638610839844,0.0931157565345261,0.033110585675895504
PW_noent,306,9,0.15718385577201843,0.17938338220119476,0.3300932049751282,1.226379632949829,0.39589195584888576,0.2070638638941281
PW_noent,306,10,0.3419349193572998,0.41687729954719543,0.9148218631744385,2.1739511489868164,0.5674961457113419,0.43025708829704157
PW_noent,306,11,0.664837121963501,0.758474588394165,1.428240418434143,3.1082398891448975,0.5997995188499545,0.44993545116531014
PW_noent,306,12,0.10152807831764221,0.11249110847711563,0.1541568636894226,1.961159586906433,0.021491832896049817,0.0010457200851163666
PW_noent,306,13,0.10201016068458557,0.10972899198532104,0.14537301659584045,0.5277212262153625,0.021754013496199858,0.001630221454024951
PW_noent,306,14,0.10776050388813019,0.1201615259051323,0.18110035359859467,1.2036304473876953,0.29670357979630096,0.15705154834455656
PW_noent,306,15,0.1860131025314331,0.21647696197032928,0.4378547966480255,1.1425405740737915,0.20173845418557876,0.07032698997153536
PW_noent,306,16,0.19739258289337158,0.25072041153907776,0.5771387219429016,2.611394166946411,0.3825854419622117,0.20186282396318198
PW_noent,306,17,0.5684335827827454,0.6221962571144104,1.0939174890518188,2.4655327796936035,0.6211124501991921,0.49381405272016066
PW_noent,306,18,0.42950546741485596,0.4819068908691406,0.9556268453598022,2.546677589416504,0.7506295043505412,0.6201098810357216
PW_noent,306,19,0.42325490713119507,0.4603666067123413,0.8182263374328613,1.2882646322250366,0.47777792488535037,0.33715465456042654
PW_noent,306,20,0.6571919918060303,0.6979458928108215,1.1313297748565674,1.9829288721084595,0.5094015977094898,0.347083983973931
PW_noent,306,21,0.5688591599464417,0.6372780799865723,1.2139252424240112,3.823871374130249,0.5562635432750557,0.4159722091928247
PW_noent,306,22,0.2691271901130676,0.29654213786125183,0.5568014979362488,1.465831995010376,0.29384938223906326,0.13547370223159344
PW_noent,306,23,0.2650650441646576,0.3299902677536011,0.730015218257904,3.3440487384796143,0.40451825866171554,0.22958552051789513
PW_noent,306,24,0.289733350276947,0.3496408462524414,0.781389594078064,1.8771347999572754,0.4235404860822754,0.2783811239273933
PW_noent,306,25,0.32144373655319214,0.3762725293636322,0.7898480892181396,1.7157496213912964,0.40345583968637855,0.24082573277473232
PW_noent,306,26,0.38271450996398926,0.4554060995578766,0.92767733335495,2.789777994155884,0.44413766411009803,0.2867540913714855
PW_noent,306,27,0.7266098260879517,0.794497013092041,1.410218358039856,2.828216791152954,0.5529671569347657,0.40514495991172544
PW_noent,306,28,0.6152471303939819,0.7289066910743713,1.5204730033874512,5.060074806213379,0.5362907431364086,0.3756628964882847
PW_noent,307,0,0.1626364290714264,0.21979743242263794,0.5377654433250427,2.0424957275390625,0.2745397531692991,0.14620378981073825
PW_noent,307,1,0.24352137744426727,0.34660330414772034,0.8937421441078186,10.359469413757324,0.45368356168180773,0.27827309337765377
PW_noent,307,2,0.10498934984207153,0.12631560862064362,0.21223926544189453,1.6902198791503906,0.09662956017662179,0.014605008929857784
PW_noent,307,3,0.2514840364456177,0.3253133296966553,0.8290181159973145,2.7264599800109863,0.45267779638237476,0.2925215798234987
PW_noent,307,4,0.41537582874298096,0.49696674942970276,1.12527334690094,2.865219831466675,0.4617915412569533,0.29507558707354636
PW_noent,307,5,0.5951958894729614,0.6247003078460693,0.9627199769020081,1.7467321157455444,0.6241935859763956,0.46066598319492763
PW_noent,307,6,0.15572237968444824,0.24191562831401825,0.6254144310951233,6.58098030090332,0.24594791407735705,0.12831440580896056
PW_noent,307,7,0.27138495445251465,0.42887115478515625,1.2170233726501465,7.894207000732422,0.4411769320468124,0.2718716942493837
PW_noent,307,8,0.10423135757446289,0.12032637745141983,0.1953464150428772,1.0052825212478638,0.09478649850047345,0.012648028827010669
PW_noent,307,9,0.22694480419158936,0.27446606755256653,0.5626118779182434,2.3143835067749023,0.390384719489848,0.22545781067221038
PW_noent,307,10,0.4363318979740143,0.5049651861190796,1.0252896547317505,2.863065004348755,0.6745588596414893,0.5284419694602751
PW_noent,307,11,0.9333515763282776,1.0720951557159424,2.05232310295105,4.844936370849609,0.6092214112046693,0.460622908538639
PW_noent,307,12,0.13726240396499634,0.1878376454114914,0.4314541220664978,4.009731769561768,0.1574281497521645,0.0637956309980157
PW_noent,307,13,0.1094994992017746,0.1310560703277588,0.20337437093257904,2.5390045642852783,0.04482380426900398,0.008278853973123357
PW_noent,307,14,0.10255132615566254,0.13844238221645355,0.2531184256076813,6.181448459625244,0.12468203430683411,0.07055173833287497
PW_noent,307,15,0.2971225082874298,0.36313411593437195,0.8054737448692322,2.6020495891571045,0.8218166560946991,0.6262458170091347
PW_noent,307,16,0.4607406556606293,0.6047372221946716,1.4917051792144775,5.984177112579346,0.399249555056522,0.23927361701056274
PW_noent,307,17,0.48640090227127075,0.6010875105857849,1.4496864080429077,5.372524261474609,0.3560661392917293,0.19900066145960985
PW_noent,307,18,0.3312199115753174,0.39152196049690247,0.8115300536155701,1.957944393157959,0.35915795406009404,0.19800732418152697
PW_noent,307,19,0.6183366775512695,0.6926853060722351,1.3466835021972656,4.910070419311523,0.8308686201682658,0.7262082038630711
PW_noent,307,20,0.5384199619293213,0.603233277797699,1.0782564878463745,3.3477349281311035,0.5621654638867359,0.39636711993928264
PW_noent,307,21,0.5461475849151611,0.628919780254364,1.2560937404632568,3.3350439071655273,0.7509351803521289,0.6151952121361792
PW_noent,307,22,0.338672935962677,0.40684375166893005,0.9001107215881348,2.283050775527954,0.4959079881227566,0.31373845815950413
PW_noent,307,23,0.366563618183136,0.4538353383541107,1.0105969905853271,3.800495147705078,0.6050415913882947,0.3698273016033388
PW_noent,307,24,0.7881646156311035,0.931644856929779,2.084770917892456,5.637132167816162,0.642860594585209,0.5129721729861108
PW_noent,307,25,0.4181565046310425,0.46233758330345154,0.8436639904975891,1.9684597253799438,0.5196903068059538,0.3621180801190915
PW_noent,307,26,0.7325136661529541,0.8837401270866394,1.7814477682113647,11.077061653137207,0.6188858631290042,0.4780923007601536
PW_noent,307,27,0.4904690682888031,0.5362024307250977,0.9290881156921387,2.867389678955078,0.5053822258145306,0.3458496780578279
PW_noent,307,28,0.5708281993865967,0.6464133262634277,1.26238214969635,2.606750249862671,0.5727025418378936,0.4327721238585222
PW_noent,308,0,0.11040075123310089,0.15063484013080597,0.32798901200294495,2.465243339538574,0.2639924605472905,0.09930162119946007
PW_noent,308,1,0.14012397825717926,0.18423746526241302,0.3988991677761078,2.5023961067199707,0.213152831455241,0.09485892296047758
PW_noent,308,2,0.10079507529735565,0.12404517084360123,0.13243280351161957,24.429149627685547,0.038704703446612414,0.005447739776481869
PW_noent,308,3,0.17173314094543457,0.2119615077972412,0.46524778008461,1.414254069328308,0.5442775591183723,0.39528929967249277
PW_noent,308,4,0.337591290473938,0.3969865143299103,0.8068084120750427,2.679480791091919,0.5767576252261183,0.4209518471905079
PW_noent,308,5,0.49433621764183044,0.5413166880607605,0.9081162214279175,2.4160447120666504,0.4568231336266986,0.284653166191654
PW_noent,308,6,0.1079108789563179,0.13389314711093903,0.24409860372543335,1.6688710451126099,0.22667338808980197,0.07322977263565367
PW_noent,308,7,0.16095145046710968,0.2032134085893631,0.45298638939857483,1.1507301330566406,0.3034157451976973,0.15749573329298217
PW_noent,308,8,0.10034584999084473,0.11400141566991806,0.12548674643039703,4.600688457489014,0.059380163535201196,0.007016187367733643
PW_noent,308,9,0.15926295518875122,0.19140011072158813,0.38442111015319824,1.9189023971557617,0.4355761035160746,0.21882256500682173
PW_noent,308,10,0.3189229965209961,0.391648530960083,0.8740963935852051,3.3544464111328125,0.6631837836898152,0.5047042043539677
PW_noent,308,11,0.4419977366924286,0.4819270074367523,0.8407161235809326,1.6994199752807617,0.5973166608909505,0.3943001870023024
PW_noent,308,12,0.10063163936138153,0.10735990852117538,0.1232486441731453,0.9825617671012878,0.039292163706574845,0.003942440977854517
PW_noent,308,13,0.10258658975362778,0.12398499250411987,0.1599474400281906,7.1121296882629395,0.034580558792521,0.009487840898327648
PW_noent,308,14,0.1012931615114212,0.10781996697187424,0.13771973550319672,0.4434393346309662,0.2643889452171621,0.0885173600720725
PW_noent,308,15,0.2690029442310333,0.30313336849212646,0.5688050389289856,1.3410409688949585,0.4628371002524713,0.3038791405035491
PW_noent,308,16,0.19124644994735718,0.2255098670721054,0.46134331822395325,1.6267815828323364,0.13403570494328257,0.040084408071640744
PW_noent,308,17,0.3510833978652954,0.3958164155483246,0.7700256705284119,2.0664384365081787,0.3866321841460994,0.2405018490883413
PW_noent,308,18,0.24664738774299622,0.32864776253700256,0.8145137429237366,2.9683096408843994,0.34202422185712916,0.19808020338076815
PW_noent,308,19,0.45979976654052734,0.5086809992790222,0.9150094389915466,1.918244481086731,0.4495561725296202,0.2946404648543766
PW_noent,308,20,0.43873369693756104,0.4795319139957428,0.8519231081008911,1.7367124557495117,0.44276885480226164,0.26654610298790415
PW_noent,308,21,0.4569445550441742,0.48728373646736145,0.789072573184967,1.3336576223373413,0.47704115756783444,0.3202741536060909
PW_noent,308,22,0.25295019149780273,0.28002893924713135,0.4969022870063782,1.156577467918396,0.29163934287270576,0.16339079927928093
PW_noent,308,23,0.15997925400733948,0.20136146247386932,0.44355446100234985,1.2657427787780762,0.11229682073123308,0.03421766357544223
PW_noent,308,24,0.2984769344329834,0.3725142478942871,0.8746824860572815,2.2551000118255615,0.3867819922370563,0.24997021042818854
PW_noent,308,25,0.4070838391780853,0.48607778549194336,1.0709787607192993,3.1197621822357178,0.341250708212731,0.19201478169899142
PW_noent,308,26,0.5201597213745117,0.5438241362571716,0.8447631597518921,2.4806487560272217,0.4739948924947585,0.31795428620209976
PW_noent,308,27,0.7487385272979736,0.8338460922241211,1.5678563117980957,4.808598518371582,0.5610309431853667,0.4083383725390386
PW_noent,308,28,0.4559049606323242,0.48715171217918396,0.8157950639724731,1.9432326555252075,0.44796710599722794,0.29123781271068466
WML_ent,301,0,0.1756402552127838,0.40756312012672424,1.3671773672103882,29.58632469177246,0.27770346422476744,0.12071942792095318
WML_ent,301,1,0.16028150916099548,0.3604156970977783,1.081795573234558,52.78489303588867,0.14942089732089936,0.0657720970817715
WML_ent,301,2,0.10842207074165344,0.3173483610153198,0.7370789647102356,36.56153869628906,0.03923765965685196,0.012234417453816504
WML_ent,301,3,0.43636202812194824,1.0210105180740356,3.4034953117370605,45.97495651245117,0.5438504069186446,0.36771947342823114
WML_ent,301,4,0.923805832862854,1.631301999092102,5.186919689178467,83.82717895507812,0.5451205796050311,0.38439041234743326
WML_ent,301,5,0.7584454417228699,0.8858814239501953,1.8258507251739502,6.489995002746582,0.4337056262713166,0.2615323063535148
WML_ent,301,6,0.16548484563827515,0.3854347765445709,1.3107613325119019,47.16653823852539,0.15183381209937155,0.054634076958483914
WML_ent,301,7,0.16500826179981232,0.3202504813671112,0.9835606813430786,8.556381225585938,0.16398792204979687,0.06830219324194282
WML_ent,301,8,0.10680001974105835,0.3610788881778717,0.6429575681686401,86.09674835205078,0.024882365034043685,0.013016503812409012
WML_ent,301,9,0.4250341057777405,1.00560462474823,3.2618327140808105,113.50560760498047,0.5645356997856937,0.3659165362353554
WML_ent,301,10,1.0441114902496338,1.5027910470962524,3.859952449798584,27.250778198242188,0.529688266063041,0.370824574172499
WML_ent,301,11,0.7328287363052368,0.8675664067268372,1.788476586341858,10.805862426757812,0.5350219068455314,0.3699770181462987
WML_ent,301,12,0.11301392316818237,0.3840514123439789,1.0491857528686523,90.38270568847656,0.09426826854498892,0.02555262498801957
WML_ent,301,13,0.11196088790893555,0.22054128348827362,0.5744651556015015,34.61884307861328,0.015472961501013169,0.005486572920436971
WML_ent,301,14,0.10043250024318695,0.10641584545373917,0.11836784332990646,2.4194822311401367,0.02137520474677007,0.0036477889421397403
WML_ent,301,15,0.3563532531261444,0.6974918246269226,2.3143322467803955,16.541078567504883,0.1886556430487539,0.084268593869543
WML_ent,301,16,0.6527890563011169,1.1848031282424927,3.9282407760620117,30.92936897277832,0.3218636148293755,0.1974824352395379
WML_ent,301,17,0.5872983932495117,1.1161681413650513,3.160130500793457,44.74140930175781,0.2288282962086862,0.12855440762400888
WML_ent,301,18,0.9434216022491455,2.3383805751800537,7.861377716064453,152.4791717529297,0.4543069082765791,0.3131998529083488
WML_ent,301,19,1.1088035106658936,1.4338797330856323,3.542039394378662,17.22884750366211,0.5878440818864562,0.45289268849394765
WML_ent,301,20,0.9305206537246704,1.0807524919509888,2.302210807800293,3.8928475379943848,0.610891479940126,0.4724743053666365
WML_ent,301,21,0.7816405296325684,1.0196681022644043,2.4304373264312744,11.913482666015625,0.4621487282367176,0.3116359826419282
WML_ent,301,22,0.3320959210395813,0.7086353302001953,2.4967098236083984,17.377042770385742,0.28016533208105665,0.13666602710604928
WML_ent,301,23,0.45953747630119324,0.7996606230735779,2.4694700241088867,24.76055908203125,0.20440568836363796,0.09609179745974311
WML_ent,301,24,0.7664288282394409,1.479203224182129,5.020678520202637,35.550933837890625,0.2819693513251844,0.17113059903679462
WML_ent,301,25,0.5420594215393066,1.3661803007125854,5.08697509765625,42.16097640991211,0.2996871032701051,0.18014093502888864
WML_ent,301,26,1.0077425241470337,1.2900007963180542,3.286691188812256,8.589940071105957,0.5752072923843857,0.4420832281456832
WML_ent,301,27,0.845291793346405,0.971161425113678,1.9640517234802246,4.940674304962158,0.5306236579939646,0.38037415456158136
WML_ent,301,28,1.0765618085861206,1.6795226335525513,5.3737077713012695,19.042755126953125,0.48593961675151015,0.3416853611910214
WML_ent,302,0,0.12740620970726013,0.32518041133880615,0.9822359681129456,25.167522430419922,0.1323550186168566,0.045245794522996714
WML_ent,302,1,0.18549078702926636,0.42478320002555847,1.413032054901123,31.321592330932617,0.2096537352215803,0.10477131530248174
WML_ent,302,2,0.10141098499298096,0.586322009563446,0.6637289524078369,224.0047149658203,0.025382023985557372,0.018708298761103956
WML_ent,302,3,0.577036440372467,1.269606590270996,4.7181572914123535,30.435192108154297,0.6992142019666598,0.5192587154284437
WML_ent,302,4,0.7273637056350708,1.9356311559677124,7.862865447998047,34.40178680419922,0.4945923888086517,0.3453401777374893
WML_ent,302,5,0.7706902027130127,0.9440296292304993,2.2078614234924316,7.522027015686035,0.5629798971218002,0.40551536545107486
WML_ent,302,6,0.1301032304763794,0.3744436502456665,1.384847640991211,16.869911193847656,0.15464658222585181,0.056240567839922505
WML_ent,302,7,0.1685519516468048,0.37276506423950195,1.1563529968261719,25.780160903930664,0.19788788235140128,0.09693232778039802
WML_ent,302,8,0.10129974782466888,0.27007612586021423,0.33506911993026733,54.104740142822266,0.02244831726260937,0.010734116388459386
WML_ent,302,9,0.2999623417854309,0.5099124312400818,1.5175635814666748,12.683321952819824,0.5461961109924284,0.3551290288052303
WML_ent,302,10,0.7097355723381042,1.104489803314209,3.180513620376587,28.904293060302734,0.5301608017106979,0.37529498336740597
WML_ent,302,11,0.8461984395980835,1.1425470113754272,2.8236379623413086,18.248231887817383,0.5114868014666006,0.34711905895949874
WML_ent,302,12,0.10247189551591873,0.33090731501579285,1.0076594352722168,53.84454345703125,0.032421439693621046,0.015805005025173475
WML_ent,302,13,0.10231585800647736,0.14747200906276703,0.21978627145290375,16.727617263793945,0.01739562794647129,0.00263789819383271
WML_ent,302,14,0.10028202831745148,0.10912216454744339,0.12256348133087158,1.9539390802383423,0.012625707626648136,0.0003656931898855757
WML_ent,302,15,0.1857834905385971,0.39206552505493164,1.3381659984588623,9.715136528015137,0.1319944592833964,0.04951920158035764
WML_ent,302,16,0.3997378945350647,0.6380528807640076,1.9043400287628174,8.399849891662598,0.18335514211641024,0.08532308614123053
WML_ent,302,17,0.74643874168396,2.2622110843658447,8.048535346984863,132.88534545898438,0.3075009352955556,0.20860192308471492
WML_ent,302,18,0.3360028564929962,0.6369512677192688,2.0604617595672607,16.467159271240234,0.17740470603508815,0.0798098459384245
WML_ent,302,19,0.8000174760818481,1.2398067712783813,3.6903622150421143,14.017271995544434,0.5729557302561137,0.43037167014593775
WML_ent,302,20,0.7621139287948608,0.8561950325965881,1.7228538990020752,5.81329870223999,0.5167634157175924,0.3698476078917028
WML_ent,302,21,0.9685345888137817,1.1827512979507446,2.85762882232666,7.813423156738281,0.5701752946936899,0.4342119171106418
WML_ent,302,22,0.3400889039039612,0.9313542246818542,3.681968927383423,32.54838562011719,0.23284760329353293,0.12313666554433648
WML_ent,302,23,0.4371090531349182,0.8448098301887512,2.7999722957611084,14.362886428833008,0.2963479455634055,0.16574329187829004
WML_ent,302,24,0.6015679240226746,1.0159335136413574,3.0884745121002197,30.124731063842773,0.3812035745404823,0.2481644571850424
WML_ent,302,25,0.5360080003738403,1.1557022333145142,4.13629150390625,21.229490280151367,0.3093454333836599,0.17846575653127203
WML_ent,302,26,0.6834238171577454,0.9016528129577637,2.275524616241455,7.826076984405518,0.491810999113136,0.3429334070620594
WML_ent,302,27,0.6992589235305786,0.8295869827270508,1.836670994758606,6.351687431335449,0.5939613866880128,0.4394578277700181
WML_ent,302,28,0.6811081171035767,0.8344464302062988,1.9463505744934082,6.1127705574035645,0.5075448521187331,0.3572783953339072
WML_ent,303,0,0.3760426640510559,0.6748754978179932,2.2092957496643066,17.13163185119629,0.17262065431214244,0.06988966560333082
WML_ent,303,1,0.3154267966747284,0.5778586268424988,1.8266105651855469,20.173458099365234,0.21432928298162848,0.08705007724643021
WML_ent,303,2,0.152199849486351,0.27238643169403076,0.7309761643409729,23.098066329956055,0.017963174078757242,0.005492956045476016
WML_ent,303,3,0.5851295590400696,1.2239240407943726,4.070123195648193,34.2825927734375,0.5294487145945864,0.35437328629865567
WML_ent,303,4,2.3234786987304688,3.2019646167755127,8.518746376037598,49.560604095458984,0.6243906791035299,0.4887521699778082
WML_ent,303,5,1.2695608139038086,1.5032271146774292,3.178997278213501,6.884650230407715,0.5801972407412888,0.4286837189752933
WML_ent,303,6,0.4960883855819702,0.965953528881073,3.4234771728515625,18.22214698791504,0.19049868199516676,0.09541475608740664
WML_ent,303,7,0.38039112091064453,0.693580687046051,1.9997621774673462,106.11174774169922,0.2546685578866686,0.12598084246338614
WML_ent,303,8,0.13126425445079803,0.22619010508060455,0.5428285598754883,10.72217082977295,0.03094703159399843,0.007570378459144968
WML_ent,303,9,1.0193994045257568,1.7913907766342163,5.758450031280518,44.720829010009766,0.5794238305709497,0.4194616773228783
WML_ent,303,10,0.9948339462280273,1.417310357093811,3.8249917030334473,22.086273193359375,0.46530460807156987,0.305264031018319
WML_ent,303,11,1.484151005744934,1.6369737386703491,3.0186779499053955,9.047075271606445,0.5655921649602925,0.41166212697457477
WML_ent,303,12,0.18387944996356964,0.26314979791641235,0.6443520784378052,6.677984714508057,0.06572097709681358,0.009607588651361002
WML_ent,303,13,0.19509822130203247,0.4050091505050659,1.2373594045639038,15.170034408569336,0.0337449785583977,0.01499316790596121
WML_ent,303,14,0.10373881459236145,0.13094905018806458,0.2068714201450348,3.9604110717773438,0.041752283839811534,0.0171933715846679
WML_ent,303,15,0.6990371942520142,0.8575618863105774,2.039977550506592,4.626046657562256,0.37828613728715904,0.2218801713473774
WML_ent,303,16,0.6330201625823975,0.8386614918708801,2.160754680633545,7.6887335777282715,0.6024662359529597,0.43033790473678674
WML_ent,303,17,1.2751209735870361,1.5906591415405273,3.6498217582702637,12.208932876586914,0.5542054100621995,0.3950428448571885
WML_ent,303,18,1.3763394355773926,4.006277084350586,14.835562705993652,330.0910949707031,0.6442494023754826,0.4987636050905036
WML_ent,303,19,1.792738676071167,2.1237480640411377,4.733298301696777,12.752342224121094,0.6443842296663109,0.5085003314936641
WML_ent,303,20,1.4758646488189697,1.6472482681274414,3.0773792266845703,6.070939064025879,0.6111990359566911,0.4761658799231649
WML_ent,303,21,1.7577136754989624,2.1164608001708984,4.742557525634766,11.422303199768066,0.6473692371918169,0.5193724842625359
WML_ent,303,22,0.5399696826934814,0.7462723851203918,2.08840012550354,5.8438334465026855,0.22195626797769089,0.10143413126844329
WML_ent,303,23,1.1526094675064087,1.4895230531692505,3.812932252883911,14.097412109375,0.41056561783476525,0.25745335984826295
WML_ent,303,24,2.5576248168945312,3.6849238872528076,10.685351371765137,42.218040466308594,0.6297996338281965,0.5063263535677912
WML_ent,303,25,0.7593920230865479,1.02720308303833,2.831209421157837,9.136710166931152,0.34143960577738436,0.19622452345856714
WML_ent,303,26,0.7725388407707214,0.923379123210907,1.9722875356674194,7.725869655609131,0.7039758928269572,0.5345947355733096
WML_ent,303,27,0.7418212890625,0.8191042542457581,1.4876947402954102,3.2297301292419434,0.3804153019542549,0.22122153867606364
WML_ent,303,28,2.126314163208008,2.338688611984253,4.730247497558594,10.392691612243652,0.6123701625928962,0.47992246313837605
WML_ent,304,0,0.37094956636428833,0.6616056561470032,2.0934665203094482,20.66649055480957,0.44289403814942885,0.24994869729294245
WML_ent,304,1,0.3377302885055542,0.5069210529327393,1.3405619859695435,23.31510353088379,0.30265617474273016,0.15296603501802009
WML_ent,304,2,0.12028047442436218,0.38664254546165466,1.2386990785598755,65.01740264892578,0.05358397136793236,0.02224821300434408
WML_ent,304,3,0.7431830167770386,2.2313928604125977,8.861835479736328,60.61509704589844,0.5477254987790529,0.37071882338630696
WML_ent,304,4,0.9287668466567993,1.4363161325454712,4.455065727233887,24.10889434814453,0.516618645397111,0.3625582774508837
WML_ent,304,5,1.4341309070587158,1.5740875005722046,2.8379175662994385,5.874020576477051,0.5903073414728025,0.44283953742389154
WML_ent,304,6,0.5196417570114136,1.697231650352478,7.143507957458496,50.238712310791016,0.26081173947374187,0.15829119468350356
WML_ent,304,7,0.4175179600715637,0.7206854820251465,2.3657634258270264,17.612741470336914,0.2157925243651991,0.10035004151814275
WML_ent,304,8,0.13729098439216614,0.3352305591106415,1.064940333366394,14.668389320373535,0.1039328429194968,0.02856247205157152
WML_ent,304,9,0.8497424125671387,1.7782230377197266,6.118542671203613,66.38268280029297,0.5658293142006189,0.39361751901170045
WML_ent,304,10,0.843388557434082,1.3940986394882202,3.8548765182495117,96.50560760498047,0.4998142878968266,0.342401187463707
WML_ent,304,11,0.9339357614517212,1.110129714012146,2.4294185638427734,6.001680850982666,0.4521442805442531,0.28370240748466263
WML_ent,304,12,0.13162341713905334,0.29232409596443176,0.8931684494018555,11.292699813842773,0.17572032229097476,0.051431173263290865
WML_ent,304,13,0.11706887185573578,0.18045879900455475,0.4209018051624298,4.8971476554870605,0.03093543347388446,0.004817236560900942
WML_ent,304,14,0.12387877702713013,0.17568033933639526,0.4185817837715149,1.8793437480926514,0.13605858671631263,0.0531740679831641
WML_ent,304,15,0.3384689688682556,0.622747004032135,2.094778299331665,9.905484199523926,0.16573122914139626,0.06788878888995803
WML_ent,304,16,0.547560453414917,0.8589016795158386,2.742936372756958,10.898216247558594,0.24639790587537602,0.13253717685195823
WML_ent,304,17,1.011948585510254,1.7698932886123657,6.002945423126221,41.6663818359375,0.34748973302521896,0.23570426451087592
WML_ent,304,18,0.7330493927001953,1.1573694944381714,3.6275012493133545,32.12268829345703,0.3422493591729204,0.20555771147937515
WML_ent,304,19,1.1510391235351562,1.5298200845718384,4.121222496032715,17.21640396118164,0.48096003398808834,0.3320744003360839
WML_ent,304,20,0.9831210374832153,1.1083210706710815,2.2168116569519043,6.35582971572876,0.5748663396123538,0.4215210493764075
WML_ent,304,21,1.3397213220596313,1.4969900846481323,3.1444103717803955,7.4527130126953125,0.53660204007056,0.3875988628021996
WML_ent,304,22,0.4226447343826294,0.6960137486457825,2.12223482131958,16.370176315307617,0.23490017773734925,0.10026543519942034
WML_ent,304,23,0.8454750776290894,1.0898748636245728,2.7479891777038574,15.609330177307129,0.44081145362955376,0.2712191908517276
WML_ent,304,24,0.9106664657592773,1.6019998788833618,5.1561479568481445,44.947898864746094,0.5718865602133996,0.4253622464605959
WML_ent,304,25,0.8105648756027222,1.274228572845459,3.9975345134735107,17.344552993774414,0.4034414272487786,0.2595916995334914
WML_ent,304,26,0.8297290802001953,0.9290890097618103,1.8982950448989868,4.8707990646362305,0.6116667796071361,0.4639064591759608
WML_ent,304,27,1.3438551425933838,1.5315848588943481,3.0946366786956787,8.84144401550293,0.4900274035832452,0.3356053079845287
WML_ent,304,28,1.376945972442627,1.6160484552383423,3.613227367401123,9.66928768157959,0.5193989234992108,0.36219090051019504
WML_ent,305,0,0.2349829077720642,0.5276587009429932,1.8945529460906982,28.4935245513916,0.17855328874647336,0.08350905400509245
WML_ent,305,1,0.2697141766548157,0.45011404156684875,1.2946789264678955,12.507801055908203,0.3267363107541982,0.18863710338237402
WML_ent,305,2,0.10274127125740051,0.21077591180801392,0.30042824149131775,78.2751693725586,0.0402805844976595,0.0075749690336715985
WML_ent,305,3,0.5354706048965454,1.1774183511734009,4.027075290679932,52.94519805908203,0.6221898518904841,0.42678717314787457
WML_ent,305,4,1.0185189247131348,1.7690906524658203,5.737071990966797,44.853763580322266,0.5684242937775351,0.4118402390042941
WML_ent,305,5,1.623687744140625,1.8883274793624878,3.9137115478515625,12.95638656616211,0.6468332801362353,0.5089747100339875
WML_ent,305,6,0.1982860565185547,0.6255128979682922,2.3400886058807373,63.661869049072266,0.2436156133000967,0.1241136489765221
WML_ent,305,7,0.281316339969635,0.6367275714874268,2.1613097190856934,29.50572395324707,0.3135657216392979,0.18625374769269087
WML_ent,305,8,0.113004170358181,0.4973932206630707,1.281131625175476,91.8981704711914,0.07386919401963678,0.02655837644965281
WML_ent,305,9,0.7544028759002686,2.3617827892303467,10.333950996398926,59.240867614746094,0.6513084533154011,0.5122655891474596
WML_ent,305,10,1.1327012777328491,2.1272058486938477,6.925461769104004,50.45454025268555,0.5822821467693948,0.437100562927571
WML_ent,305,11,0.8853049874305725,1.1740660667419434,2.967344284057617,13.79355525970459,0.7325555538624903,0.5722491977444797
WML_ent,305,12,0.11282363533973694,0.5277093648910522,1.421526551246643,185.91676330566406,0.043104316585791835,0.024289071533340176
WML_ent,305,13,0.10881635546684265,0.15716218948364258,0.27674737572669983,13.137105941772461,0.04153354403102782,0.009193173668060016
WML_ent,305,14,0.10233989357948303,0.17058508098125458,0.40173739194869995,6.02038049697876,0.12347036531049693,0.060145492352269396
WML_ent,305,15,0.5968958735466003,0.9165534973144531,2.788107395172119,12.324817657470703,0.2521049826070397,0.1384234670939993
WML_ent,305,16,0.3968215584754944,0.6352927088737488,1.9141136407852173,11.909491539001465,0.3898653963460812,0.23649985253860298
WML_ent,305,17,0.9450774788856506,1.564102292060852,4.9744696617126465,49.30494689941406,0.5140098154637699,0.379035917602661
WML_ent,305,18,0.7829533815383911,1.410824179649353,4.779203414916992,54.881919860839844,0.33708545853129945,0.21605122371578148
WML_ent,305,19,1.0714924335479736,1.3190518617630005,3.1005115509033203,10.229615211486816,0.5582399278304987,0.4278670684613144
WML_ent,305,20,1.1720590591430664,1.4502615928649902,3.3065237998962402,12.223142623901367,0.5317577197970068,0.3913266928581769
WML_ent,305,21,0.9001166224479675,1.127092957496643,2.7505128383636475,7.318548679351807,0.5623683006091326,0.3948543557815299
WML_ent,305,22,0.4581472873687744,0.6921246647834778,2.0561351776123047,13.275275230407715,0.24397699904232698,0.12256864973203326
WML_ent,305,23,0.5503471493721008,0.9313494563102722,2.900684356689453,40.557655334472656,0.24479699090368115,0.1284321482137138
WML_ent,305,24,0.7383354902267456,1.3622177839279175,4.5368804931640625,42.65994644165039,0.3115013263634674,0.2010026321181797
WML_ent,305,25,0.8113847970962524,1.1026102304458618,3.1497397422790527,11.615618705749512,0.33076539919230985,0.20370434571818197
WML_ent,305,26,1.0748684406280518,1.3637746572494507,3.3742716312408447,11.410895347595215,0.5217601900597154,0.37850039443791017
WML_ent,305,27,1.3223932981491089,1.5119048357009888,3.0740609169006348,7.025153160095215,0.5330435980900804,0.3839979972920659
WML_ent,305,28,0.9241719245910645,1.0487576723098755,2.1690468788146973,7.0562944412231445,0.5248884950433349,0.3830029791303118
WML_ent,306,0,0.9177709817886353,1.920670986175537,6.491893291473389,73.04955291748047,0.5448278894245447,0.3883282932311049
WML_ent,306,1,0.6972193717956543,0.9164624810218811,2.1910595893859863,19.770584106445312,0.48364658449556347,0.31976858843247985
WML_ent,306,2,0.34250515699386597,0.6059758067131042,1.8873538970947266,14.795562744140625,0.22499448040503076,0.09708750232795753
WML_ent,306,3,0.8458206653594971,1.9825786352157593,7.094147205352783,37.378395080566406,0.6472281253542597,0.4955747341126258
WML_ent,306,4,1.0778125524520874,1.5738939046859741,4.199246406555176,23.13630485534668,0.7029358302549223,0.5762724430189311
WML_ent,306,5,1.1312041282653809,1.3620434999465942,2.993845224380493,7.308004856109619,0.5608628402907244,0.39414574696194515
WML_ent,306,6,0.9145111441612244,1.3808215856552124,4.06500244140625,22.4757080078125,0.37412090372836165,0.2250340013453016
WML_ent,306,7,0.6740471124649048,1.1745721101760864,3.6868040561676025,44.77886962890625,0.3490639994850701,0.1965426254122974
WML_ent,306,8,0.31208157539367676,0.6007232666015625,1.8174726963043213,70.23055267333984,0.14473701528554053,0.04533903168165049
WML_ent,306,9,1.1388216018676758,1.9103994369506836,6.204051971435547,29.541290283203125,0.5332254907528509,0.3579632220533546
WML_ent,306,10,1.1911792755126953,1.7408231496810913,4.9879584312438965,21.200197219848633,0.608338575309748,0.47076207515996965
WML_ent,306,11,1.5033291578292847,1.6797858476638794,3.3616387844085693,7.102753639221191,0.5443537600147786,0.38069430998577536
WML_ent,306,12,0.42497000098228455,0.6545315384864807,1.7525206804275513,18.111309051513672,0.17556759047006765,0.06468765175320812
WML_ent,306,13,0.27261221408843994,0.465388685464859,1.4530436992645264,19.397180557250977,0.0612364693512647,0.02104131325434917
WML_ent,306,14,0.23597991466522217,0.2856093943119049,0.5943610072135925,2.4525279998779297,0.37348906845619495,0.19087146021058124
WML_ent,306,15,0.8644440174102783,1.2125717401504517,3.3228936195373535,11.348115921020508,0.45683700913894415,0.2728780239367737
WML_ent,306,16,1.131241798400879,1.5882624387741089,4.676418781280518,18.399364471435547,0.4525227686824896,0.30421472526107823
WML_ent,306,17,3.467960834503174,4.114960193634033,9.687499046325684,23.14460563659668,0.6653351700310554,0.552265476275907
WML_ent,306,18,2.0826244354248047,2.8103063106536865,7.571637153625488,25.39834976196289,0.7776342626819192,0.6781170764821166
WML_ent,306,19,2.369619846343994,3.2503230571746826,8.85642147064209,34.19377136230469,0.6452882536234484,0.5141712188167437
WML_ent,306,20,1.4570914506912231,1.5495632886886597,2.7858705520629883,5.921798229217529,0.592328962951462,0.4414600511660926
WML_ent,306,21,1.5175225734710693,1.64350426197052,3.000110626220703,7.191958427429199,0.566927770537757,0.4192705680123027
WML_ent,306,22,1.1063413619995117,1.5983738899230957,4.55887508392334,21.068897247314453,0.5495231639919947,0.3891176117250501
WML_ent,306,23,1.0382235050201416,1.6034526824951172,4.8836588859558105,18.326393127441406,0.5114225677362962,0.35649948887120964
WML_ent,306,24,1.5211793184280396,1.9272518157958984,4.756964683532715,12.422248840332031,0.47302529349854855,0.3228360880095443
WML_ent,306,25,1.3272511959075928,1.9459166526794434,5.826762676239014,33.856117248535156,0.5446230893712479,0.3919858576870899
WML_ent,306,26,1.6329129934310913,1.8822851181030273,4.092374801635742,9.720197677612305,0.5806378176742092,0.4263249191049163
WML_ent,306,27,1.198205828666687,1.354169487953186,2.700040102005005,5.540148735046387,0.6047736192221872,0.453485015964675
WML_ent,306,28,0.9672591686248779,1.089890480041504,2.1287949085235596,5.571528911590576,0.5263800267078173,0.36327969503707846
WML_ent,307,0,0.1933894157409668,0.4496529996395111,1.5105514526367188,22.528318405151367,0.1334300873776123,0.04526928355187918
WML_ent,307,1,0.27248913049697876,0.576784074306488,2.0377376079559326,16.160953521728516,0.2597981994185021,0.149704143837445
WML_ent,307,2,0.11890114843845367,0.3347986936569214,0.9857923984527588,43.521244049072266,0.07522839532804042,0.021544329938408952
WML_ent,307,3,0.4958748519420624,1.0060213804244995,3.3698747158050537,61.60586166381836,0.5646687292931414,0.40962873727749916
WML_ent,307,4,0.6398768424987793,0.8690341114997864,2.2321553230285645,12.352365493774414,0.4949022403649701,0.3339994355167186
WML_ent,307,5,1.229377269744873,1.3932338953018188,2.801698923110962,7.331254482269287,0.5063972940999418,0.35075915908964794
WML_ent,307,6,0.2203473150730133,0.36633601784706116,1.1219953298568726,6.008828163146973,0.16700735252211654,0.06318532257019102
WML_ent,307,7,0.36498698592185974,0.8661805987358093,3.2128872871398926,20.927589416503906,0.2341155852002946,0.1242328333891986
WML_ent,307,8,0.11155012995004654,0.29647567868232727,0.7350568771362305,66.54371643066406,0.024997559900172144,0.011096156793782105
WML_ent,307,9,0.7405586242675781,1.4035714864730835,4.792364120483398,29.77863883972168,0.5709755461241887,0.3871956798566263
WML_ent,307,10,0.7493207454681396,1.0356392860412598,2.8656961917877197,12.855579376220703,0.48247920974924074,0.32761467438118735
WML_ent,307,11,1.1908519268035889,1.4162664413452148,3.088909149169922,13.777510643005371,0.4795326811200709,0.31785039129109044
WML_ent,307,12,0.1809200942516327,0.5370549559593201,1.9928455352783203,29.06256866455078,0.44330822972688355,0.24133510677848724
WML_ent,307,13,0.11606720834970474,0.19382421672344208,0.3921470046043396,12.61536693572998,0.037730678669100404,0.010806778218789484
WML_ent,307,14,0.10051126778125763,0.10590853542089462,0.12569475173950195,1.7755725383758545,0.02157385853750606,0.003721801086557907
WML_ent,307,15,0.46451616287231445,0.9431301951408386,3.361933708190918,21.21094512939453,0.23996159428797395,0.13275525911752337
WML_ent,307,16,0.6883996725082397,1.0434764623641968,3.190335988998413,32.56684112548828,0.37832967586999766,0.23669417798885076
WML_ent,307,17,0.7366679906845093,1.560421109199524,5.744941711425781,44.936214447021484,0.32658490321553957,0.20872395808801567
WML_ent,307,18,0.6425797939300537,1.9640847444534302,7.4826555252075195,97.3802719116211,0.3827472644202188,0.247624716402474
WML_ent,307,19,1.0495214462280273,1.2645231485366821,3.021252393722534,9.137557029724121,0.48414623593472667,0.32981716132548655
WML_ent,307,20,0.817686915397644,0.9357631802558899,1.9142217636108398,5.283908843994141,0.4889594338865994,0.34250536551491556
WML_ent,307,21,1.2496287822723389,1.7384024858474731,4.680940628051758,25.735210418701172,0.48849576320566923,0.33474430257494925
WML_ent,307,22,0.4874669909477234,0.7151487469673157,2.135024309158325,8.989885330200195,0.3206263151230252,0.192511401561318
WML_ent,307,23,0.549248218536377,0.7725183367729187,2.125153064727783,8.005921363830566,0.305478362452074,0.18763426677564612
WML_ent,307,24,0.9193445444107056,1.9104946851730347,6.9962358474731445,51.11820602416992,0.35525228002898607,0.2468270357575023
WML_ent,307,25,0.8436779975891113,1.4291847944259644,4.789187431335449,23.122665405273438,0.41151355556133185,0.28822682361409124
WML_ent,307,26,1.4417788982391357,1.7273231744766235,4.025593280792236,11.013480186462402,0.5647136064835866,0.434498096987463
WML_ent,307,27,0.6685053110122681,0.7324629426002502,1.3969674110412598,3.6291937828063965,0.46200402404944735,0.3041896533885146
WML_ent,307,28,0.7012001872062683,0.8686601519584656,2.0022897720336914,9.535727500915527,0.5811152213733727,0.4397529342378769
WML_ent,308,0,0.5181497931480408,1.277811050415039,4.912168502807617,41.25957107543945,0.4782326985187126,0.2841915992832477
WML_ent,308,1,0.3015162944793701,0.6343387961387634,1.995573878288269,49.937416076660156,0.271821945896833,0.14569416803664761
WML_ent,308,2,0.12057983875274658,0.3355138301849365,0.9494069814682007,55.10165786743164,0.07096659991876426,0.020884052647734075
WML_ent,308,3,0.8978451490402222,2.4455997943878174,9.738414764404297,107.06804656982422,0.5811777237223054,0.42138842374853686
WML_ent,308,4,0.8228416442871094,1.8823752403259277,6.432802677154541,104.47734069824219,0.5161223958330123,0.34854303126473396
WML_ent,308,5,0.9594848155975342,1.10999596118927,2.3032586574554443,4.2975335121154785,0.4743687476801459,0.30892351802398926
WML_ent,308,6,0.29476964473724365,0.7166226506233215,2.632028341293335,26.45253562927246,0.2083720541736719,0.10200818456474985
WML_ent,308,7,0.2264917641878128,0.42549929022789,1.329837679862976,11.152681350708008,0.2273549169117345,0.08963245249573211
WML_ent,308,8,0.12210250645875931,0.7641994953155518,1.9051145315170288,659.8153076171875,0.060030601468718435,0.03141796429561625
WML_ent,308,9,0.5340768098831177,1.6264963150024414,6.733669281005859,54.232025146484375,0.5323841881478302,0.36162466057469517
WML_ent,308,10,0.7608682513237,1.1304645538330078,3.271439790725708,11.269208908081055,0.3599465303342493,0.21812886047491312
WML_ent,308,11,0.9002937078475952,1.1930547952651978,2.9279608726501465,24.59462547302246,0.6750588814548172,0.5005128634218156
WML_ent,308,12,0.11618196219205856,0.6293126940727234,1.610680103302002,655.44091796875,0.04715837074613984,0.024914571084417175
WML_ent,308,13,0.10854868590831757,0.1797863245010376,0.34935927391052246,70.85798645019531,0.013208375008978554,0.0035479512299305973
WML_ent,308,14,0.10460750758647919,0.1169075146317482,0.16488806903362274,2.0928220748901367,0.14187802751162829,0.03410033671696894
WML_ent,308,15,0.387936532497406,0.6204004883766174,1.8175455331802368,17.171009063720703,0.2918893683170199,0.14625481747401695
WML_ent,308,16,0.4599810838699341,0.8880617022514343,3.026918649673462,14.738475799560547,0.2451313950445617,0.1285134585797779
WML_ent,308,17,0.8458514213562012,2.041916847229004,7.889278888702393,57.364990234375,0.3194999308857422,0.21948330304806563
WML_ent,308,18,0.6998375654220581,1.1520401239395142,3.707354784011841,11.972124099731445,0.28940007275738105,0.1758184459946089
WML_ent,308,19,1.1972553730010986,1.4955800771713257,3.712146043777466,14.970096588134766,0.5781534348694817,0.43533181367447743
WML_ent,308,20,0.9619268178939819,1.2959572076797485,3.477018356323242,10.430118560791016,0.48488788733130656,0.3328308877244001
WML_ent,308,21,1.098642349243164,1.3871231079101562,3.4402971267700195,11.792004585266113,0.45832147712508986,0.30858449409868977
WML_ent,308,22,0.5192804336547852,0.9115493297576904,2.838883876800537,26.68695640563965,0.3002336630539333,0.17801762795546552
WML_ent,308,23,0.488995760679245,0.7651336789131165,2.2630138397216797,13.934168815612793,0.2319702107654181,0.1088384921482179
WML_ent,308,24,0.4023524522781372,0.7394549250602722,2.5336952209472656,12.262788772583008,0.44157795626800733,0.2805359913335545
WML_ent,308,25,0.5927577018737793,0.9824554324150085,3.237947463989258,21.36576271057129,0.36900837469575914,0.23125352733043716
WML_ent,308,26,0.9161186814308167,1.1555209159851074,2.8685078620910645,7.015952110290527,0.5334486129772519,0.38122012126219024
WML_ent,308,27,0.8361538052558899,0.9168315529823303,1.7672830820083618,3.9089620113372803,0.4372605873165642,0.28550069533533606
WML_ent,308,28,0.6016312837600708,0.7801334261894226,1.87017822265625,10.612470626831055,0.42634200840469766,0.2508832103259423
WML_noent,301,0,0.17018231749534607,0.3911055624485016,1.2456707954406738,19.808889389038086,0.4455448622185349,0.23619264972513054
WML_noent,301,1,0.16414043307304382,0.3918394148349762,1.2893203496932983,22.864356994628906,0.13376729611519103,0.05947731499831288
WML_noent,301,2,0.11109708249568939,0.5597777366638184,1.4932527542114258,96.23628234863281,0.05272893705144761,0.02891353859933964
WML_noent,301,3,0.7250423431396484,1.6063517332077026,5.484228134155273,133.5901641845703,0.5696664305831404,0.41260217519545156
WML_noent,301,4,1.057835578918457,1.6905813217163086,4.867893695831299,114.13648223876953,0.5734975620818327,0.4461158041262549
WML_noent,301,5,0.7929188013076782,0.9396659731864929,2.1235668659210205,7.590193271636963,0.4721965216425786,0.29997166002318054
WML_noent,301,6,0.1569720208644867,0.36604273319244385,1.2113226652145386,16.210186004638672,0.11800197918796011,0.04304571367441701
WML_noent,301,7,0.14976271986961365,0.35205158591270447,1.17210054397583,15.595852851867676,0.20080171863951965,0.09712340768505999
WML_noent,301,8,0.10617397725582123,1.0075346231460571,2.6146745681762695,323.5762634277344,0.0548294036543552,0.03858817645512183
WML_noent,301,9,0.4857097268104553,0.9982581734657288,3.1439895629882812,53.1329231262207,0.5455229528002851,0.3810788088557245
WML_noent,301,10,0.9518089890480042,1.4847908020019531,4.2645134925842285,25.86104393005371,0.5809405586591412,0.4295800677509119
WML_noent,301,11,0.9848902225494385,1.2394500970840454,2.9866700172424316,7.358870506286621,0.4937219757822709,0.33072924616842825
WML_noent,301,12,0.1142776682972908,0.4453035891056061,1.5388410091400146,71.99889373779297,0.07876945468778393,0.027204298547285732
WML_noent,301,13,0.12310638278722763,0.4105604588985443,1.4227639436721802,64.23946380615234,0.03686676788327729,0.01922334870177753
WML_noent,301,14,0.10072557628154755,0.11294260621070862,0.1562499850988388,1.995578408241272,0.011567710009951299,0.0013543103585157857
WML_noent,301,15,0.36792755126953125,0.8401830792427063,2.817189931869507,29.837081909179688,0.23835220098023802,0.12825609809691677
WML_noent,301,16,0.5682585835456848,1.619614601135254,5.758928298950195,100.40625762939453,0.21119779871994496,0.13058548154023714
WML_noent,301,17,0.8280707597732544,1.6678661108016968,5.794093608856201,39.21725845336914,0.2695414096937119,0.17575617967484405
WML_noent,301,18,0.4468885660171509,0.9421408176422119,3.437300682067871,20.79962158203125,0.38334855655858435,0.23760648830998363
WML_noent,301,19,0.7615817785263062,1.1879754066467285,3.5418214797973633,15.290098190307617,0.5749703725306446,0.42607654105367393
WML_noent,301,20,1.2909653186798096,1.7032194137573242,4.260326385498047,17.863597869873047,0.5602192230296845,0.4265949858761317
WML_noent,301,21,0.800096869468689,1.0045911073684692,2.399130344390869,10.579096794128418,0.3780350389965244,0.2269989326010565
WML_noent,301,22,0.2532169222831726,0.6101140379905701,2.1838252544403076,18.71515655517578,0.24890589121093684,0.11132830905509357
WML_noent,301,23,0.5859829783439636,1.0842787027359009,3.5791914463043213,31.536178588867188,0.3528350538946208,0.1977878045523772
WML_noent,301,24,1.005707025527954,2.668959856033325,9.679566383361816,219.098388671875,0.3870178153934046,0.2717490495998462
WML_noent,301,25,0.6923988461494446,1.4176840782165527,4.9131951332092285,34.06450271606445,0.3366549918609345,0.2233013404809184
WML_noent,301,26,0.9298838973045349,1.2168174982070923,3.2074015140533447,13.87173080444336,0.49209623364822624,0.3496191281909311
WML_noent,301,27,0.630010724067688,0.7219855189323425,1.5069078207015991,3.177840232849121,0.47112325175616027,0.31392673159740836
WML_noent,301,28,0.9367167949676514,1.1366316080093384,2.6168603897094727,6.631167888641357,0.5144699739698929,0.359335907348018
WML_noent,302,0,0.13507643342018127,0.4432615339756012,1.4834976196289062,45.60658264160156,0.1326217385958495,0.05478012196962468
WML_noent,302,1,0.22720111906528473,0.4949534833431244,1.4854645729064941,26.02372169494629,0.29564664117900025,0.16827354935702651
WML_noent,302,2,0.10432587563991547,0.4764287769794464,0.7824825048446655,114.77501678466797,0.040594494478213054,0.020635513348614132
WML_noent,302,3,0.4242478013038635,0.9672424793243408,3.040360927581787,40.42707824707031,0.6345239929080745,0.4298791031148029
WML_noent,302,4,0.7885233163833618,2.0895512104034424,6.748490333557129,775.4780883789062,0.5491025957137042,0.3733542755044137
WML_noent,302,5,0.9304400682449341,1.3634344339370728,3.778195858001709,18.80651092529297,0.5160281258563514,0.34766231297379874
WML_noent,302,6,0.12312602996826172,0.3193495273590088,1.0618133544921875,26.108890533447266,0.13180656599560292,0.04455729135230061
WML_noent,302,7,0.18755677342414856,0.5866404175758362,2.0013132095336914,27.337871551513672,0.24851067732980084,0.1340025458609886
WML_noent,302,8,0.10389414429664612,0.37643909454345703,0.7227647304534912,67.78178405761719,0.09533683353478305,0.025562898032668525
WML_noent,302,9,0.24579350650310516,1.0207905769348145,3.151850461959839,118.96806335449219,0.5658046611405046,0.33559019037748533
WML_noent,302,10,0.7256534099578857,1.1044812202453613,3.0451366901397705,18.098482131958008,0.5156118864320147,0.36879940163211816
WML_noent,302,11,0.9438563585281372,1.1589021682739258,2.6419577598571777,7.236631870269775,0.5535677785434331,0.3919222744031197
WML_noent,302,12,0.10326016694307327,0.5953641533851624,1.539587140083313,123.61974334716797,0.04147386235752026,0.028063943773873914
WML_noent,302,13,0.10447912663221359,0.1681860238313675,0.43634742498397827,6.347333908081055,0.011244546707266751,0.00291646745631199
WML_noent,302,14,0.10031718760728836,0.10856369882822037,0.13251785933971405,3.382915496826172,0.015236445105380162,0.001149552155613856
WML_noent,302,15,0.24315625429153442,0.49362674355506897,1.730141520500183,11.020158767700195,0.12530784783850202,0.054649942056057076
WML_noent,302,16,0.7800502777099609,1.2754510641098022,4.215998649597168,19.958322525024414,0.34056602850508816,0.21499432608346947
WML_noent,302,17,0.4529801607131958,0.9221546649932861,2.905646562576294,30.023038864135742,0.1983843273114511,0.10546974748318017
WML_noent,302,18,0.4462459683418274,1.6516326665878296,6.305124282836914,142.65350341796875,0.28947929664699434,0.17957036374628269
WML_noent,302,19,1.035839557647705,1.5560956001281738,4.516964435577393,23.155256271362305,0.5467200080248532,0.4088155210872686
WML_noent,302,20,0.8521711826324463,1.1097679138183594,2.6634812355041504,11.081212997436523,0.48115334702980256,0.3247672887888382
WML_noent,302,21,1.0960713624954224,1.460484504699707,3.8330094814300537,14.050541877746582,0.5094676968097747,0.3682805903454838
WML_noent,302,22,0.29950767755508423,0.9321668744087219,3.5803120136260986,44.569190979003906,0.26322440181039536,0.1463783925600134
WML_noent,302,23,0.6574344635009766,1.252393126487732,4.291313648223877,18.861780166625977,0.32812404283006363,0.20345360981997196
WML_noent,302,24,1.1809327602386475,2.363862991333008,8.583768844604492,48.715206146240234,0.39843326383510697,0.28610305536912084
WML_noent,302,25,0.5370344519615173,1.3384056091308594,4.54216194152832,161.7653350830078,0.39613168485571143,0.23576492976117244
WML_noent,302,26,0.5958850383758545,0.8473982810974121,2.310826301574707,8.997652053833008,0.4779971101882987,0.3159114909698668
WML_noent,302,27,0.8941607475280762,1.0750240087509155,2.457756757736206,5.784337043762207,0.5191716275605952,0.3661779698490288
WML_noent,302,28,0.7300265431404114,0.9043617844581604,2.1818137168884277,5.169109344482422,0.44694218494938576,0.29116579507292994
WML_noent,303,0,0.19810250401496887,0.3820670545101166,1.1506423950195312,20.088808059692383,0.11740947193614741,0.035073480375595316
WML_noent,303,1,0.20051509141921997,0.4818248748779297,1.59684419631958,33.12150955200195,0.19091247446986823,0.08119300603489948
WML_noent,303,2,0.11025603115558624,0.2916574478149414,0.596320629119873,65.32305908203125,0.022147225622494073,0.01041416913813683
WML_noent,303,3,0.4734340310096741,1.027585744857788,3.6061248779296875,30.276004791259766,0.5637672177642629,0.3283156163393559
WML_noent,303,4,0.906725287437439,1.1695351600646973,2.8580050468444824,18.238962173461914,0.46649958281769593,0.3083227940292166
WML_noent,303,5,1.0509424209594727,1.1667753458023071,2.2153754234313965,6.957157611846924,0.47751072887824425,0.3194281554920603
WML_noent,303,6,0.18174415826797485,0.3331294357776642,1.042799949645996,9.515891075134277,0.07770295959976913,0.02128815491605816
WML_noent,303,7,0.22746361792087555,0.48331692814826965,1.4203755855560303,27.201650619506836,0.22536902162719089,0.10839755568463778
WML_noent,303,8,0.10499750077724457,0.2502313554286957,0.37888434529304504,77.06754302978516,0.02815176237305342,0.009929525781260476
WML_noent,303,9,0.5188814401626587,1.2218050956726074,4.645646572113037,29.061174392700195,0.594035868897609,0.4192606825923299
WML_noent,303,10,1.208317756652832,2.0445916652679443,6.314542293548584,122.30259704589844,0.4581340323692518,0.30963890872071137
WML_noent,303,11,1.3978315591812134,1.6800737380981445,3.648003101348877,15.929422378540039,0.7014701155312458,0.5788195717335879
WML_noent,303,12,0.10482682287693024,0.16222460567951202,0.30763864517211914,14.196122169494629,0.06208555444374899,0.00540060228744546
WML_noent,303,13,0.11439713835716248,0.24001191556453705,0.6869727969169617,22.206680297851562,0.018015080461790078,0.006194884279529485
WML_noent,303,14,0.10345184803009033,0.17451708018779755,0.2587350010871887,29.113096237182617,0.05523603161823335,0.020730053344420542
WML_noent,303,15,0.6000584363937378,0.9161081910133362,2.680389404296875,21.536840438842773,0.24580157164925365,0.12562504897123158
WML_noent,303,16,0.6019365787506104,0.7803837656974792,1.976898193359375,8.16678524017334,0.39430634026570105,0.24342090666267135
WML_noent,303,17,1.0979634523391724,1.486842155456543,4.038513660430908,13.626648902893066,0.5654882389911505,0.4217513892668898
WML_noent,303,18,0.5314446091651917,1.2202951908111572,3.7734909057617188,98.62117004394531,0.564861372437771,0.4158096850018698
WML_noent,303,19,1.1314321756362915,1.3525549173355103,3.009962320327759,8.377084732055664,0.5904645355563782,0.44700959579914135
WML_noent,303,20,1.3078947067260742,1.383313775062561,2.389604330062866,4.221927642822266,0.7429874788645051,0.6412430570231704
WML_noent,303,21,1.0091772079467773,1.1581745147705078,2.3519492149353027,5.008236408233643,0.5680837012697552,0.41891815350909267
WML_noent,303,22,0.3642125129699707,0.6341164708137512,1.9106934070587158,21.19338607788086,0.19770239129765502,0.08598355907405124
WML_noent,303,23,0.6254972219467163,1.0993105173110962,3.5887911319732666,16.378368377685547,0.3216006705461867,0.17973481757922935
WML_noent,303,24,1.6461141109466553,2.147153615951538,6.015111923217773,19.448598861694336,0.5744557376037052,0.4497041535885074
WML_noent,303,25,0.5327527523040771,0.8636675477027893,2.6300439834594727,20.49814224243164,0.2363435319378079,0.12270060342889384
WML_noent,303,26,1.0070579051971436,1.2016972303390503,2.6802470684051514,13.040709495544434,0.560121759574636,0.41635813757043866
WML_noent,303,27,0.8925271034240723,1.0681980848312378,2.322734832763672,6.169457912445068,0.56541416476704,0.40962717699042467
WML_noent,303,28,0.9376442432403564,1.181275725364685,2.8233554363250732,7.460620880126953,0.6502819175086838,0.5069926372846485
WML_noent,304,0,0.6011077165603638,1.0148659944534302,3.324164867401123,17.048906326293945,0.3574358238922178,0.21758878016891833
WML_noent,304,1,0.45881277322769165,0.8953896164894104,3.0762500762939453,39.9914665222168,0.48791400647760724,0.3282579549239331
WML_noent,304,2,0.12740446627140045,0.602593183517456,1.8191946744918823,69.0261459350586,0.10799902267341373,0.042221904643297586
WML_noent,304,3,1.0932581424713135,2.7647616863250732,11.138958930969238,105.11251068115234,0.6250045672764339,0.4868344194253223
WML_noent,304,4,0.9462111592292786,1.3311320543289185,3.572962999343872,18.34848976135254,0.5391537970611826,0.37805197711527216
WML_noent,304,5,1.3664758205413818,1.5259599685668945,3.0458080768585205,5.399828910827637,0.5415554888722602,0.37873759722149264
WML_noent,304,6,0.2678290903568268,0.6036116480827332,2.0383150577545166,32.675594329833984,0.17476830901017346,0.06939568496197478
WML_noent,304,7,0.2946850657463074,0.6149575114250183,2.0260894298553467,35.37614822387695,0.3259908907626475,0.15481879985214014
WML_noent,304,8,0.10628975927829742,0.2590537965297699,0.43368470668792725,56.193580627441406,0.042280390389673204,0.010210656244180966
WML_noent,304,9,0.8650200963020325,2.226257085800171,7.960282325744629,148.5287322998047,0.49877654554345024,0.32380035828300996
WML_noent,304,10,1.5103349685668945,3.44936203956604,12.209285736083984,132.6321258544922,0.5949193224896905,0.46268517426489114
WML_noent,304,11,0.68927401304245,0.7581116557121277,1.3449482917785645,3.2425947189331055,0.4877227309490076,0.2906150995922611
WML_noent,304,12,0.1349623054265976,0.5665117502212524,1.9710103273391724,37.294151306152344,0.061084390145306276,0.034366645001886305
WML_noent,304,13,0.1124468445777893,0.18823738396167755,0.46747729182243347,8.229583740234375,0.026407115037088685,0.00729820853689999
WML_noent,304,14,0.10360778868198395,0.15294243395328522,0.38113921880722046,4.044783592224121,0.1649703034990577,0.0832986402782561
WML_noent,304,15,0.7454677820205688,1.651432991027832,6.146605968475342,30.85690689086914,0.28951192873784004,0.17079692843784744
WML_noent,304,16,0.681860089302063,0.8983755111694336,2.3344290256500244,7.264825344085693,0.2459573919520011,0.12160580500712709
WML_noent,304,17,0.9829630851745605,1.6681188344955444,5.550004005432129,26.54899024963379,0.33783715485318716,0.22637247600554233
WML_noent,304,18,0.8629710674285889,1.401318907737732,4.123704433441162,43.512733459472656,0.3030076239567784,0.18542490126064545
WML_noent,304,19,0.9850841760635376,1.2133948802947998,2.8180649280548096,9.410420417785645,0.4394676418399288,0.2731964515980075
WML_noent,304,20,1.1005043983459473,1.2705577611923218,2.6813626289367676,6.592826843261719,0.5714553549141663,0.432674018332415
WML_noent,304,21,1.1456218957901,1.3918228149414062,3.22222638130188,10.589339256286621,0.6111118208635202,0.46657567403927064
WML_noent,304,22,0.6399094462394714,1.0553025007247925,3.052149534225464,69.29974365234375,0.4109939587343983,0.22351047520910908
WML_noent,304,23,0.5920634865760803,0.777381181716919,1.8366559743881226,21.37575912475586,0.34408662021477393,0.183190658790505
WML_noent,304,24,0.8291521668434143,1.6181772947311401,5.725069522857666,38.941402435302734,0.6550553499226616,0.5265330336961224
WML_noent,304,25,1.3223323822021484,1.8869870901107788,5.483817100524902,43.20804977416992,0.40906613677730014,0.280115383080851
WML_noent,304,26,1.16120183467865,1.3619438409805298,3.019512176513672,8.944108009338379,0.4714449036055222,0.3246833162368394
WML_noent,304,27,1.3056155443191528,1.5651925802230835,3.6822171211242676,12.549398422241211,0.5358344219832695,0.39303037362010346
WML_noent,304,28,1.243727445602417,1.5625890493392944,3.791757106781006,11.467005729675293,0.618468663132005,0.47283751722089257
WML_noent,305,0,0.1567857563495636,0.7977119088172913,2.6816256046295166,98.43231201171875,0.14667736235119908,0.07087345559075227
WML_noent,305,1,0.2588348090648651,0.5376940369606018,1.7069308757781982,22.576717376708984,0.3142278390882323,0.17419125025906435
WML_noent,305,2,0.102138951420784,0.48221492767333984,0.31405171751976013,414.259765625,0.04585228850317952,0.01039988079131639
WML_noent,305,3,0.30222246050834656,0.8649746775627136,2.763061046600342,73.18753814697266,0.6595304661269391,0.46773127346658755
WML_noent,305,4,0.6975449323654175,1.4222208261489868,4.8195414543151855,61.816009521484375,0.6642383060221312,0.5219119365136556
WML_noent,305,5,1.1048781871795654,1.313031792640686,2.8080945014953613,8.53201961517334,0.6819396858171921,0.5579758195184157
WML_noent,305,6,0.14159156382083893,0.5352055430412292,2.365978717803955,29.321866989135742,0.17273647544582782,0.0819112771097676
WML_noent,305,7,0.1729387640953064,0.44197022914886475,1.3717930316925049,47.20375061035156,0.18779678050478488,0.10484611762586545
WML_noent,305,8,0.10418795794248581,0.42365434765815735,0.7230912446975708,96.3616943359375,0.02788334481963656,0.015503637754256132
WML_noent,305,9,0.2707621157169342,0.6363598704338074,1.781753420829773,78.83523559570312,0.505456325296143,0.38305587329906593
WML_noent,305,10,0.5554664731025696,1.0882532596588135,3.6267101764678955,55.06288146972656,0.49258891739902605,0.3396588313989126
WML_noent,305,11,0.6396826505661011,0.832007884979248,1.9858812093734741,8.591270446777344,0.520874808957395,0.3459645385514311
WML_noent,305,12,0.10226947069168091,0.46376097202301025,0.7141060829162598,189.23512268066406,0.031172489888419835,0.01572136263255502
WML_noent,305,13,0.1066950112581253,0.177009716629982,0.31305256485939026,10.83927059173584,0.035219315543373805,0.009244517081534035
WML_noent,305,14,0.10159295797348022,0.19166690111160278,0.47498464584350586,13.134100914001465,0.11362542393259382,0.05839277117510128
WML_noent,305,15,0.36352401971817017,0.6558420658111572,1.9898613691329956,22.03248405456543,0.36144396261015527,0.2085894613012588
WML_noent,305,16,0.31654971837997437,0.6536983251571655,2.2814910411834717,20.364944458007812,0.22909743867926777,0.11586119300810817
WML_noent,305,17,0.6180965304374695,1.1482218503952026,3.9325039386749268,23.61355972290039,0.33787030158004344,0.2297580048080099
WML_noent,305,18,0.44774508476257324,1.662171483039856,5.871287822723389,208.8261260986328,0.28922356269359256,0.184233759343305
WML_noent,305,19,0.7637079954147339,0.983555793762207,2.4449684619903564,6.772211074829102,0.5430738983641731,0.42067907249507003
WML_noent,305,20,0.7892724871635437,1.0780631303787231,2.894087076187134,12.825701713562012,0.40205491411197647,0.2590008936369566
WML_noent,305,21,0.5736258625984192,0.7082533836364746,1.6811842918395996,5.270061492919922,0.5478068498520107,0.4052838656990905
WML_noent,305,22,0.4079296886920929,1.1378363370895386,4.0122528076171875,58.67380905151367,0.3760219531322018,0.25698202058471803
WML_noent,305,23,0.32601141929626465,0.6673993468284607,2.316145896911621,16.37798309326172,0.25641977083117745,0.12618043836536555
WML_noent,305,24,0.5202728509902954,1.2649855613708496,4.727279186248779,40.85624694824219,0.25277257877305687,0.15903829175271825
WML_noent,305,25,0.6609154939651489,1.2908467054367065,4.4399003982543945,43.50770568847656,0.316603039251185,0.2149239728956945
WML_noent,305,26,0.7754263877868652,1.0511080026626587,2.610213279724121,19.62763023376465,0.47109167702621885,0.33120174857116297
WML_noent,305,27,0.7912647128105164,0.9361951947212219,1.9761435985565186,13.047922134399414,0.5286108828505237,0.38561888623519786
WML_noent,305,28,0.7737512588500977,0.9327555298805237,2.0708963871002197,7.735535621643066,0.5308477552226137,0.37934442495347254
WML_noent,306,0,0.8620991706848145,1.8706889152526855,6.7658796310424805,60.87717819213867,0.4547646993161691,0.3081319824515705
WML_noent,306,1,0.6644296646118164,1.360599398612976,4.774942874908447,34.29151916503906,0.4341006661350027,0.28477972724166367
WML_noent,306,2,0.19270674884319305,0.45269086956977844,1.370387077331543,64.18875122070312,0.08323567948527623,0.029334022479416483
WML_noent,306,3,0.9554091691970825,2.63450026512146,10.254313468933105,74.44438934326172,0.672890431138787,0.5212180136030373
WML_noent,306,4,1.7122037410736084,2.970635414123535,9.561775207519531,43.53316116333008,0.6883312177708266,0.5694873602986587
WML_noent,306,5,1.5171982049942017,1.7761541604995728,4.039058208465576,13.773426055908203,0.5790385695012371,0.42096652702848997
WML_noent,306,6,0.5740325450897217,1.5856090784072876,5.929804801940918,67.587646484375,0.39310348519650873,0.23582961114200737
WML_noent,306,7,0.4513200521469116,0.7482525706291199,2.285705327987671,12.616698265075684,0.2983674937358551,0.15238176668005324
WML_noent,306,8,0.27014705538749695,0.9939287304878235,4.135166168212891,80.97554016113281,0.15282898314348195,0.08612719310724158
WML_noent,306,9,1.5348842144012451,2.4251115322113037,7.62017297744751,35.49494552612305,0.6033349811667684,0.4414075668959519
WML_noent,306,10,1.2952991724014282,2.1656978130340576,7.060128211975098,44.2657470703125,0.6206410658532264,0.4862114614566144
WML_noent,306,11,1.7166246175765991,1.9808359146118164,4.42657995223999,10.404991149902344,0.5553955489328245,0.4012136406982593
WML_noent,306,12,0.44079017639160156,0.7980759143829346,2.6053056716918945,35.01677322387695,0.15846304111288184,0.07009040657642818
WML_noent,306,13,0.14958034455776215,0.2512235939502716,0.7020391225814819,13.864699363708496,0.0183578493008503,0.00449394531666714
WML_noent,306,14,0.32375484704971313,0.41689977049827576,0.9861330986022949,5.889566421508789,0.4804113286492875,0.26636231121282655
WML_noent,306,15,0.8167489767074585,1.1354470252990723,3.1443562507629395,12.767434120178223,0.3878763841030614,0.22724116253370266
WML_noent,306,16,1.0512526035308838,1.522156834602356,4.303444862365723,26.513330459594727,0.3225200651008318,0.19774013607290822
WML_noent,306,17,2.790708065032959,5.658655643463135,20.994510650634766,97.29008483886719,0.7199005699360743,0.6273643725553341
WML_noent,306,18,1.2968506813049316,1.6571699380874634,4.301584243774414,13.755901336669922,0.5049273542127405,0.3586175961241298
WML_noent,306,19,1.3120232820510864,1.5392990112304688,3.4195096492767334,9.65505313873291,0.5075037891537483,0.35343528036084204
WML_noent,306,20,1.4514728784561157,1.6114215850830078,3.2093753814697266,5.7145562171936035,0.5452481905270191,0.39300998859138736
WML_noent,306,21,1.0986909866333008,1.2389241456985474,2.5611319541931152,6.433416843414307,0.5896659153127661,0.4315672726540529
WML_noent,306,22,1.061328411102295,1.6285861730575562,4.960344314575195,29.4232177734375,0.6146804717247876,0.449056387330804
WML_noent,306,23,1.1939659118652344,1.4483495950698853,3.4504239559173584,10.732562065124512,0.46923429558738006,0.3103888808986464
WML_noent,306,24,1.8817522525787354,2.6185202598571777,7.574813365936279,32.74397659301758,0.5127059126830291,0.37400226739394826
WML_noent,306,25,2.0351572036743164,2.5028202533721924,5.917385101318359,14.726737022399902,0.630660508832626,0.5077931893651374
WML_noent,306,26,1.4055955410003662,1.7048410177230835,4.0824503898620605,16.657915115356445,0.5605297893892359,0.4196768650306362
WML_noent,306,27,0.8799148797988892,1.0070494413375854,2.035550355911255,7.46953010559082,0.4685301606331104,0.2917438018395752
WML_noent,306,28,1.7139241695404053,1.837264895439148,3.5933423042297363,7.265848636627197,0.5854617388448888,0.4409020734759426
WML_noent,307,0,0.22973449528217316,0.5419273972511292,1.7740942239761353,30.377681732177734,0.2362872990483904,0.12253592896970905
WML_noent,307,1,0.2458382546901703,0.5112830996513367,1.6813409328460693,36.46728515625,0.2247003852580637,0.11828826446814626
WML_noent,307,2,0.10592715442180634,0.274670273065567,0.5258474946022034,65.95426177978516,0.03204714821490353,0.011351384609406677
WML_noent,307,3,0.4805382490158081,1.26852548122406,4.783382892608643,76.13113403320312,0.581558698873439,0.38636229854567744
WML_noent,307,4,0.4969545006752014,0.8030533194541931,2.1822774410247803,28.8726863861084,0.5153611874334424,0.36487801746019355
WML_noent,307,5,0.8983286619186401,1.0667375326156616,2.337123394012451,8.04638385772705,0.5805105877924233,0.4272662852474203
WML_noent,307,6,0.22857117652893066,0.4694879949092865,1.5584222078323364,16.965417861938477,0.23954656050953727,0.11696941948303592
WML_noent,307,7,0.21347177028656006,0.6571762561798096,2.3002729415893555,39.611568450927734,0.17923457065362133,0.07992883319860382
WML_noent,307,8,0.1058402732014656,0.424347847700119,0.7210202217102051,77.7410659790039,0.02521114247584182,0.01616806729705429
WML_noent,307,9,0.48358529806137085,1.439754843711853,5.8242268562316895,44.7730598449707,0.6054790968748205,0.4053745635132093
WML_noent,307,10,1.119290828704834,1.7011669874191284,5.076192855834961,22.602672576904297,0.5462725430775898,0.40462953114537875
WML_noent,307,11,1.080221176147461,1.2477543354034424,2.6587307453155518,7.462213039398193,0.4845802573245946,0.3300108552304608
WML_noent,307,12,0.11355077475309372,0.3449237048625946,1.080433964729309,39.608734130859375,0.08456029257025251,0.03369259008786278
WML_noent,307,13,0.1187807098031044,0.24232496321201324,0.5216917991638184,85.47492218017578,0.060460549540516544,0.017572077670006663
WML_noent,307,14,0.10146765410900116,0.13372473418712616,0.23701445758342743,6.26777458190918,0.10776561940248441,0.05126275182518922
WML_noent,307,15,0.4150845408439636,0.9841696619987488,3.445915937423706,34.937992095947266,0.27120397710389393,0.15191139399703277
WML_noent,307,16,0.44326096773147583,0.6873030662536621,2.106050729751587,9.467029571533203,0.19571759182653134,0.08971614540444102
WML_noent,307,17,0.8095355033874512,1.6164631843566895,5.848453044891357,33.414432525634766,0.3376308571441471,0.22181532112887728
WML_noent,307,18,0.49921146035194397,0.8543965220451355,2.8691704273223877,14.730055809020996,0.25011248246928836,0.14442029357231015
WML_noent,307,19,0.7390019297599792,0.8676775097846985,1.9989821910858154,5.517742156982422,0.4500169015763445,0.30131551591547184
WML_noent,307,20,1.021324872970581,1.1484694480895996,2.360025644302368,5.534792900085449,0.5198693396003278,0.37069169779903266
WML_noent,307,21,1.0504319667816162,1.4232946634292603,3.7423696517944336,14.029934883117676,0.5866230229240087,0.4563482488787716
WML_noent,307,22,0.7659119367599487,1.3732589483261108,4.642693042755127,28.244905471801758,0.36862106701737823,0.2434110363873636
WML_noent,307,23,0.551998496055603,0.9576787948608398,2.990297317504883,28.107341766357422,0.2878763254647751,0.17366240282514647
WML_noent,307,24,1.1748831272125244,1.921727180480957,6.051474571228027,48.2819709777832,0.43818011643957183,0.3125845861505377
WML_noent,307,25,0.4953823685646057,0.8719459176063538,2.8163106441497803,23.86136245727539,0.46053374049637763,0.30634480146811444
WML_noent,307,26,1.2444236278533936,1.4382206201553345,3.2761800289154053,8.150123596191406,0.5575628190903573,0.42880561720201715
WML_noent,307,27,0.9172243475914001,1.061851978302002,2.312804937362671,6.816349029541016,0.5529695604966042,0.4120864912616386
WML_noent,307,28,0.8424445390701294,0.9988458752632141,2.2355527877807617,6.7582478523254395,0.5329620178435549,0.3838201097092888
WML_noent,308,0,0.3455005884170532,1.3140136003494263,5.519647121429443,74.95369720458984,0.23605642937771257,0.13971106870153954
WML_noent,308,1,0.22634409368038177,0.5732925534248352,2.0806214809417725,21.798385620117188,0.2056048947443474,0.10559646052370507
WML_noent,308,2,0.10664913058280945,0.3340073823928833,1.0181442499160767,60.86894989013672,0.053963139171970494,0.02032055151907004
WML_noent,308,3,0.4554648697376251,2.1124427318573,8.909396171569824,135.3791046142578,0.6060314223358448,0.4147208614285698
WML_noent,308,4,0.9356640577316284,1.773879051208496,6.306408882141113,28.544818878173828,0.48951528457312926,0.3357909279704187
WML_noent,308,5,0.9182119369506836,1.3360652923583984,3.924910306930542,11.42406940460205,0.4821111634180875,0.32507880794356786
WML_noent,308,6,0.32386356592178345,0.6567072868347168,2.1092352867126465,20.895841598510742,0.21586882384241876,0.11307112638041383
WML_noent,308,7,0.1995220184326172,0.42471835017204285,1.2991704940795898,14.0074462890625,0.17516214379482578,0.07557888330523094
WML_noent,308,8,0.10398779064416885,0.18164904415607452,0.34578201174736023,24.873966217041016,0.02307669352513224,0.00583306228446948
WML_noent,308,9,0.465631365776062,1.5695558786392212,5.805616855621338,75.09188842773438,0.5994959978089344,0.4217704795418366
WML_noent,308,10,0.9508325457572937,1.9354504346847534,6.797624588012695,33.36465835571289,0.45639805732660355,0.3004525592469874
WML_noent,308,11,0.9403650164604187,1.3530362844467163,3.844736099243164,13.808966636657715,0.532567323358578,0.35863166712460287
WML_noent,308,12,0.11044733226299286,0.30213817954063416,0.9243968725204468,24.775291442871094,0.04421692812939537,0.018103917391326357
WML_noent,308,13,0.10364574193954468,0.1612589955329895,0.34466832876205444,4.164924621582031,0.012880125429323826,0.0037354981963397603
WML_noent,308,14,0.10151801258325577,0.12023651599884033,0.2110022008419037,1.1267646551132202,0.09698159709327464,0.03969377144333575
WML_noent,308,15,0.30081629753112793,0.5590932965278625,1.8910117149353027,9.226759910583496,0.18263498034258585,0.0833136553495562
WML_noent,308,16,0.34916478395462036,0.5537872910499573,1.5764083862304688,9.27015209197998,0.17033820746597084,0.07762626808589312
WML_noent,308,17,0.5740788578987122,1.2064424753189087,4.22993803024292,32.056671142578125,0.27161796172708835,0.16833667700021068
WML_noent,308,18,0.5267482995986938,1.1257482767105103,4.1038665771484375,23.476226806640625,0.27922789719864705,0.17345987921608144
WML_noent,308,19,0.9624968767166138,1.3428834676742554,3.733985662460327,16.84409523010254,0.5347103580393391,0.4077569580825211
WML_noent,308,20,0.6316907405853271,0.7183325886726379,1.4150195121765137,3.734650135040283,0.3622702037362607,0.20776546599316617
WML_noent,308,21,0.815056324005127,0.9856908917427063,2.3222897052764893,5.474908828735352,0.463917031599659,0.31899326754996177
WML_noent,308,22,0.449849009513855,1.0468708276748657,3.9623069763183594,19.51287841796875,0.28187861129036074,0.15903472462143833
WML_noent,308,23,0.38639557361602783,0.8297693133354187,3.1171741485595703,22.79205322265625,0.16678335930266266,0.08715461071976309
WML_noent,308,24,0.6675916910171509,2.8310916423797607,11.699487686157227,169.26284790039062,0.5869869243638365,0.45517300035184266
WML_noent,308,25,0.5401128530502319,0.8502263426780701,2.504201889038086,19.278717041015625,0.5688523794267758,0.4172934985459415
WML_noent,308,26,0.7727530002593994,1.0356366634368896,2.6747639179229736,9.60345458984375,0.5137738028083549,0.3733246599521074
WML_noent,308,27,0.88990718126297,1.0726460218429565,2.419029951095581,6.518845558166504,0.4967641154916429,0.3441813766353206
WML_noent,308,28,0.6566125154495239,0.7734565138816833,1.608532190322876,8.436376571655273,0.4676702344784691,0.3068316526598552
