arm,d,rank,sigma,omega,R,r_rms,product
rank1,1,1,0.01,54.68533292886767,7.254186915149686,0.5797585417956357,2.438277064972308
rank1,1,1,0.01,73.83217516953168,3.626814971632164,0.772694988956333,2.1654172466072588
rank1,1,1,0.01,99.68285458470345,1.643828849607727,0.996642375046413,1.6328086600214207
rank1,1,1,0.01,134.58456933361077,0.7783928478315622,1.3448935001842497,1.4079091328879725
rank1,1,1,0.01,181.70633634214732,0.33816670350093975,1.8174942931081932,1.1170611701108948
rank1,1,1,0.01,245.3267327032263,0.17324454956795582,2.453268177009647,1.04267660908772
rank1,1,1,0.013501275609964631,40.503826829893846,5.833613648050337,0.5224530827040819,1.5923269850843849
rank1,1,1,0.013501275609964631,54.68533292886767,3.558855259533319,0.7651517119914094,2.083557230331279
rank1,1,1,0.013501275609964631,73.83217516953168,1.6619303934534226,1.0154861442079193,1.7138027461743779
rank1,1,1,0.013501275609964631,99.68285458470345,0.7703543625995216,1.34579670061061,1.3952417551880352
rank1,1,1,0.013501275609964631,134.58456933361077,0.3549730063290939,1.8169980977991091,1.1719370219080114
rank1,1,1,0.013501275609964631,181.70633634214732,0.1731121924457667,2.4532698676908264,1.041881450505622
rank1,1,1,0.018228444309622584,29.99999999999996,6.297169790637268,0.5422971128365159,1.8519104737226781
rank1,1,1,0.018228444309622584,40.503826829893846,3.145745190487038,0.7180132618154882,1.6217670516016274
rank1,1,1,0.018228444309622584,54.68533292886767,1.6593967384297177,1.0114377411873865,1.697573324745543
rank1,1,1,0.018228444309622584,73.83217516953168,0.7386680673250573,1.3507181413697915,1.3476551975147661
rank1,1,1,0.018228444309622584,99.68285458470345,0.3517318008056387,1.8170600064107567,1.1613153723725467
rank1,1,1,0.018228444309622584,134.58456933361077,0.1739648206565637,2.4532669421894187,1.0470105244612984
rank1,1,1,0.024610725056510595,22.22012265112078,6.354013333707623,0.5451544269005815,1.8883705033109666
rank1,1,1,0.024610725056510595,29.99999999999996,3.2826245515089996,0.7345551984722682,1.7712101266702045
rank1,1,1,0.024610725056510595,40.503826829893846,1.634515741809184,0.9855583778261874,1.5876465195887661
rank1,1,1,0.024610725056510595,54.68533292886767,0.746327047317335,1.349667219951936,1.3595105469591813
rank1,1,1,0.024610725056510595,73.83217516953168,0.3407649335641963,1.8173966469201455,1.1255229170153538
rank1,1,1,0.024610725056510595,99.68285458470345,0.1735850172679233,2.453267307237774,1.044724981580366
rank1,1,1,0.03322761819490119,16.457795021028378,5.547981044228843,0.5087608928964468,1.4360263543219147
rank1,1,1,0.03322761819490119,22.22012265112078,3.2980308175934834,0.736918709321514,1.7909929447893866
rank1,1,1,0.03322761819490119,29.99999999999996,1.641500167320378,0.9947518678730075,1.624315759451116
rank1,1,1,0.03322761819490119,40.503826829893846,0.7900903488858628,1.3428665913096258,1.424762564127882
rank1,1,1,0.03322761819490119,54.68533292886767,0.3428654567643221,1.817324859234012,1.1323713360282657
rank1,1,1,0.03322761819490119,73.83217516953168,0.17305698640081166,2.453269292044784,1.041548702312529
rank1,1,1,0.04486152311120365,12.189807464475196,6.125317899592232,0.5357328286663194,1.758025430483808
rank1,1,1,0.04486152311120365,16.457795021028378,3.0643640163918526,0.7064759435880262,1.5294493887609029
rank1,1,1,0.04486152311120365,22.22012265112078,1.6421152579238676,0.9960557126716063,1.6291868561647518
rank1,1,1,0.04486152311120365,29.99999999999996,0.7726381292957364,1.3452987775597207,1.3983427390757641
rank1,1,1,0.04486152311120365,40.503826829893846,0.3588263039081415,1.8168590226719894,1.184477271513456
rank1,1,1,0.04486152311120365,54.68533292886767,0.17355129431390398,2.453268868820725,1.0445233490345665
rank1,1,1,0.06056877878071584,9.028633898472895,5.889858234164045,0.5248086841573045,1.622209227019596
rank1,1,1,0.06056877878071584,12.189807464475196,3.2313929645851043,0.729107580199295,1.7178015961155286
rank1,1,1,0.06056877878071584,16.457795021028378,1.634716604683687,0.9790771873066986,1.5670264862593242
rank1,1,1,0.06056877878071584,22.22012265112078,0.7713216980509165,1.3456422663143242,1.3966731627012068
rank1,1,1,0.06056877878071584,29.99999999999996,0.3522858029979162,1.8170258818466591,1.1631008378008958
rank1,1,1,0.06056877878071584,40.503826829893846,0.17498258389195634,2.453266122078281,1.0531352474022952
rank1,1,1,0.0817755775677422,6.687245086537825,6.983559597541135,0.5695580014106534,2.2654410127891103
rank1,1,1,0.0817755775677422,9.028633898472895,3.162294261564684,0.7199882276238558,1.6392797377201538
rank1,1,1,0.0817755775677422,12.189807464475196,1.6397148894603544,0.991737337865572,1.6127300151389006
rank1,1,1,0.0817755775677422,16.457795021028378,0.8038052786930155,1.34114123322062,1.4457722477968729
rank1,1,1,0.0817755775677422,22.22012265112078,0.3522768972454224,1.8170494237217096,1.163101573046005
rank1,1,1,0.0817755775677422,29.99999999999996,0.17445328445446304,2.453267106021483,1.0499504931920225
rank1,1,1,0.11040746109061289,4.953046867365847,5.388018347140996,0.5018756342188418,1.3571294934374982
rank1,1,1,0.11040746109061289,6.687245086537825,3.483550396864757,0.7569062935686055,1.995750885312166
rank1,1,1,0.11040746109061289,9.028633898472895,1.6347925696273875,0.9866621950181947,1.591474305430582
rank1,1,1,0.11040746109061289,12.189807464475196,0.7804700466267579,1.3445032396578587,1.4108470880299298
rank1,1,1,0.11040746109061289,16.457795021028378,0.36334577258765716,1.816740481885315,1.1992394285267565
rank1,1,1,0.11040746109061289,22.22012265112078,0.17423593908433876,2.453267244837104,1.0486425145178375
rank1,1,1,0.14906415615808105,3.6685769629872937,6.448489121643234,0.5485780385473721,1.9405945447222914
rank1,1,1,0.14906415615808105,4.953046867365847,3.0106366699596943,0.7006385056871686,1.477904427775321
rank1,1,1,0.14906415615808105,6.687245086537825,1.6571759410397366,1.0069826431944113,1.6803996770874439
rank1,1,1,0.14906415615808105,9.028633898472895,0.7878379287893632,1.3431595562560756,1.4213207546871989
rank1,1,1,0.14906415615808105,12.189807464475196,0.35441990383410166,1.816971335739864,1.1700764957047278
rank1,1,1,0.14906415615808105,16.457795021028378,0.1750022580431463,2.453265423006618,1.0532530563090192
rank1,1,1,0.2012556255857059,2.717207669088465,5.889246352932358,0.5252686907294994,1.6248854563931123
rank1,1,1,0.2012556255857059,3.6685769629872937,3.326769186728532,0.739744374737771,1.8204804227941789
rank1,1,1,0.2012556255857059,4.953046867365847,1.6257920655633917,0.9757768311375792,1.5479823469419656
rank1,1,1,0.2012556255857059,6.687245086537825,0.7551541321803318,1.3485066681911924,1.3732253115699222
rank1,1,1,0.2012556255857059,9.028633898472895,0.3588957513922144,1.8168791365564563,1.184732747225081
rank1,1,1,0.2012556255857059,12.189807464475196,0.1740817495216862,2.4532667843812748,1.0477141282314684
rank1,1,1,0.2717207669088465,2.012556255857059,6.69288375149456,0.5596000874501136,2.0958916584698986
rank1,1,1,0.2717207669088465,2.717207669088465,3.1620732569154724,0.7203735546625988,1.6409201560108246
rank1,1,1,0.2717207669088465,3.6685769629872937,1.6458020089332748,0.9976112769859522,1.6379486696050403
rank1,1,1,0.2717207669088465,4.953046867365847,0.8061176195782666,1.340259252024762,1.4480249387303936
rank1,1,1,0.2717207669088465,6.687245086537825,0.3454237469520906,1.8172455207354437,1.1407209165115533
rank1,1,1,0.2717207669088465,9.028633898472895,0.1750301264154459,2.4532662406915704,1.0534214846411865
rank1,1,1,0.3668576962987294,1.4906415615808106,5.512204183010445,0.5076003265961139,1.4202640100861739
rank1,1,1,0.3668576962987294,2.012556255857059,3.3920194755481012,0.7487940311393172,1.901879883422769
rank1,1,1,0.3668576962987294,2.717207669088465,1.6353013496347573,0.9868773620299269,1.5926640192924248
rank1,1,1,0.3668576962987294,3.6685769629872937,0.7703730299199436,1.3460515963376718,1.3958041490907571
rank1,1,1,0.3668576962987294,4.953046867365847,0.3654600941893966,1.8166798297986644,1.2061373060925322
rank1,1,1,0.3668576962987294,6.687245086537825,0.17402853937117915,2.4532684010615076,1.0473952624336755
rank1,1,1,0.4953046867365847,1.1040746109061288,5.883131978732242,0.5237511753488239,1.613833076499866
rank1,1,1,0.4953046867365847,1.4906415615808106,3.047587569190758,0.705493630776216,1.5168491342412789
rank1,1,1,0.4953046867365847,2.012556255857059,1.6435997572672887,1.0025693635042932,1.6520566181667857
rank1,1,1,0.4953046867365847,2.717207669088465,0.7878502751799521,1.3432166339331923,1.4214638312810832
rank1,1,1,0.4953046867365847,3.6685769629872937,0.35078925009197626,1.8170774707494868,1.158225609845074
rank1,1,1,0.4953046867365847,4.953046867365847,0.17504421641399134,2.453265065304957,1.0535052760198107
rank1,1,1,0.6687245086537824,0.8177557756774221,6.703424779563937,0.5586574219733047,2.092126238589882
rank1,1,1,0.6687245086537824,1.1040746109061288,3.1681400378037883,0.7191019672475373,1.638269415918243
rank1,1,1,0.6687245086537824,1.4906415615808106,1.6272187252832244,0.9785227935895826,1.5580730882320974
rank1,1,1,0.6687245086537824,2.012556255857059,0.7593855470400485,1.3473528278815152,1.3785578754223449
rank1,1,1,0.6687245086537824,2.717207669088465,0.3579382033525949,1.8168830548150172,1.181576929794649
rank1,1,1,0.6687245086537824,3.6685769629872937,0.17351410024815142,2.453267410215201,1.044298253714571
rank1,1,1,0.9028633898472894,0.6056877878071585,5.990489943319088,0.5287142818063238,1.6745743209614627
rank1,1,1,0.9028633898472894,0.8177557756774221,3.4032474575274922,0.7480229210915548,1.9042472644596982
rank1,1,1,0.9028633898472894,1.1040746109061288,1.6427330731104655,0.9861670657700286,1.5975997730825564
rank1,1,1,0.9028633898472894,1.4906415615808106,0.8004823568261146,1.3409932377891358,1.4394776954044524
rank1,1,1,0.9028633898472894,2.012556255857059,0.3485508656208192,1.8171665765029714,1.150947849895665
rank1,1,1,0.9028633898472894,2.717207669088465,0.17450840266295659,2.453266263797722,1.0502815020659402
rank1,1,1,1.2189807464475195,0.4486152311120365,6.75937239836513,0.5605866559525846,2.124182787647729
rank1,1,1,1.2189807464475195,0.6056877878071585,3.1973997119721935,0.7232561220328636,1.6725579286315237
rank1,1,1,1.2189807464475195,0.8177557756774221,1.6521378562483195,1.0021483168136749,1.659244112372735
rank1,1,1,1.2189807464475195,1.1040746109061288,0.7919035797296807,1.343028175442956,1.4283760309654092
rank1,1,1,1.2189807464475195,1.4906415615808106,0.3626776063042478,1.816730307158082,1.197020706950394
rank1,1,1,1.2189807464475195,2.012556255857059,0.17412468086187155,2.4532679356065947,1.0479734948194652
rank1,1,1,1.6457795021028379,0.33227618194901193,6.701715975300751,0.5594462757680868,2.0975039738363344
rank1,1,1,1.6457795021028379,0.4486152311120365,3.4201910260399235,0.7496004733563285,1.9218083119215883
rank1,1,1,1.6457795021028379,0.6056877878071585,1.6411660831457593,0.9884849743430639,1.603587555792115
rank1,1,1,1.6457795021028379,0.8177557756774221,0.7640134665642839,1.3472425291827583,1.386732141038135
rank1,1,1,1.6457795021028379,1.1040746109061288,0.3584919411100961,1.81687011695089,1.1833879998073369
rank1,1,1,1.6457795021028379,1.4906415615808106,0.1746699589404069,2.4532653630009915,1.0512530589993283
rank1,1,1,2.222012265112078,0.24610725056510596,6.1272520429308726,0.5355021262545707,1.7570662807641653
rank1,1,1,2.222012265112078,0.33227618194901193,3.3985960255020435,0.748668248597313,1.9049271644287857
rank1,1,1,2.222012265112078,0.4486152311120365,1.6533785869288964,1.0030094169497512,1.6633449719892164
rank1,1,1,2.222012265112078,0.6056877878071585,0.7851738964083252,1.3436427781223392,1.4175340418195794
rank1,1,1,2.222012265112078,0.8177557756774221,0.3491079657668002,1.817159026641506,1.1527778680964609
rank1,1,1,2.222012265112078,1.1040746109061288,0.17439878705285006,2.4532661875023503,1.04962171354726
rank1,1,1,2.999999999999996,0.18228444309622582,5.824235331632448,0.5218461678397803,1.5860757012215723
rank1,1,1,2.999999999999996,0.24610725056510596,3.231394110307941,0.728915677736507,1.7168980667492906
rank1,1,1,2.999999999999996,0.33227618194901193,1.6499396076044879,1.0025007010862803,1.6582019370496632
rank1,1,1,2.999999999999996,0.4486152311120365,0.761658311492017,1.3474680652513236,1.3829202887594332
rank1,1,1,2.999999999999996,0.6056877878071585,0.3562713202634829,1.8169123037135777,1.1761123081021956
rank1,1,1,2.999999999999996,0.8177557756774221,0.1740555531082963,2.4532678910915835,1.0475574097893987
rank1,2,1,0.01,73.83217516953168,5.778754421517284,0.5443823309422403,1.7125461367326056
rank1,2,1,0.01,99.68285458470345,2.8146325140088027,0.7190327588961904,1.455187831812756
rank1,2,1,0.01,134.58456933361077,1.335504064613582,0.9548890835804248,1.2177301839404526
rank1,2,1,0.01,181.70633634214732,0.6711810777320221,1.2846488358698576,1.1076653224169115
rank1,2,1,0.01,245.3267327032263,0.3463036686933545,1.7347210551413839,1.0421167873296031
rank1,2,1,0.01,331.2223832718382,0.18857579691470006,2.342095932988539,1.0344161956405853
rank1,2,1,0.013501275609964631,54.68533292886767,4.779063773480449,0.5046295831345738,1.2169934462798893
rank1,2,1,0.013501275609964631,73.83217516953168,2.7996857439586966,0.716988326818604,1.4392407799099747
rank1,2,1,0.013501275609964631,99.68285458470345,1.333244677285559,0.9553546496455122,1.216855758868704
rank1,2,1,0.013501275609964631,134.58456933361077,0.65711428582255,1.2850789557558029,1.085176879898369
rank1,2,1,0.013501275609964631,181.70633634214732,0.3457501767743476,1.734720730606008,1.0404507985211777
rank1,2,1,0.013501275609964631,245.3267327032263,0.18831057291809808,2.342095932861646,1.0329613322744824
rank1,2,1,0.018228444309622584,40.503826829893846,5.535517913526116,0.535144077651194,1.5852571022358006
rank1,2,1,0.018228444309622584,54.68533292886767,2.5879965140689096,0.695168064254874,1.2506716693986306
rank1,2,1,0.018228444309622584,73.83217516953168,1.3366246974267488,0.954824795940921,1.218587892941892
rank1,2,1,0.018228444309622584,99.68285458470345,0.6552361222453976,1.2851107457765383,1.0821287650981406
rank1,2,1,0.018228444309622584,134.58456933361077,0.34453048248421725,1.7347232667776744,1.0367834577044297
rank1,2,1,0.018228444309622584,181.70633634214732,0.18880331651865867,2.342095932839764,1.035664234584072
rank1,2,1,0.024610725056510595,29.99999999999996,5.731101740075194,0.5426787864643207,1.6878109827895738
rank1,2,1,0.024610725056510595,40.503826829893846,2.7485434254163,0.7120065743021049,1.3933833297039104
rank1,2,1,0.024610725056510595,54.68533292886767,1.34354249320581,0.9490910764536243,1.2102279730006444
rank1,2,1,0.024610725056510595,73.83217516953168,0.6555362488813754,1.2850745648696256,1.0825634677394549
rank1,2,1,0.024610725056510595,99.68285458470345,0.34460615403525996,1.7347234541917496,1.0370113975111732
rank1,2,1,0.024610725056510595,134.58456933361077,0.18857083536682107,2.342095933010779,1.0343889795192114
rank1,2,1,0.03322761819490119,22.22012265112078,5.045636297218438,0.5156575218965163,1.3416482131728493
rank1,2,1,0.03322761819490119,29.99999999999996,2.78922589310195,0.7160738488945805,1.430208369814044
rank1,2,1,0.03322761819490119,40.503826829893846,1.3370876526599724,0.9535283754351861,1.2157019722428937
rank1,2,1,0.03322761819490119,54.68533292886767,0.6712158593007571,1.284681811953097,1.1077795929714893
rank1,2,1,0.03322761819490119,73.83217516953168,0.34446996577055217,1.7347232408913933,1.0366013159502259
rank1,2,1,0.03322761819490119,99.68285458470345,0.18853080886780382,2.3420959330234163,1.0341694176379317
rank1,2,1,0.04486152311120365,16.457795021028378,4.693238288288888,0.5001934223729738,1.174217524943311
rank1,2,1,0.04486152311120365,22.22012265112078,2.6482538943524907,0.7013199860830432,1.302542944051882
rank1,2,1,0.04486152311120365,29.99999999999996,1.3367389249571364,0.9545873810942489,1.2180860588524072
rank1,2,1,0.04486152311120365,40.503826829893846,0.6603650011583753,1.2849859582264707,1.0903873683397554
rank1,2,1,0.04486152311120365,54.68533292886767,0.3470994011053775,1.7347209250770836,1.0445111941425436
rank1,2,1,0.04486152311120365,73.83217516953168,0.1884285788423072,2.3420959330090327,1.0336086436776366
rank1,2,1,0.06056877878071584,12.189807464475196,5.302641710164947,0.5264800633360446,1.4697928951231136
rank1,2,1,0.06056877878071584,16.457795021028378,2.5741358393171634,0.6926727820909673,1.2350590058741544
rank1,2,1,0.06056877878071584,22.22012265112078,1.3411743884882914,0.9507220983161205,1.212250658492198
rank1,2,1,0.06056877878071584,29.99999999999996,0.6580288189846603,1.2850583468374999,1.086652311192577
rank1,2,1,0.06056877878071584,40.503826829893846,0.3456757259990674,1.7347227184959062,1.040229141159071
rank1,2,1,0.06056877878071584,54.68533292886767,0.18900349036112377,2.3420959328528763,1.0367622708651862
rank1,2,1,0.0817755775677422,9.028633898472895,5.582319762158385,0.5373737124576602,1.612009307064373
rank1,2,1,0.0817755775677422,12.189807464475196,2.7035697606544256,0.7072846769259434,1.3524651369081728
rank1,2,1,0.0817755775677422,16.457795021028378,1.3458487811568514,0.9484262993955443,1.2106077282569916
rank1,2,1,0.0817755775677422,22.22012265112078,0.6657762724598106,1.28479376366372,1.098993574154016
rank1,2,1,0.0817755775677422,29.99999999999996,0.34592869827284073,1.734723145277917,1.0409909134554265
rank1,2,1,0.0817755775677422,40.503826829893846,0.18889448685259008,2.3420959329738076,1.0361643416703339
rank1,2,1,0.11040746109061289,6.687245086537825,5.242033730140569,0.523699313388935,1.4376852600255674
rank1,2,1,0.11040746109061289,9.028633898472895,2.754578560744921,0.7132139630326106,1.401182927455368
rank1,2,1,0.11040746109061289,12.189807464475196,1.339654266518183,0.9522926537961807,1.2148806076411445
rank1,2,1,0.11040746109061289,16.457795021028378,0.6718472524453628,1.2846361301851692,1.1087427934886764
rank1,2,1,0.11040746109061289,22.22012265112078,0.34593573643289516,1.7347215852569817,1.041010220795056
rank1,2,1,0.11040746109061289,29.99999999999996,0.188858337450581,2.3420959330025863,1.0359660472830834
rank1,2,1,0.14906415615808105,4.953046867365847,5.752152717487122,0.5433050305537651,1.697922488208609
rank1,2,1,0.14906415615808105,6.687245086537825,2.6903510027545194,0.7057590860277988,1.3400527704325667
rank1,2,1,0.14906415615808105,9.028633898472895,1.3350035077317075,0.9538432684647803,1.214608860755964
rank1,2,1,0.14906415615808105,12.189807464475196,0.6612929857471673,1.284901393218513,1.0917759323298473
rank1,2,1,0.14906415615808105,16.457795021028378,0.34704146253643614,1.7347206556749775,1.0443365177455357
rank1,2,1,0.14906415615808105,22.22012265112078,0.18840770945055893,2.3420959328973927,1.033494166338811
rank1,2,1,0.2012556255857059,3.6685769629872937,5.493632221637719,0.5332552353517417,1.5621755544124643
rank1,2,1,0.2012556255857059,4.953046867365847,2.7911270356942794,0.7164102421638624,1.432528185762216
rank1,2,1,0.2012556255857059,6.687245086537825,1.3420139922208438,0.9518919699732251,1.2159966271221734
rank1,2,1,0.2012556255857059,9.028633898472895,0.6592101672635398,1.285007490832648,1.0885169992216486
rank1,2,1,0.2012556255857059,12.189807464475196,0.34616945290886636,1.734722219895108,1.041714296408966
rank1,2,1,0.2012556255857059,16.457795021028378,0.18889608852119674,2.3420959328347104,1.0361731273616293
rank1,2,1,0.2717207669088465,2.717207669088465,5.0768018876352485,0.5164143167936663,1.3539005480870574
rank1,2,1,0.2717207669088465,3.6685769629872937,2.743672111830351,0.7109812330958182,1.3869106515015266
rank1,2,1,0.2717207669088465,4.953046867365847,1.3348630496509253,0.9546747442885393,1.2165993458777016
rank1,2,1,0.2717207669088465,6.687245086537825,0.6647042243375579,1.2848739505308397,1.0973609143633265
rank1,2,1,0.2717207669088465,9.028633898472895,0.3455664052738842,1.7347228454483363,1.0399003185617697
rank1,2,1,0.2717207669088465,12.189807464475196,0.18843836357111277,2.3420959329401865,1.0336623168989756
rank1,2,1,0.3668576962987294,2.012556255857059,5.3908531838423155,0.5294413177280504,1.51109986141534
rank1,2,1,0.3668576962987294,2.717207669088465,2.6624941307121555,0.7017394468975322,1.3111139539097523
rank1,2,1,0.3668576962987294,3.6685769629872937,1.3387221945544907,0.9532606153503737,1.2165046238221517
rank1,2,1,0.3668576962987294,4.953046867365847,0.6583427989608759,1.2850643151478875,1.0871809083725696
rank1,2,1,0.3668576962987294,6.687245086537825,0.34619734966592963,1.7347220580842115,1.0417980506839735
rank1,2,1,0.3668576962987294,9.028633898472895,0.188296912929221,2.3420959329823687,1.0328864016954953
rank1,2,1,0.4953046867365847,1.4906415615808106,4.820640592760907,0.5060026048362459,1.2342702425039374
rank1,2,1,0.4953046867365847,2.012556255857059,2.718334592505311,0.7089039338074511,1.366084879784788
rank1,2,1,0.4953046867365847,2.717207669088465,1.3476528962429368,0.9508328951640881,1.2183903355476944
rank1,2,1,0.4953046867365847,3.6685769629872937,0.6593088137334604,1.2849676432711845,1.0886123706407183
rank1,2,1,0.4953046867365847,4.953046867365847,0.3463899204804892,1.7347231804642556,1.0423788953074136
rank1,2,1,0.4953046867365847,6.687245086537825,0.18872820104679966,2.342095932929276,1.0352521952504297
rank1,2,1,0.6687245086537824,1.1040746109061288,5.686040730858374,0.5405640283680079,1.6615149413428274
rank1,2,1,0.6687245086537824,1.4906415615808106,2.6000075872862145,0.6959380013371073,1.2592608991812966
rank1,2,1,0.6687245086537824,2.012556255857059,1.3369590998965402,0.9527171714205921,1.2135176778609131
rank1,2,1,0.6687245086537824,2.717207669088465,0.6667205633115726,1.2848013620552188,1.1005653279346972
rank1,2,1,0.6687245086537824,3.6685769629872937,0.3451167733879271,1.7347226105125082,1.0385469765024729
rank1,2,1,0.6687245086537824,4.953046867365847,0.18875787395898175,2.342095933004959,1.035414963506232
rank1,2,1,0.9028633898472894,0.8177557756774221,5.546746788552913,0.5359007980936675,1.5929683542487794
rank1,2,1,0.9028633898472894,1.1040746109061288,2.781313140031575,0.714936000695944,1.42162227839404
rank1,2,1,0.9028633898472894,1.4906415615808106,1.3439200844618486,0.9492958238663451,1.2110904653753105
rank1,2,1,0.9028633898472894,2.012556255857059,0.6614172566484727,1.2849304563020176,1.0920304994852266
rank1,2,1,0.9028633898472894,2.717207669088465,0.34626226514340297,1.734721630062665,1.04199288407558
rank1,2,1,0.9028633898472894,3.6685769629872937,0.18881820470835992,2.3420959329665263,1.0357459025708613
rank1,2,1,1.2189807464475195,0.6056877878071585,5.376020191497511,0.5291910096673677,1.5055174929458965
rank1,2,1,1.2189807464475195,0.8177557756774221,2.7489585203452265,0.7124167110052347,1.3951997277753567
rank1,2,1,1.2189807464475195,1.1040746109061288,1.3374275731566412,0.9542916214612776,1.2179585099988013
rank1,2,1,1.2189807464475195,1.4906415615808106,0.6704494978353247,1.2846958755870457,1.1065390109200623
rank1,2,1,1.2189807464475195,2.012556255857059,0.3452970600196615,1.7347223912566276,1.0390892436428207
rank1,2,1,1.2189807464475195,2.717207669088465,0.18809421555217054,2.3420959329004134,1.031774522723321
rank1,2,1,1.6457795021028379,0.4486152311120365,5.273945397015311,0.5248271944876471,1.4526744223632835
rank1,2,1,1.6457795021028379,0.6056877878071585,2.7138983058710067,0.7087672766176368,1.3633296700716833
rank1,2,1,1.6457795021028379,0.8177557756774221,1.3348195330634045,0.9536353905727424,1.2139121913098638
rank1,2,1,1.6457795021028379,1.1040746109061288,0.6585010580683616,1.2850381378268378,1.0873979530309819
rank1,2,1,1.6457795021028379,1.4906415615808106,0.34667669380488697,1.734721008013561,1.0432392591254114
rank1,2,1,1.6457795021028379,2.012556255857059,0.18818499749288728,2.342095932951742,1.032272499238922
rank1,2,1,2.222012265112078,0.33227618194901193,5.604888618334075,0.5381618181663685,1.6232774307414
rank1,2,1,2.222012265112078,0.4486152311120365,2.6965042742644285,0.7063784566329134,1.3454761506847401
rank1,2,1,2.222012265112078,0.6056877878071585,1.3374453835949094,0.9526813747867592,1.2138678400475544
rank1,2,1,2.222012265112078,0.8177557756774221,0.6585212904694028,1.2849932767570698,1.0873554394706768
rank1,2,1,2.222012265112078,1.1040746109061288,0.3457270757783123,1.7347230261339293,1.0403840351512585
rank1,2,1,2.222012265112078,1.4906415615808106,0.18878714609361863,2.342095932858469,1.035575533135084
rank1,2,1,2.999999999999996,0.24610725056510596,5.494838029114334,0.5338942801758463,1.5662656790288956
rank1,2,1,2.999999999999996,0.33227618194901193,2.758850956707787,0.7136399708828267,1.4050331551197461
rank1,2,1,2.999999999999996,0.4486152311120365,1.3404135421987047,0.9520547269976033,1.2149618303272391
rank1,2,1,2.999999999999996,0.6056877878071585,0.662663958534542,1.284928006088869,1.094084689396607
rank1,2,1,2.999999999999996,0.8177557756774221,0.34450029914958963,1.734722761644903,1.036692024310202
rank1,2,1,2.999999999999996,1.1040746109061288,0.1888972836551324,2.3420959329945523,1.036179683306718
rank1,4,1,0.01,134.58456933361077,2.4498882027420286,0.6711260245453529,1.1034544903953147
rank1,4,1,0.01,181.70633634214732,1.2873576591772655,0.9086030133323525,1.0627902628303494
rank1,4,1,0.01,245.3267327032263,0.6896545275240861,1.2266338604839573,1.037675324634903
rank1,4,1,0.01,331.2223832718382,0.3762429573760941,1.6561119164021407,1.0319240723663716
rank1,4,1,0.01,447.1924684742427,0.20603327506360436,2.2359623423712134,1.030069044478211
rank1,4,1,0.013501275609964631,99.68285458470345,2.4424474876191393,0.6709722517366318,1.099599048880338
rank1,4,1,0.013501275609964631,134.58456933361077,1.291117724213802,0.90840840850786,1.0654378818206323
rank1,4,1,0.013501275609964631,181.70633634214732,0.688491588228097,1.2266340841035623,1.0359259082576837
rank1,4,1,0.013501275609964631,245.3267327032263,0.3762160526205549,1.6561119163724725,1.03185028047667
rank1,4,1,0.013501275609964631,331.2223832718382,0.20669627001434324,2.235962342371213,1.0333837060307713
rank1,4,1,0.018228444309622584,73.83217516953168,2.4454301657998494,0.6711318018290536,1.1014655086915859
rank1,4,1,0.018228444309622584,99.68285458470345,1.2917655764739777,0.9083978442426003,1.0659477001420097
rank1,4,1,0.018228444309622584,134.58456933361077,0.6886552173446701,1.226632936591842,1.0361701710582611
rank1,4,1,0.018228444309622584,181.70633634214732,0.37606907624528574,1.6561119163875517,1.0314471674092662
rank1,4,1,0.018228444309622584,245.3267327032263,0.20621866612108175,2.235962342371213,1.0309959121862136
rank1,4,1,0.024610725056510595,54.68533292886767,2.4521392850729375,0.6710408717381326,1.1041881474741406
rank1,4,1,0.024610725056510595,73.83217516953168,1.2904162113317492,0.9084088053654765,1.0648599197088706
rank1,4,1,0.024610725056510595,99.68285458470345,0.690997820511016,1.2266328742913257,1.0396948126093049
rank1,4,1,0.024610725056510595,134.58456933361077,0.37744514981908217,1.656111916310174,1.0352213334950036
rank1,4,1,0.024610725056510595,181.70633634214732,0.2064364974718192,2.2359623423712134,1.032084966035609
rank1,4,1,0.03322761819490119,40.503826829893846,2.4767968316092306,0.6728496909466821,1.1213120725092123
rank1,4,1,0.03322761819490119,54.68533292886767,1.29343862361255,0.9084025587516757,1.0673393550128623
rank1,4,1,0.03322761819490119,73.83217516953168,0.6903403016937029,1.2266329389322115,1.0387056007243378
rank1,4,1,0.03322761819490119,99.68285458470345,0.37690531377752773,1.6561119163059732,1.033740721572837
rank1,4,1,0.03322761819490119,134.58456933361077,0.2066585907979664,2.2359623423712134,1.033195327748681
rank1,4,1,0.04486152311120365,29.99999999999996,2.4746851362095033,0.6722070751964141,1.118217045968775
rank1,4,1,0.04486152311120365,40.503826829893846,1.2914954666245781,0.9085266688651268,1.0660271024906294
rank1,4,1,0.04486152311120365,54.68533292886767,0.6908276953111955,1.2266329020942333,1.0394388845546347
rank1,4,1,0.04486152311120365,73.83217516953168,0.3765507122379363,1.656111916310332,1.032768153567135
rank1,4,1,0.04486152311120365,99.68285458470345,0.20579134095342616,2.2359623423712134,1.02885948821784
rank1,4,1,0.06056877878071584,22.22012265112078,2.461809881638011,0.6719894231802028,1.1116789586324216
rank1,4,1,0.06056877878071584,29.99999999999996,1.2925853054931926,0.9084826127123026,1.0668232060405871
rank1,4,1,0.06056877878071584,40.503826829893846,0.6915523529527154,1.2266336339580197,1.0405304665853166
rank1,4,1,0.06056877878071584,54.68533292886767,0.37637631782299696,1.6561119163078477,1.0322898408373435
rank1,4,1,0.06056877878071584,73.83217516953168,0.20577452554248638,2.235962342371213,1.0287754191067995
rank1,4,1,0.0817755775677422,16.457795021028378,2.4438932791807026,0.6712862723193763,1.101280042887581
rank1,4,1,0.0817755775677422,22.22012265112078,1.291324026399301,0.9084676819785452,1.0657471895676782
rank1,4,1,0.0817755775677422,29.99999999999996,0.6890228143673578,1.2266333741750919,1.0367240076357371
rank1,4,1,0.0817755775677422,40.503826829893846,0.37641802899647625,1.656111916357198,1.0324042424129771
rank1,4,1,0.0817755775677422,54.68533292886767,0.20626260402218533,2.235962342371213,1.0312155809353132
rank1,4,1,0.11040746109061289,12.189807464475196,2.506289559225483,0.6744331402785186,1.1400110210559768
rank1,4,1,0.11040746109061289,16.457795021028378,1.2878862966617608,0.9084194151754478,1.062797043089489
rank1,4,1,0.11040746109061289,22.22012265112078,0.6903390173314511,1.2266332861312021,1.0387042562476
rank1,4,1,0.11040746109061289,29.99999999999996,0.37642018077198014,1.656111916339681,1.0324101440801843
rank1,4,1,0.11040746109061289,40.503826829893846,0.2063060378260662,2.235962342371214,1.0314327294364374
rank1,4,1,0.14906415615808105,9.028633898472895,2.4828819296266524,0.6733069033027478,1.125595121644083
rank1,4,1,0.14906415615808105,12.189807464475196,1.2867244584455233,0.908635055892236,1.0623424426180599
rank1,4,1,0.14906415615808105,16.457795021028378,0.68912475917244,1.2266330015005646,1.036876766744157
rank1,4,1,0.14906415615808105,22.22012265112078,0.3766838770720701,1.6561119163337437,1.0331333856763776
rank1,4,1,0.14906415615808105,29.99999999999996,0.20626924280365716,2.2359623423712125,1.0312487717064887
rank1,4,1,0.2012556255857059,6.687245086537825,2.513019321091345,0.6744367608607917,1.1430843937653377
rank1,4,1,0.2012556255857059,9.028633898472895,1.286459036411692,0.9085579899167432,1.0619431449445318
rank1,4,1,0.2012556255857059,12.189807464475196,0.6867985192536183,1.2266342730230655,1.0333787822057572
rank1,4,1,0.2012556255857059,16.457795021028378,0.3769725706048146,1.6561119163145508,1.0339251873329773
rank1,4,1,0.2012556255857059,22.22012265112078,0.2066532780235005,2.235962342371213,1.0331687663861244
rank1,4,1,0.2717207669088465,4.953046867365847,2.448726338434536,0.6710015514196418,1.1025220936098683
rank1,4,1,0.2717207669088465,6.687245086537825,1.2890809823769187,0.9086353034431528,1.0642886103182565
rank1,4,1,0.2717207669088465,9.028633898472895,0.6882772139128159,1.2266338186391121,1.035602905735255
rank1,4,1,0.2717207669088465,12.189807464475196,0.37646220594133706,1.6561119164002904,1.03252540686846
rank1,4,1,0.2717207669088465,16.457795021028378,0.20655701747489785,2.2359623423712134,1.0326875091169314
rank1,4,1,0.3668576962987294,3.6685769629872937,2.478621517202571,0.6727935690751458,1.1219509708664563
rank1,4,1,0.3668576962987294,4.953046867365847,1.2929891876736699,0.9083998573209632,1.0669621366826882
rank1,4,1,0.3668576962987294,6.687245086537825,0.6885352994716689,1.226634274482574,1.0359919991384825
rank1,4,1,0.3668576962987294,9.028633898472895,0.3765039267401482,1.6561119163696514,1.0326398347438304
rank1,4,1,0.3668576962987294,12.189807464475196,0.20648484497634345,2.235962342371213,1.0323266807186997
rank1,4,1,0.4953046867365847,2.717207669088465,2.4486255682106783,0.6710275603924931,1.102562191296339
rank1,4,1,0.4953046867365847,3.6685769629872937,1.2899296035118453,0.9085228228784751,1.0647255921743433
rank1,4,1,0.4953046867365847,4.953046867365847,0.6906674020610216,1.2266328861630846,1.0391976758043007
rank1,4,1,0.4953046867365847,6.687245086537825,0.3762587097232755,1.656111916400389,1.0319672764320234
rank1,4,1,0.4953046867365847,9.028633898472895,0.20677737545777042,2.2359623423712134,1.0337891949334121
rank1,4,1,0.6687245086537824,2.012556255857059,2.52660548972922,0.6753954660711476,1.1525339235099232
rank1,4,1,0.6687245086537824,2.717207669088465,1.2913795830501609,0.9084016442366943,1.0656380989858802
rank1,4,1,0.6687245086537824,3.6685769629872937,0.6888335444856437,1.226633611280151,1.0364396272827023
rank1,4,1,0.6687245086537824,4.953046867365847,0.37783633220806345,1.656111916306774,1.0362942320418493
rank1,4,1,0.6687245086537824,6.687245086537825,0.20637421661481126,2.235962342371214,1.0317735911722645
rank1,4,1,0.9028633898472894,1.4906415615808106,2.499525937854263,0.6742691093176766,1.1363815523900032
rank1,4,1,0.9028633898472894,2.012556255857059,1.2865105677272928,0.908700808613999,1.062319581959302
rank1,4,1,0.9028633898472894,2.717207669088465,0.6897021563638669,1.226632896701069,1.0377453577028253
rank1,4,1,0.9028633898472894,3.6685769629872937,0.3768191305026303,1.6561119163556688,1.0335043461911548
rank1,4,1,0.9028633898472894,4.953046867365847,0.20619927265483476,2.2359623423712134,1.03089895401652
rank1,4,1,1.2189807464475195,1.1040746109061288,2.5003567841251004,0.6738981410124892,1.135508790630567
rank1,4,1,1.2189807464475195,1.4906415615808106,1.2881049990628766,0.9086238392356394,1.0634559851616214
rank1,4,1,1.2189807464475195,2.012556255857059,0.6875604308110367,1.2266346606733003,1.03452583231878
rank1,4,1,1.2189807464475195,2.717207669088465,0.37546751389132166,1.6561119163074838,1.0297972582232775
rank1,4,1,1.2189807464475195,3.6685769629872937,0.20712207821164635,2.2359623423712125,1.0355125458640047
rank1,4,1,1.6457795021028379,0.8177557756774221,2.5002360174818232,0.6738725205324531,1.1353676113455196
rank1,4,1,1.6457795021028379,1.1040746109061288,1.2905275656586288,0.9085984623323182,1.0653965362654148
rank1,4,1,1.6457795021028379,1.4906415615808106,0.6891809688909862,1.2266342068916136,1.036963379498779
rank1,4,1,1.6457795021028379,2.012556255857059,0.3767431020687745,1.65611191642643,1.0332958225860867
rank1,4,1,1.6457795021028379,2.717207669088465,0.20639758250418666,2.235962342371213,1.031890409581013
rank1,4,1,2.222012265112078,0.6056877878071585,2.4809678568605587,0.6727255488609153,1.1227859799194468
rank1,4,1,2.222012265112078,0.8177557756774221,1.2923736927554408,0.9085967092158295,1.066916491456596
rank1,4,1,2.222012265112078,1.1040746109061288,0.6885783718891099,1.2266340572708152,1.0360564403319514
rank1,4,1,2.222012265112078,1.4906415615808106,0.3768563852148707,1.656111916395831,1.033606524989391
rank1,4,1,2.222012265112078,2.012556255857059,0.20630532156000173,2.2359623423712134,1.0314291484444813
rank1,4,1,2.999999999999996,0.4486152311120365,2.4956783994596323,0.6735487226253194,1.1322091330125794
rank1,4,1,2.999999999999996,0.6056877878071585,1.2927734179824102,0.9085181610999056,1.067061965032863
rank1,4,1,2.999999999999996,0.8177557756774221,0.6903465475938534,1.2266340469343848,1.0387168750002302
rank1,4,1,2.999999999999996,1.1040746109061288,0.37632835206337034,1.656111916385742,1.03215828492513
rank1,4,1,2.999999999999996,1.4906415615808106,0.2065335655885783,2.235962342371213,1.0325702607640865
rank1,8,1,0.01,181.70633634214732,2.5390678314264594,0.6423944585932954,1.0477987480934547
rank1,8,1,0.01,245.3267327032263,1.3760693869287755,0.8673611512129,1.0352381453402746
rank1,8,1,0.01,331.2223832718382,0.7539669274726629,1.1710479665219902,1.0339550641602249
rank1,8,1,0.01,447.1924684742427,0.41287490755707845,1.581064134768442,1.0320897471174468
rank1,8,1,0.01,603.766876757117,0.22691391842033085,2.1346382640538994,1.033974231411343
rank1,8,1,0.01,815.1623007265384,0.12420718881546074,2.8820339530568155,1.0316797787180443
rank1,8,1,0.013501275609964631,134.58456933361077,2.543440675854517,0.6424917454964447,1.0499212293007403
rank1,8,1,0.013501275609964631,181.70633634214732,1.3785289218905232,0.8673607783392315,1.037087599609971
rank1,8,1,0.013501275609964631,245.3267327032263,0.7517822229929834,1.1710479664728757,1.030959062288854
rank1,8,1,0.013501275609964631,331.2223832718382,0.4126187449257707,1.5810641347684415,1.0314494010452386
rank1,8,1,0.013501275609964631,447.1924684742427,0.22665700680499126,2.1346382640538994,1.032803567258784
rank1,8,1,0.013501275609964631,603.766876757117,0.12417121922405104,2.882033953056815,1.0313810109859987
rank1,8,1,0.018228444309622584,99.68285458470345,2.5429269717512555,0.6424109076516621,1.0494450438106373
rank1,8,1,0.018228444309622584,134.58456933361077,1.3738729345016216,0.8673613519746995,1.0335861989004946
rank1,8,1,0.018228444309622584,181.70633634214732,0.7528909183271845,1.171047966447733,1.0324794752938742
rank1,8,1,0.018228444309622584,245.3267327032263,0.4122782115668036,1.5810641347684415,1.0305981480823956
rank1,8,1,0.018228444309622584,331.2223832718382,0.2266520912985831,2.1346382640538994,1.032781168866496
rank1,8,1,0.018228444309622584,447.1924684742427,0.1242809782485821,2.882033953056816,1.0322926825826306
rank1,8,1,0.024610725056510595,73.83217516953168,2.5500160718520393,0.6424748172567526,1.0525800556040978
rank1,8,1,0.024610725056510595,99.68285458470345,1.3768967250904598,0.8673608753343466,1.0358599056076618
rank1,8,1,0.024610725056510595,134.58456933361077,0.7515285088670012,1.1710479664864133,1.0306111305986672
rank1,8,1,0.024610725056510595,181.70633634214732,0.412595903202714,1.5810641347684418,1.031392302132852
rank1,8,1,0.024610725056510595,245.3267327032263,0.2267882237810947,2.134638264053899,1.0334014810974725
rank1,8,1,0.024610725056510595,331.2223832718382,0.12427471851881688,2.882033953056815,1.0322406885178697
rank1,8,1,0.03322761819490119,54.68533292886767,2.5433394092794144,0.6424563715657803,1.0497638228007355
rank1,8,1,0.03322761819490119,73.83217516953168,1.3778623323332615,0.8673612521664652,1.0365872470196895
rank1,8,1,0.03322761819490119,99.68285458470345,0.7535771854890067,1.1710479664542734,1.0334205900697238
rank1,8,1,0.03322761819490119,134.58456933361077,0.41309257064185523,1.5810641347684418,1.0326338534169872
rank1,8,1,0.03322761819490119,181.70633634214732,0.2264974360597314,2.1346382640539,1.032076454352558
rank1,8,1,0.03322761819490119,245.3267327032263,0.1243632771902492,2.882033953056815,1.0329762674438412
rank1,8,1,0.04486152311120365,40.503826829893846,2.5468726854431747,0.642476778920196,1.0512889675215125
rank1,8,1,0.04486152311120365,54.68533292886767,1.3773326708371283,0.8673611434084169,1.0361885145897778
rank1,8,1,0.04486152311120365,73.83217516953168,0.7537711916823733,1.1710479664796833,1.0336866411557852
rank1,8,1,0.04486152311120365,99.68285458470345,0.4127292959872672,1.581064134768442,1.0317257525866261
rank1,8,1,0.04486152311120365,134.58456933361077,0.22716669169768786,2.1346382640539,1.0351260384798386
rank1,8,1,0.04486152311120365,181.70633634214732,0.12433679079461565,2.882033953056816,1.032756268271114
rank1,8,1,0.06056877878071584,29.99999999999996,2.530028049778425,0.6423743085355219,1.044002797828089
rank1,8,1,0.06056877878071584,40.503826829893846,1.3765105459032083,0.86736126373249,1.0355703046973128
rank1,8,1,0.06056877878071584,54.68533292886767,0.7527157243800155,1.1710479664723494,1.0322392225327224
rank1,8,1,0.06056877878071584,73.83217516953168,0.4135608695243034,1.5810641347684415,1.0338044900100922
rank1,8,1,0.06056877878071584,99.68285458470345,0.22649801117268348,2.1346382640538994,1.0320790749585422
rank1,8,1,0.06056877878071584,134.58456933361077,0.12423897754207937,2.8820339530568155,1.0319438196866582
rank1,8,1,0.0817755775677422,22.22012265112078,2.527205982979882,0.6423097558522216,1.042628706077427
rank1,8,1,0.0817755775677422,29.99999999999996,1.3733937315625029,0.867360659517074,1.0332240372487118
rank1,8,1,0.0817755775677422,40.503826829893846,0.7527619312914696,1.1710479664804632,1.0323025885493706
rank1,8,1,0.0817755775677422,54.68533292886767,0.41245809878858897,1.5810641347684415,1.0310478236471825
rank1,8,1,0.0817755775677422,73.83217516953168,0.22662106551569117,2.134638264053899,1.0326397942860248
rank1,8,1,0.0817755775677422,99.68285458470345,0.12427113447271391,2.882033953056815,1.0322109190019042
rank1,8,1,0.11040746109061289,16.457795021028378,2.5444533453014566,0.6424251803864415,1.0501216261220576
rank1,8,1,0.11040746109061289,22.22012265112078,1.3737580113530687,0.8673602788336744,1.0334971830206148
rank1,8,1,0.11040746109061289,29.99999999999996,0.7535381888718853,1.1710479664397206,1.0333671119029124
rank1,8,1,0.11040746109061289,40.503826829893846,0.41264741765593516,1.581064134768442,1.0315210760981013
rank1,8,1,0.11040746109061289,54.68533292886767,0.22684172547176584,2.1346382640539,1.033645271209054
rank1,8,1,0.11040746109061289,73.83217516953168,0.12445068357047988,2.8820339530568155,1.0337022753011558
rank1,8,1,0.14906415615808105,12.189807464475196,2.5391437420807508,0.6423853685522173,1.0478004202901883
rank1,8,1,0.14906415615808105,16.457795021028378,1.3753458956152054,0.8673609594943372,1.0346933942970715
rank1,8,1,0.14906415615808105,22.22012265112078,0.7520984363403077,1.171047966414051,1.031392702415171
rank1,8,1,0.14906415615808105,29.99999999999996,0.41265137605225666,1.5810641347684413,1.0315309711539238
rank1,8,1,0.14906415615808105,40.503826829893846,0.22678085875100684,2.1346382640538994,1.0333679210083546
rank1,8,1,0.14906415615808105,54.68533292886767,0.1243312257082161,2.882033953056815,1.0327100439973012
rank1,8,1,0.2012556255857059,9.028633898472895,2.536687507264778,0.6422669845430248,1.0464010477209804
rank1,8,1,0.2012556255857059,12.189807464475196,1.3760414126398817,0.8673607247369515,1.0352160818338227
rank1,8,1,0.2012556255857059,16.457795021028378,0.751476519615689,1.1710479664599482,1.0305398349186665
rank1,8,1,0.2012556255857059,22.22012265112078,0.4123622896712332,1.5810641347684415,1.0308083234840741
rank1,8,1,0.2012556255857059,29.99999999999996,0.22673141880838713,2.134638264053899,1.0331426389849896
rank1,8,1,0.2012556255857059,40.503826829893846,0.12441881298806337,2.8820339530568155,1.0334375544284862
rank1,8,1,0.2717207669088465,6.687245086537825,2.5391000270645807,0.6423757995067058,1.0477511653584701
rank1,8,1,0.2717207669088465,9.028633898472895,1.3756183859607891,0.8673600265795387,1.0348961666529668
rank1,8,1,0.2717207669088465,12.189807464475196,0.7511257438682345,1.1710479664441185,1.0300587973980435
rank1,8,1,0.2717207669088465,16.457795021028378,0.4128017265971974,1.5810641347684418,1.0319068120032147
rank1,8,1,0.2717207669088465,22.22012265112078,0.22669590877716503,2.1346382640538994,1.032980831117514
rank1,8,1,0.2717207669088465,29.99999999999996,0.12407540526514772,2.882033953056815,1.030585168773787
rank1,8,1,0.3668576962987294,4.953046867365847,2.5331504910876883,0.6423680771762342,1.0452709772275215
rank1,8,1,0.3668576962987294,6.687245086537825,1.3746628343760234,0.8673606683092562,1.0341788226810111
rank1,8,1,0.3668576962987294,9.028633898472895,0.75305516297177,1.1710479663970415,1.0327047126463518
rank1,8,1,0.3668576962987294,12.189807464475196,0.4126526874232179,1.5810641347684415,1.031534249271579
rank1,8,1,0.3668576962987294,16.457795021028378,0.22674188518304306,2.1346382640538994,1.0331903309104826
rank1,8,1,0.3668576962987294,22.22012265112078,0.12409338986835111,2.882033953056815,1.0307345510408696
rank1,8,1,0.4953046867365847,3.6685769629872937,2.5504276145410776,0.6425178423943855,1.0528909351370042
rank1,8,1,0.4953046867365847,4.953046867365847,1.3743292804306235,0.8673606227708425,1.0339277766345625
rank1,8,1,0.4953046867365847,6.687245086537825,0.751968890026636,1.1710479664403135,1.0312150486915326
rank1,8,1,0.4953046867365847,9.028633898472895,0.41405818685615037,1.5810641347684418,1.0350476658724865
rank1,8,1,0.4953046867365847,12.189807464475196,0.22662781409231855,2.134638264053899,1.0326705453936698
rank1,8,1,0.4953046867365847,16.457795021028378,0.12401084522216814,2.882033953056815,1.0300489253285372
rank1,8,1,0.6687245086537824,2.717207669088465,2.5469116670849123,0.6424600803328723,1.0512504100815276
rank1,8,1,0.6687245086537824,3.6685769629872937,1.3749825679479228,0.8673615058358509,1.0344213605716497
rank1,8,1,0.6687245086537824,4.953046867365847,0.7514788594796425,1.171047966437243,1.0305430436589518
rank1,8,1,0.6687245086537824,6.687245086537825,0.41296963918284996,1.5810641347684422,1.0323265538061002
rank1,8,1,0.6687245086537824,9.028633898472895,0.22655825197994953,2.1346382640539,1.0323535730714224
rank1,8,1,0.6687245086537824,12.189807464475196,0.12449222353983165,2.882033953056815,1.0340473112591988
rank1,8,1,0.9028633898472894,2.012556255857059,2.5418733777174136,0.6423874138481226,1.0489335082815636
rank1,8,1,0.9028633898472894,2.717207669088465,1.3756993599753007,0.8673611652760107,1.0349598019381072
rank1,8,1,0.9028633898472894,3.6685769629872937,0.7538758910969612,1.1710479664967883,1.0338302210778567
rank1,8,1,0.9028633898472894,4.953046867365847,0.41140479332059776,1.5810641347684418,1.0284148087697986
rank1,8,1,0.9028633898472894,6.687245086537825,0.2266307500906335,2.1346382640539003,1.0326839237999943
rank1,8,1,0.9028633898472894,9.028633898472895,0.12373947611164138,2.882033953056816,1.0277949010118363
rank1,8,1,1.2189807464475195,1.4906415615808106,2.549198472336288,0.6424228061279288,1.0520722115478014
rank1,8,1,1.2189807464475195,2.012556255857059,1.378392760703364,0.8673607367977464,1.036985064213615
rank1,8,1,1.2189807464475195,2.717207669088465,0.7526180961255704,1.1710479664738238,1.0321053397025313
rank1,8,1,1.2189807464475195,3.6685769629872937,0.41336988162671356,1.5810641347684413,1.0333270653777928
rank1,8,1,1.2189807464475195,4.953046867365847,0.22669472790482892,2.134638264053899,1.0329754502595452
rank1,8,1,1.2189807464475195,6.687245086537825,0.12401300942801011,2.882033953056816,1.0300669014813308
rank1,8,1,1.6457795021028379,1.1040746109061288,2.5371491599289198,0.6423917625308789,1.0469981803585457
rank1,8,1,1.6457795021028379,1.4906415615808106,1.3767959195441506,0.8673609454945163,1.0357842356619713
rank1,8,1,1.6457795021028379,2.012556255857059,0.7539423806712832,1.1710479664449318,1.033921401686099
rank1,8,1,1.6457795021028379,2.717207669088465,0.4124678430281507,1.5810641347684415,1.0310721819444806
rank1,8,1,1.6457795021028379,3.6685769629872937,0.2263378823403875,2.1346382640538994,1.031349419027991
rank1,8,1,1.6457795021028379,4.953046867365847,0.12433604419514833,2.8820339530568155,1.0327500669265655
rank1,8,1,2.222012265112078,0.8177557756774221,2.5362301723577674,0.6423817966437069,1.046586470693621
rank1,8,1,2.222012265112078,1.1040746109061288,1.3770290142287211,0.8673607624411322,1.035959159020881
rank1,8,1,2.222012265112078,1.4906415615808106,0.7522955919976634,1.171047966459004,1.0316630725635205
rank1,8,1,2.222012265112078,2.012556255857059,0.4123846845742594,1.5810641347684418,1.0308643054519249
rank1,8,1,2.222012265112078,2.717207669088465,0.22667342109187014,2.1346382640538994,1.0328783619200277
rank1,8,1,2.222012265112078,3.6685769629872937,0.12421944100876413,2.882033953056815,1.0317815469022902
rank1,8,1,2.999999999999996,0.6056877878071585,2.528056977202359,0.6422518402576378,1.0427917161021663
rank1,8,1,2.999999999999996,0.8177557756774221,1.3762318645116824,0.8673607036738654,1.0353593112771156
rank1,8,1,2.999999999999996,1.1040746109061288,0.7533367851991877,1.1710479664466609,1.0330909163159754
rank1,8,1,2.999999999999996,1.4906415615808106,0.412655122173641,1.5810641347684415,1.0315403355725445
rank1,8,1,2.999999999999996,2.012556255857059,0.2268808817487037,2.1346382640538994,1.0338236938533478
rank1,8,1,2.999999999999996,2.717207669088465,0.12427119977524638,2.882033953056815,1.0322114614125562
rank1,16,1,0.01,245.3267327032263,2.7409152682325892,0.613316707384729,1.031015515850476
rank1,16,1,0.01,331.2223832718382,1.507322896375224,0.828055958201337,1.0335361440697814
rank1,16,1,0.01,447.1924684742427,0.8235664845126948,1.1179811711856067,1.0293608417188724
rank1,16,1,0.01,603.766876757117,0.45263459197257744,1.5094171918927923,1.0312556135893247
rank1,16,1,0.01,815.1623007265384,0.2485789267907662,2.0379057518163464,1.0323631612276876
rank1,16,1,0.01,1100.5730888961868,0.13660803809079988,2.7514327222404673,1.0341750360352362
rank1,16,1,0.013501275609964631,181.70633634214732,2.740866620829428,0.6133163207495635,1.0309959168886522
rank1,16,1,0.013501275609964631,245.3267327032263,1.5061672587774109,0.8280559581712088,1.0327437502549355
rank1,16,1,0.013501275609964631,331.2223832718382,0.8221778041282058,1.1179811711856065,1.0276251552426285
rank1,16,1,0.013501275609964631,447.1924684742427,0.4524223187983305,1.5094171918927923,1.030771983070494
rank1,16,1,0.013501275609964631,603.766876757117,0.24839700423039537,2.037905751816346,1.031607625945804
rank1,16,1,0.013501275609964631,815.1623007265384,0.13654743255870772,2.751432722240467,1.0337162290044688
rank1,16,1,0.018228444309622584,134.58456933361077,2.7487322656832722,0.613316970849369,1.0339568254792504
rank1,16,1,0.018228444309622584,181.70633634214732,1.508531835129011,0.8280559581451382,1.034365085028205
rank1,16,1,0.018228444309622584,245.3267327032263,0.824947954152896,1.1179811711856065,1.0310875156163508
rank1,16,1,0.018228444309622584,331.2223832718382,0.4524409841988765,1.5094171918927923,1.0308145092040117
rank1,16,1,0.018228444309622584,447.1924684742427,0.2485155814100259,2.0379057518163464,1.0321000840700438
rank1,16,1,0.018228444309622584,603.766876757117,0.1364243281249973,2.751432722240467,1.0327842814123078
rank1,16,1,0.024610725056510595,99.68285458470345,2.749786329866191,0.6133167528116225,1.034352584407946
rank1,16,1,0.024610725056510595,134.58456933361077,1.5059537243505279,0.8280559581889745,1.0325973347245174
rank1,16,1,0.024610725056510595,181.70633634214732,0.8236011332049941,1.1179811711856067,1.0294041484922054
rank1,16,1,0.024610725056510595,245.3267327032263,0.4524851345422589,1.509417191892792,1.030915098708796
rank1,16,1,0.024610725056510595,331.2223832718382,0.2488641143286122,2.037905751816346,1.033547562141773
rank1,16,1,0.024610725056510595,447.1924684742427,0.13622516883204366,2.7514327222404673,1.031276569480817
rank1,16,1,0.03322761819490119,73.83217516953168,2.7480277563862434,0.6133167049986543,1.0336909227419018
rank1,16,1,0.03322761819490119,99.68285458470345,1.5102699282401781,0.8280559581742722,1.035556854997376
rank1,16,1,0.03322761819490119,134.58456933361077,0.8234349597946597,1.1179811711856067,1.0291964513545127
rank1,16,1,0.03322761819490119,181.70633634214732,0.451951038793657,1.5094171918927926,1.0296982468624991
rank1,16,1,0.03322761819490119,245.3267327032263,0.2489028087838172,2.037905751816346,1.0337082625302294
rank1,16,1,0.03322761819490119,331.2223832718382,0.13652214603768423,2.751432722240467,1.0335248003802375
rank1,16,1,0.04486152311120365,54.68533292886767,2.7453296566792273,0.6133173727856127,1.032678261405971
rank1,16,1,0.04486152311120365,73.83217516953168,1.5058906450511393,0.828055958171048,1.0325540826758663
rank1,16,1,0.04486152311120365,99.68285458470345,0.8239515314286062,1.1179811711856067,1.0298421048893842
rank1,16,1,0.04486152311120365,134.58456933361077,0.4527085238551747,1.5094171918927926,1.0314240555738836
rank1,16,1,0.04486152311120365,181.70633634214732,0.2483968060707178,2.0379057518163464,1.031606802976803
rank1,16,1,0.04486152311120365,245.3267327032263,0.13643699804012338,2.751432722240467,1.0328801975100368
rank1,16,1,0.06056877878071584,40.503826829893846,2.7379823148022955,0.6133168533004397,1.0299127538201012
rank1,16,1,0.06056877878071584,54.68533292886767,1.5072336814890595,0.8280559582160772,1.033474971540523
rank1,16,1,0.06056877878071584,73.83217516953168,0.8231977953449697,1.1179811711856065,1.0289000238017285
rank1,16,1,0.06056877878071584,99.68285458470345,0.45135149790434453,1.5094171918927923,1.028332288717353
rank1,16,1,0.06056877878071584,134.58456933361077,0.248581321368056,2.0379057518163464,1.0323731060504953
rank1,16,1,0.06056877878071584,181.70633634214732,0.13656086775167361,2.7514327222404673,1.0338179385478008
rank1,16,1,0.0817755775677422,29.99999999999996,2.749713632183198,0.61331712051658,1.0343264788627367
rank1,16,1,0.0817755775677422,40.503826829893846,1.5080047489947856,0.8280559581810482,1.0340036744526637
rank1,16,1,0.0817755775677422,54.68533292886767,0.8238335368245513,1.1179811711856065,1.029694625569581
rank1,16,1,0.0817755775677422,73.83217516953168,0.4531802204133317,1.5094171918927919,1.0324987408324493
rank1,16,1,0.0817755775677422,99.68285458470345,0.24871477531712252,2.037905751816346,1.0329273482886254
rank1,16,1,0.0817755775677422,134.58456933361077,0.1361122605998272,2.7514327222404664,1.0304218110291687
rank1,16,1,0.11040746109061289,22.22012265112078,2.746977557855022,0.6133171262684443,1.0332973022968126
rank1,16,1,0.11040746109061289,29.99999999999996,1.507860571955016,0.8280559581990667,1.0339048156651571
rank1,16,1,0.11040746109061289,40.503826829893846,0.822980080388366,1.117981171185607,1.0286279058183014
rank1,16,1,0.11040746109061289,54.68533292886767,0.4528748608106619,1.5094171918927926,1.0318030277561598
rank1,16,1,0.11040746109061289,73.83217516953168,0.24848973153399972,2.0379057518163464,1.031992727987707
rank1,16,1,0.11040746109061289,99.68285458470345,0.13622299568825993,2.7514327222404673,1.0312601179521792
rank1,16,1,0.14906415615808105,16.457795021028378,2.747179388749642,0.6133166966045974,1.0333717747077644
rank1,16,1,0.14906415615808105,22.22012265112078,1.5050590806672894,0.8280559581994543,1.0319838984491758
rank1,16,1,0.14906415615808105,29.99999999999996,0.8229547068565999,1.1179811711856062,1.028596191900229
rank1,16,1,0.14906415615808105,40.503826829893846,0.45154504639629633,1.5094171918927923,1.0287732580386706
rank1,16,1,0.14906415615808105,54.68533292886767,0.2484432680355926,2.037905751816346,1.0317997622978288
rank1,16,1,0.14906415615808105,73.83217516953168,0.13663275978535086,2.7514327222404664,1.0343621887072922
rank1,16,1,0.2012556255857059,12.189807464475196,2.7408182622509263,0.6133163404462969,1.0309777926951933
rank1,16,1,0.2012556255857059,16.457795021028378,1.5097299769090795,0.8280559581704819,1.0351866229573008
rank1,16,1,0.2012556255857059,22.22012265112078,0.8221805421254839,1.1179811711856065,1.027628577415866
rank1,16,1,0.2012556255857059,29.99999999999996,0.4531402529541551,1.5094171918927919,1.03240768136115
rank1,16,1,0.2012556255857059,40.503826829893846,0.2489915553890615,2.0379057518163464,1.0340768324935854
rank1,16,1,0.2012556255857059,54.68533292886767,0.13641960338316153,2.7514327222404664,1.0327485133116412
rank1,16,1,0.2717207669088465,9.028633898472895,2.746643231625388,0.6133165995675248,1.033169768323885
rank1,16,1,0.2717207669088465,12.189807464475196,1.5062160969855456,0.828055958146466,1.0327772374131314
rank1,16,1,0.2717207669088465,16.457795021028378,0.8231210679567691,1.1179811711856067,1.0288041236280498
rank1,16,1,0.2717207669088465,22.22012265112078,0.4530862037317033,1.5094171918927923,1.032284538841661
rank1,16,1,0.2717207669088465,29.99999999999996,0.24863770322301815,2.037905751816346,1.0326072632687922
rank1,16,1,0.2717207669088465,40.503826829893846,0.13672716090351522,2.7514327222404673,1.035076841235386
rank1,16,1,0.3668576962987294,6.687245086537825,2.744006922623072,0.6133163390380092,1.0321772246624807
rank1,16,1,0.3668576962987294,9.028633898472895,1.5066522499848354,0.8280559581639388,1.0330762973928151
rank1,16,1,0.3668576962987294,12.189807464475196,0.8249937115729298,1.1179811711856065,1.0311447069874016
rank1,16,1,0.3668576962987294,16.457795021028378,0.4518206336012987,1.5094171918927923,1.0294011394627427
rank1,16,1,0.3668576962987294,22.22012265112078,0.24856460681610237,2.037905751816346,1.0323036895158109
rank1,16,1,0.3668576962987294,29.99999999999996,0.13639841359996283,2.7514327222404664,1.0325880985577998
rank1,16,1,0.4953046867365847,4.953046867365847,2.747546220293885,0.6133171388603591,1.0335112516018348
rank1,16,1,0.4953046867365847,6.687245086537825,1.5062237581211246,0.8280559581463712,1.0327824904748257
rank1,16,1,0.4953046867365847,9.028633898472895,0.8236789033016683,1.1179811711856067,1.0295013519283318
rank1,16,1,0.4953046867365847,12.189807464475196,0.45200148126667117,1.509417191892792,1.0298131719795394
rank1,16,1,0.4953046867365847,16.457795021028378,0.24841731505285763,2.037905751816346,1.0316919780071594
rank1,16,1,0.4953046867365847,22.22012265112078,0.13630131497694783,2.7514327222404664,1.0318530248874733
rank1,16,1,0.6687245086537824,3.6685769629872937,2.7531597681050917,0.6133171103718803,1.0356227358209993
rank1,16,1,0.6687245086537824,4.953046867365847,1.5072704744976844,0.8280559582003036,1.0335001996087798
rank1,16,1,0.6687245086537824,6.687245086537825,0.8225944402514361,1.117981171185607,1.0281459011915766
rank1,16,1,0.6687245086537824,9.028633898472895,0.4517198731086993,1.5094171918927928,1.029171572775919
rank1,16,1,0.6687245086537824,12.189807464475196,0.24833527086714693,2.037905751816346,1.0313512435932888
rank1,16,1,0.6687245086537824,16.457795021028378,0.13607802901391788,2.7514327222404673,1.0301626648465136
rank1,16,1,0.9028633898472894,2.717207669088465,2.742040680718481,0.6133164165901109,1.0314378699853126
rank1,16,1,0.9028633898472894,3.6685769629872937,1.506179960832814,0.8280559581983825,1.032752459825767
rank1,16,1,0.9028633898472894,4.953046867365847,0.8227576858215343,1.1179811711856067,1.0283499388747543
rank1,16,1,0.9028633898472894,6.687245086537825,0.45224544194015676,1.5094171918927928,1.0303689974035997
rank1,16,1,0.9028633898472894,9.028633898472895,0.2483612741643538,2.0379057518163464,1.031459236842972
rank1,16,1,0.9028633898472894,12.189807464475196,0.13628087817776366,2.751432722240467,1.0316983105102808
rank1,16,1,1.2189807464475195,2.012556255857059,2.7486769931467587,0.6133161416912759,1.03393323868414
rank1,16,1,1.2189807464475195,2.717207669088465,1.5066747235156441,0.8280559581516004,1.0330917069377927
rank1,16,1,1.2189807464475195,3.6685769629872937,0.8210475563826676,1.1179811711856062,1.0262124790439524
rank1,16,1,1.2189807464475195,4.953046867365847,0.4522781540686025,1.509417191892792,1.0304435267628003
rank1,16,1,1.2189807464475195,6.687245086537825,0.2487645023738631,2.0379057518163464,1.0331338677315975
rank1,16,1,1.2189807464475195,9.028633898472895,0.13606790837695779,2.751432722240467,1.0300860477583889
rank1,16,1,1.6457795021028379,1.4906415615808106,2.745117494335112,0.6133167755082882,1.0325964436155781
rank1,16,1,1.6457795021028379,2.012556255857059,1.5073876795512609,0.828055958133064,1.0335805642117555
rank1,16,1,1.6457795021028379,2.717207669088465,0.8253515557333155,1.1179811711856065,1.0315919699261757
rank1,16,1,1.6457795021028379,3.6685769629872937,0.4528384386440858,1.5094171918927923,1.0317200456677227
rank1,16,1,1.6457795021028379,4.953046867365847,0.24833130134742876,2.0379057518163464,1.0313347579403105
rank1,16,1,1.6457795021028379,6.687245086537825,0.1362652535618415,2.7514327222404678,1.0315800261987567
rank1,16,1,2.222012265112078,1.1040746109061288,2.7408688528653595,0.61331669962307,1.0309980302723638
rank1,16,1,2.222012265112078,1.4906415615808106,1.509383447800308,0.8280559581758027,1.0349490160452883
rank1,16,1,2.222012265112078,2.012556255857059,0.8236693526767787,1.1179811711856067,1.0294894147751568
rank1,16,1,2.222012265112078,2.717207669088465,0.45251212091767046,1.5094171918927923,1.0309765828543458
rank1,16,1,2.222012265112078,3.6685769629872937,0.24864388056474251,2.037905751816346,1.0326329181387077
rank1,16,1,2.222012265112078,4.953046867365847,0.13631905851216378,2.7514327222404673,1.0319873502275327
rank1,16,1,2.999999999999996,0.8177557756774221,2.7406265746976817,0.6133172313233095,1.0309086829939371
rank1,16,1,2.999999999999996,1.1040746109061288,1.5098495242577445,0.8280559581706856,1.0352685937857333
rank1,16,1,2.999999999999996,1.4906415615808106,0.8233757606034505,1.1179811711856065,1.0291224593569772
rank1,16,1,2.999999999999996,2.012556255857059,0.45299960910916687,1.5094171918927923,1.0320872468269076
rank1,16,1,2.999999999999996,2.717207669088465,0.24926214009564152,2.037905751816346,1.0352005869753957
rank1,16,1,2.999999999999996,3.6685769629872937,0.13625032688521135,2.751432722240467,1.0314670255543017
rank1,32,1,0.01,331.2223832718382,3.0088180230265267,0.5855239832247843,1.0315381611260535
rank1,32,1,0.01,447.1924684742427,1.6533502551405315,0.790532067384221,1.0332462784073726
rank1,32,1,0.01,603.766876757117,0.9043535908436651,1.0673191320269497,1.0302125972772482
rank1,32,1,0.01,815.1623007265384,0.4985558712586628,1.4410169765284078,1.0352661867722248
rank1,32,1,0.01,1100.5730888961868,0.27348726376311566,1.9455567358747967,1.0352015328314939
rank1,32,1,0.01,1485.9140602097523,0.15044908455906425,2.6267497705868794,1.038070753679997
rank1,32,1,0.013501275609964631,245.3267327032263,3.016398640459287,0.5855239832332534,1.0341370874143692
rank1,32,1,0.013501275609964631,331.2223832718382,1.6483637872412724,0.7905320673842208,1.0301300304234449
rank1,32,1,0.013501275609964631,447.1924684742427,0.9063757099623837,1.0673191320269497,1.032516134975767
rank1,32,1,0.013501275609964631,603.766876757117,0.4980480164695274,1.4410169765284075,1.034211611104196
rank1,32,1,0.013501275609964631,815.1623007265384,0.2727864532431286,1.9455567358747965,1.0325488311497677
rank1,32,1,0.013501275609964631,1100.5730888961868,0.15005656807456672,2.626749770586879,1.0353624628047924
rank1,32,1,0.018228444309622584,181.70633634214732,3.015257412720362,0.5855239832293465,1.033745830782772
rank1,32,1,0.018228444309622584,245.3267327032263,1.6515122439714884,0.7905320673842208,1.0320976299620832
rank1,32,1,0.018228444309622584,331.2223832718382,0.9047889071935242,1.0673191320269497,1.0307084966599305
rank1,32,1,0.018228444309622584,447.1924684742427,0.4977409129410583,1.441016976528408,1.0335739014367527
rank1,32,1,0.018228444309622584,603.766876757117,0.273559930804609,1.9455567358747967,1.0354765914638597
rank1,32,1,0.018228444309622584,815.1623007265384,0.14995537647273355,2.6267497705868794,1.034664259537628
rank1,32,1,0.024610725056510595,134.58456933361077,3.0121890595121648,0.5855239832203132,1.0326938816460114
rank1,32,1,0.024610725056510595,181.70633634214732,1.6505504163464537,0.7905320673842209,1.0314965444927788
rank1,32,1,0.024610725056510595,245.3267327032263,0.906709495191919,1.0673191320269495,1.032896373138952
rank1,32,1,0.024610725056510595,331.2223832718382,0.49795514994691087,1.4410169765284075,1.0340187709907993
rank1,32,1,0.024610725056510595,447.1924684742427,0.27326461213055836,1.9455567358747967,1.0343587538730177
rank1,32,1,0.024610725056510595,603.766876757117,0.14994389505980102,2.626749770586879,1.034585039919834
rank1,32,1,0.03322761819490119,99.68285458470345,3.0027183608285206,0.5855239832262273,1.0294469630995193
rank1,32,1,0.03322761819490119,134.58456933361077,1.6507765972186503,0.7905320673842209,1.0316378941818223
rank1,32,1,0.03322761819490119,181.70633634214732,0.9062692750090424,1.06731913202695,1.0323948874561766
rank1,32,1,0.03322761819490119,245.3267327032263,0.4982312938473538,1.4410169765284075,1.0345921920641288
rank1,32,1,0.03322761819490119,331.2223832718382,0.27317352633500575,1.9455567358747967,1.0340139767383247
rank1,32,1,0.03322761819490119,447.1924684742427,0.14985386156348154,2.6267497705868794,1.0339638255092933
rank1,32,1,0.04486152311120365,73.83217516953168,3.002528452956633,0.585523983214904,1.0293818553611167
rank1,32,1,0.04486152311120365,99.68285458470345,1.6504700957783673,0.790532067384221,1.0314463488806895
rank1,32,1,0.04486152311120365,134.58456933361077,0.9047730282048945,1.06731913202695,1.0306904077903956
rank1,32,1,0.04486152311120365,181.70633634214732,0.4977393280920862,1.441016976528408,1.0335706104504327
rank1,32,1,0.04486152311120365,245.3267327032263,0.27294553075275513,1.9455567358747965,1.033150969909498
rank1,32,1,0.04486152311120365,331.2223832718382,0.14978069369800792,2.6267497705868794,1.0334589808206072
rank1,32,1,0.06056877878071584,54.68533292886767,3.0079454920447937,0.5855239832272615,1.0312390240658262
rank1,32,1,0.06056877878071584,73.83217516953168,1.6534837088556253,0.7905320673842208,1.0333296790988054
rank1,32,1,0.06056877878071584,99.68285458470345,0.9072178263222116,1.0673191320269497,1.0334754487785227
rank1,32,1,0.06056877878071584,134.58456933361077,0.4977712627210859,1.4410169765284078,1.0336369236632468
rank1,32,1,0.06056877878071584,181.70633634214732,0.27328455617318886,1.9455567358747967,1.0344342458839357
rank1,32,1,0.06056877878071584,245.3267327032263,0.15009144597360077,2.626749770586879,1.035603113833299
rank1,32,1,0.0817755775677422,40.503826829893846,3.015637861268799,0.585523983202385,1.0338762630344338
rank1,32,1,0.0817755775677422,54.68533292886767,1.6475279929163593,0.7905320673842208,1.0296077083243944
rank1,32,1,0.0817755775677422,73.83217516953168,0.9055950809356416,1.0673191320269495,1.0316268657062104
rank1,32,1,0.0817755775677422,99.68285458470345,0.4976887944558281,1.4410169765284075,1.03346567584244
rank1,32,1,0.0817755775677422,134.58456933361077,0.27274778182218795,1.9455567358747965,1.0324024524347821
rank1,32,1,0.0817755775677422,181.70633634214732,0.15027497238926582,2.626749770586879,1.0368694120310447
rank1,32,1,0.11040746109061289,29.99999999999996,3.0112295598277634,0.5855239832074759,1.032364928326581
rank1,32,1,0.11040746109061289,40.503826829893846,1.654222916292965,0.790532067384221,1.033791640096621
rank1,32,1,0.11040746109061289,54.68533292886767,0.9066359469350065,1.06731913202695,1.0328125891615942
rank1,32,1,0.11040746109061289,73.83217516953168,0.4985546755410781,1.4410169765284078,1.0352637038288763
rank1,32,1,0.11040746109061289,99.68285458470345,0.27284138381243694,1.945556735874797,1.032756753847026
rank1,32,1,0.11040746109061289,134.58456933361077,0.14980970604396635,2.62674977058688,1.0336591606217895
rank1,32,1,0.14906415615808105,22.22012265112078,3.0105400585993034,0.5855239832378948,1.032128540980738
rank1,32,1,0.14906415615808105,29.99999999999996,1.6512874633374741,0.7905320673842207,1.0319571553392188
rank1,32,1,0.14906415615808105,40.503826829893846,0.9070975271947603,1.0673191320269497,1.0333384076059144
rank1,32,1,0.14906415615808105,54.68533292886767,0.4985039354719494,1.4410169765284075,1.03515834055685
rank1,32,1,0.14906415615808105,73.83217516953168,0.27279903218375284,1.9455567358747963,1.0325964448427651
rank1,32,1,0.14906415615808105,99.68285458470345,0.15023980321771746,2.626749770586879,1.0366267512762617
rank1,32,1,0.2012556255857059,16.457795021028378,3.0113676636001827,0.585523983216896,1.0324122756271819
rank1,32,1,0.2012556255857059,22.22012265112078,1.650427603148593,0.7905320673842208,1.0314197934962883
rank1,32,1,0.2012556255857059,29.99999999999996,0.9067913922971915,1.0673191320269495,1.0329896678749781
rank1,32,1,0.2012556255857059,40.503826829893846,0.4969862735383964,1.4410169765284078,1.032006870133301
rank1,32,1,0.2012556255857059,54.68533292886767,0.27247510766963434,1.9455567358747965,1.031370328683193
rank1,32,1,0.2012556255857059,73.83217516953168,0.15011661409129984,2.626749770586879,1.0357767691731445
rank1,32,1,0.2717207669088465,12.189807464475196,3.007242868706615,0.5855239832424559,1.030998137903988
rank1,32,1,0.2717207669088465,16.457795021028378,1.653280987794431,0.7905320673842209,1.0332029904063267
rank1,32,1,0.2717207669088465,22.22012265112078,0.9066291794113972,1.0673191320269497,1.032804879800847
rank1,32,1,0.2717207669088465,29.99999999999996,0.49818573712273356,1.4410169765284075,1.0344975921620954
rank1,32,1,0.2717207669088465,40.503826829893846,0.27336007005527024,1.945556735874797,1.03472008035171
rank1,32,1,0.2717207669088465,54.68533292886767,0.1499702837046985,2.6267497705868794,1.034767116670767
rank1,32,1,0.3668576962987294,9.028633898472895,3.014022899750149,0.5855239832451113,1.0333225924672491
rank1,32,1,0.3668576962987294,12.189807464475196,1.6531921813229977,0.7905320673842208,1.0331474916057415
rank1,32,1,0.3668576962987294,16.457795021028378,0.904732990140295,1.0673191320269497,1.0306447976231567
rank1,32,1,0.3668576962987294,22.22012265112078,0.4982679075742884,1.4410169765284075,1.0346682215638348
rank1,32,1,0.3668576962987294,29.99999999999996,0.2732799483976033,1.9455567358747965,1.0344168045732012
rank1,32,1,0.3668576962987294,40.503826829893846,0.15002747686964346,2.6267497705868794,1.0351617388913925
rank1,32,1,0.4953046867365847,6.687245086537825,3.0127159894929965,0.5855239832476687,1.0328745335397738
rank1,32,1,0.4953046867365847,9.028633898472895,1.6532554135084392,0.7905320673842209,1.0331870079877545
rank1,32,1,0.4953046867365847,12.189807464475196,0.9047469268431113,1.0673191320269495,1.0306606738987099
rank1,32,1,0.4953046867365847,16.457795021028378,0.4977674643638923,1.4410169765284075,1.0336290362608618
rank1,32,1,0.4953046867365847,22.22012265112078,0.2724035577496402,1.9455567358747965,1.0310994985690856
rank1,32,1,0.4953046867365847,29.99999999999996,0.14977565464883202,2.6267497705868785,1.0334242123167554
rank1,32,1,0.6687245086537824,4.953046867365847,3.0083269733996305,0.5855239832134802,1.031369810449777
rank1,32,1,0.6687245086537824,6.687245086537825,1.6532767143401026,0.7905320673842211,1.0332003197497213
rank1,32,1,0.6687245086537824,9.028633898472895,0.9061650410413563,1.06731913202695,1.0322761472336999
rank1,32,1,0.6687245086537824,12.189807464475196,0.49800493235317184,1.4410169765284075,1.0341221456472205
rank1,32,1,0.6687245086537824,16.457795021028378,0.2736510625932081,1.945556735874797,1.0358215426910191
rank1,32,1,0.6687245086537824,22.22012265112078,0.15007481057660796,2.6267497705868794,1.0354883326822892
rank1,32,1,0.9028633898472894,3.6685769629872937,3.0083808580359963,0.5855239832405977,1.0313882842643203
rank1,32,1,0.9028633898472894,4.953046867365847,1.6558973543628825,0.7905320673842209,1.034838065014019
rank1,32,1,0.9028633898472894,6.687245086537825,0.9044128547830903,1.0673191320269502,1.030280108986804
rank1,32,1,0.9028633898472894,9.028633898472895,0.4972048768360117,1.441016976528408,1.0324608064228622
rank1,32,1,0.9028633898472894,12.189807464475196,0.2728811138234649,1.9455567358747965,1.0329071395276954
rank1,32,1,0.9028633898472894,16.457795021028378,0.14995756536872143,2.6267497705868794,1.0346793625135917
rank1,32,1,1.2189807464475195,2.717207669088465,3.006279647733976,0.5855239832387296,1.0306679088164188
rank1,32,1,1.2189807464475195,3.6685769629872937,1.648276628918507,0.7905320673842207,1.0300755616184532
rank1,32,1,1.2189807464475195,4.953046867365847,0.9048767688978319,1.0673191320269495,1.0308085860890122
rank1,32,1,1.2189807464475195,6.687245086537825,0.4972422182115532,1.441016976528408,1.032538346906676
rank1,32,1,1.2189807464475195,9.028633898472895,0.27293949828654795,1.9455567358747967,1.0331281358726276
rank1,32,1,1.2189807464475195,12.189807464475196,0.15004980437276536,2.6267497705868785,1.0353157945179945
rank1,32,1,1.6457795021028379,2.012556255857059,3.0062737098070667,0.5855239832212816,1.030665873006019
rank1,32,1,1.6457795021028379,2.717207669088465,1.64929280070589,0.7905320673842208,1.0307106089801796
rank1,32,1,1.6457795021028379,3.6685769629872937,0.905291364977588,1.0673191320269497,1.0312808815589163
rank1,32,1,1.6457795021028379,4.953046867365847,0.49744236126222624,1.4410169765284078,1.032953949941008
rank1,32,1,1.6457795021028379,6.687245086537825,0.272907508937022,1.9455567358747974,1.0330070500743065
rank1,32,1,1.6457795021028379,9.028633898472895,0.15005668683407114,2.62674977058688,1.0353632822233265
rank1,32,1,2.222012265112078,1.4906415615808106,3.0091148350148074,0.5855239832268738,1.031639919661267
rank1,32,1,2.222012265112078,2.012556255857059,1.6510528856111002,0.7905320673842209,1.031810558112153
rank1,32,1,2.222012265112078,2.717207669088465,0.9074227533509468,1.0673191320269497,1.0337088955284035
rank1,32,1,2.222012265112078,3.6685769629872937,0.497789344759255,1.4410169765284075,1.0336744715566393
rank1,32,1,2.222012265112078,4.953046867365847,0.2727527633708909,1.9455567358747967,1.032421308548161
rank1,32,1,2.222012265112078,6.687245086537825,0.15019939313043518,2.62674977058688,1.0363479291758533
rank1,32,1,2.999999999999996,1.1040746109061288,3.0107608480678474,0.5855239832371577,1.0322042360719088
rank1,32,1,2.999999999999996,1.4906415615808106,1.6474179122432189,0.7905320673842208,1.0295389144039937
rank1,32,1,2.999999999999996,2.012556255857059,0.9071343245494795,1.0673191320269497,1.0333803260532581
rank1,32,1,2.999999999999996,2.717207669088465,0.4983902145757226,1.4410169765284075,1.0349221957125507
rank1,32,1,2.999999999999996,3.6685769629872937,0.27302571274717063,1.9455567358747965,1.0334544740741245
rank1,32,1,2.999999999999996,4.953046867365847,0.15003135672571072,2.6267497705868794,1.0351885091779895
rank1,64,1,0.01,447.1924684742427,3.2978237746178607,0.5589905855928033,1.030472560600183
rank1,64,1,0.01,603.766876757117,1.8111314225671686,0.7547085959463962,1.0315934086758707
rank1,64,1,0.01,815.1623007265384,0.9942605013652401,1.0189528759081732,1.032305842982034
rank1,64,1,0.01,1100.5730888961868,0.5465007030087561,1.3757163611202337,1.0343047746789673
rank1,64,1,0.01,1485.9140602097523,0.2986445307800596,1.8573925752621905,1.0302959105994367
rank1,64,1,0.01,2006.1735259613445,0.16358766057117038,2.5077169074516807,1.0287445745073944
rank1,64,1,0.013501275609964631,331.2223832718382,3.304116248558893,0.5589905855928032,1.0324387729200863
rank1,64,1,0.013501275609964631,447.1924684742427,1.8109787401218946,0.7547085959463962,1.0315064430353864
rank1,64,1,0.013501275609964631,603.766876757117,0.9958785911748782,1.018952875908173,1.0339858489388885
rank1,64,1,0.013501275609964631,815.1623007265384,0.5442411823065593,1.3757163611202334,1.0300284159517017
rank1,64,1,0.013501275609964631,1100.5730888961868,0.29937604357267594,1.8573925752621903,1.03281956183395
rank1,64,1,0.013501275609964631,1485.9140602097523,0.16375167384487543,2.5077169074516803,1.0297759956114196
rank1,64,1,0.018228444309622584,245.3267327032263,3.300695990287395,0.5589905855928032,1.0313700431941162
rank1,64,1,0.018228444309622584,331.2223832718382,1.8101693434502686,0.7547085959463962,1.031045422779733
rank1,64,1,0.018228444309622584,447.1924684742427,0.9946343773923416,1.0189528759081732,1.0326940253615995
rank1,64,1,0.018228444309622584,603.766876757117,0.545356862239156,1.3757163611202334,1.0321399467785521
rank1,64,1,0.018228444309622584,815.1623007265384,0.29943483351474004,1.8573925752621905,1.033022381677109
rank1,64,1,0.018228444309622584,1100.5730888961868,0.16352963854916347,2.5077169074516807,1.0283796946617314
rank1,64,1,0.024610725056510595,181.70633634214732,3.3064204182451142,0.5589905855928033,1.033158757915917
rank1,64,1,0.024610725056510595,245.3267327032263,1.8145650328687541,0.754708595946396,1.033549141821981
rank1,64,1,0.024610725056510595,331.2223832718382,0.9950028980697854,1.018952875908173,1.0330766474692483
rank1,64,1,0.024610725056510595,447.1924684742427,0.5457816186175729,1.3757163611202337,1.0329438387915966
rank1,64,1,0.024610725056510595,603.766876757117,0.29931517916251993,1.85739257526219,1.0326095852684292
rank1,64,1,0.024610725056510595,815.1623007265384,0.1636702157733058,2.5077169074516807,1.02926373479123
rank1,64,1,0.03322761819490119,134.58456933361077,3.3005441606364943,0.5589905855928033,1.0313226009110137
rank1,64,1,0.03322761819490119,181.70633634214732,1.8156846683589054,0.7547085959463963,1.0341868694751868
rank1,64,1,0.03322761819490119,245.3267327032263,0.9967245209845969,1.018952875908173,1.0348641482217484
rank1,64,1,0.03322761819490119,331.2223832718382,0.5450743347847435,1.3757163611202334,1.0316052365879376
rank1,64,1,0.03322761819490119,447.1924684742427,0.2997698169410788,1.8573925752621905,1.0341780434043601
rank1,64,1,0.03322761819490119,603.766876757117,0.1638298753022843,2.5077169074516807,1.0302677767442205
rank1,64,1,0.04486152311120365,99.68285458470345,3.303643127714875,0.5589905855928033,1.0322909366253274
rank1,64,1,0.04486152311120365,134.58456933361077,1.809589251809337,0.7547085959463963,1.030715011244846
rank1,64,1,0.04486152311120365,181.70633634214732,0.9927032422672104,1.0189528759081732,1.0306889954217362
rank1,64,1,0.04486152311120365,245.3267327032263,0.5460669021469925,1.3757163611202334,1.0334837651173843
rank1,64,1,0.04486152311120365,331.2223832718382,0.2994876157244965,1.8573925752621905,1.0332044754014522
rank1,64,1,0.04486152311120365,447.1924684742427,0.16383714176546788,2.507716907451681,1.0303134729449603
rank1,64,1,0.06056877878071584,73.83217516953168,3.3111643770378567,0.5589905855928032,1.0346411049722282
rank1,64,1,0.06056877878071584,99.68285458470345,1.8108235335300384,0.7547085959463962,1.0314180396787072
rank1,64,1,0.06056877878071584,134.58456933361077,0.9953949857463923,1.0189528759081732,1.0334837383664197
rank1,64,1,0.06056877878071584,181.70633634214732,0.5458014616414976,1.3757163611202337,1.032981393609507
rank1,64,1,0.06056877878071584,245.3267327032263,0.299125104065032,1.85739257526219,1.0319538438251248
rank1,64,1,0.06056877878071584,331.2223832718382,0.1635840909543902,2.5077169074516803,1.0287221264579332
rank1,64,1,0.0817755775677422,54.68533292886767,3.3060223054612528,0.5589905855928032,1.0330343594253268
rank1,64,1,0.0817755775677422,73.83217516953168,1.8146625905198157,0.7547085959463959,1.033604709202982
rank1,64,1,0.0817755775677422,99.68285458470345,0.9951731022333136,1.018952875908173,1.0332533644888509
rank1,64,1,0.0817755775677422,134.58456933361077,0.5458527672510848,1.3757163611202332,1.033078494375657
rank1,64,1,0.0817755775677422,181.70633634214732,0.299256429636362,1.8573925752621903,1.0324069048563953
rank1,64,1,0.0817755775677422,245.3267327032263,0.16409773449874543,2.50771690745168,1.03195224789644
rank1,64,1,0.11040746109061289,40.503826829893846,3.304920673776907,0.5589905855928035,1.0326901320498858
rank1,64,1,0.11040746109061289,54.68533292886767,1.8127894415777364,0.7547085959463963,1.0325377915414373
rank1,64,1,0.11040746109061289,73.83217516953168,0.998061489580154,1.0189528759081732,1.0362522758715769
rank1,64,1,0.11040746109061289,99.68285458470345,0.5454725814321132,1.3757163611202337,1.0323589564031306
rank1,64,1,0.11040746109061289,134.58456933361077,0.2988413966355542,1.8573925752621907,1.0309750795275368
rank1,64,1,0.11040746109061289,181.70633634214732,0.16335999216939645,2.507716907451681,1.027312848958573
rank1,64,1,0.14906415615808105,29.99999999999996,3.30025539050958,0.5589905855928031,1.0312323687723537
rank1,64,1,0.14906415615808105,40.503826829893846,1.8155567021408603,0.7547085959463962,1.0341139818285896
rank1,64,1,0.14906415615808105,54.68533292886767,0.9974953018337062,1.018952875908173,1.0356644229717777
rank1,64,1,0.14906415615808105,73.83217516953168,0.5448100948353851,1.3757163611202332,1.0311051372472086
rank1,64,1,0.14906415615808105,99.68285458470345,0.29904659011713836,1.85739257526219,1.0316829779926633
rank1,64,1,0.14906415615808105,134.58456933361077,0.16383115946270346,2.5077169074516803,1.0302758523720483
rank1,64,1,0.2012556255857059,22.22012265112078,3.3005071808494506,0.5589905855928032,1.0313110458193986
rank1,64,1,0.2012556255857059,29.99999999999996,1.8089572582968165,0.7547085959463959,1.030355037179066
rank1,64,1,0.2012556255857059,40.503826829893846,0.9957530027081415,1.0189528759081732,1.0338554548340786
rank1,64,1,0.2012556255857059,54.68533292886767,0.5453077950777115,1.3757163611202332,1.0320470824892973
rank1,64,1,0.2012556255857059,73.83217516953168,0.299464374064014,1.85739257526219,1.0331242938301097
rank1,64,1,0.2012556255857059,99.68285458470345,0.16392747287680878,2.5077169074516803,1.0308815331542491
rank1,64,1,0.2717207669088465,16.457795021028378,3.303496054703212,0.5589905855928033,1.0322449806515455
rank1,64,1,0.2717207669088465,22.22012265112078,1.8161938487881228,0.7547085959463962,1.0344768910429547
rank1,64,1,0.2717207669088465,29.99999999999996,0.9937482804686407,1.018952875908173,1.0317740219716134
rank1,64,1,0.2717207669088465,40.503826829893846,0.5454585618240088,1.3757163611202337,1.0323324229558326
rank1,64,1,0.2717207669088465,54.68533292886767,0.2993209910255443,1.8573925752621905,1.0326296356563984
rank1,64,1,0.2717207669088465,73.83217516953168,0.16375870708446233,2.5077169074516803,1.0298202251519666
rank1,64,1,0.3668576962987294,12.189807464475196,3.3060578057440435,0.5589905855928032,1.0330454522155454
rank1,64,1,0.3668576962987294,16.457795021028378,1.8097504641790476,0.7547085959463962,1.030806835402893
rank1,64,1,0.3668576962987294,22.22012265112078,0.9935235612628044,1.018952875908173,1.031540703893608
rank1,64,1,0.3668576962987294,29.99999999999996,0.5464115928751677,1.3757163611202332,1.0341361252405759
rank1,64,1,0.3668576962987294,40.503826829893846,0.2992545893191583,1.8573925752621905,1.0324005559328637
rank1,64,1,0.3668576962987294,54.68533292886767,0.16368164874590946,2.5077169074516803,1.0293356326868013
rank1,64,1,0.4953046867365847,9.028633898472895,3.3004832491676708,0.5589905855928033,1.031303567875431
rank1,64,1,0.4953046867365847,12.189807464475196,1.8124607169029363,0.754708595946396,1.0323505548762408
rank1,64,1,0.4953046867365847,16.457795021028378,0.9932083739875639,1.018952875908173,1.031213455988841
rank1,64,1,0.4953046867365847,22.22012265112078,0.545887479809815,1.3757163611202332,1.0331441912083204
rank1,64,1,0.4953046867365847,29.99999999999996,0.2992994412008019,1.8573925752621898,1.0325552907613205
rank1,64,1,0.4953046867365847,40.503826829893846,0.16364195691854486,2.5077169074516807,1.0290860249113063
rank1,64,1,0.6687245086537824,6.687245086537825,3.306684108230389,0.5589905855928035,1.0332411532508115
rank1,64,1,0.6687245086537824,9.028633898472895,1.8123775445951615,0.7547085959463964,1.0323031811719285
rank1,64,1,0.6687245086537824,12.189807464475196,0.9927749000440584,1.018952875908173,1.0307633951807864
rank1,64,1,0.6687245086537824,16.457795021028378,0.5448452524435615,1.3757163611202337,1.0311716763784546
rank1,64,1,0.6687245086537824,22.22012265112078,0.2993124860894299,1.8573925752621905,1.0326002944162433
rank1,64,1,0.6687245086537824,29.99999999999996,0.1637576796810941,2.5077169074516807,1.029813764177849
rank1,64,1,0.9028633898472894,4.953046867365847,3.3047980744392476,0.5589905855928033,1.0326518233766393
rank1,64,1,0.9028633898472894,6.687245086537825,1.8118746554398266,0.7547085959463964,1.0320167430198024
rank1,64,1,0.9028633898472894,9.028633898472895,0.9921057287111366,1.0189528759081732,1.030068618031355
rank1,64,1,0.9028633898472894,12.189807464475196,0.5448643820409234,1.3757163611202334,1.0312078809684577
rank1,64,1,0.9028633898472894,16.457795021028378,0.2995108908080533,1.8573925752621905,1.0332847722792982
rank1,64,1,0.9028633898472894,22.22012265112078,0.16340823118808903,2.5077169074516807,1.0276162069782806
rank1,64,1,1.2189807464475195,3.6685769629872937,3.302920946038656,0.5589905855928031,1.0320652761740803
rank1,64,1,1.2189807464475195,4.953046867365847,1.8129496728269183,0.754708595946396,1.0326290568678842
rank1,64,1,1.2189807464475195,6.687245086537825,0.993725359598455,1.0189528759081732,1.031750224035171
rank1,64,1,1.2189807464475195,9.028633898472895,0.5463071928036121,1.3757163611202334,1.0339385381342974
rank1,64,1,1.2189807464475195,12.189807464475196,0.29902481130030384,1.8573925752621898,1.0316078430961233
rank1,64,1,1.2189807464475195,16.457795021028378,0.16333225189795006,2.5077169074516803,1.0271384002645436
rank1,64,1,1.6457795021028379,2.717207669088465,3.305506143577276,0.5589905855928032,1.0328730740763767
rank1,64,1,1.6457795021028379,3.6685769629872937,1.812142365906379,0.7547085959463962,1.0321692269032394
rank1,64,1,1.6457795021028379,4.953046867365847,0.9944674906484732,1.0189528759081732,1.0325207527025977
rank1,64,1,1.6457795021028379,6.687245086537825,0.5449675540794157,1.3757163611202339,1.03140314390488
rank1,64,1,1.6457795021028379,9.028633898472895,0.2990826004039783,1.8573925752621907,1.031807210139738
rank1,64,1,1.6457795021028379,12.189807464475196,0.16381474926564893,2.5077169074516807,1.03017265448336
rank1,64,1,2.222012265112078,2.012556255857059,3.3060394908780344,0.5589905855928033,1.0330397293606683
rank1,64,1,2.222012265112078,2.717207669088465,1.8099938206741757,0.7547085959463962,1.030945447627939
rank1,64,1,2.222012265112078,3.6685769629872937,0.9943083815944926,1.018952875908173,1.0323555553465023
rank1,64,1,2.222012265112078,4.953046867365847,0.5459178598421972,1.3757163611202337,1.033201688321087
rank1,64,1,2.222012265112078,6.687245086537825,0.2991466740991302,1.857392575262191,1.0320282584406046
rank1,64,1,2.222012265112078,9.028633898472895,0.1633212990565375,2.507716907451681,1.0270695217431494
rank1,64,1,2.999999999999996,1.4906415615808106,3.30666296276679,0.5589905855928032,1.0332345459177605
rank1,64,1,2.999999999999996,2.012556255857059,1.8158575456110695,0.7547085959463962,1.034285337776062
rank1,64,1,2.999999999999996,2.717207669088465,0.9962905377535255,1.018952875908173,1.0344135586382581
rank1,64,1,2.999999999999996,3.6685769629872937,0.5460158965949355,1.3757163611202334,1.0333872322387672
rank1,64,1,2.999999999999996,4.953046867365847,0.2992694540285337,1.8573925752621905,1.0324518378004461
rank1,64,1,2.999999999999996,6.687245086537825,0.16380355604302543,2.507716907451681,1.0301022642900846
rank_r2,1,1,0.01,54.68533292886767,5.019858748747351,0.486940574796707,1.190264347141209
rank_r2,1,1,0.01,73.83217516953168,3.055281934110742,0.7057058838824034,1.5215939363886175
rank_r2,1,1,0.01,99.68285458470345,1.6263789628458816,0.9766571033291825,1.551336369666079
rank_r2,1,1,0.01,134.58456933361077,0.7657289400181306,1.346266220767491,1.3878321986946809
rank_r2,1,1,0.01,181.70633634214732,0.36261446121310936,1.8167475284212962,1.1968349859112548
rank_r2,1,1,0.01,245.3267327032263,0.17444719570574413,2.4532663514114637,1.0499132020450566
rank_r2,1,1,0.013501275609964631,40.503826829893846,6.792555471590474,0.5622452879486797,2.147261031416783
rank_r2,1,1,0.013501275609964631,54.68533292886767,2.8894180768744913,0.687899255450319,1.3672881953688842
rank_r2,1,1,0.013501275609964631,73.83217516953168,1.6312002435524278,0.9786426179882955,1.562267962109794
rank_r2,1,1,0.013501275609964631,99.68285458470345,0.8090537241594186,1.340494717800935,1.4538097439014759
rank_r2,1,1,0.013501275609964631,134.58456933361077,0.3495848455113304,1.8170921734402548,1.1542676213316354
rank_r2,1,1,0.013501275609964631,181.70633634214732,0.17625576084264555,2.453265464563489,1.0607973129303734
rank_r2,1,1,0.018228444309622584,29.99999999999996,7.23223417989275,0.580548893623013,2.437530640650795
rank_r2,1,1,0.018228444309622584,40.503826829893846,3.4343877905192213,0.7509549308589256,1.936765668285086
rank_r2,1,1,0.018228444309622584,54.68533292886767,1.6127340697077146,0.9685262234529668,1.5128139783561443
rank_r2,1,1,0.018228444309622584,73.83217516953168,0.8017954412533292,1.341025230386369,1.441907764213605
rank_r2,1,1,0.018228444309622584,99.68285458470345,0.3648826386903502,1.8166960259863596,1.2042529871131427
rank_r2,1,1,0.018228444309622584,134.58456933361077,0.17218322794788213,2.453267496907972,1.0362884440857312
rank_r2,1,1,0.024610725056510595,22.22012265112078,6.079655363250196,0.5359270253145083,1.7461850950907767
rank_r2,1,1,0.024610725056510595,29.99999999999996,3.5566783573752616,0.7657878053466339,2.0857463135481447
rank_r2,1,1,0.024610725056510595,40.503826829893846,1.657192118005207,1.0037478494452647,1.6696372086682392
rank_r2,1,1,0.024610725056510595,54.68533292886767,0.8199571408015118,1.33831360591486,1.4686115479820077
rank_r2,1,1,0.024610725056510595,73.83217516953168,0.3633462526544749,1.8167325067476996,1.1992304841625436
rank_r2,1,1,0.024610725056510595,99.68285458470345,0.1742380171696695,2.453265160824735,1.0486532398848196
rank_r2,1,1,0.03322761819490119,16.457795021028378,7.367213982279614,0.5846908069031319,2.5185803760974608
rank_r2,1,1,0.03322761819490119,22.22012265112078,3.209509864259902,0.7292690932464178,1.7069245767076944
rank_r2,1,1,0.03322761819490119,29.99999999999996,1.6593022694310158,1.011780137777061,1.6986261522336084
rank_r2,1,1,0.03322761819490119,40.503826829893846,0.7604543764280299,1.3476613467306058,1.3811304745856543
rank_r2,1,1,0.03322761819490119,54.68533292886767,0.37076732928240225,1.8165458987567333,1.223472493940936
rank_r2,1,1,0.03322761819490119,73.83217516953168,0.17643871857895663,2.4532653759731367,1.0618983694664823
rank_r2,1,1,0.04486152311120365,12.189807464475196,5.661467185440276,0.5156210652943352,1.5051864430188189
rank_r2,1,1,0.04486152311120365,16.457795021028378,3.5815803097326526,0.7691147139305264,2.1186388589789718
rank_r2,1,1,0.04486152311120365,22.22012265112078,1.6325808118131369,0.9918268999316316,1.6060033748114548
rank_r2,1,1,0.04486152311120365,29.99999999999996,0.7437289447051341,1.3497562383694106,1.3549565559505317
rank_r2,1,1,0.04486152311120365,40.503826829893846,0.3485266857343564,1.8171876912590874,1.1508947510452554
rank_r2,1,1,0.04486152311120365,54.68533292886767,0.17477962624833338,2.453264275391334,1.0519121601999082
rank_r2,1,1,0.06056877878071584,9.028633898472895,5.474421990422162,0.5045909416786395,1.3938536326868636
rank_r2,1,1,0.06056877878071584,12.189807464475196,3.089378279309376,0.7122685769551349,1.5673235490697304
rank_r2,1,1,0.06056877878071584,16.457795021028378,1.6505918125087577,1.013567916415906,1.695685850739528
rank_r2,1,1,0.06056877878071584,22.22012265112078,0.782337736778122,1.3445269029586777,1.414273072090016
rank_r2,1,1,0.06056877878071584,29.99999999999996,0.34008273482246437,1.817330942088091,1.1231884436599129
rank_r2,1,1,0.06056877878071584,40.503826829893846,0.17272772271827513,2.4532680601010943,1.0395659748229222
rank_r2,1,1,0.0817755775677422,6.687245086537825,7.194784286946459,0.5774797983868576,2.399337655117293
rank_r2,1,1,0.0817755775677422,9.028633898472895,3.047637137022038,0.7029433596403665,1.505927008943298
rank_r2,1,1,0.0817755775677422,12.189807464475196,1.6301302810402776,0.9823382413130288,1.5730568448591968
rank_r2,1,1,0.0817755775677422,16.457795021028378,0.7368967783013582,1.350220628302426,1.3434333810942394
rank_r2,1,1,0.0817755775677422,22.22012265112078,0.3587773477134861,1.8169729586568921,1.1844642107687817
rank_r2,1,1,0.0817755775677422,29.99999999999996,0.17345109386090776,2.4532689046828158,1.0439203203085243
rank_r2,1,1,0.11040746109061289,4.953046867365847,5.880583723345504,0.5240818897096746,1.6151718699959914
rank_r2,1,1,0.11040746109061289,6.687245086537825,3.5520743613885912,0.7633154802168204,2.0696179820487366
rank_r2,1,1,0.11040746109061289,9.028633898472895,1.6365229562304417,0.9770816200310655,1.5623696335384696
rank_r2,1,1,0.11040746109061289,12.189807464475196,0.7960669805668562,1.3420104640795905,1.4337103316873012
rank_r2,1,1,0.11040746109061289,16.457795021028378,0.34180269614834147,1.8173626688164501,1.1289083613864188
rank_r2,1,1,0.11040746109061289,22.22012265112078,0.1727646298022239,2.453266793951215,1.0397870277154293
rank_r2,1,1,0.14906415615808105,3.6685769629872937,5.858614234294863,0.5246490441970341,1.6126223495368863
rank_r2,1,1,0.14906415615808105,4.953046867365847,3.1680121328216955,0.719379191783102,1.6394666223485115
rank_r2,1,1,0.14906415615808105,6.687245086537825,1.6642782090486166,1.0104482923880553,1.6992376236844373
rank_r2,1,1,0.14906415615808105,9.028633898472895,0.806299727104671,1.340608214560559,1.4491063689271904
rank_r2,1,1,0.14906415615808105,12.189807464475196,0.36055324262989485,1.8168002203951783,1.190100817523436
rank_r2,1,1,0.14906415615808105,16.457795021028378,0.17456257381626136,2.4532690917290645,1.0506099541001888
rank_r2,1,1,0.2012556255857059,2.717207669088465,5.805668614134019,0.5219077748716637,1.5813928686451904
rank_r2,1,1,0.2012556255857059,3.6685769629872937,3.1550136232391606,0.7198544776499565,1.6348979891046318
rank_r2,1,1,0.2012556255857059,4.953046867365847,1.6481229897268086,0.9863219794929547,1.603345214061254
rank_r2,1,1,0.2012556255857059,6.687245086537825,0.7474866340177405,1.3494098357239468,1.3611035730901406
rank_r2,1,1,0.2012556255857059,9.028633898472895,0.36426616000606526,1.8167038317475617,1.2022287015663393
rank_r2,1,1,0.2012556255857059,12.189807464475196,0.1754334965476746,2.453265775308752,1.0558487733448783
rank_r2,1,1,0.2717207669088465,2.012556255857059,5.798556730320583,0.5204494440164505,1.570641282878255
rank_r2,1,1,0.2717207669088465,2.717207669088465,3.1303598846055625,0.717555645656404,1.611778807022544
rank_r2,1,1,0.2717207669088465,3.6685769629872937,1.6397516699634576,0.9865874940696572,1.5960602956118424
rank_r2,1,1,0.2717207669088465,4.953046867365847,0.7992990304707935,1.343069286821086,1.441803653914417
rank_r2,1,1,0.2717207669088465,6.687245086537825,0.34179145530876076,1.817307269362095,1.1288024123681566
rank_r2,1,1,0.2717207669088465,9.028633898472895,0.17394499116288953,2.4532652068602396,1.0468896992373617
rank_r2,1,1,0.3668576962987294,1.4906415615808106,7.303935268675354,0.5813461063114671,2.468462032231083
rank_r2,1,1,0.3668576962987294,2.012556255857059,3.143582209053609,0.7163310542068339,1.6130669023278579
rank_r2,1,1,0.3668576962987294,2.717207669088465,1.6259851851495388,0.9853023771313623,1.5785401965784425
rank_r2,1,1,0.3668576962987294,3.6685769629872937,0.7950979031629962,1.3431397379365695,1.4343759824118696
rank_r2,1,1,0.3668576962987294,4.953046867365847,0.36113079282488886,1.8168729394345078,1.1921025980585607
rank_r2,1,1,0.3668576962987294,6.687245086537825,0.17295800432346087,2.453268765117156,1.0409525285248507
rank_r2,1,1,0.4953046867365847,1.1040746109061288,6.989338103795409,0.5707936912636493,2.2771643621419733
rank_r2,1,1,0.4953046867365847,1.4906415615808106,3.5807888706483366,0.7664290127106342,2.1034034780726274
rank_r2,1,1,0.4953046867365847,2.012556255857059,1.6420781500225334,0.9846168758809678,1.5919461482396797
rank_r2,1,1,0.4953046867365847,2.717207669088465,0.7871358443276534,1.3427986092370154,1.4192910206187008
rank_r2,1,1,0.4953046867365847,3.6685769629872937,0.3601434131850316,1.8168777760350543,1.1888495604543388
rank_r2,1,1,0.4953046867365847,4.953046867365847,0.1728412966432487,2.4532662041467534,1.0402479482906768
rank_r2,1,1,0.6687245086537824,0.8177557756774221,6.305227885002529,0.5429974499818462,1.859072675514221
rank_r2,1,1,0.6687245086537824,1.1040746109061288,3.4813864741164187,0.7579086489957647,1.9997972364901955
rank_r2,1,1,0.6687245086537824,1.4906415615808106,1.6667826210813557,1.0121250990533743,1.7074474769359436
rank_r2,1,1,0.6687245086537824,2.012556255857059,0.7969295739901571,1.3426165033882111,1.4365604516420671
rank_r2,1,1,0.6687245086537824,2.717207669088465,0.35959437893898316,1.816854354682797,1.1870065698121444
rank_r2,1,1,0.6687245086537824,3.6685769629872937,0.1731432647606609,2.4532662326685,1.0420653721856674
rank_r2,1,1,0.9028633898472894,0.6056877878071585,6.778775825098266,0.5640402995293033,2.1566096345733476
rank_r2,1,1,0.9028633898472894,0.8177557756774221,3.278678437022699,0.7351349408209485,1.7718744868552057
rank_r2,1,1,0.9028633898472894,1.1040746109061288,1.652362624251853,1.0075258828679519,1.6773271874056788
rank_r2,1,1,0.9028633898472894,1.4906415615808106,0.7476475534104835,1.3498458981733836,1.3622766064404277
rank_r2,1,1,0.9028633898472894,2.012556255857059,0.3607794371221441,1.8168418492841316,1.1909020050582413
rank_r2,1,1,0.9028633898472894,2.717207669088465,0.17503036796625526,2.453266094550564,1.0534228129136651
rank_r2,1,1,1.2189807464475195,0.4486152311120365,6.510540142953511,0.5555416248578684,2.009325197570275
rank_r2,1,1,1.2189807464475195,0.6056877878071585,3.423945550489826,0.7524188507075367,1.93841242477987
rank_r2,1,1,1.2189807464475195,0.8177557756774221,1.6354387226055034,0.9950719134505597,1.6193592737882831
rank_r2,1,1,1.2189807464475195,1.1040746109061288,0.7516597288929692,1.3486484092400683,1.3671582009083136
rank_r2,1,1,1.2189807464475195,1.4906415615808106,0.34351794870457997,1.8173370683824601,1.134541545348433
rank_r2,1,1,1.2189807464475195,2.012556255857059,0.17282059213153358,2.4532660208043158,1.040123182409751
rank_r2,1,1,1.6457795021028379,0.33227618194901193,7.3763474299081855,0.5893817789488686,2.562328307922154
rank_r2,1,1,1.6457795021028379,0.4486152311120365,3.3363077352407076,0.7454703262362222,1.854072976825219
rank_r2,1,1,1.6457795021028379,0.6056877878071585,1.6517451109782322,1.0045450303412353,1.6667936948646052
rank_r2,1,1,1.6457795021028379,0.8177557756774221,0.7725670628876115,1.3453831247472192,1.3983894562594128
rank_r2,1,1,1.6457795021028379,1.1040746109061288,0.3446188686286656,1.8172552140325708,1.1380750424260648
rank_r2,1,1,1.6457795021028379,1.4906415615808106,0.17291418848853657,2.453268940800893,1.0406889707633935
rank_r2,1,1,2.222012265112078,0.24610725056510596,7.61313261001267,0.596882573345148,2.7123216676534043
rank_r2,1,1,2.222012265112078,0.33227618194901193,3.57432779361711,0.7728691640625039,2.1350415856617606
rank_r2,1,1,2.222012265112078,0.4486152311120365,1.6405647890342532,1.000752631424317,1.64303519956655
rank_r2,1,1,2.222012265112078,0.6056877878071585,0.760530359363439,1.347869874756326,1.3816959635197754
rank_r2,1,1,2.222012265112078,0.8177557756774221,0.3539878751268739,1.8170316633237402,1.1687278076640404
rank_r2,1,1,2.222012265112078,1.1040746109061288,0.1748788221504541,2.453268458211765,1.0525127603562943
rank_r2,1,1,2.999999999999996,0.18228444309622582,7.992416522830843,0.6087154637252189,2.961466186184878
rank_r2,1,1,2.999999999999996,0.24610725056510596,3.6409427089592046,0.7788423823789408,2.2085793049580635
rank_r2,1,1,2.999999999999996,0.33227618194901193,1.646766555101355,1.0155793119667196,1.6984772297787074
rank_r2,1,1,2.999999999999996,0.4486152311120365,0.766759420629079,1.3468766408972934,1.3909603885767226
rank_r2,1,1,2.999999999999996,0.6056877878071585,0.34934665517366204,1.8172019601261835,1.1536205470713856
rank_r2,1,1,2.999999999999996,0.8177557756774221,0.17396884500555235,2.4532671401123634,1.0470349140247726
rank_r2,2,2,0.01,73.83217516953168,4.913185979472889,0.5096965163271524,1.27639923261586
rank_r2,2,2,0.01,99.68285458470345,2.753400573927875,0.7100551829307951,1.3882049935144933
rank_r2,2,2,0.01,134.58456933361077,1.3367753924921786,0.9242262056284566,1.141865625447472
rank_r2,2,2,0.01,181.70633634214732,0.6616829498217578,1.281420100720173,1.0865081998646806
rank_r2,2,2,0.01,245.3267327032263,0.34289099963390307,1.73425437611941,1.0312920830242722
rank_r2,2,2,0.01,331.2223832718382,0.18752933367216637,2.342092881115138,1.028673231354752
rank_r2,2,2,0.013501275609964631,54.68533292886767,5.061412552968669,0.5041489659663418,1.286439893409686
rank_r2,2,2,0.013501275609964631,73.83217516953168,2.6235034340738626,0.6976398116270597,1.2768625496715642
rank_r2,2,2,0.013501275609964631,99.68285458470345,1.338433857525336,0.952287341307747,1.2137603236042227
rank_r2,2,2,0.013501275609964631,134.58456933361077,0.6628253375983036,1.2764849437171026,1.0800167597189894
rank_r2,2,2,0.013501275609964631,181.70633634214732,0.34432414824798663,1.7344087025913786,1.0357867945680022
rank_r2,2,2,0.013501275609964631,245.3267327032263,0.1880187368087662,2.3420914765867895,1.0313565658736854
rank_r2,2,2,0.018228444309622584,40.503826829893846,4.85542320010069,0.5398724995584888,1.4151728899910057
rank_r2,2,2,0.018228444309622584,54.68533292886767,2.652185274404099,0.6906887169638454,1.2652273820434794
rank_r2,2,2,0.018228444309622584,73.83217516953168,1.346102766679871,0.949413220578928,1.213357466141289
rank_r2,2,2,0.018228444309622584,99.68285458470345,0.6610838970286899,1.284591621347364,1.0909045386657752
rank_r2,2,2,0.018228444309622584,134.58456933361077,0.34276306942952445,1.7339741985139732,1.0305742455273994
rank_r2,2,2,0.018228444309622584,181.70633634214732,0.18898933601509274,2.3420929395539214,1.0366819785733286
rank_r2,2,2,0.024610725056510595,29.99999999999996,4.807022439906141,0.48117611965125134,1.1129721077172572
rank_r2,2,2,0.024610725056510595,40.503826829893846,2.5975483508618584,0.7241721101929456,1.3622199307710212
rank_r2,2,2,0.024610725056510595,54.68533292886767,1.3397072098503857,0.9439916115982512,1.193840106903156
rank_r2,2,2,0.024610725056510595,73.83217516953168,0.6722309198917582,1.2845630156541517,1.1092496802851528
rank_r2,2,2,0.024610725056510595,99.68285458470345,0.3441044601492214,1.7346870961166456,1.0354582617157035
rank_r2,2,2,0.024610725056510595,134.58456933361077,0.1884499700755136,2.342088797680067,1.0337196848331915
rank_r2,2,2,0.03322761819490119,22.22012265112078,5.781612131262631,0.5668755543035899,1.8579088826934793
rank_r2,2,2,0.03322761819490119,29.99999999999996,2.592173230248653,0.67256216054892,1.1725432755537728
rank_r2,2,2,0.03322761819490119,40.503826829893846,1.3326729023878143,0.9653373983069422,1.2418862834856792
rank_r2,2,2,0.03322761819490119,54.68533292886767,0.6639580747499296,1.2826774343999499,1.092384592081652
rank_r2,2,2,0.03322761819490119,73.83217516953168,0.34709963833350327,1.7347050703499165,1.0444928151815849
rank_r2,2,2,0.03322761819490119,99.68285458470345,0.18793213716028906,2.3420955927855114,1.0308851563407122
rank_r2,2,2,0.04486152311120365,16.457795021028378,6.099546761766392,0.5265210826339638,1.6909434990738135
rank_r2,2,2,0.04486152311120365,22.22012265112078,2.8124369788750334,0.7349448795861727,1.5191208921031758
rank_r2,2,2,0.04486152311120365,29.99999999999996,1.3463330943538498,0.9343205959937146,1.1752881742016787
rank_r2,2,2,0.04486152311120365,40.503826829893846,0.6639444409840605,1.2893989935227457,1.1038406739974538
rank_r2,2,2,0.04486152311120365,54.68533292886767,0.34408278558003946,1.7345311328515558,1.0352068668372685
rank_r2,2,2,0.04486152311120365,73.83217516953168,0.18705904958615124,2.3420957780536193,1.0260960738247038
rank_r2,2,2,0.06056877878071584,12.189807464475196,5.412325102763006,0.5302720397374027,1.5218832314582715
rank_r2,2,2,0.06056877878071584,16.457795021028378,2.862067536936239,0.6989395170642565,1.398167068551349
rank_r2,2,2,0.06056877878071584,22.22012265112078,1.3462509414931978,0.9649842884398798,1.2536217105383036
rank_r2,2,2,0.06056877878071584,29.99999999999996,0.6760575868931239,1.2799698334257765,1.1076005414670034
rank_r2,2,2,0.06056877878071584,40.503826829893846,0.3422509128153273,1.735136064757505,1.030413852323301
rank_r2,2,2,0.06056877878071584,54.68533292886767,0.1890202353591361,2.3420941146196284,1.0368525142250646
rank_r2,2,2,0.0817755775677422,9.028633898472895,5.498459294288518,0.5588779859425895,1.7174140863277927
rank_r2,2,2,0.0817755775677422,12.189807464475196,2.7204504823222577,0.7092471740622286,1.3684724334720764
rank_r2,2,2,0.0817755775677422,16.457795021028378,1.3291886855410306,0.9421941648817648,1.179960464910168
rank_r2,2,2,0.0817755775677422,22.22012265112078,0.6604513275104157,1.2881010111507596,1.0958236263598167
rank_r2,2,2,0.0817755775677422,29.99999999999996,0.34424484082162393,1.7342954879521915,1.0354130363307932
rank_r2,2,2,0.0817755775677422,40.503826829893846,0.1878168777609574,2.3420998899998913,1.0302566916399705
rank_r2,2,2,0.11040746109061289,6.687245086537825,6.1161330690389395,0.5549762058624517,1.8837603558496605
rank_r2,2,2,0.11040746109061289,9.028633898472895,2.746539042714525,0.7317305702637488,1.4705783764408935
rank_r2,2,2,0.11040746109061289,12.189807464475196,1.3340370253914642,0.9527054927030056,1.2108357122859912
rank_r2,2,2,0.11040746109061289,16.457795021028378,0.6487747533790468,1.2808269924916214,1.0643265211795243
rank_r2,2,2,0.11040746109061289,22.22012265112078,0.34277009602291125,1.7349921350125628,1.0318057576094992
rank_r2,2,2,0.11040746109061289,29.99999999999996,0.18896141896897461,2.3420918702426174,1.0365278959473099
rank_r2,2,2,0.14906415615808105,4.953046867365847,5.087547486707836,0.5175949434147956,1.3629769951235047
rank_r2,2,2,0.14906415615808105,6.687245086537825,2.871443599083349,0.7225656800098997,1.4991840394926192
rank_r2,2,2,0.14906415615808105,9.028633898472895,1.340872820389907,0.9650308660258671,1.2487341711563122
rank_r2,2,2,0.14906415615808105,12.189807464475196,0.6618360444464213,1.2848867429932602,1.0926475900272914
rank_r2,2,2,0.14906415615808105,16.457795021028378,0.3438264805903537,1.7343336420136293,1.0342002032265925
rank_r2,2,2,0.14906415615808105,22.22012265112078,0.18896749460849954,2.3420984979526973,1.036567089807889
rank_r2,2,2,0.2012556255857059,3.6685769629872937,5.375401435674693,0.5527613144764649,1.642427412143541
rank_r2,2,2,0.2012556255857059,4.953046867365847,2.657089144803942,0.7018882184645407,1.3090071851563279
rank_r2,2,2,0.2012556255857059,6.687245086537825,1.333685113591984,0.9562052278630996,1.2194262264179678
rank_r2,2,2,0.2012556255857059,9.028633898472895,0.6605243240485427,1.2884609369983482,1.0965572937870112
rank_r2,2,2,0.2012556255857059,12.189807464475196,0.3450963263260956,1.7347175166220115,1.0384793470558815
rank_r2,2,2,0.2012556255857059,16.457795021028378,0.18786651724413375,2.3420922084180287,1.0305222258302493
rank_r2,2,2,0.2717207669088465,2.717207669088465,5.193052090349621,0.5003934748052503,1.3003071617482143
rank_r2,2,2,0.2717207669088465,3.6685769629872937,2.7069751561014357,0.7274386568370166,1.4324419209692432
rank_r2,2,2,0.2717207669088465,4.953046867365847,1.3420031762396973,0.9504070179302003,1.2121959056521174
rank_r2,2,2,0.2717207669088465,6.687245086537825,0.6488452124272392,1.2851424649251861,1.0716270139088355
rank_r2,2,2,0.2717207669088465,9.028633898472895,0.3418060933850969,1.735032460797074,1.0289517485051944
rank_r2,2,2,0.2717207669088465,12.189807464475196,0.189073582073828,2.342095885786962,1.0371467111981338
rank_r2,2,2,0.3668576962987294,2.012556255857059,5.139397226501268,0.5457877289626307,1.5309454630143688
rank_r2,2,2,0.3668576962987294,2.717207669088465,2.6856502640924047,0.6859914066952753,1.2638246080247169
rank_r2,2,2,0.3668576962987294,3.6685769629872937,1.331563379239535,0.9629777475041762,1.2347935315493037
rank_r2,2,2,0.3668576962987294,4.953046867365847,0.6676874106859846,1.2845758985634534,1.1017745251231843
rank_r2,2,2,0.3668576962987294,6.687245086537825,0.3408006916882581,1.7347208075945402,1.0255566217939702
rank_r2,2,2,0.3668576962987294,9.028633898472895,0.1863688311676457,2.342098888203742,1.0223126561152835
rank_r2,2,2,0.4953046867365847,1.4906415615808106,5.57918537788488,0.539474984939633,1.6237285051866213
rank_r2,2,2,0.4953046867365847,2.012556255857059,2.67209014728079,0.7254032296308706,1.4060801437200763
rank_r2,2,2,0.4953046867365847,2.717207669088465,1.3459301319442425,0.9402958722354987,1.1900126423202588
rank_r2,2,2,0.4953046867365847,3.6685769629872937,0.6593522530906206,1.2879221465728907,1.0936962347708894
rank_r2,2,2,0.4953046867365847,4.953046867365847,0.3442017731381249,1.734699191039278,1.0357655334376967
rank_r2,2,2,0.4953046867365847,6.687245086537825,0.18741066629114947,2.342095904099288,1.0280249471918714
rank_r2,2,2,0.6687245086537824,1.1040746109061288,4.396207212282819,0.49287735978822067,1.0679622292012452
rank_r2,2,2,0.6687245086537824,1.4906415615808106,2.744792381835466,0.7144700778141111,1.4011272834679593
rank_r2,2,2,0.6687245086537824,2.012556255857059,1.3441080282723177,0.9639465974835343,1.2489358286423746
rank_r2,2,2,0.6687245086537824,2.717207669088465,0.6661234667154524,1.2813809698049563,1.0937328929841426
rank_r2,2,2,0.6687245086537824,3.6685769629872937,0.34424935901207593,1.7349863802436285,1.036251757380353
rank_r2,2,2,0.6687245086537824,4.953046867365847,0.1874790198527433,2.3420957172427626,1.028399730627452
rank_r2,2,2,0.9028633898472894,0.8177557756774221,5.179490677619431,0.5323352226682116,1.4677681563606404
rank_r2,2,2,0.9028633898472894,1.1040746109061288,2.5049998118582497,0.6909002714073395,1.1957445886938094
rank_r2,2,2,0.9028633898472894,1.4906415615808106,1.329196974458448,0.9542824480096943,1.2104398582535916
rank_r2,2,2,0.9028633898472894,2.012556255857059,0.665681381373311,1.2886038020698067,1.105363773147298
rank_r2,2,2,0.9028633898472894,2.717207669088465,0.3430861856538546,1.73441121592426,1.03206577936739
rank_r2,2,2,0.9028633898472894,3.6685769629872937,0.18962501813175525,2.3420984498512176,1.0401738433007284
rank_r2,2,2,1.2189807464475195,0.6056877878071585,4.951221638548956,0.48099493538126137,1.1454954664833317
rank_r2,2,2,1.2189807464475195,0.8177557756774221,2.6723146365185526,0.7135426186232228,1.3605904742795316
rank_r2,2,2,1.2189807464475195,1.1040746109061288,1.3443874030611198,0.9501038453007106,1.2135749015571984
rank_r2,2,2,1.2189807464475195,1.4906415615808106,0.6577772322363525,1.2850849080812048,1.0862817510904477
rank_r2,2,2,1.2189807464475195,2.012556255857059,0.34505465338543756,1.7350563762295508,1.0387596465786622
rank_r2,2,2,1.2189807464475195,2.717207669088465,0.18880058688428303,2.342092967582353,1.0356466390039312
rank_r2,2,2,1.6457795021028379,0.4486152311120365,4.78726172632035,0.4812100323825047,1.1085531431931421
rank_r2,2,2,1.6457795021028379,0.6056877878071585,2.626489884534318,0.6709057392273297,1.1822212098349494
rank_r2,2,2,1.6457795021028379,0.8177557756774221,1.336415295741998,0.9567321155182857,1.223269486679287
rank_r2,2,2,1.6457795021028379,1.1040746109061288,0.6752759636765925,1.2856510930645568,1.1161627848526312
rank_r2,2,2,1.6457795021028379,1.4906415615808106,0.34012144585603105,1.7347284019154117,1.023521558564926
rank_r2,2,2,1.6457795021028379,2.012556255857059,0.18746482426944483,2.3420991238385986,1.0283248534054694
rank_r2,2,2,2.222012265112078,0.33227618194901193,4.617462914195769,0.5049849958626234,1.177498506873903
rank_r2,2,2,2.222012265112078,0.4486152311120365,2.5878184754967317,0.6732662452151922,1.173025604039841
rank_r2,2,2,2.222012265112078,0.6056877878071585,1.3418564375093476,0.9323740216079521,1.1665044043659896
rank_r2,2,2,2.222012265112078,0.8177557756774221,0.6628449167337386,1.2863838080726375,1.0968646998088
rank_r2,2,2,2.222012265112078,1.1040746109061288,0.3469275201945596,1.7348232701189625,1.044117151079389
rank_r2,2,2,2.222012265112078,1.4906415615808106,0.186847827185695,2.3420959850945313,1.024937613009382
rank_r2,2,2,2.999999999999996,0.24610725056510596,4.613939017054434,0.47449088362947256,1.0387896063616069
rank_r2,2,2,2.999999999999996,0.33227618194901193,2.556647726391691,0.6981111128859668,1.2460056012576606
rank_r2,2,2,2.999999999999996,0.4486152311120365,1.3405743952784028,0.9351677179992322,1.1723841363333118
rank_r2,2,2,2.999999999999996,0.6056877878071585,0.6670780621492005,1.2791880166737082,1.0915544968057764
rank_r2,2,2,2.999999999999996,0.8177557756774221,0.3435359607465595,1.7348576915114422,1.0339509027463147
rank_r2,2,2,2.999999999999996,1.1040746109061288,0.18921428404139137,2.3420969199748316,1.03791943623703
rank_r2,4,2,0.01,134.58456933361077,2.476615647185778,0.67307810616322,1.12199143239426
rank_r2,4,2,0.01,181.70633634214732,1.2841464701385163,0.9073203289389902,1.057148128867243
rank_r2,4,2,0.01,245.3267327032263,0.6912623076445572,1.2265390832064127,1.039933717867308
rank_r2,4,2,0.01,331.2223832718382,0.37385917797174406,1.656109525539785,1.0253831040559107
rank_r2,4,2,0.01,447.1924684742427,0.20655161281367856,2.2359623414438885,1.0326604875074614
rank_r2,4,2,0.013501275609964631,99.68285458470345,2.4978132518448284,0.6767497238045497,1.143973962473676
rank_r2,4,2,0.013501275609964631,134.58456933361077,1.287717906997821,0.9086161221235082,1.0631183442493735
rank_r2,4,2,0.013501275609964631,181.70633634214732,0.6889893130212253,1.2265200669255185,1.0364820890071256
rank_r2,4,2,0.013501275609964631,245.3267327032263,0.37499395338102787,1.6561110115458462,1.0284972968771553
rank_r2,4,2,0.013501275609964631,331.2223832718382,0.205506134128257,2.235962341983578,1.027433588468456
rank_r2,4,2,0.018228444309622584,73.83217516953168,2.458570515215125,0.6793907985101479,1.1348069585197795
rank_r2,4,2,0.018228444309622584,99.68285458470345,1.2926916927959675,0.9095564759791266,1.0694347666267656
rank_r2,4,2,0.018228444309622584,134.58456933361077,0.691994002888972,1.226642098754674,1.0412093566404552
rank_r2,4,2,0.018228444309622584,181.70633634214732,0.37402783712372295,1.6561108287728719,1.025847299829754
rank_r2,4,2,0.018228444309622584,245.3267327032263,0.20562059593512988,2.235962342224509,1.0280058436520045
rank_r2,4,2,0.024610725056510595,54.68533292886767,2.4675095683427233,0.659071017744758,1.0718234976138712
rank_r2,4,2,0.024610725056510595,73.83217516953168,1.2961759979699916,0.910789350196426,1.0752262604692198
rank_r2,4,2,0.024610725056510595,99.68285458470345,0.687780542102458,1.2267217613785004,1.035003990128927
rank_r2,4,2,0.024610725056510595,134.58456933361077,0.3769083496417606,1.656111997447801,1.0337491493557973
rank_r2,4,2,0.024610725056510595,181.70633634214732,0.2055995933986774,2.235962342194874,1.0279008408641805
rank_r2,4,2,0.03322761819490119,40.503826829893846,2.5285331547436964,0.699461464316255,1.2370755916874163
rank_r2,4,2,0.03322761819490119,54.68533292886767,1.2807813468359437,0.9042771096008643,1.047316797075269
rank_r2,4,2,0.03322761819490119,73.83217516953168,0.6910687390636863,1.2268419865991622,1.0401560727179957
rank_r2,4,2,0.03322761819490119,99.68285458470345,0.37388342824889487,1.6561127547094718,1.025453614216367
rank_r2,4,2,0.03322761819490119,134.58456933361077,0.2063096708726711,2.235962342384361,1.0314508929653279
rank_r2,4,2,0.04486152311120365,29.99999999999996,2.503177947352911,0.6799922472526706,1.157443090158081
rank_r2,4,2,0.04486152311120365,40.503826829893846,1.288396514147224,0.9156888430166472,1.0803025132899537
rank_r2,4,2,0.04486152311120365,54.68533292886767,0.6854428942098065,1.2262530227393336,1.0306980643699148
rank_r2,4,2,0.04486152311120365,73.83217516953168,0.37289674930907757,1.6561139086602383,1.0227488658237909
rank_r2,4,2,0.04486152311120365,99.68285458470345,0.20624880302782547,2.235962342507136,1.031146582608518
rank_r2,4,2,0.06056877878071584,22.22012265112078,2.499915397140984,0.6639771955959,1.1021269921784516
rank_r2,4,2,0.06056877878071584,29.99999999999996,1.28809614410642,0.9104378352358573,1.0676990963220552
rank_r2,4,2,0.06056877878071584,40.503826829893846,0.6887707425605447,1.2272515358195981,1.0373895276146479
rank_r2,4,2,0.06056877878071584,54.68533292886767,0.37522471181729483,1.6561082837900722,1.0291268087628425
rank_r2,4,2,0.06056877878071584,73.83217516953168,0.20462339703464844,2.235962342694239,1.0230203206603317
rank_r2,4,2,0.0817755775677422,16.457795021028378,2.501838097765645,0.6741340082772618,1.1369769885632979
rank_r2,4,2,0.0817755775677422,22.22012265112078,1.2894637143030652,0.9056518477184765,1.0576249330114356
rank_r2,4,2,0.0817755775677422,29.99999999999996,0.6902673500950164,1.2267979336002603,1.0388752579822214
rank_r2,4,2,0.0817755775677422,40.503826829893846,0.37140014838337826,1.6561177980833268,1.0186489032180488
rank_r2,4,2,0.0817755775677422,54.68533292886767,0.20682395267780307,2.235962341782247,1.0340220584855986
rank_r2,4,2,0.11040746109061289,12.189807464475196,2.461243766082319,0.664433955595888,1.086571392616623
rank_r2,4,2,0.11040746109061289,16.457795021028378,1.2869837101334314,0.9087056521362676,1.0627216020912578
rank_r2,4,2,0.11040746109061289,22.22012265112078,0.6882943255302888,1.2263727588533762,1.0351878815330382
rank_r2,4,2,0.11040746109061289,29.99999999999996,0.3767217883636491,1.6561134798622155,1.0332393161802604
rank_r2,4,2,0.11040746109061289,40.503826829893846,0.20708426829290327,2.2359623433248283,1.0353235150149376
rank_r2,4,2,0.14906415615808105,9.028633898472895,2.4812344675212232,0.6830110168437972,1.1575059259395644
rank_r2,4,2,0.14906415615808105,12.189807464475196,1.2856431081009891,0.906173049062902,1.0557053173361948
rank_r2,4,2,0.14906415615808105,16.457795021028378,0.6887658267509603,1.2266444840906219,1.0363561093052456
rank_r2,4,2,0.14906415615808105,22.22012265112078,0.37577024897819156,1.6561094242768664,1.0306244701014766
rank_r2,4,2,0.14906415615808105,29.99999999999996,0.20639625727033195,2.235962342624706,1.0318837842717556
rank_r2,4,2,0.2012556255857059,6.687245086537825,2.5404648702371033,0.6647196624423338,1.1225100672298798
rank_r2,4,2,0.2012556255857059,9.028633898472895,1.291654120451951,0.9115967386982627,1.0733757004110218
rank_r2,4,2,0.2012556255857059,12.189807464475196,0.689327328286142,1.226428754527117,1.0368361840358327
rank_r2,4,2,0.2012556255857059,16.457795021028378,0.37622771173449954,1.6561120164522525,1.0318823827208246
rank_r2,4,2,0.2012556255857059,22.22012265112078,0.2059935766185767,2.2359623419671575,1.0298705706345455
rank_r2,4,2,0.2717207669088465,4.953046867365847,2.4653696981053734,0.6620153162415129,1.0804834730566097
rank_r2,4,2,0.2717207669088465,6.687245086537825,1.2884651183853186,0.9052986768400256,1.0559818093157218
rank_r2,4,2,0.2717207669088465,9.028633898472895,0.6900193416759082,1.2269070568238003,1.0386867540406444
rank_r2,4,2,0.2717207669088465,12.189807464475196,0.37511580995669425,1.656109964957127,1.0288302130046048
rank_r2,4,2,0.2717207669088465,16.457795021028378,0.20557458321250588,2.235962342387438,1.0277758019252692
rank_r2,4,2,0.3668576962987294,3.6685769629872937,2.4928022695226932,0.6755586137420861,1.1376637052939917
rank_r2,4,2,0.3668576962987294,4.953046867365847,1.289201747965221,0.9055463084629768,1.057163632697233
rank_r2,4,2,0.3668576962987294,6.687245086537825,0.6911273369041612,1.2263267804278484,1.0393707634134606
rank_r2,4,2,0.3668576962987294,9.028633898472895,0.3731156609574008,1.6561145248779314,1.0233500392575803
rank_r2,4,2,0.3668576962987294,12.189807464475196,0.2058693599554808,2.235962342054828,1.029249546080389
rank_r2,4,2,0.4953046867365847,2.717207669088465,2.4686067942238825,0.6652270634569485,1.0924252722737073
rank_r2,4,2,0.4953046867365847,3.6685769629872937,1.2885261657799354,0.9091502959731914,1.06503679230779
rank_r2,4,2,0.4953046867365847,4.953046867365847,0.688739474361339,1.226375586461404,1.0358621576786642
rank_r2,4,2,0.4953046867365847,6.687245086537825,0.37857604289211416,1.656108975801199,1.0383193542950284
rank_r2,4,2,0.4953046867365847,9.028633898472895,0.20638772466602678,2.235962342794144,1.0318411254374351
rank_r2,4,2,0.6687245086537824,2.012556255857059,2.46419365923088,0.6491006456581181,1.0382427759124229
rank_r2,4,2,0.6687245086537824,2.717207669088465,1.2947127710739914,0.9065131304011089,1.0639510070069778
rank_r2,4,2,0.6687245086537824,3.6685769629872937,0.6894523687667304,1.2266844503124117,1.037456720346018
rank_r2,4,2,0.6687245086537824,4.953046867365847,0.37419031230742056,1.6561094595177008,1.026291223960169
rank_r2,4,2,0.6687245086537824,6.687245086537825,0.20510414500248203,2.2359623418944334,1.0254238326595828
rank_r2,4,2,0.9028633898472894,1.4906415615808106,2.4853081226848195,0.6662402996295356,1.1031689683803902
rank_r2,4,2,0.9028633898472894,2.012556255857059,1.2847145987467985,0.9011606240316983,1.0433044827042437
rank_r2,4,2,0.9028633898472894,2.717207669088465,0.6885777152141078,1.2264615224725472,1.0357640156501366
rank_r2,4,2,0.9028633898472894,3.6685769629872937,0.3773865989168797,1.656112397988416,1.0350613476369883
rank_r2,4,2,0.9028633898472894,4.953046867365847,0.20759592977514607,2.2359623419728814,1.0378815794625749
rank_r2,4,2,1.2189807464475195,1.1040746109061288,2.5073670714477103,0.6615816453865943,1.0974501792980174
rank_r2,4,2,1.2189807464475195,1.4906415615808106,1.285338222677895,0.9062743659941424,1.0556909895219357
rank_r2,4,2,1.2189807464475195,2.012556255857059,0.6857003460533186,1.22597281491761,1.0306140265595638
rank_r2,4,2,1.2189807464475195,2.717207669088465,0.3748684281934865,1.6561102792409022,1.0281521092186556
rank_r2,4,2,1.2189807464475195,3.6685769629872937,0.20583394625366191,2.235962342449298,1.0290724946640006
rank_r2,4,2,1.6457795021028379,0.8177557756774221,2.476485376781574,0.6646752467544662,1.0940943588663223
rank_r2,4,2,1.6457795021028379,1.1040746109061288,1.2870285346053414,0.9046719440091577,1.0533444705337907
rank_r2,4,2,1.6457795021028379,1.4906415615808106,0.6889580601795674,1.2264266942997069,1.0362772761173396
rank_r2,4,2,1.6457795021028379,2.012556255857059,0.3713469903767792,1.6561056087408081,1.018488112664048
rank_r2,4,2,1.6457795021028379,2.717207669088465,0.20729623203994982,2.235962342105786,1.0363832324885904
rank_r2,4,2,2.222012265112078,0.6056877878071585,2.4454772792574913,0.6613829701057057,1.0697188490820886
rank_r2,4,2,2.222012265112078,0.8177557756774221,1.287262955629852,0.9060107645428067,1.0566568841130544
rank_r2,4,2,2.222012265112078,1.1040746109061288,0.6896030598175161,1.2262789848974194,1.0369975998448444
rank_r2,4,2,2.222012265112078,1.4906415615808106,0.37395263077999114,1.6561099378200992,1.0256399276130945
rank_r2,4,2,2.222012265112078,2.012556255857059,0.20758270673027468,2.2359623413485283,1.037815469905271
rank_r2,4,2,2.999999999999996,0.4486152311120365,2.4760155941310042,0.6662545495341835,1.0990912511016224
rank_r2,4,2,2.999999999999996,0.6056877878071585,1.2930682335921002,0.9056056429817819,1.0604731635577809
rank_r2,4,2,2.999999999999996,0.8177557756774221,0.6891359576471384,1.2264084329319755,1.0365139878262728
rank_r2,4,2,2.999999999999996,1.1040746109061288,0.37719622087277244,1.6561085252408514,1.0345343577549693
rank_r2,4,2,2.999999999999996,1.4906415615808106,0.20699664595395345,2.2359623420504193,1.0348854435332275
rank_r2,8,2,0.01,181.70633634214732,2.54313915485085,0.6448277605421144,1.0574444850496134
rank_r2,8,2,0.01,245.3267327032263,1.3812080623974805,0.8670699550546305,1.0384064573645206
rank_r2,8,2,0.01,331.2223832718382,0.7544336817070497,1.1710497175084142,1.0345982430568437
rank_r2,8,2,0.01,447.1924684742427,0.4151575116578228,1.581064134825267,1.0377957182888258
rank_r2,8,2,0.01,603.766876757117,0.22704626048335255,2.1346382640538994,1.0345772719116741
rank_r2,8,2,0.01,815.1623007265384,0.1240003090092558,2.8820339530568155,1.0299614102828336
rank_r2,8,2,0.013501275609964631,134.58456933361077,2.534978042757807,0.6422428626321001,1.0456173359826355
rank_r2,8,2,0.013501275609964631,181.70633634214732,1.3779465749404278,0.8675777849745111,1.0371682789153094
rank_r2,8,2,0.013501275609964631,245.3267327032263,0.7549803029470411,1.1710451895402685,1.035339849647527
rank_r2,8,2,0.013501275609964631,331.2223832718382,0.418189949740755,1.5810641350523442,1.0453760975298025
rank_r2,8,2,0.013501275609964631,447.1924684742427,0.22695201362601117,2.1346382640538994,1.0341478190929096
rank_r2,8,2,0.013501275609964631,603.766876757117,0.1239777422446492,2.882033953056815,1.029773968034621
rank_r2,8,2,0.018228444309622584,99.68285458470345,2.5489459641068257,0.6446294532196496,1.0592071849011846
rank_r2,8,2,0.018228444309622584,134.58456933361077,1.3761641793409134,0.8673520970505345,1.0352878445773435
rank_r2,8,2,0.018228444309622584,181.70633634214732,0.7544390422444123,1.1710500369273795,1.0346061586738495
rank_r2,8,2,0.018228444309622584,245.3267327032263,0.41719452464038026,1.5810641343182068,1.0428877689306313
rank_r2,8,2,0.018228444309622584,331.2223832718382,0.22749746269024915,2.1346382640538994,1.036633256217682
rank_r2,8,2,0.018228444309622584,447.1924684742427,0.12493353766105522,2.882033953056816,1.037712919178283
rank_r2,8,2,0.024610725056510595,73.83217516953168,2.5509418271228808,0.6458489643269381,1.0640511118043063
rank_r2,8,2,0.024610725056510595,99.68285458470345,1.3768636097463511,0.8675519673129807,1.0362914611807492
rank_r2,8,2,0.024610725056510595,134.58456933361077,0.7563556707226325,1.1710478868652099,1.037230734085624
rank_r2,8,2,0.024610725056510595,181.70633634214732,0.4146790678246456,1.581064135104138,1.0365997220807415
rank_r2,8,2,0.024610725056510595,245.3267327032263,0.22572395657542008,2.134638264053899,1.0285519554550424
rank_r2,8,2,0.024610725056510595,331.2223832718382,0.12474835149101533,2.8820339530568155,1.0361747406819297
rank_r2,8,2,0.03322761819490119,54.68533292886767,2.5535143108120346,0.639878271886615,1.0455216314120714
rank_r2,8,2,0.03322761819490119,73.83217516953168,1.3836540292808446,0.8676609600056299,1.0416639304070567
rank_r2,8,2,0.03322761819490119,99.68285458470345,0.7520402276930193,1.1710497851808173,1.0313160812803
rank_r2,8,2,0.03322761819490119,134.58456933361077,0.4173536282781037,1.5810641347555425,1.043285491021319
rank_r2,8,2,0.03322761819490119,181.70633634214732,0.2257822439327398,2.1346382640539,1.0288175523206087
rank_r2,8,2,0.03322761819490119,245.3267327032263,0.12414740696576657,2.882033953056815,1.0311832235182041
rank_r2,8,2,0.04486152311120365,40.503826829893846,2.549675441761148,0.6381183527892004,1.0382151735218168
rank_r2,8,2,0.04486152311120365,54.68533292886767,1.374305281244119,0.8671260173476896,1.033350489432988
rank_r2,8,2,0.04486152311120365,73.83217516953168,0.7597376592165604,1.171050825264884,1.0418738632026576
rank_r2,8,2,0.04486152311120365,99.68285458470345,0.4158810688637719,1.5810641350633148,1.0396044407114007
rank_r2,8,2,0.04486152311120365,134.58456933361077,0.22753101503131948,2.1346382640539,1.036786143516583
rank_r2,8,2,0.04486152311120365,181.70633634214732,0.12370705626307336,2.882033953056816,1.0275256178687615
rank_r2,8,2,0.06056877878071584,29.99999999999996,2.528887562599671,0.6417485716221047,1.0415001622365634
rank_r2,8,2,0.06056877878071584,40.503826829893846,1.3864246126051063,0.8669752734048972,1.0421006872470828
rank_r2,8,2,0.06056877878071584,54.68533292886767,0.750507677335948,1.171045719566392,1.0292072603246252
rank_r2,8,2,0.06056877878071584,73.83217516953168,0.4166695545142068,1.581064135231948,1.041575468818718
rank_r2,8,2,0.06056877878071584,99.68285458470345,0.22654632812340364,2.1346382640538994,1.0322992398665956
rank_r2,8,2,0.06056877878071584,134.58456933361077,0.12360701708701471,2.8820339530568155,1.0266946804970714
rank_r2,8,2,0.0817755775677422,22.22012265112078,2.5461865430007804,0.6419574776229326,1.0493074163561906
rank_r2,8,2,0.0817755775677422,29.99999999999996,1.3787587790443865,0.8673091783267197,1.0371371132224843
rank_r2,8,2,0.0817755775677422,40.503826829893846,0.758243808611116,1.1710442854937873,1.0398136423406423
rank_r2,8,2,0.0817755775677422,54.68533292886767,0.41513685051234206,1.5810641344041365,1.0377440697524942
rank_r2,8,2,0.0817755775677422,73.83217516953168,0.22689200616931265,2.1346382640538986,1.0338743842840141
rank_r2,8,2,0.0817755775677422,99.68285458470345,0.12387838266181997,2.882033953056815,1.028948675445646
rank_r2,8,2,0.11040746109061289,16.457795021028378,2.5537183581999208,0.644838622095363,1.061879119780364
rank_r2,8,2,0.11040746109061289,22.22012265112078,1.3810786806604034,0.8673197366046169,1.0389074957382596
rank_r2,8,2,0.11040746109061289,29.99999999999996,0.7545549298282649,1.1710474781602975,1.0347605601022922
rank_r2,8,2,0.11040746109061289,40.503826829893846,0.4157364575470838,1.5810641341716298,1.0392429454047716
rank_r2,8,2,0.11040746109061289,54.68533292886767,0.22579857649682358,2.1346382640538994,1.0288919745971838
rank_r2,8,2,0.11040746109061289,73.83217516953168,0.1237763130745272,2.882033953056815,1.0281008732351922
rank_r2,8,2,0.14906415615808105,12.189807464475196,2.542720042518026,0.6412542895182063,1.0455844428140868
rank_r2,8,2,0.14906415615808105,16.457795021028378,1.3831763240499741,0.8675743402115023,1.0410963976114354
rank_r2,8,2,0.14906415615808105,22.22012265112078,0.7515006392068497,1.171047573473785,1.0305722197109983
rank_r2,8,2,0.14906415615808105,29.99999999999996,0.4149594999697581,1.581064134689278,1.037300735660897
rank_r2,8,2,0.14906415615808105,40.503826829893846,0.22770591662786482,2.1346382640538994,1.0375831142141916
rank_r2,8,2,0.14906415615808105,54.68533292886767,0.12437295223070038,2.882033953056815,1.0330566294879946
rank_r2,8,2,0.2012556255857059,9.028633898472895,2.5522950201896903,0.6427567988905392,1.0544457275814105
rank_r2,8,2,0.2012556255857059,12.189807464475196,1.37745699691724,0.8672535965574393,1.0360250791647838
rank_r2,8,2,0.2012556255857059,16.457795021028378,0.7513164783984188,1.1710500011223948,1.0303239421684691
rank_r2,8,2,0.2012556255857059,22.22012265112078,0.41655311326317007,1.5810641347047254,1.041284392500128
rank_r2,8,2,0.2012556255857059,29.99999999999996,0.22627847254834918,2.134638264053899,1.0310787075860095
rank_r2,8,2,0.2012556255857059,40.503826829893846,0.12412786090788491,2.8820339530568155,1.0310208716216476
rank_r2,8,2,0.2717207669088465,6.687245086537825,2.5493955789838756,0.6428865344580497,1.0536730862007118
rank_r2,8,2,0.2717207669088465,9.028633898472895,1.3750350149105797,0.8673902574936003,1.0345293998661387
rank_r2,8,2,0.2717207669088465,12.189807464475196,0.7555875565004667,1.1710469401145254,1.036175702800292
rank_r2,8,2,0.2717207669088465,16.457795021028378,0.41454900412626067,1.5810641350983292,1.0362745935483
rank_r2,8,2,0.2717207669088465,22.22012265112078,0.22663029958184133,2.1346382640538994,1.0326818709753571
rank_r2,8,2,0.2717207669088465,29.99999999999996,0.12458096210840826,2.882033953056815,1.0347843844323859
rank_r2,8,2,0.3668576962987294,4.953046867365847,2.5623518127791076,0.6395103353367944,1.047933909677319
rank_r2,8,2,0.3668576962987294,6.687245086537825,1.3833994321143372,0.8673990977016632,1.0408437174727152
rank_r2,8,2,0.3668576962987294,9.028633898472895,0.752593978063703,1.1710482458113975,1.0320727576915176
rank_r2,8,2,0.3668576962987294,12.189807464475196,0.4168375269433172,1.5810641346020335,1.0419953593860725
rank_r2,8,2,0.3668576962987294,16.457795021028378,0.226996895837383,2.1346382640538994,1.0343523329910884
rank_r2,8,2,0.3668576962987294,22.22012265112078,0.12443625770948188,2.8820339530568155,1.033582452372836
rank_r2,8,2,0.4953046867365847,3.6685769629872937,2.54886150243354,0.6430976744415345,1.054144424426745
rank_r2,8,2,0.4953046867365847,4.953046867365847,1.3826150465269156,0.8670957470745054,1.0395260836376394
rank_r2,8,2,0.4953046867365847,6.687245086537825,0.7550646479970771,1.1710483283287076,1.0354610666989938
rank_r2,8,2,0.4953046867365847,9.028633898472895,0.4179235269459425,1.581064134813734,1.0447101031567323
rank_r2,8,2,0.4953046867365847,12.189807464475196,0.22516168072192258,2.134638264053899,1.0259898440274644
rank_r2,8,2,0.4953046867365847,16.457795021028378,0.12409551893474734,2.882033953056815,1.03075223532122
rank_r2,8,2,0.6687245086537824,2.717207669088465,2.55139110896232,0.6448330301618389,1.0608930103209868
rank_r2,8,2,0.6687245086537824,3.6685769629872937,1.3801752006531653,0.8674261480730764,1.0384826347565321
rank_r2,8,2,0.6687245086537824,4.953046867365847,0.7524452940118709,1.1710454324696287,1.031863901278401
rank_r2,8,2,0.6687245086537824,6.687245086537825,0.4156619260288842,1.581064134827111,1.039056635075437
rank_r2,8,2,0.6687245086537824,9.028633898472895,0.22461182763928172,2.1346382640539,1.0234843391978337
rank_r2,8,2,0.6687245086537824,12.189807464475196,0.12463758608665501,2.882033953056815,1.0352547099739657
rank_r2,8,2,0.9028633898472894,2.012556255857059,2.5514317688471895,0.640864133330906,1.0478904725995342
rank_r2,8,2,0.9028633898472894,2.717207669088465,1.3818642740518379,0.8675687199434231,1.0400953610514403
rank_r2,8,2,0.9028633898472894,3.6685769629872937,0.7554880469934336,1.1710485919235532,1.0360421630971712
rank_r2,8,2,0.9028633898472894,4.953046867365847,0.41590051580669934,1.5810641343575906,1.0396530525472156
rank_r2,8,2,0.9028633898472894,6.687245086537825,0.22644305211454058,2.1346382640539,1.0318286440889954
rank_r2,8,2,0.9028633898472894,9.028633898472895,0.12333912100736004,2.882033953056816,1.0244695035905382
rank_r2,8,2,1.2189807464475195,1.4906415615808106,2.533471563919301,0.6383351401060751,1.0323180944976666
rank_r2,8,2,1.2189807464475195,2.012556255857059,1.3795337653071311,0.8672223525576529,1.0375123168361324
rank_r2,8,2,1.2189807464475195,2.717207669088465,0.7590771852201458,1.1710499440882807,1.040966548972749
rank_r2,8,2,1.2189807464475195,3.6685769629872937,0.4159677950392874,1.5810641348698544,1.0398212354109289
rank_r2,8,2,1.2189807464475195,4.953046867365847,0.22814696819195487,2.134638264053899,1.0395928452838739
rank_r2,8,2,1.2189807464475195,6.687245086537825,0.12430393322477229,2.8820339530568155,1.0324833493627277
rank_r2,8,2,1.6457795021028379,1.1040746109061288,2.5576801113458556,0.6414084239117618,1.0522417883888049
rank_r2,8,2,1.6457795021028379,1.4906415615808106,1.3744259137160995,0.866997569620041,1.0331350484494022
rank_r2,8,2,1.6457795021028379,2.012556255857059,0.7526127696406348,1.171046644402038,1.032095704806497
rank_r2,8,2,1.6457795021028379,2.717207669088465,0.4172562822471908,1.581064135089078,1.043042149377416
rank_r2,8,2,1.6457795021028379,3.6685769629872937,0.22728884086059845,2.1346382640538994,1.0356826331908076
rank_r2,8,2,1.6457795021028379,4.953046867365847,0.12419003607988413,2.8820339530568155,1.03153730604305
rank_r2,8,2,2.222012265112078,0.8177557756774221,2.552494195392052,0.642190047917195,1.0526691732689382
rank_r2,8,2,2.222012265112078,1.1040746109061288,1.377259249237112,0.8672599065009591,1.0358914211041228
rank_r2,8,2,2.222012265112078,1.4906415615808106,0.7519869566645881,1.1710445002375212,1.0312337196797925
rank_r2,8,2,2.222012265112078,2.012556255857059,0.4150788338519382,1.581064134554091,1.0375990420020083
rank_r2,8,2,2.222012265112078,2.717207669088465,0.2261342851236194,2.1346382640538994,1.0304216915567508
rank_r2,8,2,2.222012265112078,3.6685769629872937,0.12381611363434314,2.882033953056815,1.0284314614494119
rank_r2,8,2,2.999999999999996,0.6056877878071585,2.5487714867201543,0.6445603876226716,1.0589077421105075
rank_r2,8,2,2.999999999999996,0.8177557756774221,1.3762085055167839,0.8673369624435683,1.0352850603904387
rank_r2,8,2,2.999999999999996,1.1040746109061288,0.7550160526294563,1.1710469953143925,1.035392068042829
rank_r2,8,2,2.999999999999996,1.4906415615808106,0.4153760142771378,1.5810641342064486,1.038341922413651
rank_r2,8,2,2.999999999999996,2.012556255857059,0.22562920707746045,2.1346382640538994,1.0281202122635653
rank_r2,8,2,2.999999999999996,2.717207669088465,0.12371321146378264,2.882033953056815,1.0275767437026704
rank_r2,16,2,0.01,245.3267327032263,2.749069804477304,0.6135153981032626,1.0347530185433464
rank_r2,16,2,0.01,331.2223832718382,1.5119587178144127,0.8280570251878525,1.0367174903835013
rank_r2,16,2,0.01,447.1924684742427,0.8291250666371539,1.1179811713796806,1.0363084132608285
rank_r2,16,2,0.01,603.766876757117,0.45283208604976793,1.5094171918927923,1.031705572296338
rank_r2,16,2,0.01,815.1623007265384,0.2478382590025656,2.0379057518163464,1.0292871235718892
rank_r2,16,2,0.01,1100.5730888961868,0.13693101099262317,2.7514327222404673,1.0366200642857661
rank_r2,16,2,0.013501275609964631,181.70633634214732,2.7502500380424144,0.6134744336344001,1.035059024025859
rank_r2,16,2,0.013501275609964631,245.3267327032263,1.511809013803923,0.8280578554604248,1.0366169203494346
rank_r2,16,2,0.013501275609964631,331.2223832718382,0.8303285346024101,1.1179811713586,1.037812606048164
rank_r2,16,2,0.013501275609964631,447.1924684742427,0.45392877762781486,1.5094171918927923,1.0342042088705077
rank_r2,16,2,0.013501275609964631,603.766876757117,0.2487765293972708,2.037905751816346,1.033183816679666
rank_r2,16,2,0.013501275609964631,815.1623007265384,0.13739208265059186,2.751432722240467,1.0401105528774963
rank_r2,16,2,0.018228444309622584,134.58456933361077,2.752323680185241,0.6132761452475127,1.035169937254648
rank_r2,16,2,0.018228444309622584,181.70633634214732,1.517721679107464,0.8280574567257017,1.0406701133545813
rank_r2,16,2,0.018228444309622584,245.3267327032263,0.8251735696033294,1.1179811714932242,1.0313695088515829
rank_r2,16,2,0.018228444309622584,331.2223832718382,0.4535735315046893,1.5094171918927923,1.0333948373262725
rank_r2,16,2,0.018228444309622584,447.1924684742427,0.24863812809379057,2.0379057518163464,1.0326090277825404
rank_r2,16,2,0.018228444309622584,603.766876757117,0.13634285223525902,2.7514327222404673,1.0321674778011611
rank_r2,16,2,0.024610725056510595,99.68285458470345,2.7494785352813396,0.6131393868873303,1.0336387069213417
rank_r2,16,2,0.024610725056510595,134.58456933361077,1.5108341199225377,0.8280555667472166,1.035942728677832
rank_r2,16,2,0.024610725056510595,181.70633634214732,0.8277873842520588,1.1179811714285666,1.034636468350822
rank_r2,16,2,0.024610725056510595,245.3267327032263,0.4515569836237513,1.509417191892792,1.0288004551045637
rank_r2,16,2,0.024610725056510595,331.2223832718382,0.24962274120676506,2.0379057518163464,1.0366981849730537
rank_r2,16,2,0.024610725056510595,447.1924684742427,0.13748761538228826,2.7514327222404673,1.0408337721523317
rank_r2,16,2,0.03322761819490119,73.83217516953168,2.7633254668569283,0.613339481865778,1.0395224750562257
rank_r2,16,2,0.03322761819490119,99.68285458470345,1.511520624052806,0.8280542676246995,1.0364101960778334
rank_r2,16,2,0.03322761819490119,134.58456933361077,0.8263212350654467,1.1179811711221384,1.0328039544540972
rank_r2,16,2,0.03322761819490119,181.70633634214732,0.45371129460778264,1.5094171918927926,1.03370870855028
rank_r2,16,2,0.03322761819490119,245.3267327032263,0.24605435157202604,2.037905751816346,1.0218784492401363
rank_r2,16,2,0.03322761819490119,331.2223832718382,0.1354177778898309,2.7514327222404673,1.025164311604729
rank_r2,16,2,0.04486152311120365,54.68533292886767,2.7444424736442024,0.6133065406711636,1.0323080750159295
rank_r2,16,2,0.04486152311120365,73.83217516953168,1.514223424383571,0.8280561739960559,1.0382682162887331
rank_r2,16,2,0.04486152311120365,99.68285458470345,0.8275024341542203,1.1179811709115124,1.034280313424538
rank_r2,16,2,0.04486152311120365,134.58456933361077,0.4542835868777052,1.5094171918927926,1.035012585068863
rank_r2,16,2,0.04486152311120365,181.70633634214732,0.24886733532393024,2.0379057518163464,1.0335609391281164
rank_r2,16,2,0.04486152311120365,245.3267327032263,0.13654842574228013,2.751432722240467,1.033723747783533
rank_r2,16,2,0.06056877878071584,40.503826829893846,2.7475185132083433,0.6131980074825026,1.0330993717401808
rank_r2,16,2,0.06056877878071584,54.68533292886767,1.509780690937718,0.8280558584476868,1.035221147040122
rank_r2,16,2,0.06056877878071584,73.83217516953168,0.824944314157227,1.1179811712205974,1.0310829661161935
rank_r2,16,2,0.06056877878071584,99.68285458470345,0.45144313645088957,1.5094171918927923,1.0285410725072395
rank_r2,16,2,0.06056877878071584,134.58456933361077,0.24835076359543615,2.0379057518163464,1.0314155858211647
rank_r2,16,2,0.06056877878071584,181.70633634214732,0.13596857050320238,2.7514327222404673,1.029334022104508
rank_r2,16,2,0.0817755775677422,29.99999999999996,2.748895552192138,0.6132697465607443,1.0338590180485496
rank_r2,16,2,0.0817755775677422,40.503826829893846,1.5037928951082187,0.8280548250355129,1.031112882466093
rank_r2,16,2,0.0817755775677422,54.68533292886767,0.8246369519662425,1.1179811711694347,1.0306987995828456
rank_r2,16,2,0.0817755775677422,73.83217516953168,0.45403488712070383,1.5094171918927919,1.034445962400037
rank_r2,16,2,0.0817755775677422,99.68285458470345,0.2488316112368732,2.037905751816346,1.0334125748563638
rank_r2,16,2,0.0817755775677422,134.58456933361077,0.13682413966504473,2.7514327222404664,1.0358110075084765
rank_r2,16,2,0.11040746109061289,22.22012265112078,2.735077215476436,0.6132161238215121,1.0284820653432367
rank_r2,16,2,0.11040746109061289,29.99999999999996,1.5123001539382166,0.8280555087225434,1.036947807724321
rank_r2,16,2,0.11040746109061289,40.503826829893846,0.8255011081114775,1.1179811710018859,1.0317788923975022
rank_r2,16,2,0.11040746109061289,54.68533292886767,0.4530517736108614,1.5094171918927923,1.0322060953112187
rank_r2,16,2,0.11040746109061289,73.83217516953168,0.2472871604522492,2.037905751816346,1.0269983783073657
rank_r2,16,2,0.11040746109061289,99.68285458470345,0.1366150863780432,2.7514327222404673,1.0342283942622903
rank_r2,16,2,0.14906415615808105,16.457795021028378,2.7394026100991913,0.6134100585965754,1.0307602249326133
rank_r2,16,2,0.14906415615808105,22.22012265112078,1.5072145430411152,0.8280549979566802,1.0334594518358469
rank_r2,16,2,0.14906415615808105,29.99999999999996,0.8241060948178878,1.1179811711127337,1.0300352907376336
rank_r2,16,2,0.14906415615808105,40.503826829893846,0.45376201651889436,1.5094171918927923,1.0338242703223883
rank_r2,16,2,0.14906415615808105,54.68533292886767,0.2463331564879953,2.037905751816346,1.023036342743547
rank_r2,16,2,0.14906415615808105,73.83217516953168,0.13624928412578557,2.751432722240466,1.031459131467088
rank_r2,16,2,0.2012556255857059,12.189807464475196,2.748639267653827,0.6133475871295608,1.034025071191201
rank_r2,16,2,0.2012556255857059,16.457795021028378,1.5121383917810463,0.8280568488185728,1.036840247271215
rank_r2,16,2,0.2012556255857059,22.22012265112078,0.8249718115811382,1.117981171029922,1.0311173342968938
rank_r2,16,2,0.2012556255857059,29.99999999999996,0.45259281935767476,1.509417191892792,1.0311604413590605
rank_r2,16,2,0.2012556255857059,40.503826829893846,0.24784667829915086,2.0379057518163464,1.0293220894145305
rank_r2,16,2,0.2012556255857059,54.68533292886767,0.1366658867392574,2.7514327222404664,1.0346129724036899
rank_r2,16,2,0.2717207669088465,9.028633898472895,2.7446762713895074,0.6134022772032184,1.032718353957431
rank_r2,16,2,0.2717207669088465,12.189807464475196,1.5110096706870677,0.8280562555196653,1.0360648232124976
rank_r2,16,2,0.2717207669088465,16.457795021028378,0.8266718269809525,1.1179811713300112,1.0332421533274516
rank_r2,16,2,0.2717207669088465,22.22012265112078,0.45189175859115144,1.5094171918927923,1.029563186390558
rank_r2,16,2,0.2717207669088465,29.99999999999996,0.2486627030404717,2.037905751816346,1.032711089006998
rank_r2,16,2,0.2717207669088465,40.503826829893846,0.13644582157781399,2.7514327222404673,1.0329469950611672
rank_r2,16,2,0.3668576962987294,6.687245086537825,2.7414347651537425,0.6133405328729488,1.0312910488240292
rank_r2,16,2,0.3668576962987294,9.028633898472895,1.5161458627479265,0.8280567727285617,1.0395878914742716
rank_r2,16,2,0.3668576962987294,12.189807464475196,0.8271715987800087,1.1179811712338201,1.033866808875039
rank_r2,16,2,0.3668576962987294,16.457795021028378,0.4525281856075465,1.5094171918927923,1.0310131836840415
rank_r2,16,2,0.3668576962987294,22.22012265112078,0.24993555373719037,2.0379057518163464,1.0379973141347678
rank_r2,16,2,0.3668576962987294,29.99999999999996,0.1371300107407046,2.751432722240467,1.0381265684016243
rank_r2,16,2,0.4953046867365847,4.953046867365847,2.749115074827166,0.6133906347764242,1.0343492433973087
rank_r2,16,2,0.4953046867365847,6.687245086537825,1.5157690755761655,0.8280561830912907,1.0393280566353247
rank_r2,16,2,0.4953046867365847,9.028633898472895,0.8290605120367757,1.1179811713176724,1.036227727519335
rank_r2,16,2,0.4953046867365847,12.189807464475196,0.45352943167591403,1.509417191892792,1.0332943629109503
rank_r2,16,2,0.4953046867365847,16.457795021028378,0.25003240660502296,2.037905751816346,1.0383995498918388
rank_r2,16,2,0.4953046867365847,22.22012265112078,0.13678694794797502,2.751432722240467,1.0355294520020926
rank_r2,16,2,0.6687245086537824,3.6685769629872937,2.7466215457731464,0.6133653024878662,1.0333257024194933
rank_r2,16,2,0.6687245086537824,4.953046867365847,1.5100288133193485,0.8280566607400776,1.0353932850823557
rank_r2,16,2,0.6687245086537824,6.687245086537825,0.8309035431075366,1.1179811712220713,1.0385312985171349
rank_r2,16,2,0.6687245086537824,9.028633898472895,0.44959984294380945,1.5094171918927928,1.0243414227005712
rank_r2,16,2,0.6687245086537824,12.189807464475196,0.24717131768529194,2.037905751816346,1.026517276362622
rank_r2,16,2,0.6687245086537824,16.457795021028378,0.13707344715462605,2.7514327222404673,1.0376983604463053
rank_r2,16,2,0.9028633898472894,2.717207669088465,2.7653719631041924,0.6133801335823811,1.0404302411848738
rank_r2,16,2,0.9028633898472894,3.6685769629872937,1.5183322303376376,0.828056423851324,1.0410861584093924
rank_r2,16,2,0.9028633898472894,4.953046867365847,0.8293348232892195,1.117981171299514,1.0365705841548998
rank_r2,16,2,0.9028633898472894,6.687245086537825,0.45303550742204374,1.5094171918927928,1.0321690353983723
rank_r2,16,2,0.9028633898472894,9.028633898472895,0.24779018479209608,2.0379057518163464,1.0290874684984102
rank_r2,16,2,0.9028633898472894,12.189807464475196,0.13715535064088574,2.751432722240467,1.0383184011264712
rank_r2,16,2,1.2189807464475195,2.012556255857059,2.7331935849246847,0.6132532849495879,1.0278983269128876
rank_r2,16,2,1.2189807464475195,2.717207669088465,1.5183047524233997,0.8280565619966943,1.0410676647878245
rank_r2,16,2,1.2189807464475195,3.6685769629872937,0.8278359342024315,1.1179811712611114,1.0346971497450614
rank_r2,16,2,1.2189807464475195,4.953046867365847,0.45272731262758414,1.509417191892792,1.031466862790484
rank_r2,16,2,1.2189807464475195,6.687245086537825,0.24736335603322349,2.0379057518163464,1.027314823115708
rank_r2,16,2,1.2189807464475195,9.028633898472895,0.1368202543995001,2.751432722240467,1.0357815945640352
rank_r2,16,2,1.6457795021028379,1.4906415615808106,2.750326836322798,0.6131995902693211,1.0341606730900623
rank_r2,16,2,1.6457795021028379,2.012556255857059,1.5078518871593687,0.8280553527952229,1.0338973489067398
rank_r2,16,2,1.6457795021028379,2.717207669088465,0.8265011690964758,1.117981171283506,1.033028851040703
rank_r2,16,2,1.6457795021028379,3.6685769629872937,0.453816205583057,1.5094171918927923,1.0339477314488774
rank_r2,16,2,1.6457795021028379,4.953046867365847,0.24893466947082823,2.0379057518163464,1.0338405818703535
rank_r2,16,2,1.6457795021028379,6.687245086537825,0.13698599239871628,2.7514327222404678,1.037036294534164
rank_r2,16,2,2.222012265112078,1.1040746109061288,2.7371665455334315,0.6133860406401228,1.0298382056873916
rank_r2,16,2,2.222012265112078,1.4906415615808106,1.5083988797310541,0.8280548417564423,1.034271131790254
rank_r2,16,2,2.222012265112078,2.012556255857059,0.828695629661122,1.117981171087454,1.0357716672160089
rank_r2,16,2,2.222012265112078,2.717207669088465,0.4531251733207984,1.5094171918927923,1.0323733248253801
rank_r2,16,2,2.222012265112078,3.6685769629872937,0.24796493723280205,2.037905751816346,1.0298132258441695
rank_r2,16,2,2.222012265112078,4.953046867365847,0.13699282529699294,2.7514327222404673,1.037088022184456
rank_r2,16,2,2.999999999999996,0.8177557756774221,2.750906117900589,0.6133382840401369,1.0348464562615778
rank_r2,16,2,2.999999999999996,1.1040746109061288,1.5016071828549153,0.8280566193975902,1.0296186569400378
rank_r2,16,2,2.999999999999996,1.4906415615808106,0.8262123125852692,1.1179811710045984,1.0326678140005903
rank_r2,16,2,2.999999999999996,2.012556255857059,0.45193273339173806,1.5094171918927923,1.0296565409283465
rank_r2,16,2,2.999999999999996,2.717207669088465,0.24799774732912627,2.037905751816346,1.029949488137996
rank_r2,16,2,2.999999999999996,3.6685769629872937,0.13643385929718607,2.751432722240467,1.032856436026923
rank_r2,32,2,0.01,331.2223832718382,3.0327516855028507,0.585522928900215,1.0397397936903416
rank_r2,32,2,0.01,447.1924684742427,1.6440304305013642,0.7905320673605158,1.0274219382859957
rank_r2,32,2,0.01,603.766876757117,0.9021277360175516,1.0673191320269497,1.0276769699465345
rank_r2,32,2,0.01,815.1623007265384,0.5018232232729488,1.4410169765284078,1.0420509410107672
rank_r2,32,2,0.01,1100.5730888961868,0.2730208915116721,1.9455567358747967,1.0334362247768465
rank_r2,32,2,0.01,1485.9140602097523,0.14987227826006036,2.6267497705868794,1.0340908972967613
rank_r2,32,2,0.013501275609964631,245.3267327032263,3.016723155256735,0.5855236893132302,1.0342473051880972
rank_r2,32,2,0.013501275609964631,331.2223832718382,1.6562348683681842,0.790532067213277,1.0350489908893468
rank_r2,32,2,0.013501275609964631,447.1924684742427,0.9066351290193123,1.0673191320269497,1.0328116574164667
rank_r2,32,2,0.013501275609964631,603.766876757117,0.49639848891398897,1.4410169765284075,1.0307863177702978
rank_r2,32,2,0.013501275609964631,815.1623007265384,0.27243597319889434,1.9455567358747965,1.0312221972362687
rank_r2,32,2,0.013501275609964631,1100.5730888961868,0.14897851516349114,2.626749770586879,1.0279240978510475
rank_r2,32,2,0.018228444309622584,181.70633634214732,3.010128808563031,0.5855239217603982,1.031987331994571
rank_r2,32,2,0.018228444309622584,245.3267327032263,1.6583938210307396,0.7905320673365618,1.036398209139018
rank_r2,32,2,0.018228444309622584,331.2223832718382,0.9061588818248487,1.0673191320269497,1.0322691308382324
rank_r2,32,2,0.018228444309622584,447.1924684742427,0.49906538180808996,1.441016976528408,1.036324200676051
rank_r2,32,2,0.018228444309622584,603.766876757117,0.27284059625843804,1.9455567358747967,1.0327537728047071
rank_r2,32,2,0.018228444309622584,815.1623007265384,0.1494477243336081,2.6267497705868794,1.031161554019587
rank_r2,32,2,0.024610725056510595,134.58456933361077,3.0166698456075793,0.5855242199454617,1.0342309031609602
rank_r2,32,2,0.024610725056510595,181.70633634214732,1.6587033177629367,0.7905320673742526,1.0365916264195454
rank_r2,32,2,0.024610725056510595,245.3267327032263,0.9029459967452165,1.0673191320269495,1.0286091081257072
rank_r2,32,2,0.024610725056510595,331.2223832718382,0.49961423723515824,1.4410169765284078,1.0374639153957583
rank_r2,32,2,0.024610725056510595,447.1924684742427,0.27295990440829954,1.9455567358747967,1.033205376941282
rank_r2,32,2,0.024610725056510595,603.766876757117,0.15011765018794734,2.6267497705868794,1.0357839180476691
rank_r2,32,2,0.03322761819490119,99.68285458470345,3.028905775491168,0.5855255251856012,1.0384304820664347
rank_r2,32,2,0.03322761819490119,134.58456933361077,1.6513749805006779,0.7905320674225975,1.0320118484984937
rank_r2,32,2,0.03322761819490119,181.70633634214732,0.9030506036886045,1.06731913202695,1.028728273230963
rank_r2,32,2,0.03322761819490119,245.3267327032263,0.4994451568783409,1.4410169765284075,1.0371128149748194
rank_r2,32,2,0.03322761819490119,331.2223832718382,0.2734495361722158,1.9455567358747967,1.035058726693496
rank_r2,32,2,0.03322761819490119,447.1924684742427,0.14960322804828183,2.6267497705868794,1.0322345007827032
rank_r2,32,2,0.04486152311120365,73.83217516953168,3.016464933739013,0.5855228198578483,1.034155705759578
rank_r2,32,2,0.04486152311120365,99.68285458470345,1.6548464885384102,0.7905320676342271,1.034181336581931
rank_r2,32,2,0.04486152311120365,134.58456933361077,0.9016965339510926,1.06731913202695,1.0271857574326069
rank_r2,32,2,0.04486152311120365,181.70633634214732,0.49918153405912113,1.441016976528408,1.036565394301364
rank_r2,32,2,0.04486152311120365,245.3267327032263,0.2728513347874841,1.9455567358747967,1.0327944201883397
rank_r2,32,2,0.04486152311120365,331.2223832718382,0.14957368165588533,2.62674977058688,1.0320306361602403
rank_r2,32,2,0.06056877878071584,54.68533292886767,3.014575086486751,0.5855235683316461,1.033510438516625
rank_r2,32,2,0.06056877878071584,73.83217516953168,1.6563651069291585,0.7905320671956002,1.0351303822529845
rank_r2,32,2,0.06056877878071584,99.68285458470345,0.9063453559974,1.0673191320269497,1.032481556645543
rank_r2,32,2,0.06056877878071584,134.58456933361077,0.49693810953365464,1.4410169765284078,1.0319068561360676
rank_r2,32,2,0.06056877878071584,181.70633634214732,0.27210241213289077,1.9455567358747967,1.0299596048871098
rank_r2,32,2,0.06056877878071584,245.3267327032263,0.1498885878111345,2.626749770586879,1.0342034301714234
rank_r2,32,2,0.0817755775677422,40.503826829893846,3.0323438860820864,0.5855241133326633,1.0396041908595965
rank_r2,32,2,0.0817755775677422,54.68533292886767,1.6503190936749546,0.7905320673169528,1.0313519813072767
rank_r2,32,2,0.0817755775677422,73.83217516953168,0.9065216494034428,1.0673191320269493,1.03268238482775
rank_r2,32,2,0.0817755775677422,99.68285458470345,0.4974607393693512,1.4410169765284075,1.0329921126304475
rank_r2,32,2,0.0817755775677422,134.58456933361077,0.27332574719358754,1.9455567358747965,1.0345901617641444
rank_r2,32,2,0.0817755775677422,181.70633634214732,0.14920171580615266,2.626749770586879,1.029464140849837
rank_r2,32,2,0.11040746109061289,29.99999999999996,3.0195276940513627,0.5855240412674108,1.035210052147292
rank_r2,32,2,0.11040746109061289,40.503826829893846,1.6532508499993759,0.7905320674053163,1.0331841561192083
rank_r2,32,2,0.11040746109061289,54.68533292886767,0.9024910258627099,1.0673191320269497,1.0280908188865225
rank_r2,32,2,0.11040746109061289,73.83217516953168,0.4964583693894704,1.4410169765284075,1.0309106613696568
rank_r2,32,2,0.11040746109061289,99.68285458470345,0.27278131276797934,1.945556735874797,1.0325293734694332
rank_r2,32,2,0.11040746109061289,134.58456933361077,0.14967329529479118,2.62674977058688,1.0327179517761436
rank_r2,32,2,0.14906415615808105,22.22012265112078,3.019781025517822,0.5855241447900141,1.0352972699905811
rank_r2,32,2,0.14906415615808105,29.99999999999996,1.6513803243119922,0.7905320673936284,1.0320151879893744
rank_r2,32,2,0.14906415615808105,40.503826829893846,0.9059983631219743,1.0673191320269497,1.0320862727266773
rank_r2,32,2,0.14906415615808105,54.68533292886767,0.49580605690096563,1.4410169765284075,1.0295561149657533
rank_r2,32,2,0.14906415615808105,73.83217516953168,0.27253549664435417,1.945556735874796,1.0315989124875566
rank_r2,32,2,0.14906415615808105,99.68285458470345,0.14954033130074998,2.626749770586879,1.0318005249010564
rank_r2,32,2,0.2012556255857059,16.457795021028378,3.018685598367991,0.5855238982464732,1.0349208438254458
rank_r2,32,2,0.2012556255857059,22.22012265112078,1.6602966266046602,0.7905320674104154,1.0375873504549422
rank_r2,32,2,0.2012556255857059,29.99999999999996,0.9056568911095051,1.0673191320269495,1.0316972780099807
rank_r2,32,2,0.2012556255857059,40.503826829893846,0.4959872921793472,1.4410169765284078,1.0299324554450766
rank_r2,32,2,0.2012556255857059,54.68533292886767,0.274425869828273,1.9455567358747963,1.0387543360736122
rank_r2,32,2,0.2012556255857059,73.83217516953168,0.14924064120350902,2.6267497705868785,1.0297327188653789
rank_r2,32,2,0.2717207669088465,12.189807464475196,3.0159957788406544,0.5855222914279304,1.0339929957703085
rank_r2,32,2,0.2717207669088465,16.457795021028378,1.6572360028535953,0.790532067370444,1.0356746412368376
rank_r2,32,2,0.2717207669088465,22.22012265112078,0.9074744426064938,1.0673191320269497,1.0337677783843435
rank_r2,32,2,0.2717207669088465,29.99999999999996,0.4975269111740396,1.4410169765284075,1.0331295203631832
rank_r2,32,2,0.2717207669088465,40.503826829893846,0.2720698218162115,1.945556735874797,1.0298362443133209
rank_r2,32,2,0.2717207669088465,54.68533292886767,0.14887508128114071,2.626749770586879,1.027210423264577
rank_r2,32,2,0.3668576962987294,9.028633898472895,3.0173049943512456,0.5855245512121682,1.034449827176269
rank_r2,32,2,0.3668576962987294,12.189807464475196,1.6589889061345944,0.7905320671099194,1.036770101594371
rank_r2,32,2,0.3668576962987294,16.457795021028378,0.9056431793888527,1.0673191320269497,1.0316816580273884
rank_r2,32,2,0.3668576962987294,22.22012265112078,0.4980571664910486,1.4410169765284078,1.0342306113977142
rank_r2,32,2,0.3668576962987294,29.99999999999996,0.2730788848455177,1.9455567358747965,1.033655740622904
rank_r2,32,2,0.3668576962987294,40.503826829893846,0.14894820702671427,2.6267497705868794,1.0277149773337724
rank_r2,32,2,0.4953046867365847,6.687245086537825,3.007710074410651,0.5855238486638559,1.0311578399206143
rank_r2,32,2,0.4953046867365847,9.028633898472895,1.6535846425703897,0.7905320674763046,1.0333927569510992
rank_r2,32,2,0.4953046867365847,12.189807464475196,0.9032525754702962,1.0673191320269495,1.028958353451686
rank_r2,32,2,0.4953046867365847,16.457795021028378,0.4979319239374175,1.4410169765284075,1.0339705414870097
rank_r2,32,2,0.4953046867365847,22.22012265112078,0.2735430136106665,1.9455567358747965,1.0354125566533918
rank_r2,32,2,0.4953046867365847,29.99999999999996,0.14974122842812265,2.626749770586879,1.0331866777848382
rank_r2,32,2,0.6687245086537824,4.953046867365847,3.0395817435892374,0.58552495973727,1.0420886197552734
rank_r2,32,2,0.6687245086537824,6.687245086537825,1.6616979189603667,0.7905320673624059,1.0384630753042576
rank_r2,32,2,0.6687245086537824,9.028633898472895,0.9023460710043346,1.06731913202695,1.0279256906417227
rank_r2,32,2,0.6687245086537824,12.189807464475196,0.499616510723098,1.4410169765284075,1.0374686363615029
rank_r2,32,2,0.6687245086537824,16.457795021028378,0.27528360615802716,1.945556735874797,1.0420010319200996
rank_r2,32,2,0.6687245086537824,22.22012265112078,0.1504504389174351,2.6267497705868794,1.0380800985013292
rank_r2,32,2,0.9028633898472894,3.6685769629872937,3.015644892688878,0.5855240176008921,1.0338787951519068
rank_r2,32,2,0.9028633898472894,4.953046867365847,1.650681116056742,0.7905320675425488,1.0315782245070433
rank_r2,32,2,0.9028633898472894,6.687245086537825,0.9046877226478116,1.06731913202695,1.0305932302478789
rank_r2,32,2,0.9028633898472894,9.028633898472895,0.5000371794762672,1.441016976528408,1.0383421676166629
rank_r2,32,2,0.9028633898472894,12.189807464475196,0.27477767458979047,1.9455567358747965,1.0400859842950658
rank_r2,32,2,0.9028633898472894,16.457795021028378,0.14999643142327435,2.6267497705868794,1.0349475310748069
rank_r2,32,2,1.2189807464475195,2.717207669088465,2.996031387934717,0.5855240919752562,1.0271547939924839
rank_r2,32,2,1.2189807464475195,3.6685769629872937,1.650655174167025,0.7905320673897918,1.0315620119591793
rank_r2,32,2,1.2189807464475195,4.953046867365847,0.9050779817713902,1.0673191320269495,1.031037801784259
rank_r2,32,2,1.2189807464475195,6.687245086537825,0.49792902912538206,1.4410169765284078,1.0339645303231866
rank_r2,32,2,1.2189807464475195,9.028633898472895,0.2728522700168602,1.9455567358747967,1.032797960210169
rank_r2,32,2,1.2189807464475195,12.189807464475196,0.1494672023132014,2.6267497705868785,1.0312959484628355
rank_r2,32,2,1.6457795021028379,2.012556255857059,3.02577556994822,0.5855249856676141,1.0373554102643254
rank_r2,32,2,1.6457795021028379,2.717207669088465,1.6561665450802259,0.7905320674018508,1.035006293362693
rank_r2,32,2,1.6457795021028379,3.6685769629872937,0.902735300167533,1.0673191320269497,1.0283690888780035
rank_r2,32,2,1.6457795021028379,4.953046867365847,0.4977924604030334,1.4410169765284078,1.033680941284186
rank_r2,32,2,1.6457795021028379,6.687245086537825,0.27357587658055454,1.9455567358747972,1.0355369492716568
rank_r2,32,2,1.6457795021028379,9.028633898472895,0.14964939798866847,2.62674977058688,1.0325530648002579
rank_r2,32,2,2.222012265112078,1.4906415615808106,3.0129956730603973,0.585525002290569,1.0329740153441762
rank_r2,32,2,2.222012265112078,2.012556255857059,1.6526356913687894,0.7905320675467555,1.0327997186700273
rank_r2,32,2,2.222012265112078,2.717207669088465,0.910824010024925,1.0673191320269497,1.0375835055344707
rank_r2,32,2,2.222012265112078,3.6685769629872937,0.4975108383409792,1.4410169765284075,1.0330961446443274
rank_r2,32,2,2.222012265112078,4.953046867365847,0.27380035798846736,1.9455567358747967,1.0363866542793632
rank_r2,32,2,2.222012265112078,6.687245086537825,0.1495812046566244,2.62674977058688,1.0320825434687495
rank_r2,32,2,2.999999999999996,1.1040746109061288,3.021296781032762,0.5855246299804895,1.035818646019845
rank_r2,32,2,2.999999999999996,1.4906415615808106,1.6511140465146714,0.790532067549445,1.0318487804966274
rank_r2,32,2,2.999999999999996,2.012556255857059,0.9070417253036159,1.0673191320269497,1.0332748397583478
rank_r2,32,2,2.999999999999996,2.717207669088465,0.4969079901722603,1.4410169765284075,1.0318443123807606
rank_r2,32,2,2.999999999999996,3.6685769629872937,0.2734643880052657,1.9455567358747965,1.0351149437184755
rank_r2,32,2,2.999999999999996,4.953046867365847,0.14995343559587443,2.6267497705868794,1.0346508678476098
rank_r2,64,2,0.01,447.1924684742427,3.2857607137312854,0.5589905853421304,1.0267032093168111
rank_r2,64,2,0.01,603.766876757117,1.835018628907606,0.7547085959463962,1.0451992046470695
rank_r2,64,2,0.01,815.1623007265384,0.9923163142058045,1.0189528759081732,1.0302872615722523
rank_r2,64,2,0.01,1100.5730888961868,0.545169376614559,1.3757163611202337,1.0317851123279527
rank_r2,64,2,0.01,1485.9140602097523,0.29845040187859345,1.8573925752621905,1.0296261839086873
rank_r2,64,2,0.01,2006.1735259613445,0.16410903880320618,2.5077169074516807,1.0320233366438558
rank_r2,64,2,0.013501275609964631,331.2223832718382,3.286010410080377,0.5589905857707111,1.0267812336279691
rank_r2,64,2,0.013501275609964631,447.1924684742427,1.8317572381733511,0.7547085959463962,1.0433415651943758
rank_r2,64,2,0.013501275609964631,603.766876757117,0.9925119056803291,1.018952875908173,1.0304903373473753
rank_r2,64,2,0.013501275609964631,815.1623007265384,0.5453925920108351,1.3757163611202334,1.0322075687838712
rank_r2,64,2,0.013501275609964631,1100.5730888961868,0.2992669867253861,1.8573925752621903,1.032443325833605
rank_r2,64,2,0.013501275609964631,1485.9140602097523,0.16452358381341994,2.5077169074516803,1.0346302626715127
rank_r2,64,2,0.018228444309622584,245.3267327032263,3.299781395577111,0.5589905853726732,1.031084258538681
rank_r2,64,2,0.018228444309622584,331.2223832718382,1.825387742430652,0.7547085959463962,1.0397135955490566
rank_r2,64,2,0.018228444309622584,447.1924684742427,0.9906441868557502,1.0189528759081732,1.0285511503304794
rank_r2,64,2,0.018228444309622584,603.766876757117,0.5457817988739625,1.3757163611202337,1.0329441799440295
rank_r2,64,2,0.018228444309622584,815.1623007265384,0.30022070580314414,1.8573925752621905,1.0357335681263677
rank_r2,64,2,0.018228444309622584,1100.5730888961868,0.16425368712457455,2.5077169074516807,1.0329329784548567
rank_r2,64,2,0.024610725056510595,181.70633634214732,3.297245040243716,0.5589905855134437,1.0302917229029813
rank_r2,64,2,0.024610725056510595,245.3267327032263,1.8154686908049353,0.754708595946396,1.0340638518861138
rank_r2,64,2,0.024610725056510595,331.2223832718382,0.9978570464681773,1.0189528759081732,1.036040009751419
rank_r2,64,2,0.024610725056510595,447.1924684742427,0.5440037698586254,1.3757163611202337,1.0295790902196136
rank_r2,64,2,0.024610725056510595,603.766876757117,0.2984384657202277,1.8573925752621905,1.029585005270256
rank_r2,64,2,0.024610725056510595,815.1623007265384,0.1646416012098662,2.5077169074516807,1.0353724320739464
rank_r2,64,2,0.03322761819490119,134.58456933361077,3.2934125220166663,0.5589905855440099,1.029094174225851
rank_r2,64,2,0.03322761819490119,181.70633634214732,1.826837323077325,0.7547085959463963,1.0405392550356183
rank_r2,64,2,0.03322761819490119,245.3267327032263,0.995826181146076,1.018952875908173,1.0339314334422565
rank_r2,64,2,0.03322761819490119,331.2223832718382,0.5461512001740068,1.3757163611202337,1.0336433071844977
rank_r2,64,2,0.03322761819490119,447.1924684742427,0.29911279130488444,1.8573925752621905,1.0319113659455035
rank_r2,64,2,0.03322761819490119,603.766876757117,0.16402432134914402,2.5077169074516807,1.0314905787272244
rank_r2,64,2,0.04486152311120365,99.68285458470345,3.3046394932169574,0.5589905856798719,1.0326022717484957
rank_r2,64,2,0.04486152311120365,134.58456933361077,1.827562402766016,0.7547085959463963,1.040952249597083
rank_r2,64,2,0.04486152311120365,181.70633634214732,0.9924923835753152,1.0189528759081732,1.0304700682297296
rank_r2,64,2,0.04486152311120365,245.3267327032263,0.5444406848503672,1.3757163611202334,1.030405993569599
rank_r2,64,2,0.04486152311120365,331.2223832718382,0.29912728641518116,1.8573925752621907,1.0319613727305714
rank_r2,64,2,0.04486152311120365,447.1924684742427,0.1640627269591329,2.507716907451681,1.031732097939424
rank_r2,64,2,0.06056877878071584,73.83217516953168,3.3037087878198403,0.5589905855543362,1.0323114533274227
rank_r2,64,2,0.06056877878071584,99.68285458470345,1.83795758552244,0.7547085959463962,1.0468731904409605
rank_r2,64,2,0.06056877878071584,134.58456933361077,0.9878894562068604,1.0189528759081732,1.0256910100143488
rank_r2,64,2,0.06056877878071584,181.70633634214732,0.5470391242343396,1.3757163611202337,1.0353237882709785
rank_r2,64,2,0.06056877878071584,245.3267327032263,0.29820858395026983,1.85739257526219,1.0287919345018397
rank_r2,64,2,0.06056877878071584,331.2223832718382,0.1648067139067731,2.5077169074516807,1.0364107670591902
rank_r2,64,2,0.0817755775677422,54.68533292886767,3.283287789635507,0.55899058558182,1.025930494431016
rank_r2,64,2,0.0817755775677422,73.83217516953168,1.8313667201795347,0.7547085959463959,1.0431191319775635
rank_r2,64,2,0.0817755775677422,99.68285458470345,0.9995795810800927,1.018952875908173,1.0378284570870793
rank_r2,64,2,0.0817755775677422,134.58456933361077,0.5431211852926807,1.3757163611202332,1.0279087146362171
rank_r2,64,2,0.0817755775677422,181.70633634214732,0.30010792876978787,1.8573925752621903,1.0353444978294062
rank_r2,64,2,0.0817755775677422,245.3267327032263,0.16476770908410326,2.50771690745168,1.0361654796117066
rank_r2,64,2,0.11040746109061289,40.503826829893846,3.300914022266737,0.5589905855198313,1.0314381714809262
rank_r2,64,2,0.11040746109061289,54.68533292886767,1.8256757250884221,0.7547085959463962,1.0398776261698426
rank_r2,64,2,0.11040746109061289,73.83217516953168,0.9898445052860906,1.018952875908173,1.0277208689748873
rank_r2,64,2,0.11040746109061289,99.68285458470345,0.5466199422833072,1.3757163611202337,1.034530446394152
rank_r2,64,2,0.11040746109061289,134.58456933361077,0.29882541616109837,1.8573925752621907,1.0309199483739935
rank_r2,64,2,0.11040746109061289,181.70633634214732,0.16438862618162484,2.507716907451681,1.0337815621582054
rank_r2,64,2,0.14906415615808105,29.99999999999996,3.325013550553186,0.5589905854923697,1.0389685624225509
rank_r2,64,2,0.14906415615808105,40.503826829893846,1.8127038743019472,0.7547085959463962,1.0324890536991123
rank_r2,64,2,0.14906415615808105,54.68533292886767,0.9958580344815011,1.018952875908173,1.0339645056443931
rank_r2,64,2,0.14906415615808105,73.83217516953168,0.5467561782802546,1.375716361120233,1.0347882860297635
rank_r2,64,2,0.14906415615808105,99.68285458470345,0.29840498355274975,1.85739257526219,1.0294694949003171
rank_r2,64,2,0.14906415615808105,134.58456933361077,0.16455635600449098,2.5077169074516803,1.0348363553171396
rank_r2,64,2,0.2012556255857059,22.22012265112078,3.315871494196616,0.5589905854735464,1.0361119396635825
rank_r2,64,2,0.2012556255857059,29.99999999999996,1.8301997208860235,0.754708595946396,1.042454426609353
rank_r2,64,2,0.2012556255857059,40.503826829893846,0.9854455260712283,1.0189528759081732,1.0231535629817163
rank_r2,64,2,0.2012556255857059,54.68533292886767,0.5464018917992184,1.3757163611202332,1.0341177650278282
rank_r2,64,2,0.2012556255857059,73.83217516953168,0.29854371941864266,1.8573925752621898,1.0299481207599954
rank_r2,64,2,0.2012556255857059,99.68285458470345,0.16356386442172632,2.5077169074516803,1.0285949289928775
rank_r2,64,2,0.2717207669088465,16.457795021028378,3.3133215027707865,0.558990585710766,1.0353151435111214
rank_r2,64,2,0.2717207669088465,22.22012265112078,1.8331734525316103,0.7547085959463962,1.0441482197413892
rank_r2,64,2,0.2717207669088465,29.99999999999996,0.9953451640124272,1.018952875908173,1.0334320102056316
rank_r2,64,2,0.2717207669088465,40.503826829893846,0.5449276817192618,1.3757163611202337,1.0313276816552288
rank_r2,64,2,0.2717207669088465,54.68533292886767,0.29966670572666954,1.85739257526219,1.0338223192855711
rank_r2,64,2,0.2717207669088465,73.83217516953168,0.16465255557405598,2.5077169074516803,1.0354413201715449
rank_r2,64,2,0.3668576962987294,12.189807464475196,3.3094928162404176,0.5589905857651948,1.0341187922140667
rank_r2,64,2,0.3668576962987294,16.457795021028378,1.8361428911979871,0.7547085959463962,1.045839567656583
rank_r2,64,2,0.3668576962987294,22.22012265112078,0.989517291923721,1.0189528759081732,1.0273811348052087
rank_r2,64,2,0.3668576962987294,29.99999999999996,0.5465882805351069,1.3757163611202334,1.0344705235117873
rank_r2,64,2,0.3668576962987294,40.503826829893846,0.299560151223768,1.8573925752621905,1.0334547161410952
rank_r2,64,2,0.3668576962987294,54.68533292886767,0.16406773053465498,2.5077169074516803,1.0317635636450488
rank_r2,64,2,0.4953046867365847,9.028633898472895,3.289688414873125,0.5589905853957708,1.02793050015358
rank_r2,64,2,0.4953046867365847,12.189807464475196,1.8262710858749172,0.754708595946396,1.0402167347819946
rank_r2,64,2,0.4953046867365847,16.457795021028378,0.9919683734439582,1.018952875908173,1.0299260068699156
rank_r2,64,2,0.4953046867365847,22.22012265112078,0.5472313345869824,1.3757163611202334,1.0356875647206452
rank_r2,64,2,0.4953046867365847,29.99999999999996,0.29971737021656125,1.85739257526219,1.0339971070729506
rank_r2,64,2,0.4953046867365847,40.503826829893846,0.1640026589051759,2.5077169074516807,1.0313543513270342
rank_r2,64,2,0.6687245086537824,6.687245086537825,3.294980250066466,0.558990585748128,1.0295840437057293
rank_r2,64,2,0.6687245086537824,9.028633898472895,1.8195808291594504,0.7547085959463964,1.0364060644772186
rank_r2,64,2,0.6687245086537824,12.189807464475196,0.9940623622556727,1.018952875908173,1.032100122086706
rank_r2,64,2,0.6687245086537824,16.457795021028378,0.54594661554267,1.3757163611202337,1.0332561112305811
rank_r2,64,2,0.6687245086537824,22.22012265112078,0.2997502622406502,1.8573925752621905,1.0341105815029754
rank_r2,64,2,0.6687245086537824,29.99999999999996,0.16513915374571672,2.5077169074516807,1.0385013628869517
rank_r2,64,2,0.9028633898472894,4.953046867365847,3.2879007940603038,0.5589905855701864,1.0273719220709812
rank_r2,64,2,0.9028633898472894,6.687245086537825,1.8250183861254927,0.7547085959463964,1.0395032157140502
rank_r2,64,2,0.9028633898472894,9.028633898472895,0.992516261878881,1.0189528759081732,1.0304948602357054
rank_r2,64,2,0.9028633898472894,12.189807464475196,0.5483321212649541,1.3757163611202334,1.0377709086407187
rank_r2,64,2,0.9028633898472894,16.457795021028378,0.298073469155269,1.8573925752621905,1.0283258010006264
rank_r2,64,2,0.9028633898472894,22.22012265112078,0.1639459645193016,2.5077169074516807,1.0309978205124877
rank_r2,64,2,1.2189807464475195,3.6685769629872937,3.2951219048869818,0.5589905854651636,1.0296283056123674
rank_r2,64,2,1.2189807464475195,4.953046867365847,1.8307299441029956,0.754708595946396,1.0427564338347481
rank_r2,64,2,1.2189807464475195,6.687245086537825,0.9942050027251745,1.0189528759081732,1.0322482206885417
rank_r2,64,2,1.2189807464475195,9.028633898472895,0.5474019458979802,1.3757163611202334,1.036010462921156
rank_r2,64,2,1.2189807464475195,12.189807464475196,0.2988951417231424,1.8573925752621898,1.0311604950910231
rank_r2,64,2,1.2189807464475195,16.457795021028378,0.1638617753632933,2.5077169074516803,1.0304683848742888
rank_r2,64,2,1.6457795021028379,2.717207669088465,3.3051380609140293,0.5589905854828874,1.032758058705685
rank_r2,64,2,1.6457795021028379,3.6685769629872937,1.8138489461642675,0.7547085959463962,1.0331412695300073
rank_r2,64,2,1.6457795021028379,4.953046867365847,0.9964123101197918,1.0189528759081732,1.0345399906196535
rank_r2,64,2,1.6457795021028379,6.687245086537825,0.5463637985965489,1.3757163611202339,1.034045670003638
rank_r2,64,2,1.6457795021028379,9.028633898472895,0.298872835372839,1.8573925752621907,1.031083540252983
rank_r2,64,2,1.6457795021028379,12.189807464475196,0.16392342260114978,2.5077169074516807,1.0308560624121719
rank_r2,64,2,2.222012265112078,2.012556255857059,3.29810403489519,0.558990585261453,1.030560132440341
rank_r2,64,2,2.222012265112078,2.717207669088465,1.8211326938030994,0.7547085959463962,1.0372899834008245
rank_r2,64,2,2.222012265112078,3.6685769629872937,0.9922571880137971,1.018952875908173,1.0302258729186762
rank_r2,64,2,2.222012265112078,4.953046867365847,0.5429696449188122,1.3757163611202337,1.0276219100056179
rank_r2,64,2,2.222012265112078,6.687245086537825,0.2995254761582306,1.8573925752621907,1.0333350903835783
rank_r2,64,2,2.222012265112078,9.028633898472895,0.1641188700414871,2.507716907451681,1.0320851618023483
rank_r2,64,2,2.999999999999996,1.4906415615808106,3.294765258214675,0.5589905853036949,1.029516863462626
rank_r2,64,2,2.999999999999996,2.012556255857059,1.8300864037969018,0.7547085959463962,1.0423898828878033
rank_r2,64,2,2.999999999999996,2.717207669088465,0.9937566695015703,1.018952875908173,1.0317827320105801
rank_r2,64,2,2.999999999999996,3.6685769629872937,0.5454520029880865,1.3757163611202334,1.0323200097324394
rank_r2,64,2,2.999999999999996,4.953046867365847,0.29833504450514314,1.8573925752621905,1.0292282116779121
rank_r2,64,2,2.999999999999996,6.687245086537825,0.16468079909595884,2.507716907451681,1.035618933628582
full,1,1,0.01,54.68533292886767,6.41881469606705,0.549633204443823,1.9391024771639795
full,1,1,0.01,73.83217516953168,3.4071948898666347,0.7537489879258423,1.9357553121237592
full,1,1,0.01,99.68285458470345,1.6445466853637418,0.9860349819540771,1.5989351594248458
full,1,1,0.01,134.58456933361077,0.8113521041118587,1.3393534337315778,1.4554582683490784
full,1,1,0.01,181.70633634214732,0.34994906740543,1.8171523759071466,1.1555467834377373
full,1,1,0.01,245.3267327032263,0.17529178303503837,2.453267633998032,1.0549974673440243
full,1,1,0.013501275609964631,40.503826829893846,5.010730428834756,0.48318034901485335,1.1698214091567365
full,1,1,0.013501275609964631,54.68533292886767,3.316613146447614,0.7406138615872654,1.8191918020683662
full,1,1,0.013501275609964631,73.83217516953168,1.6418666846951306,1.0052685210896966,1.659212677014593
full,1,1,0.013501275609964631,99.68285458470345,0.7957332565546492,1.3429931187193775,1.4352087848561446
full,1,1,0.013501275609964631,134.58456933361077,0.3650804436514134,1.816617499377668,1.2048016577762586
full,1,1,0.013501275609964631,181.70633634214732,0.17288579742638913,2.4532678518777957,1.0405171746454618
full,1,1,0.018228444309622584,29.99999999999996,7.03205043229874,0.5725694257117031,2.3053575082414643
full,1,1,0.018228444309622584,40.503826829893846,2.8993947320725586,0.6846761244948655,1.3591823084709456
full,1,1,0.018228444309622584,54.68533292886767,1.646492341747712,0.9980892301170262,1.6402062172013394
full,1,1,0.018228444309622584,73.83217516953168,0.7579617379985237,1.3480590093667153,1.3774158921698185
full,1,1,0.018228444309622584,99.68285458470345,0.36084596529041035,1.816867710082421,1.1911555177632533
full,1,1,0.018228444309622584,134.58456933361077,0.17566732820292677,2.453264697692771,1.0572551633778378
full,1,1,0.024610725056510595,22.22012265112078,6.948292553480897,0.5685945850676436,2.2463816079474697
full,1,1,0.024610725056510595,29.99999999999996,3.484628795418423,0.7593473893158137,2.009266435246426
full,1,1,0.024610725056510595,40.503826829893846,1.6214476914236653,0.9666814962612287,1.5151992753609744
full,1,1,0.024610725056510595,54.68533292886767,0.773849720098594,1.346177261258633,1.402365215078621
full,1,1,0.024610725056510595,73.83217516953168,0.3490161120769057,1.8172149001496816,1.1525454340988759
full,1,1,0.024610725056510595,99.68285458470345,0.17484081113723193,2.45326617330884,1.052282029947539
full,1,1,0.03322761819490119,16.457795021028378,7.165738426719054,0.5774000989668284,2.388991798995124
full,1,1,0.03322761819490119,22.22012265112078,3.4686057029125146,0.7561241337217189,1.9830841057220174
full,1,1,0.03322761819490119,29.99999999999996,1.6459399303680438,1.0083048284376281,1.6733919486143998
full,1,1,0.03322761819490119,40.503826829893846,0.8207484189751229,1.3378168368611623,1.468937674742468
full,1,1,0.03322761819490119,54.68533292886767,0.35143523347938177,1.817086079603818,1.1603694937568283
full,1,1,0.03322761819490119,73.83217516953168,0.17423886130744567,2.4532682205250333,1.048660936101102
full,1,1,0.04486152311120365,12.189807464475196,6.472518896395368,0.554593834816545,1.9907806087089193
full,1,1,0.04486152311120365,16.457795021028378,3.5342791443592962,0.7632511974798798,2.0589027640798885
full,1,1,0.04486152311120365,22.22012265112078,1.648000452588724,1.0065584244739019,1.6696879109219536
full,1,1,0.04486152311120365,29.99999999999996,0.7475082562728794,1.3488515401297139,1.3600168782562676
full,1,1,0.04486152311120365,40.503826829893846,0.368436964903188,1.8165116737300973,1.2157368546708642
full,1,1,0.04486152311120365,54.68533292886767,0.17193802739862327,2.4532674609764316,1.0348126690173691
full,1,1,0.06056877878071584,9.028633898472895,5.048339522895422,0.4850464035289434,1.187722908089694
full,1,1,0.06056877878071584,12.189807464475196,3.311762886221173,0.7446926919257161,1.8365950887841824
full,1,1,0.06056877878071584,16.457795021028378,1.6608622769613923,1.0104136258086145,1.695633583393771
full,1,1,0.06056877878071584,22.22012265112078,0.7510748050015443,1.348395938003692,1.3655828841540338
full,1,1,0.06056877878071584,29.99999999999996,0.34544947228760176,1.8172691039259634,1.1408354810443957
full,1,1,0.06056877878071584,40.503826829893846,0.17431484825428964,2.4532640735258098,1.049114718586021
full,1,1,0.0817755775677422,6.687245086537825,5.7341747412616,0.5181898086234182,1.539744487924574
full,1,1,0.0817755775677422,9.028633898472895,2.9012231033740377,0.6862764012767804,1.366404418430518
full,1,1,0.0817755775677422,12.189807464475196,1.6273267320832885,1.0003268644855898,1.6283907365778523
full,1,1,0.0817755775677422,16.457795021028378,0.7514745613562059,1.3494008141439553,1.368346920962332
full,1,1,0.0817755775677422,22.22012265112078,0.34436325054796374,1.8172379475137443,1.1372092745242057
full,1,1,0.0817755775677422,29.99999999999996,0.17372510936856578,2.453268540104008,1.0455691796382471
full,1,1,0.11040746109061289,4.953046867365847,7.128623936340025,0.5740269818843754,2.3489313158147755
full,1,1,0.11040746109061289,6.687245086537825,3.1233993393336736,0.7144313715090377,1.5942210801558927
full,1,1,0.11040746109061289,9.028633898472895,1.613900108056145,0.9675979103390033,1.511007062368637
full,1,1,0.11040746109061289,12.189807464475196,0.761697089465225,1.346764940629686,1.3815477518465245
full,1,1,0.11040746109061289,16.457795021028378,0.3433720035254299,1.8173066527610258,1.134021570402133
full,1,1,0.11040746109061289,22.22012265112078,0.1716337095940558,2.453268356410693,1.032981879917683
full,1,1,0.14906415615808105,3.6685769629872937,7.651285747085049,0.5926889424145829,2.687745053293588
full,1,1,0.14906415615808105,4.953046867365847,3.5322994390239284,0.7605268451532006,2.0430858181812317
full,1,1,0.14906415615808105,6.687245086537825,1.6431393635123936,0.9835522151220549,1.5895318758410855
full,1,1,0.14906415615808105,9.028633898472895,0.8170993398143931,1.3380637077863724,1.4629464945823623
full,1,1,0.14906415615808105,12.189807464475196,0.3500805325181305,1.8171263292853348,1.155947747998652
full,1,1,0.14906415615808105,16.457795021028378,0.17336835432637251,2.4532687614818784,1.0434222282646388
full,1,1,0.2012556255857059,2.717207669088465,7.292327434973174,0.583799168416989,2.4853817491401045
full,1,1,0.2012556255857059,3.6685769629872937,3.6894269592527276,0.7755073948165842,2.2188646112209955
full,1,1,0.2012556255857059,4.953046867365847,1.6611856956693378,1.00894269198731,1.691029487600042
full,1,1,0.2012556255857059,6.687245086537825,0.8016253725049727,1.3423334760077983,1.4444160209867585
full,1,1,0.2012556255857059,9.028633898472895,0.3693035305076299,1.8165286834527223,1.2186190957538943
full,1,1,0.2012556255857059,12.189807464475196,0.1730528076646981,2.4532676983013935,1.0415221992313723
full,1,1,0.2717207669088465,2.012556255857059,6.045529901472905,0.5339428329444795,1.7235500380483484
full,1,1,0.2717207669088465,2.717207669088465,3.5676874889213885,0.7683994621590624,2.106497314603596
full,1,1,0.2717207669088465,3.6685769629872937,1.6776241643508762,1.016988804565354,1.7351100174903098
full,1,1,0.2717207669088465,4.953046867365847,0.7487081067476218,1.3490177834776773,1.3625356844864802
full,1,1,0.2717207669088465,6.687245086537825,0.36214848304148817,1.816822410318733,1.195395528078059
full,1,1,0.2717207669088465,9.028633898472895,0.17446423969399205,2.4532641738527663,1.0500139175364809
full,1,1,0.3668576962987294,1.4906415615808106,7.830220192696057,0.6013028141259832,2.8311341455682273
full,1,1,0.3668576962987294,2.012556255857059,3.198827038212227,0.7276178444780671,1.6935477298354416
full,1,1,0.3668576962987294,2.717207669088465,1.6581615856374192,1.0131839920513996,1.7021721817115645
full,1,1,0.3668576962987294,3.6685769629872937,0.7373166507181999,1.3511073210467985,1.3459649048648676
full,1,1,0.3668576962987294,4.953046867365847,0.34379025050113277,1.8172804700007077,1.1353701580238977
full,1,1,0.3668576962987294,6.687245086537825,0.17347892049069838,2.4532659061687623,1.0440852433916543
full,1,1,0.4953046867365847,1.1040746109061288,6.2198750532425855,0.5409423966771467,1.8200516062171221
full,1,1,0.4953046867365847,1.4906415615808106,3.7161705609872717,0.7823448871982414,2.2745324438624257
full,1,1,0.4953046867365847,2.012556255857059,1.630509213913363,0.9909107169109699,1.6010035988923719
full,1,1,0.4953046867365847,2.717207669088465,0.7436656240017738,1.3501209586074794,1.3555734830712292
full,1,1,0.4953046867365847,3.6685769629872937,0.33897081071673996,1.817423217954432,1.1196297919259974
full,1,1,0.4953046867365847,4.953046867365847,0.17272378776556244,2.4532686071158203,1.0395427557965264
full,1,1,0.6687245086537824,0.8177557756774221,6.665908100005404,0.5615179269130327,2.1017767037560118
full,1,1,0.6687245086537824,1.1040746109061288,3.260423032215153,0.733432954865464,1.753859470800253
full,1,1,0.6687245086537824,1.4906415615808106,1.6618873444437319,1.02062671239612,1.7311529577115616
full,1,1,0.6687245086537824,2.012556255857059,0.7807287100464019,1.3442847569276026,1.4108560290356997
full,1,1,0.6687245086537824,2.717207669088465,0.34103210417412205,1.8173558603457827,1.1263548052871966
full,1,1,0.6687245086537824,3.6685769629872937,0.17195694222132923,2.4532694486900044,1.0349281853394314
full,1,1,0.9028633898472894,0.6056877878071585,6.140515343826229,0.5361193106503529,1.764930961788803
full,1,1,0.9028633898472894,0.8177557756774221,3.377350419881126,0.7503611675220259,1.9015897356546478
full,1,1,0.9028633898472894,1.1040746109061288,1.6442733384754404,0.9941319166566556,1.6250324920659538
full,1,1,0.9028633898472894,1.4906415615808106,0.7258845488953053,1.3520475081112444,1.326940520634405
full,1,1,0.9028633898472894,2.012556255857059,0.3569761003960744,1.816956350104853,1.1784960445240602
full,1,1,0.9028633898472894,2.717207669088465,0.17461977983491997,2.453269051589716,1.0509542158054506
full,1,1,1.2189807464475195,0.4486152311120365,7.516262517149024,0.5894985658862834,2.6119655577680154
full,1,1,1.2189807464475195,0.6056877878071585,3.2379023052680984,0.7294289956952013,1.7227798641961474
full,1,1,1.2189807464475195,0.8177557756774221,1.640653237340635,1.0034242390522319,1.65190845245052
full,1,1,1.2189807464475195,1.1040746109061288,0.7813628996095773,1.3451353291682353,1.413789477580664
full,1,1,1.2189807464475195,1.4906415615808106,0.33659965829700117,1.8174873785049006,1.111876312152911
full,1,1,1.2189807464475195,2.012556255857059,0.17425152255127516,2.4532666960142975,1.0487358347003954
full,1,1,1.6457795021028379,0.33227618194901193,6.037992197613954,0.533348536908872,1.7175712566143757
full,1,1,1.6457795021028379,0.4486152311120365,3.6268046480419467,0.7729624514243392,2.166910423288129
full,1,1,1.6457795021028379,0.6056877878071585,1.6422235151552855,0.991915557719423,1.615777925499551
full,1,1,1.6457795021028379,0.8177557756774221,0.7599316783581076,1.3475766574418042,1.3800076946749704
full,1,1,1.6457795021028379,1.1040746109061288,0.3548848637965669,1.8170146774935423,1.1716674030202743
full,1,1,1.6457795021028379,1.4906415615808106,0.17307327591778132,2.4532698269287123,1.041647195481179
full,1,1,2.222012265112078,0.24610725056510596,5.549395327232113,0.5107744142192165,1.4477845339443665
full,1,1,2.222012265112078,0.33227618194901193,3.193455101201062,0.7271228404152102,1.6884040622709444
full,1,1,2.222012265112078,0.4486152311120365,1.659139509965281,1.0156292063996517,1.711406859139562
full,1,1,2.222012265112078,0.6056877878071585,0.7821031666328213,1.3445503256651012,1.4138982884344429
full,1,1,2.222012265112078,0.8177557756774221,0.3462935310569198,1.8171818956574888,1.1435131980911575
full,1,1,2.222012265112078,1.1040746109061288,0.17284832832550368,2.453267039953933,1.0402909774127098
full,1,1,2.999999999999996,0.18228444309622582,5.68766900438655,0.5163557311209066,1.516464744034042
full,1,1,2.999999999999996,0.24610725056510596,3.0536286177804133,0.7081786066147365,1.5314464768252591
full,1,1,2.999999999999996,0.33227618194901193,1.6278582538007795,0.9906358372334845,1.5975139373947405
full,1,1,2.999999999999996,0.4486152311120365,0.7371847344163515,1.350755214460969,1.345022776870249
full,1,1,2.999999999999996,0.6056877878071585,0.3561671765196022,1.8169745650464175,1.1758490949175235
full,1,1,2.999999999999996,0.8177557756774221,0.1726566665718298,2.45326802592985,1.0391382927397401
full,2,2,0.01,73.83217516953168,5.616805874278753,0.5492868743571931,1.694680596256163
full,2,2,0.01,99.68285458470345,2.6291428464194513,0.70191871272046,1.2953520715784843
full,2,2,0.01,134.58456933361077,1.3390545940444452,0.9571389833894091,1.2267280443131066
full,2,2,0.01,181.70633634214732,0.6609373949589399,1.2954033273525865,1.1090990692936658
full,2,2,0.01,245.3267327032263,0.3462086180657673,1.7347111014481957,1.0418187996981338
full,2,2,0.01,331.2223832718382,0.1888804444001196,2.3420942486545475,1.036085822809251
full,2,2,0.013501275609964631,54.68533292886767,5.062801534283967,0.5067621665748562,1.300167397084464
full,2,2,0.013501275609964631,73.83217516953168,2.7696298028902064,0.7226772459555034,1.4464735130147643
full,2,2,0.013501275609964631,99.68285458470345,1.341350541095969,0.9516854506616077,1.2148681560707055
full,2,2,0.013501275609964631,134.58456933361077,0.6610086455243238,1.2862419969067687,1.0935849150302006
full,2,2,0.013501275609964631,181.70633634214732,0.3455698599435668,1.7356500764031455,1.0410227021224239
full,2,2,0.013501275609964631,245.3267327032263,0.18908235013311137,2.342095833742031,1.0371947615296333
full,2,2,0.018228444309622584,40.503826829893846,4.974273900093788,0.5134614404920527,1.3114307571849924
full,2,2,0.018228444309622584,54.68533292886767,2.6553941663830707,0.6930458498842652,1.2754191434215814
full,2,2,0.018228444309622584,73.83217516953168,1.3374337446638187,0.9591153611272104,1.2303083456488175
full,2,2,0.018228444309622584,99.68285458470345,0.6617421203626762,1.2851986668490165,1.093023027004159
full,2,2,0.018228444309622584,134.58456933361077,0.34433107072971886,1.7348386654432641,1.0363212391725931
full,2,2,0.018228444309622584,181.70633634214732,0.18845902644986942,2.3421047800324324,1.0337834713654064
full,2,2,0.024610725056510595,29.99999999999996,5.322368291845607,0.5437703928547661,1.5737510688850644
full,2,2,0.024610725056510595,40.503826829893846,2.630950818219255,0.6996653233589483,1.2879334707205092
full,2,2,0.024610725056510595,54.68533292886767,1.3442897069794069,0.9454539211508484,1.201637873452002
full,2,2,0.024610725056510595,73.83217516953168,0.6572404308863599,1.2865560507008358,1.0878817594055619
full,2,2,0.024610725056510595,99.68285458470345,0.34410505354801796,1.7347604038611273,1.0355475661099611
full,2,2,0.024610725056510595,134.58456933361077,0.18757292692014046,2.3420970418875258,1.0289160134842277
full,2,2,0.03322761819490119,22.22012265112078,5.287649965403819,0.5287323280871271,1.4782041868265214
full,2,2,0.03322761819490119,29.99999999999996,2.714164557058092,0.7216059592973045,1.4133066329339565
full,2,2,0.03322761819490119,40.503826829893846,1.3436204430715157,0.9498838136755624,1.2123208584005598
full,2,2,0.03322761819490119,54.68533292886767,0.6653189089174277,1.283132183993156,1.0953998146987602
full,2,2,0.03322761819490119,73.83217516953168,0.3464973318349215,1.7348598298236788,1.0428664045160643
full,2,2,0.03322761819490119,99.68285458470345,0.18769945672159472,2.3420963050849757,1.0296094345927698
full,2,2,0.04486152311120365,16.457795021028378,5.296025088787523,0.538039605229903,1.5331283854195699
full,2,2,0.04486152311120365,22.22012265112078,2.6945366654739837,0.7086996826365333,1.3533451600621436
full,2,2,0.04486152311120365,29.99999999999996,1.3420512485337892,0.960537076381995,1.2382187231005264
full,2,2,0.04486152311120365,40.503826829893846,0.6676993595442265,1.2845673240718787,1.1017795335413347
full,2,2,0.04486152311120365,54.68533292886767,0.34548286288098606,1.734571940356144,1.0394680453892748
full,2,2,0.04486152311120365,73.83217516953168,0.18817536532756382,2.342097239243158,1.0322208142608365
full,2,2,0.06056877878071584,12.189807464475196,5.852939920396262,0.581167918005344,1.9768664473653665
full,2,2,0.06056877878071584,16.457795021028378,2.7034362487461516,0.7172343962762308,1.3907156767216897
full,2,2,0.06056877878071584,22.22012265112078,1.3411704414039005,0.9528323463253031,1.2176345349108648
full,2,2,0.06056877878071584,29.99999999999996,0.659015659909013,1.2873617496067682,1.0921868339685488
full,2,2,0.06056877878071584,40.503826829893846,0.3459998841908559,1.7347020824477037,1.0411798464456758
full,2,2,0.06056877878071584,54.68533292886767,0.188951557029876,2.3420945041380916,1.036476130542064
full,2,2,0.0817755775677422,9.028633898472895,4.756777229575305,0.5398514916605982,1.3863134102793315
full,2,2,0.0817755775677422,12.189807464475196,2.8064457905800273,0.7448988533787235,1.5572246484892394
full,2,2,0.0817755775677422,16.457795021028378,1.339524424319795,0.9582392102677909,1.2299813104519217
full,2,2,0.0817755775677422,22.22012265112078,0.6637063335544708,1.2850095612966181,1.0959447996294809
full,2,2,0.0817755775677422,29.99999999999996,0.3435751326394597,1.7349406777674043,1.0341677305542565
full,2,2,0.0817755775677422,40.503826829893846,0.19040758914857453,2.3420957472832202,1.0444641676001596
full,2,2,0.11040746109061289,6.687245086537825,5.28498750553259,0.5012397153517882,1.3278068789941635
full,2,2,0.11040746109061289,9.028633898472895,2.5915231100087786,0.7259528289784276,1.3657521410586488
full,2,2,0.11040746109061289,12.189807464475196,1.3266320308867725,0.9698215104742772,1.247768747677202
full,2,2,0.11040746109061289,16.457795021028378,0.6600193430961254,1.2867167139981561,1.0927543605760353
full,2,2,0.11040746109061289,22.22012265112078,0.34604352336600125,1.734730519074812,1.0413453053670438
full,2,2,0.11040746109061289,29.99999999999996,0.188289927846845,2.3420980166481473,1.0328499233964867
full,2,2,0.14906415615808105,4.953046867365847,5.047622822037038,0.5062153720020544,1.2934735530299517
full,2,2,0.14906415615808105,6.687245086537825,2.711381680913372,0.6858167711866876,1.2752838504837551
full,2,2,0.14906415615808105,9.028633898472895,1.3444911631681682,0.9673593214720129,1.2581533950534163
full,2,2,0.14906415615808105,12.189807464475196,0.6502696659888094,1.2893997796923224,1.081106998388798
full,2,2,0.14906415615808105,16.457795021028378,0.3441933904301307,1.7348843936436937,1.035961478732875
full,2,2,0.14906415615808105,22.22012265112078,0.18795762556893064,2.342096011220718,1.0310253391600774
full,2,2,0.2012556255857059,3.6685769629872937,5.562795841988226,0.5646741954751853,1.773736099158405
full,2,2,0.2012556255857059,4.953046867365847,2.6519950887978343,0.692557757300636,1.271992971976628
full,2,2,0.2012556255857059,6.687245086537825,1.3425419083146357,0.9396267597959397,1.1853281668562363
full,2,2,0.2012556255857059,9.028633898472895,0.6642261347404329,1.2901768621653293,1.1056418208976408
full,2,2,0.2012556255857059,12.189807464475196,0.34555418236384994,1.735104136128311,1.0403207091746405
full,2,2,0.2012556255857059,16.457795021028378,0.18797696144572168,2.342097480459692,1.0311326981390037
full,2,2,0.2717207669088465,2.717207669088465,4.789132504364499,0.49766600538056005,1.186131405541376
full,2,2,0.2717207669088465,3.6685769629872937,2.7592045891275836,0.7355309844706613,1.4927457664426897
full,2,2,0.2717207669088465,4.953046867365847,1.3414537546370293,0.9451541647710779,1.1983426323985458
full,2,2,0.2717207669088465,6.687245086537825,0.6577296135269334,1.2810667244374818,1.0794210848388612
full,2,2,0.2717207669088465,9.028633898472895,0.34229891082681085,1.7352092231026868,1.0306452642629225
full,2,2,0.2717207669088465,12.189807464475196,0.18902884834827074,2.3420995640490694,1.0369045851423295
full,2,2,0.3668576962987294,2.012556255857059,5.360865330694295,0.525604545760839,1.4809933988685697
full,2,2,0.3668576962987294,2.717207669088465,2.614607048555144,0.6893214118029601,1.2423671665498286
full,2,2,0.3668576962987294,3.6685769629872937,1.3370923579582121,0.9666838851667295,1.2494830366009664
full,2,2,0.3668576962987294,4.953046867365847,0.6630568849424202,1.2830395343649295,1.0915179096396332
full,2,2,0.3668576962987294,6.687245086537825,0.34281482317645595,1.7343804254419033,1.0312128569748282
full,2,2,0.3668576962987294,9.028633898472895,0.18878838543990084,2.342100590525124,1.0355864503383565
full,2,2,0.4953046867365847,1.4906415615808106,5.47700951764361,0.5459615279035638,1.6325540799225036
full,2,2,0.4953046867365847,2.012556255857059,2.7268462741562267,0.7060897308563974,1.3595038627999199
full,2,2,0.4953046867365847,2.717207669088465,1.358160011828958,0.945759531018353,1.2148212852703952
full,2,2,0.4953046867365847,3.6685769629872937,0.6524555365496841,1.2888599021585379,1.0838329395250141
full,2,2,0.4953046867365847,4.953046867365847,0.34758518569297375,1.7345636400778242,1.0457833790976334
full,2,2,0.4953046867365847,6.687245086537825,0.18780891086719362,2.342092671939697,1.0302066398203218
full,2,2,0.6687245086537824,1.1040746109061288,5.136892501674853,0.4893721126493615,1.2302090328066795
full,2,2,0.6687245086537824,1.4906415615808106,2.746672931457854,0.7214671194645991,1.429683923856833
full,2,2,0.6687245086537824,2.012556255857059,1.3487349761128975,0.9513183064821877,1.2206139474688884
full,2,2,0.6687245086537824,2.717207669088465,0.6706627785151538,1.2837062837733164,1.1051864153327624
full,2,2,0.6687245086537824,3.6685769629872937,0.3419448213389465,1.7350656412413068,1.0294087378067756
full,2,2,0.6687245086537824,4.953046867365847,0.1878460235437594,2.342094424918937,1.0304117600820564
full,2,2,0.9028633898472894,0.8177557756774221,5.769926479204151,0.5614777185353486,1.8190110299729487
full,2,2,0.9028633898472894,1.1040746109061288,2.6776841159396607,0.6764792503637957,1.2253729876077806
full,2,2,0.9028633898472894,1.4906415615808106,1.3418976406782228,0.9593157109753709,1.2349304620054238
full,2,2,0.9028633898472894,2.012556255857059,0.6618764805663738,1.284555484969683,1.0921509923131447
full,2,2,0.9028633898472894,2.717207669088465,0.3455821424870234,1.734634905206547,1.039842240196063
full,2,2,0.9028633898472894,3.6685769629872937,0.189569709665926,2.342099203187683,1.0398711218005403
full,2,2,1.2189807464475195,0.6056877878071585,5.075107945990406,0.5087607389292198,1.3136281995588697
full,2,2,1.2189807464475195,0.8177557756774221,2.808567514996951,0.7308866996969703,1.5003237566478782
full,2,2,1.2189807464475195,1.1040746109061288,1.3468642811630938,0.9346217096574885,1.176509843187966
full,2,2,1.2189807464475195,1.4906415615808106,0.6587735829918533,1.286783871566051,1.0908056863038789
full,2,2,1.2189807464475195,2.012556255857059,0.34470874365431026,1.734690144999236,1.037280281206066
full,2,2,1.2189807464475195,2.717207669088465,0.1870665125357604,2.342095112796638,1.026136428247848
full,2,2,1.6457795021028379,0.4486152311120365,4.849452476513376,0.5087822153292212,1.2553260802114286
full,2,2,1.6457795021028379,0.6056877878071585,2.662101483470752,0.6947337681667566,1.2848766144816548
full,2,2,1.6457795021028379,0.8177557756774221,1.345042662981675,0.9628305704041944,1.2469119917310787
full,2,2,1.6457795021028379,1.1040746109061288,0.6650519607485171,1.279654620771909,1.0890331922822183
full,2,2,1.6457795021028379,1.4906415615808106,0.346697058173174,1.734884165899064,1.0434968036743173
full,2,2,1.6457795021028379,2.012556255857059,0.19006613500006275,2.3420956260843586,1.0425910428452494
full,2,2,2.222012265112078,0.33227618194901193,4.71689421387646,0.4910256328369996,1.1372723081224292
full,2,2,2.222012265112078,0.4486152311120365,2.620404143316711,0.6978003359889461,1.2759410969438014
full,2,2,2.222012265112078,0.6056877878071585,1.3492155811129294,0.9464342248260678,1.208543317992236
full,2,2,2.222012265112078,0.8177557756774221,0.6598361317057367,1.2874855562118501,1.0937569467122472
full,2,2,2.222012265112078,1.1040746109061288,0.34690581025657674,1.7342571750506728,1.0433705487888707
full,2,2,2.222012265112078,1.4906415615808106,0.1868416644637298,2.3420974741288543,1.024905111137046
full,2,2,2.999999999999996,0.24610725056510596,6.088168220075986,0.5406309221646884,1.7794607295415013
full,2,2,2.999999999999996,0.33227618194901193,2.590000913666492,0.6839474048910421,1.2115611237807393
full,2,2,2.999999999999996,0.4486152311120365,1.3549493072011998,0.9500720068450288,1.2230271314615682
full,2,2,2.999999999999996,0.6056877878071585,0.6651979035211935,1.2834247561275,1.0957000871310654
full,2,2,2.999999999999996,0.8177557756774221,0.34334182090293247,1.7349380831642887,1.0334623666660592
full,2,2,2.999999999999996,1.1040746109061288,0.18880444575275293,2.3420914977998923,1.0356665065709447
full,4,4,0.01,134.58456933361077,2.4911342630939934,0.683417162231559,1.163506721711684
full,4,4,0.01,181.70633634214732,1.2904272002872692,0.9072441767275828,1.0621403002431096
full,4,4,0.01,245.3267327032263,0.6888862523826506,1.2268107003741733,1.036818239246508
full,4,4,0.01,331.2223832718382,0.3759401962087621,1.656114085313937,1.0310963880169595
full,4,4,0.01,447.1924684742427,0.20792997285055956,2.235962342123798,1.0395516371762596
full,4,4,0.013501275609964631,99.68285458470345,2.4582703631503633,0.6688696658569007,1.0997972931615483
full,4,4,0.013501275609964631,134.58456933361077,1.2945489658474834,0.9115272134065621,1.0756172536151296
full,4,4,0.013501275609964631,181.70633634214732,0.6915778739998933,1.2265112490945584,1.0403612354156475
full,4,4,0.013501275609964631,245.3267327032263,0.3781839001901748,1.6561136017796403,1.0372496203424
full,4,4,0.013501275609964631,331.2223832718382,0.20666133137443868,2.2359623427228836,1.0332090296613887
full,4,4,0.018228444309622584,73.83217516953168,2.452667755167531,0.6709828121292667,1.1042350099440068
full,4,4,0.018228444309622584,99.68285458470345,1.296195723144141,0.9076978884237475,1.0679556911406949
full,4,4,0.018228444309622584,134.58456933361077,0.693754558940344,1.2268963110369293,1.044291087094404
full,4,4,0.018228444309622584,181.70633634214732,0.3767557314606288,1.6561107432765902,1.0333289973311262
full,4,4,0.018228444309622584,245.3267327032263,0.20733448535292373,2.2359623426444735,1.036574481481878
full,4,4,0.024610725056510595,54.68533292886767,2.4858408999629162,0.660786686530985,1.0854151968218764
full,4,4,0.024610725056510595,73.83217516953168,1.284605128026794,0.9080929833191016,1.0593276088569938
full,4,4,0.024610725056510595,99.68285458470345,0.6905410433893433,1.226569018800606,1.0388993593290692
full,4,4,0.024610725056510595,134.58456933361077,0.3760536607477938,1.6561144193218527,1.0314080048133139
full,4,4,0.024610725056510595,181.70633634214732,0.20609715029166054,2.2359623421810104,1.0303883902683098
full,4,4,0.03322761819490119,40.503826829893846,2.4987774596238537,0.6757851722952749,1.1411556811512888
full,4,4,0.03322761819490119,54.68533292886767,1.2919370688644183,0.904653491971612,1.0573186364613136
full,4,4,0.03322761819490119,73.83217516953168,0.6914297063067157,1.226598204903383,1.0402858326670674
full,4,4,0.03322761819490119,99.68285458470345,0.3779189615381169,1.6561113061003072,1.0365200962301546
full,4,4,0.03322761819490119,134.58456933361077,0.20706401640838704,2.235962342777026,1.0352222646520801
full,4,4,0.04486152311120365,29.99999999999996,2.4621955482534856,0.6660729601284733,1.0923609049897318
full,4,4,0.04486152311120365,40.503826829893846,1.2896073934714751,0.9090940400378109,1.0657985755452666
full,4,4,0.04486152311120365,54.68533292886767,0.6923408244841825,1.2262829488251632,1.0411212720313712
full,4,4,0.04486152311120365,73.83217516953168,0.3769157932471733,1.6561115805036113,1.0337690444587067
full,4,4,0.04486152311120365,99.68285458470345,0.20866378652722892,2.235962342272277,1.043220359041197
full,4,4,0.06056877878071584,22.22012265112078,2.468011770425781,0.6747048635726607,1.1235047376393232
full,4,4,0.06056877878071584,29.99999999999996,1.2864938602024645,0.9066108580567304,1.0574249419178654
full,4,4,0.06056877878071584,40.503826829893846,0.6930528595050709,1.2266764136988195,1.0428609111286506
full,4,4,0.06056877878071584,54.68533292886767,0.378237997213747,1.6561085668566453,1.037391685119075
full,4,4,0.06056877878071584,73.83217516953168,0.2073798780450527,2.235962342316762,1.0368014231949965
full,4,4,0.0817755775677422,16.457795021028378,2.4725248511923623,0.691798447329984,1.1833135327080928
full,4,4,0.0817755775677422,22.22012265112078,1.287614484860453,0.9091559728998289,1.0642965298199687
full,4,4,0.0817755775677422,29.99999999999996,0.6908900511851956,1.2264662946771534,1.0392503370784176
full,4,4,0.0817755775677422,40.503826829893846,0.3782333935928158,1.656112319286178,1.0373837598040192
full,4,4,0.0817755775677422,54.68533292886767,0.20789202820627128,2.2359623418281394,1.0393619316051756
full,4,4,0.11040746109061289,12.189807464475196,2.4772907698927633,0.6720156245455466,1.1187568972291009
full,4,4,0.11040746109061289,16.457795021028378,1.2962844935518354,0.9141872900229963,1.0833547301926822
full,4,4,0.11040746109061289,22.22012265112078,0.6921607536877282,1.2266913473515528,1.0415438874674823
full,4,4,0.11040746109061289,29.99999999999996,0.37861405042904617,1.656110322116626,1.0384252858008414
full,4,4,0.11040746109061289,40.503826829893846,0.20714993404643964,2.2359623424365362,1.0356518119392906
full,4,4,0.14906415615808105,9.028633898472895,2.4840666337176907,0.6711791643098854,1.1190259902347681
full,4,4,0.14906415615808105,12.189807464475196,1.291289638546202,0.908223598127974,1.0651462186954972
full,4,4,0.14906415615808105,16.457795021028378,0.6933168451081142,1.2271362805385821,1.0440404970206894
full,4,4,0.14906415615808105,22.22012265112078,0.379384769288004,1.656112468074934,1.040541834119529
full,4,4,0.14906415615808105,29.99999999999996,0.20747205702024074,2.235962342112734,1.037262274335947
full,4,4,0.2012556255857059,6.687245086537825,2.497961853922876,0.6590215680158454,1.0848883817200365
full,4,4,0.2012556255857059,9.028633898472895,1.2896531254491168,0.9077926878024077,1.06278710259184
full,4,4,0.2012556255857059,12.189807464475196,0.6920882408341118,1.2266053937433583,1.0412888317357816
full,4,4,0.2012556255857059,16.457795021028378,0.37732032646586156,1.6561167107369643,1.0348849715868473
full,4,4,0.2012556255857059,22.22012265112078,0.2075457528599828,2.2359623424606667,1.037630719043326
full,4,4,0.2717207669088465,4.953046867365847,2.4728695632336364,0.6787284143659438,1.1391824115366338
full,4,4,0.2717207669088465,6.687245086537825,1.296387343330925,0.9040465779754641,1.0595376546209958
full,4,4,0.2717207669088465,9.028633898472895,0.6915232220917992,1.2265626369122102,1.0403661930321075
full,4,4,0.2717207669088465,12.189807464475196,0.3766027528622945,1.6561116460997163,1.032910548676461
full,4,4,0.2717207669088465,16.457795021028378,0.20851320684709074,2.2359623431485454,1.0424675325920214
full,4,4,0.3668576962987294,3.6685769629872937,2.472407043732366,0.6632289189635915,1.0875441119878884
full,4,4,0.3668576962987294,4.953046867365847,1.2880109935103252,0.9102550622166891,1.0671998992688962
full,4,4,0.3668576962987294,6.687245086537825,0.6916305134888839,1.2262270069738639,1.0399582374711887
full,4,4,0.3668576962987294,9.028633898472895,0.37607358513768446,1.656111235242031,1.0314586855167078
full,4,4,0.3668576962987294,12.189807464475196,0.20790179852742893,2.235962342327394,1.0394107790595741
full,4,4,0.4953046867365847,2.717207669088465,2.4966035691594124,0.670303479751338,1.1217408480974276
full,4,4,0.4953046867365847,3.6685769629872937,1.2925264724360845,0.9056626348057369,1.060162277796433
full,4,4,0.4953046867365847,4.953046867365847,0.6867873827180678,1.2267864191820366,1.033618388809854
full,4,4,0.4953046867365847,6.687245086537825,0.37691408847677205,1.656108031873308,1.0337599385864582
full,4,4,0.4953046867365847,9.028633898472895,0.20682561831113944,2.235962342260777,1.0340303863080211
full,4,4,0.6687245086537824,2.012556255857059,2.492765063609658,0.6816056344409983,1.1581043503535373
full,4,4,0.6687245086537824,2.717207669088465,1.2900716029182207,0.9074361997554246,1.0622971497879465
full,4,4,0.6687245086537824,3.6685769629872937,0.6916405844281716,1.2263796576950892,1.0402323252881283
full,4,4,0.6687245086537824,4.953046867365847,0.37555439309142113,1.656113373197891,1.0300373546419057
full,4,4,0.6687245086537824,6.687245086537825,0.20731467270161683,2.2359623417414,1.0364754267476495
full,4,4,0.9028633898472894,1.4906415615808106,2.496444198251868,0.6687160686543467,1.1163628635680425
full,4,4,0.9028633898472894,2.012556255857059,1.2992698321052105,0.9109066840140896,1.078070425544644
full,4,4,0.9028633898472894,2.717207669088465,0.6892898180531347,1.226528606127752,1.036948592803066
full,4,4,0.9028633898472894,3.6685769629872937,0.37867519509145364,1.656109494107081,1.0385919488164554
full,4,4,0.9028633898472894,4.953046867365847,0.2061586234600879,2.2359623426074164,1.0306957274633692
full,4,4,1.2189807464475195,1.1040746109061288,2.4378112873275883,0.6735238392846933,1.1058749682099596
full,4,4,1.2189807464475195,1.4906415615808106,1.294654481445319,0.9070976097792872,1.065275463723421
full,4,4,1.2189807464475195,2.012556255857059,0.6967182190210575,1.2268392737174947,1.0486547003623372
full,4,4,1.2189807464475195,2.717207669088465,0.3775247627370879,1.6561109090409372,1.0354384288410545
full,4,4,1.2189807464475195,3.6685769629872937,0.20770317184434742,2.2359623419784835,1.0384177391520657
full,4,4,1.6457795021028379,0.8177557756774221,2.4552619070775887,0.6711669769108638,1.1060098272496153
full,4,4,1.6457795021028379,1.1040746109061288,1.282436962570949,0.9091049284752346,1.05989794762361
full,4,4,1.6457795021028379,1.4906415615808106,0.6907826875807471,1.2265019137848698,1.0391491940804902
full,4,4,1.6457795021028379,2.012556255857059,0.3791863192418514,1.6561138739831893,1.0399993092415087
full,4,4,1.6457795021028379,2.717207669088465,0.20707686218651897,2.2359623422078867,1.035286486947331
full,4,4,2.222012265112078,0.6056877878071585,2.4904786233496274,0.668370677960812,1.1125450245808486
full,4,4,2.222012265112078,0.8177557756774221,1.2839012117176218,0.9081024701673491,1.05876925791349
full,4,4,2.222012265112078,1.1040746109061288,0.683212711874651,1.22669422363186,1.028083948895383
full,4,4,2.222012265112078,1.4906415615808106,0.3786991473737409,1.656110656719482,1.0386591010142685
full,4,4,2.222012265112078,2.012556255857059,0.20817505600251734,2.2359623426886066,1.0407769376834437
full,4,4,2.999999999999996,0.4486152311120365,2.4695842227191545,0.6678159164345974,1.101380475100147
full,4,4,2.999999999999996,0.6056877878071585,1.2886972797584164,0.9069393326847793,1.0600037114464331
full,4,4,2.999999999999996,0.8177557756774221,0.6895351278140954,1.2265979186660905,1.0374348733730172
full,4,4,2.999999999999996,1.1040746109061288,0.37740084775425015,1.6561125004932218,1.0351005561758975
full,4,4,2.999999999999996,1.4906415615808106,0.20789200067697453,2.235962342166979,1.0393617942867086
full,8,8,0.01,181.70633634214732,2.5174530308437664,0.6444201829366552,1.045441279225588
full,8,8,0.01,245.3267327032263,1.3757500547758879,0.8674923708446234,1.0353110920075521
full,8,8,0.01,331.2223832718382,0.7507059656803299,1.1710475563886973,1.0294824122083959
full,8,8,0.01,447.1924684742427,0.41364034571615815,1.5810641348394443,1.0340031618101841
full,8,8,0.01,603.766876757117,0.2268132134991951,2.1346382640538994,1.0335153512591004
full,8,8,0.01,815.1623007265384,0.12341652253625078,2.8820339530568155,1.0251124099549764
full,8,8,0.013501275609964631,134.58456933361077,2.5354111256428062,0.6323125720654723,1.013706019508853
full,8,8,0.013501275609964631,181.70633634214732,1.3601853087833873,0.8675414072943023,1.0237136755797682
full,8,8,0.013501275609964631,245.3267327032263,0.7536582617578901,1.1710492218621382,1.0335339902535934
full,8,8,0.013501275609964631,331.2223832718382,0.4142467687489044,1.581064134701951,1.0355190759739024
full,8,8,0.013501275609964631,447.1924684742427,0.22557436481275675,2.1346382640538994,1.0278703135844072
full,8,8,0.013501275609964631,603.766876757117,0.12379879160113176,2.882033953056815,1.028287582567997
full,8,8,0.018228444309622584,99.68285458470345,2.5323383833839834,0.6439120401846394,1.0499650170702393
full,8,8,0.018228444309622584,134.58456933361077,1.3670531163040671,0.8664353489501714,1.0262607373675123
full,8,8,0.018228444309622584,181.70633634214732,0.7514764489442189,1.1710496898254599,1.030542771180231
full,8,8,0.018228444309622584,245.3267327032263,0.4135905053005024,1.5810641349719874,1.03387857271677
full,8,8,0.018228444309622584,331.2223832718382,0.2268379838867604,2.1346382640538994,1.0336282220015516
full,8,8,0.018228444309622584,447.1924684742427,0.12389437485502854,2.882033953056816,1.0290815085168077
full,8,8,0.024610725056510595,73.83217516953168,2.5250462019389195,0.6396693175373548,1.0331904151549054
full,8,8,0.024610725056510595,99.68285458470345,1.3722628814355233,0.867493277434677,1.0326890025342252
full,8,8,0.024610725056510595,134.58456933361077,0.7495222873746004,1.1710391187105385,1.0278443602577398
full,8,8,0.024610725056510595,181.70633634214732,0.4135807026385422,1.5810641350478605,1.0338540684764956
full,8,8,0.024610725056510595,245.3267327032263,0.22711887423047672,2.134638264053899,1.0349081495585597
full,8,8,0.024610725056510595,331.2223832718382,0.12412431976187463,2.8820339530568155,1.0309914584389879
full,8,8,0.03322761819490119,54.68533292886767,2.5369452269290034,0.641124424111019,1.0427873035333284
full,8,8,0.03322761819490119,73.83217516953168,1.3662104764644556,0.8671154339037956,1.0272388690009198
full,8,8,0.03322761819490119,99.68285458470345,0.7522791864986366,1.1710492287363372,1.0316427988479235
full,8,8,0.03322761819490119,134.58456933361077,0.4113139428616458,1.5810641333338982,1.0281877022156491
full,8,8,0.03322761819490119,181.70633634214732,0.22569583561888815,2.1346382640539,1.0284238172402562
full,8,8,0.03322761819490119,245.3267327032263,0.12387398619407292,2.882033953056815,1.0289121578582532
full,8,8,0.04486152311120365,40.503826829893846,2.526525009249719,0.6440628668157025,1.0480454651633917
full,8,8,0.04486152311120365,54.68533292886767,1.3713474271317012,0.8672408075016201,1.0313994757918945
full,8,8,0.04486152311120365,73.83217516953168,0.7491265191359251,1.1710456240328457,1.0273130440667773
full,8,8,0.04486152311120365,99.68285458470345,0.41214989739094876,1.5810641349731,1.0302773932175167
full,8,8,0.04486152311120365,134.58456933361077,0.22568948545913353,2.1346382640539,1.028394881591014
full,8,8,0.04486152311120365,181.70633634214732,0.12402876703520144,2.882033953056816,1.030197786052951
full,8,8,0.06056877878071584,29.99999999999996,2.5245270961433985,0.6367104473156984,1.0234437738303381
full,8,8,0.06056877878071584,40.503826829893846,1.3699466651000662,0.8675094994588984,1.0309845039711216
full,8,8,0.06056877878071584,54.68533292886767,0.7502125786989658,1.1710468172782198,1.0288045061297189
full,8,8,0.06056877878071584,73.83217516953168,0.4136341748725515,1.5810641343886536,1.033987735569112
full,8,8,0.06056877878071584,99.68285458470345,0.22564077877017044,2.1346382640538994,1.0281729407703015
full,8,8,0.06056877878071584,134.58456933361077,0.1236166952411698,2.8820339530568155,1.0267750684040222
full,8,8,0.0817755775677422,22.22012265112078,2.5361259420865006,0.6435759275099924,1.0504379392063925
full,8,8,0.0817755775677422,29.99999999999996,1.3740653054250127,0.866850261542284,1.032513034950725
full,8,8,0.0817755775677422,40.503826829893846,0.7504644590223843,1.1710493853621855,1.0291544361928817
full,8,8,0.0817755775677422,54.68533292886767,0.4131719450717339,1.5810641345821161,1.0328322704998698
full,8,8,0.0817755775677422,73.83217516953168,0.22618962624413072,2.1346382640538986,1.0306738633624484
full,8,8,0.0817755775677422,99.68285458470345,0.12447827105054982,2.882033953056815,1.033931420213019
full,8,8,0.11040746109061289,16.457795021028378,2.5321452905601913,0.6440972483885896,1.0504889993722464
full,8,8,0.11040746109061289,22.22012265112078,1.3746238075556556,0.8674604720523652,1.0343874668621724
full,8,8,0.11040746109061289,29.99999999999996,0.7539445799741703,1.1710430931145364,1.033915812347214
full,8,8,0.11040746109061289,40.503826829893846,0.4136625896365364,1.5810641349984969,1.0340587665651313
full,8,8,0.11040746109061289,54.68533292886767,0.22566285311025616,2.1346382640538994,1.028273526485726
full,8,8,0.11040746109061289,73.83217516953168,0.12344590967954135,2.882033953056815,1.0253565030849818
full,8,8,0.14906415615808105,12.189807464475196,2.530658221908021,0.6411915954360343,1.04042106758219
full,8,8,0.14906415615808105,16.457795021028378,1.3742247094379747,0.8675076732130675,1.0341996891603555
full,8,8,0.14906415615808105,22.22012265112078,0.7505674264472674,1.171048913843405,1.0292948123729286
full,8,8,0.14906415615808105,29.99999999999996,0.4139858762031806,1.5810641339783036,1.0348669052856134
full,8,8,0.14906415615808105,40.503826829893846,0.22572450632474733,2.1346382640538994,1.0285544604870922
full,8,8,0.14906415615808105,54.68533292886767,0.12368386689392084,2.882033953056815,1.02733300419266
full,8,8,0.2012556255857059,9.028633898472895,2.5358474807850766,0.6425552316448879,1.046993672700925
full,8,8,0.2012556255857059,12.189807464475196,1.372933607850784,0.8672508975013967,1.032616480548159
full,8,8,0.2012556255857059,16.457795021028378,0.7533193733573268,1.1710493646730802,1.033069505485488
full,8,8,0.2012556255857059,22.22012265112078,0.4139647452436987,1.5810641349220427,1.0348140841134945
full,8,8,0.2012556255857059,29.99999999999996,0.22611990912218077,2.134638264053899,1.0303561847110632
full,8,8,0.2012556255857059,40.503826829893846,0.12378502549737493,2.8820339530568155,1.0281732396622998
full,8,8,0.2717207669088465,6.687245086537825,2.531966730569252,0.6447393913754855,1.0525104214948993
full,8,8,0.2717207669088465,9.028633898472895,1.3687937079506984,0.8673694566367217,1.0297842613744077
full,8,8,0.2717207669088465,12.189807464475196,0.7519084001258863,1.1710469163094879,1.0311302463408745
full,8,8,0.2717207669088465,16.457795021028378,0.4134697039889626,1.5810641349951384,1.0335765980015927
full,8,8,0.2717207669088465,22.22012265112078,0.22655150243978367,2.1346382640538994,1.0323228175732404
full,8,8,0.2717207669088465,29.99999999999996,0.12403365772290835,2.882033953056815,1.0302384086904917
full,8,8,0.3668576962987294,4.953046867365847,2.5334270095404574,0.6418344997815002,1.0436491203344718
full,8,8,0.3668576962987294,6.687245086537825,1.377708218497066,0.867569678920838,1.0369694923753023
full,8,8,0.3668576962987294,9.028633898472895,0.7487098202954744,1.1710480454531553,1.026745851084367
full,8,8,0.3668576962987294,12.189807464475196,0.412913905721928,1.581064134598176,1.0321872330958217
full,8,8,0.3668576962987294,16.457795021028378,0.2262448415845135,2.1346382640538994,1.030925462028286
full,8,8,0.3668576962987294,22.22012265112078,0.1241752259072212,2.8820339530568155,1.0314142909760367
full,8,8,0.4953046867365847,3.6685769629872937,2.546262359290908,0.6441909928168074,1.0566531360786715
full,8,8,0.4953046867365847,4.953046867365847,1.3698183876836707,0.8673102734025753,1.030414527471104
full,8,8,0.4953046867365847,6.687245086537825,0.754068698479955,1.1710499594369472,1.034098147863535
full,8,8,0.4953046867365847,9.028633898472895,0.41340651659037136,1.5810641347812469,1.0334186441504347
full,8,8,0.4953046867365847,12.189807464475196,0.22631034855524845,2.134638264053899,1.0312239563656507
full,8,8,0.4953046867365847,16.457795021028378,0.1242932701241544,2.882033953056815,1.0323947803725522
full,8,8,0.6687245086537824,2.717207669088465,2.525347409996569,0.6416029969135428,1.0395703871179642
full,8,8,0.6687245086537824,3.6685769629872937,1.3695090670402086,0.8675103306103085,1.0306571545238166
full,8,8,0.6687245086537824,4.953046867365847,0.7516402238848707,1.1710474841947807,1.0307634823289982
full,8,8,0.6687245086537824,6.687245086537825,0.41248530218015916,1.5810641350915742,1.0311158261220914
full,8,8,0.6687245086537824,9.028633898472895,0.2262364704820085,2.1346382640539,1.0308873175885849
full,8,8,0.6687245086537824,12.189807464475196,0.12452660657666136,2.882033953056815,1.0343329008789819
full,8,8,0.9028633898472894,2.012556255857059,2.528283981744958,0.6470874271265721,1.0586484751803846
full,8,8,0.9028633898472894,2.717207669088465,1.3699235967737846,0.8672927829788285,1.0304521065677268
full,8,8,0.9028633898472894,3.6685769629872937,0.7461950433820642,1.1710493862229638,1.023299546111945
full,8,8,0.9028633898472894,4.953046867365847,0.4130531204978323,1.5810641346902516,1.0325352372729968
full,8,8,0.9028633898472894,6.687245086537825,0.22524886229648525,2.1346382640539,1.0263871026098352
full,8,8,0.9028633898472894,9.028633898472895,0.12405490492770693,2.882033953056816,1.0304148905169792
full,8,8,1.2189807464475195,1.4906415615808106,2.5363204349990984,0.6418141263583952,1.0447747407099897
full,8,8,1.2189807464475195,2.012556255857059,1.3729232383159327,0.8677772587229733,1.033862505632284
full,8,8,1.2189807464475195,2.717207669088465,0.754410871771354,1.1710473194384592,1.0345627253236827
full,8,8,1.2189807464475195,3.6685769629872937,0.4121842215631922,1.5810641349986276,1.03036319557399
full,8,8,1.2189807464475195,4.953046867365847,0.22530310658457214,2.134638264053899,1.0266342765005925
full,8,8,1.2189807464475195,6.687245086537825,0.12388378934737107,2.8820339530568155,1.0289935840230497
full,8,8,1.6457795021028379,1.1040746109061288,2.5353724585364232,0.6398007879967833,1.0378421615520979
full,8,8,1.6457795021028379,1.4906415615808106,1.374325360609471,0.8673049317050042,1.0337920604815565
full,8,8,1.6457795021028379,2.012556255857059,0.7498410907604465,1.1710519387664922,1.028304060271773
full,8,8,1.6457795021028379,2.717207669088465,0.4138733584539393,1.581064134663541,1.034585638386465
full,8,8,1.6457795021028379,3.6685769629872937,0.2256289520563737,2.1346382640538994,1.0281190502139477
full,8,8,1.6457795021028379,4.953046867365847,0.12332616592550574,2.8820339530568155,1.0243618971298478
full,8,8,2.222012265112078,0.8177557756774221,2.542611216059306,0.6407187718873665,1.0437941412469542
full,8,8,2.222012265112078,1.1040746109061288,1.3723018901357364,0.8671262602329137,1.0318447026199766
full,8,8,2.222012265112078,1.4906415615808106,0.749776457754065,1.1710474308603223,1.0282075088682998
full,8,8,2.222012265112078,2.012556255857059,0.41295341112682477,1.58106413541249,1.0322859883401372
full,8,8,2.222012265112078,2.717207669088465,0.22551242875467065,2.1346382640538994,1.0275880907551418
full,8,8,2.222012265112078,3.6685769629872937,0.1238234398284832,2.882033953056815,1.0284923136949329
full,8,8,2.999999999999996,0.6056877878071585,2.5395236966000447,0.642585919807688,1.0486116538000136
full,8,8,2.999999999999996,0.8177557756774221,1.378875268622199,0.8672096777833838,1.036986765647435
full,8,8,2.999999999999996,1.1040746109061288,0.7527065428498392,1.1710457267206225,1.0322226829316206
full,8,8,2.999999999999996,1.4906415615808106,0.41190052664666205,1.5810641346816012,1.0296540248787724
full,8,8,2.999999999999996,2.012556255857059,0.22698793676521767,2.1346382640538994,1.03431150936149
full,8,8,2.999999999999996,2.717207669088465,0.1242961655664706,2.882033953056815,1.032418830263034
full,16,16,0.01,245.3267327032263,2.7432802333453927,0.613486556245487,1.032476735360026
full,16,16,0.01,331.2223832718382,1.503110857593851,0.8280548698115053,1.0306453379960454
full,16,16,0.01,447.1924684742427,0.8272555586975527,1.1179811714026875,1.0339717491685947
full,16,16,0.01,603.766876757117,0.45427060630553706,1.5094171918927923,1.0349830109087048
full,16,16,0.01,815.1623007265384,0.24864499603099016,2.0379057518163464,1.0326375507367986
full,16,16,0.01,1100.5730888961868,0.1361239480534615,2.7514327222404673,1.0305102895180804
full,16,16,0.013501275609964631,181.70633634214732,2.7498153299373387,0.6136533478199723,1.035499144764172
full,16,16,0.013501275609964631,245.3267327032263,1.504139452634151,0.8280575782261038,1.0313573664898898
full,16,16,0.013501275609964631,331.2223832718382,0.8257633032823426,1.1179811710091443,1.0321066054088985
full,16,16,0.013501275609964631,447.1924684742427,0.45233087547714307,1.5094171918927923,1.0305636440703994
full,16,16,0.013501275609964631,603.766876757117,0.2477087958350943,2.037905751816346,1.0287494552885847
full,16,16,0.013501275609964631,815.1623007265384,0.1365016818181051,2.751432722240467,1.0333698784201797
full,16,16,0.018228444309622584,134.58456933361077,2.7406029411445716,0.6135486488815616,1.0316779003885361
full,16,16,0.018228444309622584,181.70633634214732,1.5039640613489325,0.828059162934766,1.0312410514042927
full,16,16,0.018228444309622584,245.3267327032263,0.8260362371724478,1.1179811714482726,1.032447741348755
full,16,16,0.018228444309622584,331.2223832718382,0.4528385745226929,1.5094171918927923,1.0317203552454235
full,16,16,0.018228444309622584,447.1924684742427,0.24785669758768553,2.0379057518163464,1.0293637001195024
full,16,16,0.018228444309622584,603.766876757117,0.136408251338964,2.7514327222404673,1.0326625740003015
full,16,16,0.024610725056510595,99.68285458470345,2.741989567910289,0.6133675147885014,1.0315905151206823
full,16,16,0.024610725056510595,134.58456933361077,1.5035185992440947,0.8280581696037621,1.0309331326700362
full,16,16,0.024610725056510595,181.70633634214732,0.8258901295134609,1.117981171705201,1.0322651245048369
full,16,16,0.024610725056510595,245.3267327032263,0.4538315293514889,1.509417191892792,1.0339826442074178
full,16,16,0.024610725056510595,331.2223832718382,0.24909537045679167,2.0379057518163464,1.0345079826835417
full,16,16,0.024610725056510595,447.1924684742427,0.1362080034529595,2.7514327222404673,1.0311466210035456
full,16,16,0.03322761819490119,73.83217516953168,2.7481990304026107,0.6133040887465703,1.0337128193657663
full,16,16,0.03322761819490119,99.68285458470345,1.5001870330273024,0.8280564412020386,1.0286444490572104
full,16,16,0.03322761819490119,134.58456933361077,0.8237374304425351,1.1179811715441543,1.0295745046026983
full,16,16,0.03322761819490119,181.70633634214732,0.4533541306171036,1.5094171918927926,1.032894967451186
full,16,16,0.03322761819490119,245.3267327032263,0.24779583878874148,2.037905751816346,1.0291109498848883
full,16,16,0.03322761819490119,331.2223832718382,0.1367121638916058,2.7514327222404673,1.0349633081259975
full,16,16,0.04486152311120365,54.68533292886767,2.7413371913510582,0.6133958362934234,1.0314403226299642
full,16,16,0.04486152311120365,73.83217516953168,1.502595351730944,0.8280558356829704,1.0302942721184523
full,16,16,0.04486152311120365,99.68285458470345,0.8274074284043259,1.1179811712639207,1.0341615681094638
full,16,16,0.04486152311120365,134.58456933361077,0.4539063894919636,1.5094171918927926,1.0341532010792698
full,16,16,0.04486152311120365,181.70633634214732,0.248408740201085,2.0379057518163464,1.031656366134515
full,16,16,0.04486152311120365,245.3267327032263,0.13706867538141074,2.751432722240467,1.0376622363001282
full,16,16,0.06056877878071584,40.503826829893846,2.742725043251734,0.6132820140488355,1.0315795599668593
full,16,16,0.06056877878071584,54.68533292886767,1.5035402927506563,0.8280567121716647,1.0309443784232282
full,16,16,0.06056877878071584,73.83217516953168,0.8247155919474196,1.1179811711657444,1.0307970902650585
full,16,16,0.06056877878071584,99.68285458470345,0.4503154093484685,1.5094171918927923,1.0259717264484232
full,16,16,0.06056877878071584,134.58456933361077,0.24819435062878567,2.0379057518163464,1.0307659934088351
full,16,16,0.06056877878071584,181.70633634214732,0.13660865909047434,2.7514327222404673,1.0341797372400092
full,16,16,0.0817755775677422,29.99999999999996,2.740226566606224,0.6132986211370381,1.030695664082191
full,16,16,0.0817755775677422,40.503826829893846,1.5029671491625114,0.8280556243825685,1.0305486789239313
full,16,16,0.0817755775677422,54.68533292886767,0.8267186487426368,1.1179811713078547,1.0333006749589244
full,16,16,0.0817755775677422,73.83217516953168,0.4538920605284936,1.5094171918927919,1.0341205548249228
full,16,16,0.0817755775677422,99.68285458470345,0.2487256148484657,2.037905751816346,1.0329723655110754
full,16,16,0.0817755775677422,134.58456933361077,0.13613820191202397,2.7514327222404664,1.0306181966727286
full,16,16,0.11040746109061289,22.22012265112078,2.737648937139676,0.6132779838806633,1.0296568283216538
full,16,16,0.11040746109061289,29.99999999999996,1.5080794927903358,0.8280557834667983,1.034054488172238
full,16,16,0.11040746109061289,40.503826829893846,0.8266269227377014,1.1179811711314849,1.0331860279596663
full,16,16,0.11040746109061289,54.68533292886767,0.4514590851056139,1.5094171918927923,1.0285774089693775
full,16,16,0.11040746109061289,73.83217516953168,0.247717587329523,2.037905751816346,1.028785966891147
full,16,16,0.11040746109061289,99.68285458470345,0.13632988102383747,2.7514327222404673,1.032069280775373
full,16,16,0.14906415615808105,16.457795021028378,2.7420616748347775,0.6134083208456813,1.0317549104585917
full,16,16,0.14906415615808105,22.22012265112078,1.5079172461960884,0.8280555869865039,1.0339427488486481
full,16,16,0.14906415615808105,29.99999999999996,0.8269457800434915,1.1179811711572782,1.0335845619822313
full,16,16,0.14906415615808105,40.503826829893846,0.45342045742688836,1.5094171918927923,1.0330460824921814
full,16,16,0.14906415615808105,54.68533292886767,0.248292473726688,2.037905751816346,1.031173504507413
full,16,16,0.14906415615808105,73.83217516953168,0.1364377031342639,2.751432722240466,1.0328855353420436
full,16,16,0.2012556255857059,12.189807464475196,2.742051694258018,0.613335339431508,1.0315056605873494
full,16,16,0.2012556255857059,16.457795021028378,1.5091423801838288,0.8280568311674253,1.034785903481497
full,16,16,0.2012556255857059,22.22012265112078,0.8271962403629682,1.1179811711254226,1.0338976077430588
full,16,16,0.2012556255857059,29.99999999999996,0.4550873721123234,1.509417191892792,1.0368438813286287
full,16,16,0.2012556255857059,40.503826829893846,0.2482533861364509,2.0379057518163464,1.031011171405638
full,16,16,0.2012556255857059,54.68533292886767,0.13634233352298067,2.7514327222404664,1.0321635509510525
full,16,16,0.2717207669088465,9.028633898472895,2.748346184366114,0.6130717663619645,1.0329851262856509
full,16,16,0.2717207669088465,12.189807464475196,1.5000745693331923,0.8280561328667386,1.028566569240958
full,16,16,0.2717207669088465,16.457795021028378,0.826750239704679,1.1179811713271481,1.033340159966231
full,16,16,0.2717207669088465,22.22012265112078,0.453710995192368,1.5094171918927923,1.0337080263800864
full,16,16,0.2717207669088465,29.99999999999996,0.2481420020549743,2.037905751816346,1.0305485866485622
full,16,16,0.2717207669088465,40.503826829893846,0.13668239046064554,2.7514327222404673,1.034737911879433
full,16,16,0.3668576962987294,6.687245086537825,2.7428202539675723,0.6129419057794158,1.0304714799720358
full,16,16,0.3668576962987294,9.028633898472895,1.503869402195597,0.8280536199136261,1.0311623400060124
full,16,16,0.3668576962987294,12.189807464475196,0.827432926921198,1.1179811712139271,1.0341934381516678
full,16,16,0.3668576962987294,16.457795021028378,0.4532644232756427,1.5094171918927923,1.0326905836035911
full,16,16,0.3668576962987294,22.22012265112078,0.24868672539741377,2.0379057518163464,1.0328108552931956
full,16,16,0.3668576962987294,29.99999999999996,0.13588018394061466,2.751432722240467,1.0286649020598406
full,16,16,0.4953046867365847,4.953046867365847,2.7500586618324045,0.613019791547751,1.0334535230019521
full,16,16,0.4953046867365847,6.687245086537825,1.5034418485026775,0.8280523797121062,1.0308660901423299
full,16,16,0.4953046867365847,9.028633898472895,0.8287212522542049,1.117981170806493,1.0358036919106886
full,16,16,0.4953046867365847,12.189807464475196,0.45185380774454365,1.509417191892792,1.0294767214488612
full,16,16,0.4953046867365847,16.457795021028378,0.24875941498272966,2.037905751816346,1.0331127394917228
full,16,16,0.4953046867365847,22.22012265112078,0.13659303850221652,2.751432722240467,1.0340614834194417
full,16,16,0.6687245086537824,3.6685769629872937,2.740813740441329,0.6133778625192327,1.0311829376275676
full,16,16,0.6687245086537824,4.953046867365847,1.5122596953164074,0.8280531232439944,1.0369140918706472
full,16,16,0.6687245086537824,6.687245086537825,0.8257731815573209,1.1179811706054128,1.0321189513405353
full,16,16,0.6687245086537824,9.028633898472895,0.45268774026422004,1.5094171918927928,1.0313767034818815
full,16,16,0.6687245086537824,12.189807464475196,0.2483431861471893,2.037905751816346,1.03138411622506
full,16,16,0.6687245086537824,16.457795021028378,0.1368057092849915,2.7514327222404673,1.035671482490608
full,16,16,0.9028633898472894,2.717207669088465,2.7493806572464288,0.613335861250124,1.0342644315111842
full,16,16,0.9028633898472894,3.6685769629872937,1.5046697703919252,0.8280565403745487,1.031718408199525
full,16,16,0.9028633898472894,4.953046867365847,0.8266348534813512,1.117981170725965,1.0331959397030677
full,16,16,0.9028633898472894,6.687245086537825,0.45111358349546143,1.5094171918927928,1.0277902387413556
full,16,16,0.9028633898472894,9.028633898472895,0.24733998205032204,2.0379057518163464,1.0272177495657089
full,16,16,0.9028633898472894,12.189807464475196,0.1364891570439752,2.751432722240467,1.0332750610952393
full,16,16,1.2189807464475195,2.012556255857059,2.745566532717657,0.6133814163854802,1.032983062034813
full,16,16,1.2189807464475195,2.717207669088465,1.5038077347690566,0.8280561387924557,1.0311263295229776
full,16,16,1.2189807464475195,3.6685769629872937,0.826551564478412,1.11798117128,1.0330918393099164
full,16,16,1.2189807464475195,4.953046867365847,0.4512398266015341,1.509417191892792,1.0280778634923642
full,16,16,1.2189807464475195,6.687245086537825,0.24747993052792164,2.0379057518163464,1.0277989639695562
full,16,16,1.2189807464475195,9.028633898472895,0.13678332155053888,2.751432722240467,1.0355019987881267
full,16,16,1.6457795021028379,1.4906415615808106,2.754603023163179,0.6135470165178564,1.0369426008345661
full,16,16,1.6457795021028379,2.012556255857059,1.5008879213323036,0.8280565732234205,1.029125360534438
full,16,16,1.6457795021028379,2.717207669088465,0.8278717047509466,1.117981171214889,1.0347418586206163
full,16,16,1.6457795021028379,3.6685769629872937,0.45360086043437303,1.5094171918927923,1.0334571019270113
full,16,16,1.6457795021028379,4.953046867365847,0.2481356014601937,2.0379057518163464,1.030522004595342
full,16,16,1.6457795021028379,6.687245086537825,0.13663613174397932,2.7514327222404678,1.0343877157222832
full,16,16,2.222012265112078,1.1040746109061288,2.7433269457218636,0.613258944883733,1.0317283212185635
full,16,16,2.222012265112078,1.4906415615808106,1.5043968304983586,0.828058152351951,1.0315352755861191
full,16,16,2.222012265112078,2.012556255857059,0.8243386159567422,1.117981171285325,1.0303259150183326
full,16,16,2.222012265112078,2.717207669088465,0.4522926197309134,1.5094171918927923,1.030476484463619
full,16,16,2.222012265112078,3.6685769629872937,0.2481324791501195,2.037905751816346,1.030509037454723
full,16,16,2.222012265112078,4.953046867365847,0.1368098808700675,2.7514327222404673,1.0357030629832829
full,16,16,2.999999999999996,0.8177557756774221,2.7493302339975796,0.6132649604780924,1.0340063623972322
full,16,16,2.999999999999996,1.1040746109061288,1.5033762363834555,0.8280554049686751,1.0308286339736428
full,16,16,2.999999999999996,1.4906415615808106,0.8274150933563422,1.117981171541355,1.0341711489075205
full,16,16,2.999999999999996,2.012556255857059,0.45242886173857655,1.5094171918927923,1.0307868901146697
full,16,16,2.999999999999996,2.717207669088465,0.24712256258203896,2.037905751816346,1.0263147935006594
full,16,16,2.999999999999996,3.6685769629872937,0.1364814357643989,2.751432722240467,1.0332166080591245
full,32,32,0.01,331.2223832718382,2.997904905996136,0.5855233531535368,1.0277945142705256
full,32,32,0.01,447.1924684742427,1.6511299177656218,0.790532067272548,1.03185869836842
full,32,32,0.01,603.766876757117,0.9041832539216138,1.0673191320269497,1.030018554543681
full,32,32,0.01,815.1623007265384,0.49779133431711003,1.4410169765284078,1.0336786029330662
full,32,32,0.01,1100.5730888961868,0.27280729968680734,1.9455567358747967,1.0326277389210234
full,32,32,0.01,1485.9140602097523,0.15005339129510462,2.6267497705868794,1.03534054361625
full,32,32,0.013501275609964631,245.3267327032263,3.01206478702096,0.5855259059001596,1.0326580580986324
full,32,32,0.013501275609964631,331.2223832718382,1.6485716638876204,0.7905320672820633,1.0302599407859323
full,32,32,0.013501275609964631,447.1924684742427,0.9059593820865631,1.0673191320269497,1.0320418666955162
full,32,32,0.013501275609964631,603.766876757117,0.4987663351145626,1.4410169765284075,1.035703221267477
full,32,32,0.013501275609964631,815.1623007265384,0.2726166937319483,1.9455567358747965,1.0319062589737602
full,32,32,0.013501275609964631,1100.5730888961868,0.1497741942921992,2.626749770586879,1.033414136127094
full,32,32,0.018228444309622584,181.70633634214732,3.0044926970076435,0.585522234424573,1.0300491205773754
full,32,32,0.018228444309622584,245.3267327032263,1.6548601332931063,0.7905320676959496,1.034189863909386
full,32,32,0.018228444309622584,331.2223832718382,0.9055097676292551,1.0673191320269497,1.0315296793359188
full,32,32,0.018228444309622584,447.1924684742427,0.49793537721113845,1.441016976528408,1.0339777123132368
full,32,32,0.018228444309622584,603.766876757117,0.2729046021272079,1.9455567358747967,1.0329960472439226
full,32,32,0.018228444309622584,815.1623007265384,0.15015769227107087,2.6267497705868794,1.0360602009877
full,32,32,0.024610725056510595,134.58456933361077,3.000202451094863,0.585523207155519,1.0285816861653319
full,32,32,0.024610725056510595,181.70633634214732,1.6481326152097349,0.7905320671006772,1.029985560815685
full,32,32,0.024610725056510595,245.3267327032263,0.9071548956651657,1.0673191320269495,1.0334037600537802
full,32,32,0.024610725056510595,331.2223832718382,0.4970666264148351,1.4410169765284078,1.0321737252859178
full,32,32,0.024610725056510595,447.1924684742427,0.2724554047637178,1.9455567358747967,1.0312957494207977
full,32,32,0.024610725056510595,603.766876757117,0.1495856300812064,2.6267497705868794,1.032113078076817
full,32,32,0.03322761819490119,99.68285458470345,2.9975245207826604,0.5855206205559467,1.0276545118636615
full,32,32,0.03322761819490119,134.58456933361077,1.651078743941136,0.7905320672583922,1.0318267177130087
full,32,32,0.03322761819490119,181.70633634214732,0.9053328324711918,1.06731913202695,1.0313281200889788
full,32,32,0.03322761819490119,245.3267327032263,0.4969211772310486,1.4410169765284075,1.031871695702979
full,32,32,0.03322761819490119,331.2223832718382,0.27280876655111724,1.9455567358747967,1.0326332912826257
full,32,32,0.03322761819490119,447.1924684742427,0.15003918999258065,2.6267497705868794,1.035242557265203
full,32,32,0.04486152311120365,73.83217516953168,3.000842628408244,0.5855238856360885,1.0288035471753014
full,32,32,0.04486152311120365,99.68285458470345,1.6556215276772404,0.7905320668390114,1.0346656881960148
full,32,32,0.04486152311120365,134.58456933361077,0.9089674840471234,1.06731913202695,1.0354686065957501
full,32,32,0.04486152311120365,181.70633634214732,0.496921660349542,1.441016976528408,1.031872698912989
full,32,32,0.04486152311120365,245.3267327032263,0.2716715208677697,1.9455567358747967,1.0283285991430051
full,32,32,0.04486152311120365,331.2223832718382,0.1500827925934537,2.62674977058688,1.0355434071167218
full,32,32,0.06056877878071584,54.68533292886767,3.006398218253244,0.5855236621342794,1.0307074288440747
full,32,32,0.06056877878071584,73.83217516953168,1.6553093461974366,0.7905320673683968,1.0344705945913404
full,32,32,0.06056877878071584,99.68285458470345,0.9049467772133154,1.0673191320269497,1.0308883374708344
full,32,32,0.06056877878071584,134.58456933361077,0.4980923199198268,1.4410169765284078,1.0343036085445962
full,32,32,0.06056877878071584,181.70633634214732,0.27252292550620794,1.9455567358747967,1.0315513283284292
full,32,32,0.06056877878071584,245.3267327032263,0.149672593317259,2.626749770586879,1.032713108261488
full,32,32,0.0817755775677422,40.503826829893846,3.007805838319937,0.5855227375557772,1.0311867578101237
full,32,32,0.0817755775677422,54.68533292886767,1.6549555262749254,0.7905320673321592,1.0342494779381821
full,32,32,0.0817755775677422,73.83217516953168,0.9057724503349137,1.0673191320269493,1.0318289196277644
full,32,32,0.0817755775677422,99.68285458470345,0.49608310771779573,1.4410169765284075,1.030131419278102
full,32,32,0.0817755775677422,134.58456933361077,0.27218622787821034,1.9455567358747965,1.0302768634929997
full,32,32,0.0817755775677422,181.70633634214732,0.1497904968870828,2.626749770586879,1.0335266210053327
full,32,32,0.11040746109061289,29.99999999999996,3.0113763843838868,0.585523769252008,1.0324145109063403
full,32,32,0.11040746109061289,40.503826829893846,1.6596879717958617,0.7905320671822536,1.037206976542037
full,32,32,0.11040746109061289,54.68533292886767,0.9077137706154446,1.0673191320269497,1.0340404137033148
full,32,32,0.11040746109061289,73.83217516953168,0.49754710490818926,1.4410169765284075,1.0331714532564757
full,32,32,0.11040746109061289,99.68285458470345,0.27274901906746635,1.945556735874797,1.0324071356444906
full,32,32,0.11040746109061289,134.58456933361077,0.14974207835273926,2.62674977058688,1.0331925421069112
full,32,32,0.14906415615808105,22.22012265112078,3.0035945443091565,0.5855216609329434,1.0297391840754084
full,32,32,0.14906415615808105,29.99999999999996,1.6535575487692136,0.7905320673495264,1.0333758245938147
full,32,32,0.14906415615808105,40.503826829893846,0.9086123639656679,1.0673191320269497,1.035064064406538
full,32,32,0.14906415615808105,54.68533292886767,0.4976927900595877,1.4410169765284075,1.0334739728332218
full,32,32,0.14906415615808105,73.83217516953168,0.27305583972205566,1.945556735874796,1.033568510428693
full,32,32,0.14906415615808105,99.68285458470345,0.15006239720351222,2.626749770586879,1.0354026827123808
full,32,32,0.2012556255857059,16.457795021028378,3.001011359521029,0.5855248451031829,1.0288647665342925
full,32,32,0.2012556255857059,22.22012265112078,1.6513608866357024,0.7905320670076946,1.0320030395818591
full,32,32,0.2012556255857059,29.99999999999996,0.9075872228312413,1.0673191320269495,1.033896254247584
full,32,32,0.2012556255857059,40.503826829893846,0.4968610765065575,1.4410169765284078,1.0317468947499604
full,32,32,0.2012556255857059,54.68533292886767,0.2727936173316794,1.9455567358747963,1.0325759485933625
full,32,32,0.2012556255857059,73.83217516953168,0.14991061079636922,2.6267497705868785,1.0343553846811355
full,32,32,0.2717207669088465,12.189807464475196,3.0172015155325687,0.5855232972259963,1.0344099199080756
full,32,32,0.2717207669088465,16.457795021028378,1.651820076993761,0.7905320675239595,1.0322900077882757
full,32,32,0.2717207669088465,22.22012265112078,0.9073208212190155,1.0673191320269497,1.033592777488462
full,32,32,0.2717207669088465,29.99999999999996,0.4976162870389394,1.4410169765284075,1.0333151120213673
full,32,32,0.2717207669088465,40.503826829893846,0.27258109722423945,1.945556735874797,1.0317715193927046
full,32,32,0.2717207669088465,54.68533292886767,0.15006036121426555,2.626749770586879,1.0353886347645453
full,32,32,0.3668576962987294,9.028633898472895,3.006865719771761,0.585525120150797,1.0308728400584655
full,32,32,0.3668576962987294,12.189807464475196,1.6535719564929698,0.7905320672729959,1.0333848283702973
full,32,32,0.3668576962987294,16.457795021028378,0.9089413371297489,1.0673191320269497,1.035438820808496
full,32,32,0.3668576962987294,22.22012265112078,0.49666323064383894,1.4410169765284078,1.0313360618951628
full,32,32,0.3668576962987294,29.99999999999996,0.27262508334694435,1.9455567358747965,1.0319380152690416
full,32,32,0.3668576962987294,40.503826829893846,0.1498688969387824,2.6267497705868794,1.034067566807661
full,32,32,0.4953046867365847,6.687245086537825,3.0108182459207526,0.5855241648531476,1.0322245546002702
full,32,32,0.4953046867365847,9.028633898472895,1.6515044962115628,0.7905320675685542,1.0320927885509579
full,32,32,0.4953046867365847,12.189807464475196,0.9043646545647883,1.0673191320269495,1.0302252007378738
full,32,32,0.4953046867365847,16.457795021028378,0.49715412158475697,1.4410169765284075,1.032355411624697
full,32,32,0.4953046867365847,22.22012265112078,0.2735020709135585,1.9455567358747965,1.0352575807242705
full,32,32,0.4953046867365847,29.99999999999996,0.14959121340443787,2.626749770586879,1.0321516019706105
full,32,32,0.6687245086537824,4.953046867365847,3.009021372337332,0.5855243847304,1.0316092918543591
full,32,32,0.6687245086537824,6.687245086537825,1.6523037443457935,0.7905320674136689,1.032592271034511
full,32,32,0.6687245086537824,9.028633898472895,0.9087226213900983,1.06731913202695,1.0351896663710152
full,32,32,0.6687245086537824,12.189807464475196,0.49679420137034996,1.4410169765284075,1.031608026528277
full,32,32,0.6687245086537824,16.457795021028378,0.27241725926041493,1.945556735874797,1.0311513614045282
full,32,32,0.6687245086537824,22.22012265112078,0.14963437362247597,2.6267497705868794,1.0324493994626938
full,32,32,0.9028633898472894,3.6685769629872937,3.0131516945702326,0.5855228672910862,1.0330199722435354
full,32,32,0.9028633898472894,4.953046867365847,1.6528050332845963,0.7905320674493174,1.0329055471131114
full,32,32,0.9028633898472894,6.687245086537825,0.9042801614464353,1.06731913202695,1.0301289487012908
full,32,32,0.9028633898472894,9.028633898472895,0.4977599188951424,1.441016976528408,1.0336133678691926
full,32,32,0.9028633898472894,12.189807464475196,0.2730725146714124,1.9455567358747965,1.0336316282971327
full,32,32,0.9028633898472894,16.457795021028378,0.14967723422512236,2.6267497705868794,1.0327451296641947
full,32,32,1.2189807464475195,2.717207669088465,3.0003770481683056,0.585522102788276,1.028637664296735
full,32,32,1.2189807464475195,3.6685769629872937,1.6500933760862286,0.7905320672032882,1.0312109208465292
full,32,32,1.2189807464475195,4.953046867365847,0.9064967277114235,1.0673191320269495,1.0326539947806233
full,32,32,1.2189807464475195,6.687245086537825,0.49752090427289347,1.4410169765284078,1.0331170468531872
full,32,32,1.2189807464475195,9.028633898472895,0.27380019334389377,1.9455567358747967,1.0363860310682027
full,32,32,1.2189807464475195,12.189807464475196,0.14965330905097418,2.6267497705868785,1.0325800504041063
full,32,32,1.6457795021028379,2.012556255857059,3.0090079194610726,0.5855216630896108,1.031595089476527
full,32,32,1.6457795021028379,2.717207669088465,1.647086716688134,0.7905320670793341,1.0293319359453375
full,32,32,1.6457795021028379,3.6685769629872937,0.9054886507132317,1.0673191320269497,1.0315056235759559
full,32,32,1.6457795021028379,4.953046867365847,0.4982252940224217,1.4410169765284078,1.0345797332481033
full,32,32,1.6457795021028379,6.687245086537825,0.27290383072112795,1.9455567358747972,1.0329931273245623
full,32,32,1.6457795021028379,9.028633898472895,0.14972927885001586,2.62674977058688,1.0331042279142544
full,32,32,2.222012265112078,1.4906415615808106,3.0021641788548568,0.585521834610838,1.0292494144478719
full,32,32,2.222012265112078,2.012556255857059,1.6472921071042663,0.7905320670080436,1.0294602926412528
full,32,32,2.222012265112078,2.717207669088465,0.905985486887017,1.0673191320269497,1.032071604504432
full,32,32,2.222012265112078,3.6685769629872937,0.49698563576892074,1.4410169765284075,1.032005545785898
full,32,32,2.222012265112078,4.953046867365847,0.2725542239683678,1.9455567358747967,1.0316697989861021
full,32,32,2.222012265112078,6.687245086537825,0.1498266434115988,2.62674977058688,1.0337760253141544
full,32,32,2.999999999999996,1.1040746109061288,3.00619926108271,0.5855224899407541,1.030635092185984
full,32,32,2.999999999999996,1.4906415615808106,1.649428177828263,0.790532067035853,1.0307952107790928
full,32,32,2.999999999999996,2.012556255857059,0.9073803128627167,1.0673191320269497,1.0336605485919266
full,32,32,2.999999999999996,2.717207669088465,0.4965624576311808,1.4410169765284075,1.03112680371858
full,32,32,2.999999999999996,3.6685769629872937,0.2731257700826646,1.9455567358747965,1.0338332102011718
full,32,32,2.999999999999996,4.953046867365847,0.14960866279722349,2.6267497705868794,1.032271999541479
full,64,64,0.01,447.1924684742427,3.303729403063779,0.5589905858113131,1.0323178959316288
full,64,64,0.01,603.766876757117,1.8160207976712401,0.7547085959463962,1.0343783237113324
full,64,64,0.01,815.1623007265384,0.9953742010997823,1.0189528759081732,1.0334621583960695
full,64,64,0.01,1100.5730888961868,0.5446911916199164,1.3757163611202337,1.0308801015559341
full,64,64,0.01,1485.9140602097523,0.29885745110163975,1.8573925752621905,1.0310304659453342
full,64,64,0.01,2006.1735259613445,0.16396885841782627,2.5077169074516807,1.0311417920920942
full,64,64,0.013501275609964631,331.2223832718382,3.30550990656617,0.5589905857979443,1.0328742506574011
full,64,64,0.013501275609964631,447.1924684742427,1.8121962471014916,0.7547085959463962,1.0321999168272489
full,64,64,0.013501275609964631,603.766876757117,0.9962045297330148,1.018952875908173,1.0343242595239972
full,64,64,0.013501275609964631,815.1623007265384,0.5454796558519572,1.3757163611202334,1.0323723454183362
full,64,64,0.013501275609964631,1100.5730888961868,0.2984053281295672,1.8573925752621903,1.0294706836583534
full,64,64,0.013501275609964631,1485.9140602097523,0.1641574614195629,2.5077169074516803,1.0323278492439287
full,64,64,0.018228444309622584,245.3267327032263,3.3019558592429035,0.5589905857309583,1.031763715554809
full,64,64,0.018228444309622584,331.2223832718382,1.8154652798805826,0.7547085959463962,1.0340619090745458
full,64,64,0.018228444309622584,447.1924684742427,0.9959355641416637,1.0189528759081732,1.0340450019741587
full,64,64,0.018228444309622584,603.766876757117,0.5459783615257628,1.3757163611202337,1.0333161935355242
full,64,64,0.018228444309622584,815.1623007265384,0.2998576864302881,1.8573925752621905,1.0344811849859665
full,64,64,0.018228444309622584,1100.5730888961868,0.16423294652614032,2.5077169074516807,1.032802548213133
full,64,64,0.024610725056510595,181.70633634214732,3.308170094505589,0.5589905851493036,1.0337054784474697
full,64,64,0.024610725056510595,245.3267327032263,1.8153060528985538,0.754708595946396,1.0339712157636693
full,64,64,0.024610725056510595,331.2223832718382,0.993649604314775,1.0189528759081732,1.0316715699783394
full,64,64,0.024610725056510595,447.1924684742427,0.546533249189452,1.3757163611202337,1.034366371434298
full,64,64,0.024610725056510595,603.766876757117,0.2989273512894845,1.8573925752621905,1.031271615105168
full,64,64,0.024610725056510595,815.1623007265384,0.16433852098812504,2.5077169074516807,1.0334664684293284
full,64,64,0.03322761819490119,134.58456933361077,3.3123440172702594,0.5589905852261297,1.0350097063578754
full,64,64,0.03322761819490119,181.70633634214732,1.8132762822331598,0.7547085959463963,1.0328150887077017
full,64,64,0.03322761819490119,245.3267327032263,0.9935336534359469,1.018952875908173,1.0315511822433856
full,64,64,0.03322761819490119,331.2223832718382,0.5458305422767171,1.3757163611202337,1.0330364314890426
full,64,64,0.03322761819490119,447.1924684742427,0.29905051307302055,1.8573925752621905,1.0316965118263233
full,64,64,0.03322761819490119,603.766876757117,0.1637941753866225,2.5077169074516807,1.030043272680655
full,64,64,0.04486152311120365,99.68285458470345,3.307258278012624,0.558990585298519,1.0334205632671685
full,64,64,0.04486152311120365,134.58456933361077,1.8171814612996282,0.7547085959463963,1.0350394203793136
full,64,64,0.04486152311120365,181.70633634214732,0.9931648115865856,1.0189528759081732,1.0311682266741875
full,64,64,0.04486152311120365,245.3267327032263,0.5459615669648102,1.3757163611202334,1.0332844082249357
full,64,64,0.04486152311120365,331.2223832718382,0.29873036640789163,1.8573925752621907,1.0305920355480778
full,64,64,0.04486152311120365,447.1924684742427,0.16435173886078128,2.507716907451681,1.0335495909260632
full,64,64,0.06056877878071584,73.83217516953168,3.3067827852995406,0.5589905856015825,1.0332719869539146
full,64,64,0.06056877878071584,99.68285458470345,1.811887856419689,0.7547085959463962,1.032024262100772
full,64,64,0.06056877878071584,134.58456933361077,0.9947191035455947,1.0189528759081732,1.032781993557999
full,64,64,0.06056877878071584,181.70633634214732,0.545810863345306,1.3757163611202337,1.032999187231886
full,64,64,0.06056877878071584,245.3267327032263,0.29922155338718626,1.85739257526219,1.0322865850339997
full,64,64,0.06056877878071584,331.2223832718382,0.16386098794165072,2.5077169074516807,1.0304634330598317
full,64,64,0.0817755775677422,54.68533292886767,3.309881809211565,0.5589905854077639,1.0342403397098907
full,64,64,0.0817755775677422,73.83217516953168,1.8127815456836993,0.7547085959463959,1.0325332941581196
full,64,64,0.0817755775677422,99.68285458470345,0.995613186157382,1.018952875908173,1.0337102882081322
full,64,64,0.0817755775677422,134.58456933361077,0.5447942059045571,1.3757163611202332,1.0310750659281245
full,64,64,0.0817755775677422,181.70633634214732,0.29870049162543416,1.8573925752621903,1.030488970321617
full,64,64,0.0817755775677422,245.3267327032263,0.16440183503733077,2.50771690745168,1.0338646279505477
full,64,64,0.11040746109061289,40.503826829893846,3.3070199590922686,0.5589905853526231,1.0333460958410874
full,64,64,0.11040746109061289,54.68533292886767,1.8143100876619738,0.7547085959463962,1.0334039288398582
full,64,64,0.11040746109061289,73.83217516953168,0.9932270470818162,1.018952875908173,1.03123284360836
full,64,64,0.11040746109061289,99.68285458470345,0.5456106593436676,1.3757163611202337,1.0326202820380512
full,64,64,0.11040746109061289,134.58456933361077,0.2983448478768953,1.8573925752621907,1.029262032400495
full,64,64,0.11040746109061289,181.70633634214732,0.16390509748793947,2.507716907451681,1.0307408222973218
full,64,64,0.14906415615808105,29.99999999999996,3.306026361217775,0.5589905853479413,1.0330356258244648
full,64,64,0.14906415615808105,40.503826829893846,1.8101424269690005,0.7547085959463962,1.0310300915540058
full,64,64,0.14906415615808105,54.68533292886767,0.9956447049803729,1.018952875908173,1.0337430130977288
full,64,64,0.14906415615808105,73.83217516953168,0.5457181293994646,1.375716361120233,1.0328236793827086
full,64,64,0.14906415615808105,99.68285458470345,0.2991940251115908,1.85739257526219,1.0321916150384076
full,64,64,0.14906415615808105,134.58456933361077,0.16428950621454425,2.5077169074516803,1.0331582319632286
full,64,64,0.2012556255857059,22.22012265112078,3.309800360134396,0.5589905857468316,1.0342148905327442
full,64,64,0.2012556255857059,29.99999999999996,1.810916752375083,0.754708595946396,1.0314711357406017
full,64,64,0.2012556255857059,40.503826829893846,0.9950895187794255,1.0189528759081732,1.0331665827171659
full,64,64,0.2012556255857059,54.68533292886767,0.5458234173333372,1.3757163611202332,1.0330229468532188
full,64,64,0.2012556255857059,73.83217516953168,0.2992674743153738,1.8573925752621898,1.0324450079738035
full,64,64,0.2012556255857059,99.68285458470345,0.16425691661552466,2.5077169074516803,1.0329532875740266
full,64,64,0.2717207669088465,16.457795021028378,3.3096000701287878,0.5589905853767667,1.0341523044502976
full,64,64,0.2717207669088465,22.22012265112078,1.8146662036878867,0.7547085959463962,1.0336067672095526
full,64,64,0.2717207669088465,29.99999999999996,0.9964220617126863,1.018952875908173,1.0345501153568921
full,64,64,0.2717207669088465,40.503826829893846,0.545887079619895,1.3757163611202337,1.0331434338106766
full,64,64,0.2717207669088465,54.68533292886767,0.29847338455692063,1.85739257526219,1.0297054720156325
full,64,64,0.2717207669088465,73.83217516953168,0.164336311150399,2.5077169074516803,1.0334525715463772
full,64,64,0.3668576962987294,12.189807464475196,3.3113814972155455,0.5589905854868671,1.034708948225053
full,64,64,0.3668576962987294,16.457795021028378,1.812859398515894,0.7547085959463962,1.0325776379685903
full,64,64,0.3668576962987294,22.22012265112078,0.9948059245837994,1.0189528759081732,1.032872136800046
full,64,64,0.3668576962987294,29.99999999999996,0.5452691076524633,1.3757163611202334,1.031973862842124
full,64,64,0.3668576962987294,40.503826829893846,0.29809743792644333,1.8573925752621905,1.028408491036364
full,64,64,0.3668576962987294,54.68533292886767,0.16387942403933062,2.5077169074516803,1.0305793711165105
full,64,64,0.4953046867365847,9.028633898472895,3.3027162813892734,0.5589905856236167,1.032001324627692
full,64,64,0.4953046867365847,12.189807464475196,1.812795225021501,0.754708595946396,1.032541085704628
full,64,64,0.4953046867365847,16.457795021028378,0.9968977250580286,1.018952875908173,1.0350439799426974
full,64,64,0.4953046867365847,22.22012265112078,0.5463192050704597,1.3757163611202334,1.033961272496553
full,64,64,0.4953046867365847,29.99999999999996,0.2996572197076676,1.85739257526219,1.0337895934005197
full,64,64,0.4953046867365847,40.503826829893846,0.16399731288834546,2.5077169074516807,1.0313207321298996
full,64,64,0.6687245086537824,6.687245086537825,3.3045711115750644,0.5589905856607499,1.0325809044337353
full,64,64,0.6687245086537824,9.028633898472895,1.8143744497860652,0.7547085959463964,1.0334405885444797
full,64,64,0.6687245086537824,12.189807464475196,0.9941216582214225,1.018952875908173,1.0321616870104104
full,64,64,0.6687245086537824,16.457795021028378,0.5448204795710206,1.3757163611202337,1.0311247913512067
full,64,64,0.6687245086537824,22.22012265112078,0.2991766471939776,1.8573925752621905,1.0321316628356842
full,64,64,0.6687245086537824,29.99999999999996,0.16396864853481133,2.5077169074516807,1.031140472212513
full,64,64,0.9028633898472894,4.953046867365847,3.3121360119473273,0.5589905856626578,1.0349447124523696
full,64,64,0.9028633898472894,6.687245086537825,1.8109796340490534,0.7547085959463964,1.0315069522029454
full,64,64,0.9028633898472894,9.028633898472895,0.994517009711896,1.0189528759081732,1.0325721666111665
full,64,64,0.9028633898472894,12.189807464475196,0.5449695828605621,1.3757163611202334,1.0314069835669601
full,64,64,0.9028633898472894,16.457795021028378,0.29841038031948347,1.8573925752621905,1.0294881132446134
full,64,64,0.9028633898472894,22.22012265112078,0.16425592083704021,2.5077169074516807,1.032947025477548
full,64,64,1.2189807464475195,3.6685769629872937,3.3099038145494966,0.5589905857296689,1.0342472169194574
full,64,64,1.2189807464475195,4.953046867365847,1.8160566493096935,0.754708595946396,1.0343987442691434
full,64,64,1.2189807464475195,6.687245086537825,0.9954642270777985,1.0189528759081732,1.0335556292148325
full,64,64,1.2189807464475195,9.028633898472895,0.5462417527447357,1.3757163611202334,1.033814686572939
full,64,64,1.2189807464475195,12.189807464475196,0.2991040215250044,1.8573925752621898,1.0318811110189396
full,64,64,1.2189807464475195,16.457795021028378,0.16430059211567408,2.5077169074516803,1.033227947249828
full,64,64,1.6457795021028379,2.717207669088465,3.309999022546884,0.5589905856451428,1.0342769662948286
full,64,64,1.6457795021028379,3.6685769629872937,1.8118582250210378,0.7547085959463962,1.0320073844986513
full,64,64,1.6457795021028379,4.953046867365847,0.9950870220889138,1.0189528759081732,1.0331639904908834
full,64,64,1.6457795021028379,6.687245086537825,0.5456966870284277,1.3757163611202339,1.0327830976476418
full,64,64,1.6457795021028379,9.028633898472895,0.29862328666374605,1.8573925752621907,1.030222620370063
full,64,64,1.6457795021028379,12.189807464475196,0.1641262983929948,2.5077169074516807,1.03213187606114
full,64,64,2.222012265112078,2.012556255857059,3.300912702351406,0.5589905853975724,1.031437758595177
full,64,64,2.222012265112078,2.717207669088465,1.8149172061136833,0.7547085959463962,1.0337497344425135
full,64,64,2.222012265112078,3.6685769629872937,0.9950049258421885,1.018952875908173,1.0330787528342882
full,64,64,2.222012265112078,4.953046867365847,0.546038203559373,1.3757163611202337,1.03342945029942
full,64,64,2.222012265112078,6.687245086537825,0.29951765286938287,1.8573925752621907,1.0333081007632219
full,64,64,2.222012265112078,9.028633898472895,0.16440275274248303,2.507716907451681,1.033870399071629
full,64,64,2.999999999999996,1.4906415615808106,3.30278753919278,0.5589905854966378,1.0320235901185242
full,64,64,2.999999999999996,2.012556255857059,1.8099034857019536,0.7547085959463962,1.0308939941769324
full,64,64,2.999999999999996,2.717207669088465,0.9939426172822039,1.018952875908173,1.0319757950762196
full,64,64,2.999999999999996,3.6685769629872937,0.5456806456349336,1.3757163611202334,1.0327527377784
full,64,64,2.999999999999996,4.953046867365847,0.2988232260915865,1.8573925752621905,1.0309123928374626
full,64,64,2.999999999999996,6.687245086537825,0.1636399585496827,2.507716907451681,1.029073457880776
