ckpt,state,state_source,k,q_phi,qhat_A,qhat_B,qhat_pooled,se_A,se_B,traj_sd_pooled,n_rollouts,horizon,n_done,base_clipped_coords
PW,0,PW,0,77.741714,76.384380,76.975181,76.679780,0.351535,0.264032,0.902604,16,500,0.000,0
PW,0,PW,1,77.705276,76.363904,75.971182,76.167543,0.332236,0.230803,0.807521,16,500,0.000,0
PW,0,PW,2,77.701805,76.668880,76.177089,76.422984,0.197105,0.399776,0.897886,16,500,0.000,0
PW,0,PW,3,77.757301,76.041080,75.745240,75.893160,0.469171,0.299343,1.086120,16,500,0.000,0
PW,0,PW,4,77.735306,76.568249,76.467731,76.517990,0.221976,0.240116,0.633953,16,500,0.000,0
PW,0,PW,5,77.780594,75.629353,76.429312,76.029332,0.240101,0.249109,0.785840,16,500,0.000,0
PW,0,PW,6,77.754868,76.568770,76.216380,76.392575,0.448888,0.241750,1.001784,16,500,0.000,0
PW,0,PW,7,77.732864,76.337798,75.632678,75.985238,0.218093,0.495283,1.107233,16,500,0.000,0
PW,0,PW,8,77.651932,76.415556,76.285607,76.350582,0.158761,0.435673,0.898460,16,500,0.000,0
PW,0,PW,9,77.715912,75.949987,76.867733,76.408860,0.426597,0.231017,1.050360,16,500,0.000,0
PW,0,PW,10,77.739655,76.275304,75.314138,75.794721,0.501800,0.506785,1.464670,16,500,0.000,0
PW,0,PW,11,77.771873,76.552001,76.438185,76.495093,0.350100,0.394636,1.021014,16,500,0.000,0
PW,0,PW,12,77.720047,76.501690,75.899302,76.200496,0.390952,0.477702,1.232610,16,500,0.000,0
PW,0,PW,13,77.723511,76.705503,76.166154,76.435828,0.228143,0.144334,0.591324,16,500,0.000,0
PW,0,PW,14,77.730881,75.551215,76.491841,76.021528,0.370178,0.352205,1.100292,16,500,0.000,0
PW,0,PW,15,77.720322,76.563310,76.055297,76.309303,0.369595,0.318923,0.979041,16,500,0.000,0
PW,1,PW,0,83.782463,82.448557,81.733778,82.091167,0.189035,0.483551,1.068918,16,500,0.000,0
PW,1,PW,1,83.772514,82.348413,82.201285,82.274849,0.383805,0.407191,1.083845,16,500,0.000,0
PW,1,PW,2,83.816833,82.026468,82.368940,82.197704,0.366169,0.183124,0.810577,16,500,0.000,0
PW,1,PW,3,83.600830,81.099145,80.976956,81.038051,0.371934,0.282643,0.904808,16,500,0.000,0
PW,1,PW,4,83.715408,82.131830,82.330034,82.230932,0.293899,0.206518,0.701551,16,500,0.000,0
PW,1,PW,5,83.819443,82.382275,82.292201,82.337238,0.338863,0.327177,0.911311,16,500,0.000,0
PW,1,PW,6,83.815018,82.627359,82.675775,82.651567,0.296740,0.206582,0.699062,16,500,0.000,0
PW,1,PW,7,83.759003,82.345281,82.484251,82.414766,0.371195,0.110816,0.751928,16,500,0.000,0
PW,1,PW,8,83.798630,82.015931,82.501197,82.258564,0.250638,0.333718,0.844449,16,500,0.000,0
PW,1,PW,9,83.767044,82.017474,82.298089,82.157782,0.373259,0.481305,1.185740,16,500,0.000,0
PW,1,PW,10,83.727173,82.386023,82.861961,82.623992,0.224945,0.262178,0.711288,16,500,0.000,0
PW,1,PW,11,83.698166,82.299333,81.553085,81.926209,0.234071,0.357439,0.911059,16,500,0.000,0
PW,1,PW,12,83.766281,81.824301,82.014453,81.919377,0.180443,0.419980,0.888648,16,500,0.000,0
PW,1,PW,13,83.687775,82.048418,82.048464,82.048441,0.213836,0.252328,0.639069,16,500,0.000,0
PW,1,PW,14,83.851006,81.742928,81.568742,81.655835,0.323882,0.519610,1.186463,16,500,0.000,0
PW,1,PW,15,83.781822,82.405443,82.067603,82.236523,0.233236,0.258845,0.695458,16,500,0.000,0
PW,2,PW,0,79.383942,77.580540,78.057411,77.818975,0.670584,0.537338,1.678509,16,500,0.000,0
PW,2,PW,1,79.413765,78.784368,78.612808,78.698588,0.302907,0.334492,0.876411,16,500,0.000,0
PW,2,PW,2,79.610565,78.398033,78.661655,78.529844,0.445977,0.478174,1.270709,16,500,0.000,0
PW,2,PW,3,79.563133,78.449759,78.771832,78.610795,0.295028,0.323711,0.862455,16,500,0.000,0
PW,2,PW,4,79.440613,78.746897,78.127770,78.437334,0.205731,0.412176,0.945772,16,500,0.000,0
PW,2,PW,5,79.627899,78.535129,79.154400,78.844764,0.298992,0.274922,0.847458,16,500,0.000,0
PW,2,PW,6,79.334503,78.360458,78.584909,78.472684,0.508946,0.281129,1.129392,16,500,0.000,0
PW,2,PW,7,79.417648,78.327686,78.624156,78.475921,0.385650,0.270438,0.922890,16,500,0.000,0
PW,2,PW,8,79.508438,78.025149,78.906732,78.465940,0.660139,0.443992,1.603161,16,500,0.000,0
PW,2,PW,9,79.460510,77.928451,77.746872,77.837661,0.402090,0.392222,1.089364,16,500,0.000,0
PW,2,PW,10,79.393959,78.284249,78.171620,78.227935,0.263952,0.328369,0.816112,16,500,0.000,0
PW,2,PW,11,79.443192,78.143552,77.157517,77.650535,0.378635,0.552197,1.390278,16,500,0.000,0
PW,2,PW,12,79.389359,78.657812,78.890494,78.774153,0.355537,0.282403,0.885491,16,500,0.000,0
PW,2,PW,13,79.680618,78.682910,78.208076,78.445493,0.258814,0.229813,0.712301,16,500,0.000,0
PW,2,PW,14,79.520065,79.221959,79.354747,79.288353,0.258633,0.242204,0.688067,16,500,0.000,0
PW,2,PW,15,79.371437,78.757832,78.425162,78.591497,0.394075,0.188181,0.861096,16,500,0.000,0
PW,3,PW,0,79.051926,77.638964,78.339578,77.989271,0.823314,0.237531,1.694746,16,500,0.000,0
PW,3,PW,1,78.768250,77.101353,77.189812,77.145582,0.263441,0.457248,1.020654,16,500,0.000,0
PW,3,PW,2,79.225662,78.091737,77.998520,78.045128,0.364809,0.389172,1.031796,16,500,0.000,0
PW,3,PW,3,79.291397,78.400114,77.391461,77.895788,0.279799,0.208440,0.851925,16,500,0.000,0
PW,3,PW,4,79.326195,78.049706,78.073587,78.061646,0.306730,0.361676,0.916379,16,500,0.000,0
PW,3,PW,5,79.372467,77.811135,78.660755,78.235945,0.268053,0.407792,1.039988,16,500,0.000,0
PW,3,PW,6,79.240044,78.583430,78.089986,78.336708,0.247735,0.189201,0.653986,16,500,0.000,0
PW,3,PW,7,79.124527,78.320383,78.090327,78.205355,0.222298,0.369163,0.841061,16,500,0.000,0
PW,3,PW,8,79.253464,78.916069,78.309183,78.612626,0.169149,0.331132,0.783828,16,500,0.000,0
PW,3,PW,9,79.310654,78.066073,77.956753,78.011413,0.437051,0.554618,1.365534,16,500,0.000,0
PW,3,PW,10,79.095642,77.508014,76.779876,77.143945,0.220426,0.305520,0.819301,16,500,0.000,0
PW,3,PW,11,79.209869,78.344345,78.795375,78.569860,0.197012,0.301708,0.734158,16,500,0.000,0
PW,3,PW,12,79.293411,77.646473,78.097976,77.872224,0.445146,0.298139,1.061124,16,500,0.000,0
PW,3,PW,13,79.337387,78.591732,78.602952,78.597342,0.231373,0.228031,0.627709,16,500,0.000,0
PW,3,PW,14,79.341629,78.294448,78.265034,78.279741,0.209575,0.245455,0.623804,16,500,0.000,0
PW,3,PW,15,79.231125,77.921055,78.202770,78.061913,0.090581,0.293138,0.610410,16,500,0.000,0
PW,4,PW,0,77.682663,77.007009,76.490367,76.748688,0.359831,0.195758,0.835242,16,500,0.000,0
PW,4,PW,1,77.808487,76.907060,76.850739,76.878899,0.471828,0.312108,1.093451,16,500,0.000,0
PW,4,PW,2,77.728203,76.611507,77.119930,76.865719,0.366700,0.233866,0.880418,16,500,0.000,0
PW,4,PW,3,77.658157,76.547063,77.179039,76.863051,0.278011,0.223076,0.762126,16,500,0.000,0
PW,4,PW,4,77.652679,76.721170,76.410506,76.565838,0.395554,0.441291,1.156237,16,500,0.000,0
PW,4,PW,5,77.655357,76.839372,76.931159,76.885265,0.543803,0.333910,1.233907,16,500,0.000,0
PW,4,PW,6,77.606400,76.463610,76.867129,76.665370,0.300975,0.275559,0.815532,16,500,0.000,0
PW,4,PW,7,77.716103,76.281860,76.866435,76.574148,0.305314,0.201473,0.768555,16,500,0.000,0
PW,4,PW,8,77.779152,77.093849,76.246249,76.670049,0.279517,0.392854,1.029294,16,500,0.000,0
PW,4,PW,9,77.656158,77.096102,77.236694,77.166398,0.329605,0.147794,0.701716,16,500,0.000,0
PW,4,PW,10,77.786835,76.795907,77.043617,76.919762,0.214518,0.290029,0.708661,16,500,0.000,0
PW,4,PW,11,77.736450,76.866983,76.437385,76.652184,0.264182,0.361530,0.893159,16,500,0.000,0
PW,4,PW,12,77.765251,76.769514,76.656858,76.713186,0.250226,0.299734,0.756667,16,500,0.000,0
PW,4,PW,13,77.734421,76.762330,76.705237,76.733784,0.288746,0.234481,0.719302,16,500,0.000,0
PW,4,PW,14,77.592926,77.070994,76.180746,76.625870,0.357273,0.386104,1.115541,16,500,0.000,0
PW,4,PW,15,77.731102,76.639393,77.120424,76.879909,0.177142,0.353436,0.803250,16,500,0.000,0
PW,5,PW,0,79.982841,77.936357,77.873919,77.905138,0.372583,0.351387,0.990080,16,500,0.000,0
PW,5,PW,1,79.916931,77.703575,78.591403,78.147489,0.472760,0.185385,1.083009,16,500,0.000,0
PW,5,PW,2,79.994362,77.675743,77.636943,77.656343,0.330508,0.458168,1.091745,16,500,0.000,0
PW,5,PW,3,79.935181,78.537443,78.183183,78.360313,0.291810,0.367593,0.925114,16,500,0.000,0
PW,5,PW,4,79.986488,78.507733,76.922922,77.715328,0.322089,0.657301,1.634025,16,500,0.000,0
PW,5,PW,5,79.961845,77.908071,77.548312,77.728191,0.346327,0.365071,0.989882,16,500,0.000,0
PW,5,PW,6,79.915894,78.281751,78.041604,78.161677,0.242617,0.367447,0.859767,16,500,0.000,0
PW,5,PW,7,79.899582,77.957215,78.294359,78.125787,0.338160,0.197965,0.776876,16,500,0.000,0
PW,5,PW,8,79.863892,78.035019,77.813096,77.924057,0.440567,0.338978,1.080163,16,500,0.000,0
PW,5,PW,9,79.971085,77.711097,77.474346,77.592721,0.263435,0.370819,0.887351,16,500,0.000,0
PW,5,PW,10,79.947556,78.098045,77.660023,77.879034,0.454627,0.289350,1.065532,16,500,0.000,0
PW,5,PW,11,79.834633,78.477038,77.960122,78.218580,0.281232,0.379930,0.951537,16,500,0.000,0
PW,5,PW,12,79.914627,78.340008,77.949675,78.144841,0.245166,0.478262,1.057813,16,500,0.000,0
PW,5,PW,13,79.934509,77.537975,78.272968,77.905472,0.500773,0.531406,1.461007,16,500,0.000,0
PW,5,PW,14,79.971069,78.404673,78.317657,78.361165,0.296172,0.360251,0.902228,16,500,0.000,0
PW,5,PW,15,79.784225,77.553148,78.418146,77.985647,0.322179,0.339102,1.008138,16,500,0.000,0
PW,6,PW,0,82.050301,80.336261,80.514597,80.425429,0.416217,0.221947,0.916045,16,500,0.000,0
PW,6,PW,1,82.097717,80.793263,80.082469,80.437866,0.200716,0.437290,0.999514,16,500,0.000,0
PW,6,PW,2,82.112000,80.621681,80.066131,80.343906,0.399454,0.349574,1.065002,16,500,0.000,0
PW,6,PW,3,82.090057,80.890770,80.074884,80.482827,0.243905,0.627428,1.367222,16,500,0.000,0
PW,6,PW,4,82.060242,81.455913,80.714696,81.085304,0.285830,0.371021,0.982565,16,500,0.000,0
PW,6,PW,5,82.023468,81.329625,80.623253,80.976439,0.258093,0.314568,0.866699,16,500,0.000,0
PW,6,PW,6,82.086166,80.575738,80.207717,80.391727,0.203618,0.363501,0.827164,16,500,0.000,0
PW,6,PW,7,82.080002,80.716116,81.270696,80.993406,0.333143,0.173861,0.780517,16,500,0.000,0
PW,6,PW,8,82.078812,80.243423,80.325417,80.284420,0.781638,0.448533,1.741775,16,500,0.000,0
PW,6,PW,9,82.076660,80.587631,80.630998,80.609314,0.326712,0.338216,0.908876,16,500,0.000,0
PW,6,PW,10,82.021347,80.520131,80.658924,80.589528,0.379435,0.392108,1.056704,16,500,0.000,0
PW,6,PW,11,82.055786,79.939871,80.809841,80.374856,0.268469,0.339513,0.949340,16,500,0.000,0
PW,6,PW,12,82.055260,80.959344,80.677678,80.818511,0.327629,0.252342,0.812170,16,500,0.000,0
PW,6,PW,13,81.980263,80.523880,81.005247,80.764564,0.356464,0.256737,0.884449,16,500,0.000,0
PW,6,PW,14,82.080803,80.664169,80.614819,80.639494,0.361183,0.274273,0.876651,16,500,0.000,0
PW,6,PW,15,82.105125,80.346787,80.875525,80.611156,0.235729,0.277408,0.754522,16,500,0.000,0
PW,7,PW,0,77.923264,77.046589,76.021351,76.533970,0.304235,0.174872,0.860243,16,500,0.000,0
PW,7,PW,1,77.876518,76.256439,76.761277,76.508858,0.836779,0.344022,1.767450,16,500,0.000,0
PW,7,PW,2,77.974472,73.736240,76.884535,75.310388,3.059712,0.323455,6.163165,16,500,0.000,0
PW,7,PW,3,77.850327,77.307969,76.951248,77.129609,0.207279,0.337623,0.787335,16,500,0.000,0
PW,7,PW,4,77.993362,76.960195,77.341859,77.151027,0.185320,0.382092,0.843864,16,500,0.000,0
PW,7,PW,5,77.916306,76.701022,76.688608,76.694815,0.245474,0.505827,1.086377,16,500,0.000,0
PW,7,PW,6,77.952438,76.680031,76.958191,76.819111,0.311289,0.297543,0.844342,16,500,0.000,0
PW,7,PW,7,77.902954,77.068757,76.075688,76.572223,0.213346,0.281580,0.853766,16,500,0.000,0
PW,7,PW,8,77.842186,76.155165,76.601833,76.378499,0.468840,0.186297,1.001699,16,500,0.000,0
PW,7,PW,9,77.951965,76.768012,77.100510,76.934261,0.368957,0.336616,0.980165,16,500,0.000,0
PW,7,PW,10,77.957100,77.034240,76.322488,76.678364,0.377309,0.348433,1.058217,16,500,0.000,0
PW,7,PW,11,77.930984,77.340440,77.236098,77.288269,0.176922,0.251071,0.595902,16,500,0.000,0
PW,7,PW,12,78.013641,76.494250,76.800850,76.647550,0.409722,0.178819,0.878162,16,500,0.000,0
PW,7,PW,13,77.938461,76.311848,76.695636,76.503742,0.307346,0.251799,0.792867,16,500,0.000,0
PW,7,PW,14,78.003235,76.284908,76.677637,76.481273,0.231980,0.188693,0.612343,16,500,0.000,0
PW,7,PW,15,77.946106,76.200309,77.320984,76.760646,0.635078,0.232686,1.429260,16,500,0.000,0
PW,8,PW,0,78.251877,77.176057,77.204072,77.190064,0.388105,0.494760,1.215080,16,500,0.000,0
PW,8,PW,1,78.278595,77.009426,76.687604,76.848515,0.370821,0.683512,1.511672,16,500,0.000,0
PW,8,PW,2,78.258522,76.754270,77.345713,77.049991,0.702102,0.406448,1.596985,16,500,0.000,0
PW,8,PW,3,78.257477,75.766610,76.798414,76.282512,1.220597,0.305175,2.488719,16,500,0.000,0
PW,8,PW,4,78.193359,76.537333,76.869219,76.703276,0.253651,0.398124,0.928071,16,500,0.000,0
PW,8,PW,5,78.211914,76.451993,77.319162,76.885578,0.209445,0.345598,0.900112,16,500,0.000,0
PW,8,PW,6,78.290482,76.830752,77.183531,77.007142,0.177474,0.291261,0.683730,16,500,0.000,0
PW,8,PW,7,78.242554,77.137984,77.062868,77.100426,0.221781,0.121259,0.489927,16,500,0.000,0
PW,8,PW,8,78.174042,77.177036,76.387299,76.782167,0.121144,0.532537,1.131311,16,500,0.000,0
PW,8,PW,9,78.249847,77.078319,77.487913,77.283116,0.215185,0.255911,0.679784,16,500,0.000,0
PW,8,PW,10,78.279411,76.789084,77.202534,76.995809,0.473840,0.149137,0.983282,16,500,0.000,0
PW,8,PW,11,78.223785,77.072107,77.408796,77.240452,0.283092,0.357424,0.897977,16,500,0.000,0
PW,8,PW,12,78.204353,77.157408,76.868767,77.013087,0.315011,0.456020,1.081223,16,500,0.000,0
PW,8,PW,13,78.277222,77.160618,76.837008,76.998813,0.323229,0.428034,1.049748,16,500,0.000,0
PW,8,PW,14,78.192078,77.466864,77.266833,77.366848,0.267531,0.326541,0.822165,16,500,0.000,0
PW,8,PW,15,78.265579,77.133069,75.774147,76.453608,0.339443,1.620614,3.275331,16,500,0.000,0
PW,9,PW,0,76.295090,75.054032,74.567960,74.810996,0.327098,0.469401,1.133595,16,500,0.000,0
PW,9,PW,1,76.351761,75.139190,74.672920,74.906055,0.399088,0.222879,0.915447,16,500,0.000,0
PW,9,PW,2,76.315300,75.121622,75.209569,75.165596,0.278285,0.241124,0.712910,16,500,0.000,0
PW,9,PW,3,76.197952,75.097598,74.834339,74.965969,0.513446,0.480284,1.365235,16,500,0.000,0
PW,9,PW,4,76.195923,75.619421,73.873940,74.746680,0.289219,0.658488,1.656362,16,500,0.000,0
PW,9,PW,5,76.225784,75.401660,75.093178,75.247419,0.170606,0.234895,0.583121,16,500,0.000,0
PW,9,PW,6,76.342422,74.371306,75.350093,74.860700,0.834900,0.207949,1.737602,16,500,0.000,0
PW,9,PW,7,76.282013,75.039094,75.177810,75.108452,0.346422,0.349239,0.953157,16,500,0.000,0
PW,9,PW,8,76.306732,75.219821,74.971728,75.095775,0.402890,0.283323,0.960257,16,500,0.000,0
PW,9,PW,9,76.200203,74.812639,75.377981,75.095310,0.258735,0.293423,0.810299,16,500,0.000,0
PW,9,PW,10,76.358932,75.037106,74.218448,74.627777,0.308984,0.430143,1.107202,16,500,0.000,0
PW,9,PW,11,76.314682,74.704081,71.549239,73.126660,0.327199,3.012786,6.077899,16,500,0.000,0
PW,9,PW,12,76.294830,75.407718,74.764389,75.086053,0.208713,0.460825,1.032377,16,500,0.000,0
PW,9,PW,13,76.164871,75.306601,74.675909,74.991255,0.235877,0.307470,0.816535,16,500,0.000,0
PW,9,PW,14,76.198288,74.151684,74.874265,74.512974,0.468235,0.361668,1.202529,16,500,0.000,0
PW,9,PW,15,76.348740,74.455572,75.013186,74.734379,0.668433,0.225559,1.393168,16,500,0.000,0
PW,10,PW,0,85.181473,84.249453,83.730507,83.989980,0.203558,0.228575,0.649278,16,500,0.000,0
PW,10,PW,1,85.221848,82.833704,83.334126,83.083915,1.297125,0.348642,2.608069,16,500,0.000,0
PW,10,PW,2,85.214005,83.936715,84.151744,84.044230,0.246924,0.197253,0.620657,16,500,0.000,0
PW,10,PW,3,85.214325,83.438989,82.752667,83.095828,0.272383,0.765718,1.609826,16,500,0.000,0
PW,10,PW,4,85.252045,83.770806,83.408390,83.589598,0.202741,0.319869,0.755289,16,500,0.000,0
PW,10,PW,5,85.162857,83.296853,82.838531,83.067692,0.503791,0.516570,1.414135,16,500,0.000,0
PW,10,PW,6,85.180786,84.067698,83.752769,83.910233,0.348337,0.146786,0.748254,16,500,0.000,0
PW,10,PW,7,85.291618,83.278040,84.081738,83.679889,0.176677,0.192679,0.653746,16,500,0.000,0
PW,10,PW,8,85.306931,83.930818,83.596819,83.763818,0.223404,0.167992,0.566954,16,500,0.000,0
PW,10,PW,9,85.217163,83.566711,83.957846,83.762279,0.203286,0.370766,0.841600,16,500,0.000,0
PW,10,PW,10,85.268440,83.279755,83.636966,83.458360,0.314289,0.254012,0.802296,16,500,0.000,0
PW,10,PW,11,85.252380,83.437294,84.034898,83.736096,0.288163,0.224389,0.770207,16,500,0.000,0
PW,10,PW,12,85.245865,83.969312,83.480457,83.724885,0.516853,0.294901,1.177164,16,500,0.000,0
PW,10,PW,13,85.253235,83.343949,83.578529,83.461239,0.294925,0.220491,0.721736,16,500,0.000,0
PW,10,PW,14,85.232193,83.541976,83.540810,83.541393,0.273507,0.296189,0.778970,16,500,0.000,0
PW,10,PW,15,85.220184,83.759923,83.682137,83.721030,0.285503,0.316382,0.824392,16,500,0.000,0
PW,11,PW,0,83.937424,79.070920,82.445121,80.758021,3.999092,0.487440,7.976799,16,500,0.000,0
PW,11,PW,1,83.885475,83.176317,83.051783,83.114050,0.151124,0.367670,0.770762,16,500,0.000,0
PW,11,PW,2,83.980232,83.138352,82.540679,82.839516,0.356250,0.281510,0.930015,16,500,0.000,0
PW,11,PW,3,83.975143,83.105637,83.059010,83.082323,0.346115,0.174661,0.749471,16,500,0.000,0
PW,11,PW,4,83.882736,83.039316,82.845994,82.942655,0.262260,0.287279,0.758192,16,500,0.000,0
PW,11,PW,5,83.964615,82.788193,81.891190,82.339691,0.188448,1.002554,2.024741,16,500,0.000,0
PW,11,PW,6,83.917336,83.180651,82.751894,82.966272,0.237603,0.228808,0.674713,16,500,0.000,0
PW,11,PW,7,83.924629,83.226134,83.430913,83.328524,0.318925,0.210466,0.745844,16,500,0.000,0
PW,11,PW,8,83.986671,82.637723,83.138852,82.888288,0.194016,0.302702,0.741336,16,500,0.000,0
PW,11,PW,9,83.902542,82.653613,82.804083,82.728848,0.433378,0.469013,1.236306,16,500,0.000,0
PW,11,PW,10,83.892975,83.013568,82.443406,82.728487,0.224982,0.255132,0.720188,16,500,0.000,0
PW,11,PW,11,83.968094,83.313101,82.790667,83.051884,0.380277,0.341950,1.024305,16,500,0.000,0
PW,11,PW,12,83.955406,83.214731,82.736509,82.975620,0.247346,0.329510,0.833513,16,500,0.000,0
PW,11,PW,13,83.944641,83.194804,83.087235,83.141020,0.233035,0.307431,0.747447,16,500,0.000,0
PW,11,PW,14,83.923645,83.031067,81.806506,82.418787,0.216865,1.224788,2.485127,16,500,0.000,0
PW,11,PW,15,83.880943,82.749633,82.806198,82.777915,0.270471,0.315265,0.803136,16,500,0.000,0
PW,12,PW,0,83.775192,83.189741,82.516024,82.852882,0.303158,0.313704,0.911893,16,500,0.000,0
PW,12,PW,1,83.806854,82.105020,82.817300,82.461160,0.313116,0.294953,0.908902,16,500,0.000,0
PW,12,PW,2,83.827957,82.909095,82.767413,82.838254,0.285655,0.255811,0.744510,16,500,0.000,0
PW,12,PW,3,83.714554,82.916039,82.877869,82.896954,0.433679,0.174980,0.903799,16,500,0.000,0
PW,12,PW,4,83.859512,82.857819,82.742050,82.799934,0.220806,0.229567,0.618340,16,500,0.000,0
PW,12,PW,5,83.745262,82.995264,82.707181,82.851223,0.286771,0.279487,0.787892,16,500,0.000,0
PW,12,PW,6,83.576668,82.740148,82.977857,82.859002,0.173863,0.271685,0.635208,16,500,0.000,0
PW,12,PW,7,83.751434,82.423898,82.819493,82.621696,0.310395,0.386116,0.978778,16,500,0.000,0
PW,12,PW,8,83.852448,82.634183,82.780736,82.707459,0.408985,0.200417,0.883263,16,500,0.000,0
PW,12,PW,9,83.470474,82.065546,81.998208,82.031877,0.554132,0.283547,1.203217,16,500,0.000,0
PW,12,PW,10,83.884354,82.476103,83.179261,82.827682,0.234856,0.221263,0.721487,16,500,0.000,0
PW,12,PW,11,83.792259,83.229350,82.481997,82.855674,0.215746,0.627969,1.339754,16,500,0.000,0
PW,12,PW,12,83.690491,82.917241,82.722733,82.819987,0.169593,0.156719,0.457341,16,500,0.000,0
PW,12,PW,13,83.653206,82.966236,82.802916,82.884576,0.247583,0.417151,0.941070,16,500,0.000,0
PW,12,PW,14,83.844849,83.130071,82.923320,83.026695,0.471085,0.405046,1.205157,16,500,0.000,0
PW,12,PW,15,83.682579,82.944334,82.736415,82.840374,0.238933,0.290302,0.734362,16,500,0.000,0
PW,13,PW,0,78.168243,74.780699,75.265070,75.022884,0.494326,0.437961,1.300357,16,500,0.000,0
PW,13,PW,1,78.444260,75.522248,76.001615,75.761931,0.639961,0.173734,1.304972,16,500,0.000,0
PW,13,PW,2,78.217712,76.163478,76.295808,76.229643,0.640042,0.326695,1.390143,16,500,0.000,0
PW,13,PW,3,78.378021,76.054182,75.513176,75.783679,0.336505,0.399253,1.046852,16,500,0.000,0
PW,13,PW,4,78.528427,76.129095,75.232284,75.680689,0.364742,0.434236,1.189581,16,500,0.000,0
PW,13,PW,5,78.179688,75.049721,75.771249,75.410485,0.581794,0.362540,1.375935,16,500,0.000,0
PW,13,PW,6,78.197502,75.696010,75.495320,75.595665,0.509574,0.332698,1.180421,16,500,0.000,0
PW,13,PW,7,78.412872,75.933652,76.033994,75.983823,0.266903,0.389624,0.913992,16,500,0.000,0
PW,13,PW,8,78.416527,75.314181,75.468838,75.391510,0.478350,0.276703,1.070735,16,500,0.000,0
PW,13,PW,9,78.312256,76.075429,75.819333,75.947381,0.500284,0.257554,1.095231,16,500,0.000,0
PW,13,PW,10,78.369858,76.658789,75.796006,76.227397,0.317950,0.235647,0.885000,16,500,0.000,0
PW,13,PW,11,78.196312,75.786019,74.714681,75.250350,0.389902,0.409131,1.224149,16,500,0.000,0
PW,13,PW,12,78.119019,75.872468,76.594509,76.233489,0.451414,0.188551,1.016125,16,500,0.000,0
PW,13,PW,13,78.216766,75.501137,75.585352,75.543244,0.387381,0.357144,1.018982,16,500,0.000,0
PW,13,PW,14,78.242432,75.512978,73.935932,74.724455,0.429834,2.299281,4.592382,16,500,0.000,0
PW,13,PW,15,78.319031,75.846206,76.660302,76.253254,0.302185,0.397360,1.052197,16,500,0.000,0
PW,14,PW,0,80.584099,79.424232,79.357183,79.390707,0.468861,0.286210,1.061943,16,500,0.000,0
PW,14,PW,1,80.695129,79.483444,79.302507,79.392976,0.256785,0.286500,0.749227,16,500,0.000,0
PW,14,PW,2,80.640869,79.166966,79.771708,79.469337,0.329345,0.122686,0.747438,16,500,0.000,0
PW,14,PW,3,80.600449,79.623400,79.263547,79.443473,0.136872,0.483001,0.987634,16,500,0.000,0
PW,14,PW,4,80.628235,79.342989,79.094384,79.218687,0.270690,0.376928,0.905785,16,500,0.000,0
PW,14,PW,5,80.713623,79.075601,79.404456,79.240028,0.233866,0.375747,0.871850,16,500,0.000,0
PW,14,PW,6,80.625778,79.131924,78.343945,78.737934,0.330669,0.470551,1.183392,16,500,0.000,0
PW,14,PW,7,80.704910,79.636758,79.600016,79.618387,0.205915,0.154797,0.498112,16,500,0.000,0
PW,14,PW,8,80.624222,79.407166,78.471382,78.939274,0.312985,0.333460,1.007156,16,500,0.000,0
PW,14,PW,9,80.723381,79.326715,79.105497,79.216106,0.198373,0.327280,0.748230,16,500,0.000,0
PW,14,PW,10,80.731415,78.795535,78.960215,78.877875,0.414527,0.237394,0.926895,16,500,0.000,0
PW,14,PW,11,80.629852,79.633117,79.368553,79.500835,0.324096,0.266723,0.822437,16,500,0.000,0
PW,14,PW,12,80.718765,79.578588,79.298484,79.438536,0.204329,0.282103,0.688402,16,500,0.000,0
PW,14,PW,13,80.541924,79.355548,79.047502,79.201525,0.304675,0.261026,0.791345,16,500,0.000,0
PW,14,PW,14,80.625267,79.280412,79.168776,79.224594,0.249589,0.401654,0.915518,16,500,0.000,0
PW,14,PW,15,80.682175,78.922875,79.167555,79.045215,0.353961,0.269579,0.868920,16,500,0.000,0
PW,15,PW,0,82.718048,81.412952,80.640755,81.026854,0.292789,0.325851,0.935657,16,500,0.000,0
PW,15,PW,1,82.696602,80.629741,81.062778,80.846259,0.231864,0.136638,0.566051,16,500,0.000,0
PW,15,PW,2,82.678856,80.585302,81.354190,80.969746,0.284059,0.223925,0.803797,16,500,0.000,0
PW,15,PW,3,82.640839,81.128052,81.245811,81.186931,0.216775,0.233771,0.618995,16,500,0.000,0
PW,15,PW,4,82.734253,80.783236,79.976034,80.379635,0.306174,1.148289,2.333747,16,500,0.000,0
PW,15,PW,5,82.610870,80.936900,81.272182,81.104541,0.289467,0.379925,0.938977,16,500,0.000,0
PW,15,PW,6,82.641647,81.510610,80.941008,81.225809,0.286972,0.333926,0.900146,16,500,0.000,0
PW,15,PW,7,82.736542,81.418641,81.099125,81.258883,0.267442,0.351892,0.869795,16,500,0.000,0
PW,15,PW,8,82.687988,80.869917,80.257383,80.563650,0.351546,0.722867,1.585005,16,500,0.000,0
PW,15,PW,9,82.685287,80.668046,81.170773,80.919409,0.420208,0.298059,1.028725,16,500,0.000,0
PW,15,PW,10,82.726883,81.558147,80.538566,81.048357,0.108511,0.689363,1.447526,16,500,0.000,0
PW,15,PW,11,82.650894,80.860906,81.109531,80.985219,0.283549,0.224579,0.710589,16,500,0.000,0
PW,15,PW,12,82.614395,80.875321,80.666121,80.770721,0.248496,0.239201,0.675142,16,500,0.000,0
PW,15,PW,13,82.727859,80.855052,80.483586,80.669319,0.332219,0.281156,0.862530,16,500,0.000,0
PW,15,PW,14,82.587502,80.891882,80.302350,80.597116,0.204938,0.527117,1.134370,16,500,0.000,0
PW,15,PW,15,82.572563,80.851818,81.167161,81.009490,0.336939,0.209797,0.784013,16,500,0.000,0
PW,16,PW,0,82.183868,77.009637,80.367503,78.688570,2.889909,0.348061,5.885425,16,500,0.000,0
PW,16,PW,1,82.170937,81.191343,81.231632,81.211488,0.378825,0.317421,0.955173,16,500,0.000,0
PW,16,PW,2,82.093155,81.680369,80.934245,81.307307,0.123844,0.239767,0.648334,16,500,0.000,0
PW,16,PW,3,82.085220,80.733533,80.778754,80.756144,0.504994,0.283306,1.119046,16,500,0.000,0
PW,16,PW,4,82.161484,81.199359,81.321961,81.260660,0.263356,0.270260,0.731863,16,500,0.000,0
PW,16,PW,5,82.134010,80.988371,80.657275,80.822823,0.255930,0.308468,0.793096,16,500,0.000,0
PW,16,PW,6,82.108490,80.930830,80.621679,80.776255,0.164577,0.186664,0.506643,16,500,0.000,0
PW,16,PW,7,82.036316,80.990781,81.173602,81.082191,0.249243,0.287207,0.740803,16,500,0.000,0
PW,16,PW,8,82.105728,81.140434,80.950019,81.045227,0.235144,0.351883,0.823628,16,500,0.000,0
PW,16,PW,9,82.137131,80.847582,80.919806,80.883694,0.270086,0.237659,0.696125,16,500,0.000,0
PW,16,PW,10,82.118301,80.581208,80.529339,80.555274,0.363767,0.511849,1.213602,16,500,0.000,0
PW,16,PW,11,82.109985,81.071582,80.964946,81.018264,0.209125,0.243352,0.622408,16,500,0.000,0
PW,16,PW,12,82.121109,80.622645,80.152323,80.387484,0.397370,0.511995,1.275596,16,500,0.000,0
PW,16,PW,13,82.101913,80.967118,79.980841,80.473979,0.214917,0.323205,0.906547,16,500,0.000,0
PW,16,PW,14,82.141266,81.113711,80.493377,80.803544,0.266256,0.398338,0.979623,16,500,0.000,0
PW,16,PW,15,82.014519,80.543384,81.131725,80.837554,0.370971,0.363387,1.048367,16,500,0.000,0
PW,17,PW,0,82.929611,81.755834,81.554500,81.655167,0.346298,0.261090,0.844401,16,500,0.000,0
PW,17,PW,1,82.929886,81.415967,81.551368,81.483667,0.329734,0.260236,0.814632,16,500,0.000,0
PW,17,PW,2,82.895355,81.275481,81.563541,81.419511,0.350868,0.192386,0.787344,16,500,0.000,0
PW,17,PW,3,82.969658,81.653678,81.204243,81.428960,0.412939,0.353004,1.075028,16,500,0.000,0
PW,17,PW,4,82.967369,80.999740,80.949829,80.974784,0.322861,0.223171,0.758791,16,500,0.000,0
PW,17,PW,5,82.979340,81.840311,81.339046,81.589678,0.258581,0.402697,0.960233,16,500,0.000,0
PW,17,PW,6,82.960312,80.683959,81.081795,80.882877,0.404104,0.246106,0.937006,16,500,0.000,0
PW,17,PW,7,82.944893,81.557750,80.691028,81.124389,0.167308,0.182146,0.654742,16,500,0.000,0
PW,17,PW,8,82.930237,81.098363,81.515214,81.306788,0.613286,0.306874,1.342419,16,500,0.000,0
PW,17,PW,9,82.869339,81.425627,81.232821,81.329224,0.482847,0.267065,1.070787,16,500,0.000,0
PW,17,PW,10,82.934998,80.748336,81.220658,80.984497,0.505516,0.287818,1.150130,16,500,0.000,0
PW,17,PW,11,82.943405,81.212674,81.665909,81.439291,0.313445,0.334369,0.915951,16,500,0.000,0
PW,17,PW,12,82.871521,81.807099,81.057644,81.432372,0.358028,0.422092,1.137309,16,500,0.000,0
PW,17,PW,13,82.970367,80.936888,81.630687,81.283787,0.387028,0.288440,0.999091,16,500,0.000,0
PW,17,PW,14,82.869720,81.227675,81.266716,81.247196,0.292446,0.280733,0.783535,16,500,0.000,0
PW,17,PW,15,82.969681,81.026814,80.921501,80.974158,0.301929,0.363927,0.915285,16,500,0.000,0
PW,18,PW,0,82.052734,81.128381,80.763129,80.945755,0.272065,0.448137,1.030373,16,500,0.000,0
PW,18,PW,1,82.064796,81.136361,81.285606,81.210984,0.218199,0.323329,0.757611,16,500,0.000,0
PW,18,PW,2,82.079803,80.939738,81.264899,81.102319,0.266520,0.248182,0.723420,16,500,0.000,0
PW,18,PW,3,81.931145,81.006846,80.000510,80.503678,0.202134,0.608763,1.343926,16,500,0.000,0
PW,18,PW,4,82.007523,80.771558,81.155151,80.963355,0.259105,0.284424,0.769345,16,500,0.000,0
PW,18,PW,5,81.979767,80.922380,80.808681,80.865530,0.305669,0.303126,0.833849,16,500,0.000,0
PW,18,PW,6,81.972466,82.069042,80.761628,81.415335,0.177228,0.708004,1.563486,16,500,0.000,0
PW,18,PW,7,82.049721,81.425953,80.428841,80.927397,0.336944,0.374366,1.101002,16,500,0.000,0
PW,18,PW,8,81.885971,81.553026,81.006971,81.279999,0.205612,0.111863,0.532975,16,500,0.000,0
PW,18,PW,9,82.057358,81.242782,81.190716,81.216749,0.195245,0.356101,0.785148,16,500,0.000,0
PW,18,PW,10,81.938400,81.180017,81.073154,81.126586,0.298966,0.449429,1.044422,16,500,0.000,0
PW,18,PW,11,82.026428,81.120207,81.255331,81.187769,0.280855,0.311384,0.813227,16,500,0.000,0
PW,18,PW,12,82.012276,80.778900,81.021763,80.900331,0.255364,0.277060,0.738757,16,500,0.000,0
PW,18,PW,13,81.939728,80.920291,80.851806,80.886048,0.337881,0.498182,1.163624,16,500,0.000,0
PW,18,PW,14,81.919624,81.455509,81.086078,81.270793,0.088767,0.252614,0.551408,16,500,0.000,0
PW,18,PW,15,82.054184,81.285266,81.117964,81.201615,0.267514,0.280121,0.753379,16,500,0.000,0
PW,19,PW,0,84.389191,83.446571,82.939805,83.193188,0.182124,0.248467,0.650226,16,500,0.000,0
PW,19,PW,1,84.510201,82.649417,82.384659,82.517038,0.288266,0.294039,0.807282,16,500,0.000,0
PW,19,PW,2,84.595833,83.558867,83.135393,83.347130,0.196836,0.261437,0.669058,16,500,0.000,0
PW,19,PW,3,84.597214,83.081671,83.144802,83.113236,0.252789,0.306291,0.768030,16,500,0.000,0
PW,19,PW,4,84.580162,83.203485,83.323374,83.263430,0.296580,0.277846,0.787670,16,500,0.000,0
PW,19,PW,5,84.598808,83.634159,83.709677,83.671918,0.320536,0.223875,0.756445,16,500,0.000,0
PW,19,PW,6,84.595917,83.195008,82.835018,83.015013,0.172133,0.251456,0.617443,16,500,0.000,0
PW,19,PW,7,84.601501,82.836677,82.788275,82.812476,0.313976,0.355511,0.916793,16,500,0.000,0
PW,19,PW,8,84.550835,82.888291,82.921677,82.904984,0.219379,0.286894,0.698037,16,500,0.000,0
PW,19,PW,9,84.572906,83.741391,83.285522,83.513456,0.222783,0.249149,0.687356,16,500,0.000,0
PW,19,PW,10,84.592133,82.648085,82.852562,82.750323,0.524146,0.265483,1.140147,16,500,0.000,0
PW,19,PW,11,84.591103,83.099266,82.956425,83.027845,0.191065,0.351440,0.776424,16,500,0.000,0
PW,19,PW,12,84.596916,82.927864,82.995262,82.961563,0.123805,0.216753,0.483563,16,500,0.000,0
PW,19,PW,13,84.599625,82.891838,83.354177,83.123008,0.285714,0.195920,0.710681,16,500,0.000,0
PW,19,PW,14,84.594543,82.737195,82.680469,82.708832,0.653349,0.254816,1.355322,16,500,0.000,0
PW,19,PW,15,84.593979,82.319479,83.483588,82.901534,0.325329,0.272704,1.016929,16,500,0.000,0
PW,20,PW,0,84.422440,83.059318,83.009541,83.034429,0.258054,0.262546,0.711767,16,500,0.000,0
PW,20,PW,1,84.490898,83.142873,82.657795,82.900334,0.213533,0.522575,1.119146,16,500,0.000,0
PW,20,PW,2,84.449951,83.097300,82.999908,83.048604,0.356971,0.142941,0.744676,16,500,0.000,0
PW,20,PW,3,84.530624,83.206767,83.019793,83.113280,0.274305,0.271281,0.751650,16,500,0.000,0
PW,20,PW,4,84.507950,83.061855,82.971436,83.016645,0.255229,0.306150,0.771553,16,500,0.000,0
PW,20,PW,5,84.464066,82.666806,82.695683,82.681244,0.251878,0.246506,0.681125,16,500,0.000,0
PW,20,PW,6,84.525726,83.376186,83.155593,83.265890,0.299820,0.388280,0.954680,16,500,0.000,0
PW,20,PW,7,84.481293,82.679162,82.462806,82.570984,0.311665,0.938708,1.914374,16,500,0.000,0
PW,20,PW,8,84.442215,83.386806,82.944053,83.165430,0.153254,0.274012,0.648280,16,500,0.000,0
PW,20,PW,9,84.510132,83.092592,82.816238,82.954415,0.175101,0.307550,0.698539,16,500,0.000,0
PW,20,PW,10,84.462181,83.108194,83.245051,83.176623,0.217079,0.255439,0.651550,16,500,0.000,0
PW,20,PW,11,84.505371,83.113486,82.923423,83.018455,0.257116,0.247057,0.695925,16,500,0.000,0
PW,20,PW,12,84.516571,82.933680,83.655286,83.294483,0.291618,0.246926,0.827027,16,500,0.000,0
PW,20,PW,13,84.407700,83.161036,83.278046,83.219541,0.252094,0.308882,0.772722,16,500,0.000,0
PW,20,PW,14,84.509216,83.018583,83.091424,83.055004,0.457012,0.197478,0.962678,16,500,0.000,0
PW,20,PW,15,84.490944,82.657891,83.133529,82.895710,0.273839,0.152584,0.653607,16,500,0.000,0
PW,21,PW,0,80.920013,79.378242,79.702548,79.540395,0.142917,0.321047,0.699357,16,500,0.000,0
PW,21,PW,1,80.902237,79.085903,79.178259,79.132081,0.248675,0.184682,0.600396,16,500,0.000,0
PW,21,PW,2,80.818756,78.463238,79.545153,79.004195,0.895704,0.163840,1.845957,16,500,0.000,0
PW,21,PW,3,80.899925,78.995097,79.347256,79.171176,0.454925,0.266527,1.034849,16,500,0.000,0
PW,21,PW,4,80.917801,79.805796,79.508518,79.657157,0.193069,0.173895,0.524998,16,500,0.000,0
PW,21,PW,5,80.945160,79.282787,79.517171,79.399979,0.285925,0.297293,0.806117,16,500,0.000,0
PW,21,PW,6,80.820068,79.476637,79.148799,79.312718,0.248042,0.400285,0.925494,16,500,0.000,0
PW,21,PW,7,80.790268,79.479576,79.601946,79.540761,0.242380,0.262906,0.693805,16,500,0.000,0
PW,21,PW,8,80.792053,78.947563,79.321074,79.134319,0.262494,0.289593,0.779445,16,500,0.000,0
PW,21,PW,9,80.860733,79.577179,79.331995,79.454587,0.239272,0.136442,0.547056,16,500,0.000,0
PW,21,PW,10,80.944748,79.006661,78.795579,78.901120,0.415306,0.502823,1.264795,16,500,0.000,0
PW,21,PW,11,80.938828,79.174416,79.453834,79.314125,0.192954,0.264257,0.648476,16,500,0.000,0
PW,21,PW,12,80.792221,79.486781,74.276278,76.881530,0.272137,5.040882,10.118406,16,500,0.000,0
PW,21,PW,13,80.927200,79.440587,79.339948,79.390267,0.272327,0.159425,0.611931,16,500,0.000,0
PW,21,PW,14,80.933121,79.366060,78.948593,79.157327,0.270298,0.400417,0.958026,16,500,0.000,0
PW,21,PW,15,80.655670,79.146948,79.353990,79.250469,0.270169,0.265029,0.739028,16,500,0.000,0
PW,22,PW,0,80.726196,79.628668,80.216309,79.922488,0.225672,0.242627,0.708513,16,500,0.000,0
PW,22,PW,1,80.572998,80.010897,79.752729,79.881813,0.217187,0.310224,0.743753,16,500,0.000,0
PW,22,PW,2,80.722351,79.858719,79.926370,79.892544,0.107137,0.212370,0.460923,16,500,0.000,0
PW,22,PW,3,80.698380,79.030215,80.060163,79.545189,0.423137,0.216769,1.061479,16,500,0.000,0
PW,22,PW,4,80.696838,79.388694,79.696147,79.542420,0.235071,0.180819,0.594616,16,500,0.000,0
PW,22,PW,5,80.410812,79.091588,79.606863,79.349226,0.531018,0.257219,1.170697,16,500,0.000,0
PW,22,PW,6,80.432358,79.516830,79.750538,79.633684,0.208052,0.147264,0.507078,16,500,0.000,0
PW,22,PW,7,80.598106,78.893559,79.792326,79.342942,0.300170,0.178916,0.819328,16,500,0.000,0
PW,22,PW,8,80.580658,79.593721,79.221491,79.407606,0.215490,0.481001,1.036369,16,500,0.000,0
PW,22,PW,9,80.674545,79.459570,79.115879,79.287724,0.280733,0.364306,0.906207,16,500,0.000,0
PW,22,PW,10,80.735931,79.850588,79.938673,79.894630,0.233113,0.268614,0.688708,16,500,0.000,0
PW,22,PW,11,80.672150,79.652037,80.201802,79.926919,0.185398,0.292705,0.727172,16,500,0.000,0
PW,22,PW,12,80.712166,79.739928,79.442927,79.591428,0.181394,0.375559,0.820322,16,500,0.000,0
PW,22,PW,13,80.616760,80.167900,79.599734,79.883817,0.384169,0.370553,1.072238,16,500,0.000,0
PW,22,PW,14,80.686562,79.639682,79.750776,79.695229,0.167966,0.320798,0.702011,16,500,0.000,0
PW,22,PW,15,80.726730,79.893778,79.316298,79.605038,0.206889,0.206771,0.639017,16,500,0.000,0
PW,23,PW,0,80.423073,79.264753,78.735242,78.999998,0.391519,0.406011,1.123593,16,500,0.000,0
PW,23,PW,1,80.441093,78.922546,78.969991,78.946269,0.228913,0.248683,0.653538,16,500,0.000,0
PW,23,PW,2,80.221756,78.105792,77.872096,77.988944,0.408343,0.257626,0.940669,16,500,0.000,0
PW,23,PW,3,80.332352,78.810210,78.699443,78.754827,0.242673,0.342965,0.813795,16,500,0.000,0
PW,23,PW,4,80.298065,78.956795,79.395135,79.175965,0.234173,0.200536,0.637258,16,500,0.000,0
PW,23,PW,5,80.321030,78.917417,79.110605,79.014011,0.393209,0.129821,0.806284,16,500,0.000,0
PW,23,PW,6,80.332520,79.086407,78.810656,78.948531,0.274402,0.451767,1.031181,16,500,0.000,0
PW,23,PW,7,80.292145,79.134836,79.445496,79.290166,0.275811,0.274557,0.768871,16,500,0.000,0
PW,23,PW,8,80.316109,79.059634,78.704805,78.882220,0.229048,0.285868,0.731114,16,500,0.000,0
PW,23,PW,9,80.425522,79.375801,78.560639,78.968220,0.356325,0.458682,1.198609,16,500,0.000,0
PW,23,PW,10,80.287430,78.762352,78.689625,78.725988,0.457133,0.265325,1.021951,16,500,0.000,0
PW,23,PW,11,80.407555,78.983024,78.615098,78.799061,0.339249,0.373402,0.993128,16,500,0.000,0
PW,23,PW,12,80.398209,79.113317,78.692424,78.902870,0.385481,0.767423,1.673528,16,500,0.000,0
PW,23,PW,13,80.360504,79.147752,78.698693,78.923223,0.311546,0.355136,0.941800,16,500,0.000,0
PW,23,PW,14,80.399551,78.835259,78.608512,78.721886,0.337704,0.436096,1.072137,16,500,0.000,0
PW,23,PW,15,80.383469,78.497570,78.374713,78.436141,0.287758,0.422573,0.989857,16,500,0.000,0
PW,24,PW,0,85.717407,84.145673,83.724383,83.935028,0.234291,0.342814,0.831268,16,500,0.000,0
PW,24,PW,1,85.688217,84.106939,83.703877,83.905408,0.371955,0.250871,0.891511,16,500,0.000,0
PW,24,PW,2,85.677109,84.030307,83.893001,83.961654,0.213709,0.301882,0.718166,16,500,0.000,0
PW,24,PW,3,85.664154,84.414411,84.926939,84.670675,0.336491,0.171473,0.776230,16,500,0.000,0
PW,24,PW,4,85.726990,84.406021,84.400042,84.403031,0.119407,0.299911,0.623731,16,500,0.000,0
PW,24,PW,5,85.697311,83.665934,84.258750,83.962342,0.282876,0.217563,0.754429,16,500,0.000,0
PW,24,PW,6,85.646255,84.016808,84.060243,84.038525,0.324116,0.288704,0.838967,16,500,0.000,0
PW,24,PW,7,85.727814,84.391145,84.389284,84.390214,0.245217,0.138213,0.543883,16,500,0.000,0
PW,24,PW,8,85.705109,84.487362,83.933591,84.210476,0.233720,0.202640,0.662581,16,500,0.000,0
PW,24,PW,9,85.718231,84.261169,84.013813,84.137491,0.283074,0.271332,0.768325,16,500,0.000,0
PW,24,PW,10,85.722008,84.384670,84.174814,84.279742,0.337620,0.179811,0.746995,16,500,0.000,0
PW,24,PW,11,85.669609,84.222285,84.009304,84.115795,0.294461,0.192081,0.688145,16,500,0.000,0
PW,24,PW,12,85.609802,83.904513,83.993752,83.949133,0.443217,0.286609,1.020870,16,500,0.000,0
PW,24,PW,13,85.704880,84.023024,84.114865,84.068944,0.430386,0.254913,0.967666,16,500,0.000,0
PW,24,PW,14,85.685814,84.344472,83.845674,84.095073,0.209600,0.205125,0.622451,16,500,0.000,0
PW,24,PW,15,85.722855,83.928056,84.320201,84.124128,0.299498,0.285438,0.824655,16,500,0.000,0
PW,25,PW,0,80.529343,78.113451,77.917533,78.015492,0.330548,0.252202,0.809697,16,500,0.000,0
PW,25,PW,1,80.565323,78.531207,78.616571,78.573889,0.319570,0.227891,0.759669,16,500,0.000,0
PW,25,PW,2,80.486069,78.428463,79.173814,78.801138,0.401621,0.135502,0.904919,16,500,0.000,0
PW,25,PW,3,80.560318,78.349560,78.570869,78.460215,0.381417,0.241303,0.879524,16,500,0.000,0
PW,25,PW,4,80.591202,78.851512,78.141448,78.496480,0.224317,0.464863,1.062577,16,500,0.000,0
PW,25,PW,5,80.580475,78.060962,78.491483,78.276222,0.319310,0.165796,0.729860,16,500,0.000,0
PW,25,PW,6,80.586006,78.071937,78.024983,78.048460,0.423118,0.324909,1.031055,16,500,0.000,0
PW,25,PW,7,80.575569,78.527030,78.355103,78.441066,0.280056,0.364914,0.893214,16,500,0.000,0
PW,25,PW,8,80.612122,78.018114,78.249512,78.133813,0.389279,0.178621,0.836143,16,500,0.000,0
PW,25,PW,9,80.539604,78.564748,78.544251,78.554500,0.342629,0.250522,0.820180,16,500,0.000,0
PW,25,PW,10,80.570816,78.997698,78.410587,78.704143,0.212434,0.202818,0.643405,16,500,0.000,0
PW,25,PW,11,80.618919,77.872679,78.276672,78.074676,0.389095,0.164370,0.842374,16,500,0.000,0
PW,25,PW,12,80.416580,78.892068,78.653316,78.772692,0.346427,0.373895,0.992549,16,500,0.000,0
PW,25,PW,13,80.642242,78.628741,78.412989,78.520865,0.323405,0.299153,0.858482,16,500,0.000,0
PW,25,PW,14,80.471085,77.636536,78.618814,78.127675,0.267764,0.196956,0.818408,16,500,0.000,0
PW,25,PW,15,80.654602,78.805128,79.092852,78.948990,0.392057,0.200687,0.863878,16,500,0.000,0
PW,26,PW,0,76.781517,75.966898,75.813097,75.889997,0.266309,0.576674,1.229882,16,500,0.000,0
PW,26,PW,1,76.870575,75.523960,76.115631,75.819796,0.288434,0.134879,0.686924,16,500,0.000,0
PW,26,PW,2,76.949005,76.181477,76.072816,76.127146,0.326569,0.228870,0.772564,16,500,0.000,1
PW,26,PW,3,76.804131,76.046620,75.679287,75.862954,0.232044,0.178500,0.596618,16,500,0.000,0
PW,26,PW,4,76.859222,76.253782,76.049440,76.151611,0.234936,0.295584,0.737140,16,500,0.000,0
PW,26,PW,5,76.881897,76.190519,75.624923,75.907721,0.278036,0.261834,0.793634,16,500,0.000,0
PW,26,PW,6,76.773186,75.820175,75.723320,75.771748,0.286643,0.315460,0.825088,16,500,0.000,0
PW,26,PW,7,76.893677,75.946541,75.216942,75.581741,0.148731,0.377868,0.870400,16,500,0.000,0
PW,26,PW,8,76.699173,75.497765,75.681257,75.589511,0.361657,0.432723,1.093776,16,500,0.000,0
PW,26,PW,9,76.776672,75.710307,75.901240,75.805774,0.234874,0.248212,0.667594,16,500,0.000,0
PW,26,PW,10,76.810486,76.271997,75.829128,76.050563,0.271353,0.339379,0.870170,16,500,0.000,0
PW,26,PW,11,76.743866,75.887963,75.319731,75.603847,0.267796,0.740293,1.549138,16,500,0.000,0
PW,26,PW,12,76.744286,76.186729,76.057621,76.122175,0.305734,0.346018,0.894649,16,500,0.000,0
PW,26,PW,13,76.837555,76.014054,74.960225,75.487140,0.201512,0.436847,1.077126,16,500,0.000,0
PW,26,PW,14,76.662094,75.086052,75.792009,75.439031,0.249202,0.148686,0.668791,16,500,0.000,0
PW,26,PW,15,76.793976,75.461795,75.334570,75.398182,0.430279,0.253947,0.967608,16,500,0.000,0
PW,27,PW,0,54.202511,50.198403,44.283600,47.241002,3.125891,1.772807,7.585626,16,500,0.000,0
PW,27,PW,1,54.201202,44.315981,43.121504,43.718742,4.721968,1.743343,9.745206,16,500,0.000,0
PW,27,PW,2,54.290253,44.897651,47.749203,46.323427,2.447020,3.570804,8.492679,16,500,0.000,0
PW,27,PW,3,54.287994,48.596792,50.307456,49.452124,2.758251,3.137538,8.120027,16,500,0.000,0
PW,27,PW,4,54.273880,43.606989,41.225896,42.416442,4.492350,3.518515,11.093851,16,500,0.000,0
PW,27,PW,5,54.218369,46.477021,45.232656,45.854838,3.208349,4.116139,10.104177,16,500,0.000,0
PW,27,PW,6,54.155418,45.651163,49.647454,47.649309,4.563829,2.721086,10.471932,16,500,0.000,0
PW,27,PW,7,54.215176,39.467075,41.968197,40.717636,4.979081,3.395245,11.715752,16,500,0.000,0
PW,27,PW,8,54.230896,47.198117,51.596473,49.397295,2.445258,1.957467,6.464241,16,500,0.000,0
PW,27,PW,9,54.266277,44.793834,42.331739,43.562787,2.921729,3.863380,9.445038,16,500,0.000,0
PW,27,PW,10,54.284470,48.752610,50.073567,49.413089,3.565194,3.511727,9.693223,16,500,0.000,0
PW,27,PW,11,54.318592,43.080333,48.492694,45.786514,2.666290,3.573676,9.057112,16,500,0.000,0
PW,27,PW,12,54.242165,46.134794,49.111811,47.623303,3.175281,2.779455,8.297333,16,500,0.000,0
PW,27,PW,13,54.238274,45.298423,44.044455,44.671439,2.025628,3.326615,7.553295,16,500,0.000,0
PW,27,PW,14,54.212143,50.056109,48.544080,49.300095,1.865756,3.137000,7.095382,16,500,0.000,0
PW,27,PW,15,54.291534,50.374221,49.677311,50.025766,2.701331,2.847672,7.592552,16,500,0.000,0
PW,28,PW,0,76.005630,70.777637,72.389299,71.583468,0.740768,0.703612,2.142320,16,500,0.000,0
PW,28,PW,1,75.882324,72.254333,72.610614,72.432473,1.113835,0.876632,2.744911,16,500,0.000,0
PW,28,PW,2,75.890892,71.313307,72.785752,72.049530,1.473714,0.477731,3.088427,16,500,0.000,0
PW,28,PW,3,76.659279,68.455649,70.981881,69.718765,2.793634,1.039512,5.905286,16,500,0.000,0
PW,28,PW,4,75.845520,71.731591,72.392602,72.062097,0.526804,0.485418,1.425583,16,500,0.000,0
PW,28,PW,5,76.082542,72.172474,71.620755,71.896615,0.547508,0.516668,1.482192,16,500,0.000,0
PW,28,PW,6,76.055016,72.535654,71.881038,72.208346,0.716887,0.733034,2.009726,16,500,0.000,0
PW,28,PW,7,75.937706,72.956153,72.301975,72.629064,0.450873,0.228611,1.033524,16,500,0.000,0
PW,28,PW,8,76.414726,71.740539,71.958224,71.849381,0.766260,0.772945,2.105976,16,500,0.000,0
PW,28,PW,9,75.785049,71.032422,71.844999,71.438711,0.636943,0.911825,2.189672,16,500,0.000,0
PW,28,PW,10,76.097183,71.055652,70.659221,70.857436,1.093349,0.507056,2.337658,16,500,0.000,0
PW,28,PW,11,76.002556,72.492281,72.274201,72.383241,0.371616,0.674852,1.492817,16,500,0.000,0
PW,28,PW,12,76.243507,72.510222,72.328485,72.419353,0.699527,0.468715,1.629681,16,500,0.000,0
PW,28,PW,13,76.221542,71.925983,71.082248,71.504116,0.979903,0.620893,2.283385,16,500,0.000,0
PW,28,PW,14,76.429207,74.322989,73.732201,74.027595,0.569690,1.058663,2.342843,16,500,0.000,0
PW,28,PW,15,76.039963,72.634390,68.453113,70.543751,0.489619,4.480313,8.972018,16,500,0.000,0
PW,29,PW,0,80.335312,78.264246,78.716986,78.490616,0.331507,0.197887,0.781751,16,500,0.000,0
PW,29,PW,1,80.385040,78.931574,78.963839,78.947706,0.229400,0.236400,0.636694,16,500,0.000,0
PW,29,PW,2,80.403313,79.106297,78.717615,78.911956,0.198164,0.336332,0.780513,16,500,0.000,0
PW,29,PW,3,80.398743,78.855830,78.429768,78.642799,0.239631,0.310695,0.789412,16,500,0.000,0
PW,29,PW,4,80.389847,78.359310,79.043781,78.701546,0.353622,0.310381,0.975417,16,500,0.000,0
PW,29,PW,5,80.260956,79.155214,79.138537,79.146876,0.351676,0.287620,0.877860,16,500,0.000,0
PW,29,PW,6,80.274422,79.152809,79.046035,79.099422,0.280139,0.394773,0.936935,16,500,0.000,0
PW,29,PW,7,80.314140,79.313471,79.278457,79.295964,0.239792,0.153004,0.549902,16,500,0.000,0
PW,29,PW,8,80.467087,78.743484,79.172902,78.958193,0.567019,0.220049,1.195932,16,500,0.000,0
PW,29,PW,9,80.119812,78.627974,79.403506,79.015740,0.281738,0.261530,0.843847,16,500,0.000,0
PW,29,PW,10,80.362984,79.553611,79.212590,79.383101,0.248659,0.208093,0.650778,16,500,0.000,0
PW,29,PW,11,80.433159,79.035472,79.058260,79.046866,0.255614,0.438591,0.980929,16,500,0.000,0
PW,29,PW,12,80.284225,78.760045,79.022995,78.891520,0.292930,0.437005,1.025551,16,500,0.000,0
PW,29,PW,13,80.408058,79.226659,79.224602,79.225630,0.257234,0.269702,0.720134,16,500,0.000,0
PW,29,PW,14,80.312775,79.505440,79.345193,79.425316,0.242696,0.153139,0.560624,16,500,0.000,0
PW,29,PW,15,80.475174,78.644413,79.039266,78.841839,0.269511,0.248954,0.737655,16,500,0.000,0
PW,30,PW,0,78.228981,75.756534,72.912401,74.334467,0.148448,3.096039,6.166448,16,500,0.000,0
PW,30,PW,1,78.639908,75.814953,75.991585,75.903269,0.575166,0.369545,1.324086,16,500,0.000,0
PW,30,PW,2,78.487793,75.504278,75.482370,75.493324,0.463709,0.685231,1.598702,16,500,0.000,0
PW,30,PW,3,78.198517,75.319945,74.799155,75.059550,0.362360,0.355344,1.016827,16,500,0.000,0
PW,30,PW,4,78.766785,76.334614,75.355846,75.845230,0.193848,0.536719,1.212932,16,500,0.000,0
PW,30,PW,5,78.735779,75.497857,75.863875,75.680866,0.417057,0.455944,1.208797,16,500,0.000,0
PW,30,PW,6,78.618858,75.807797,75.697945,75.752871,0.470267,0.588488,1.456630,16,500,0.000,0
PW,30,PW,7,78.266273,75.974262,75.567340,75.770801,0.301228,0.311417,0.863118,16,500,0.000,0
PW,30,PW,8,78.700058,75.179485,75.944195,75.561840,0.410102,0.358185,1.123744,16,500,0.000,0
PW,30,PW,9,78.452759,75.239160,75.627975,75.433567,0.361512,0.250408,0.873111,16,500,0.000,0
PW,30,PW,10,78.217888,76.137972,75.444100,75.791036,0.184017,0.372107,0.878487,16,500,0.000,0
PW,30,PW,11,78.628464,74.912720,75.003264,74.957992,0.543239,0.343569,1.242822,16,500,0.000,0
PW,30,PW,12,78.914124,75.543965,74.273263,74.908614,0.304196,1.223563,2.522943,16,500,0.000,0
PW,30,PW,13,78.420120,75.668792,74.570852,75.119822,0.393636,0.752008,1.735279,16,500,0.000,0
PW,30,PW,14,78.429924,75.475973,74.919689,75.197831,0.439322,0.827383,1.832695,16,500,0.000,0
PW,30,PW,15,78.601242,75.548251,75.627788,75.588019,0.361754,0.435837,1.095177,16,500,0.000,0
PW,31,PW,0,84.283066,83.368783,83.365865,83.367324,0.269763,0.307993,0.791093,16,500,0.000,0
PW,31,PW,1,84.308060,83.971063,83.629720,83.800391,0.124732,0.229375,0.534394,16,500,0.000,0
PW,31,PW,2,84.216629,83.066998,83.312636,83.189817,0.344776,0.296958,0.888310,16,500,0.000,0
PW,31,PW,3,84.320007,83.589776,83.511372,83.550574,0.322391,0.202094,0.736303,16,500,0.000,0
PW,31,PW,4,83.845627,83.651748,82.939155,83.295451,0.203735,0.337756,0.846327,16,500,0.000,0
PW,31,PW,5,83.933945,83.581783,82.758750,83.170267,0.279897,0.444409,1.100202,16,500,0.000,0
PW,31,PW,6,84.198883,83.391776,83.933697,83.662736,0.478394,0.161247,1.014788,16,500,0.000,0
PW,31,PW,7,84.249451,83.293719,82.842758,83.068239,0.105014,0.431100,0.888388,16,500,0.000,0
PW,31,PW,8,84.204834,83.544191,83.732059,83.638125,0.194264,0.242688,0.608429,16,500,0.000,0
PW,31,PW,9,84.349976,82.930602,83.364323,83.147462,0.217598,0.224921,0.644826,16,500,0.000,0
PW,31,PW,10,84.340485,83.628290,83.564630,83.596460,0.338320,0.432251,1.061102,16,500,0.000,0
PW,31,PW,11,84.270950,83.158226,83.094366,83.126296,0.180496,0.501967,1.031215,16,500,0.000,0
PW,31,PW,12,84.367477,82.957967,83.272661,83.115314,0.798662,0.319344,1.669876,16,500,0.000,0
PW,31,PW,13,84.331642,83.892223,83.756880,83.824552,0.288335,0.345858,0.872833,16,500,0.000,0
PW,31,PW,14,84.234726,80.750579,82.908685,81.829632,1.772490,0.479584,3.718836,16,500,0.000,0
PW,31,PW,15,84.262283,83.071851,83.664721,83.368286,0.478695,0.178238,1.033355,16,500,0.000,0
PW,32,WML,0,60.939022,54.746884,56.635386,55.691135,1.391773,1.565475,4.163168,16,500,0.000,0
PW,32,WML,1,60.936028,58.911402,57.537098,58.224250,0.933684,1.089236,2.861399,16,500,0.000,0
PW,32,WML,2,60.714825,57.109690,57.675304,57.392497,1.232139,1.541308,3.823893,16,500,0.000,0
PW,32,WML,3,61.022762,56.795797,58.409111,57.602454,1.037455,1.117039,3.061155,16,500,0.000,0
PW,32,WML,4,60.667328,55.124690,57.839593,56.482141,3.539090,1.615227,7.646322,16,500,0.000,0
PW,32,WML,5,60.784077,52.569992,51.247230,51.908611,7.181791,7.116543,19.547385,16,500,0.000,0
PW,32,WML,6,60.724022,56.088785,48.780422,52.434603,1.064254,6.937656,14.076970,16,500,0.000,0
PW,32,WML,7,60.981110,57.694263,56.880383,57.287323,1.224072,1.972972,4.505877,16,500,0.000,0
PW,32,WML,8,60.958927,57.208167,58.311068,57.759617,1.536804,1.293116,3.922284,16,500,0.000,0
PW,32,WML,9,60.979836,57.018090,58.703845,57.860967,1.099975,0.729997,2.695257,16,500,0.000,0
PW,32,WML,10,61.047451,50.918775,57.355316,54.137046,6.916595,1.105408,13.935910,16,500,0.000,0
PW,32,WML,11,60.952873,57.499491,56.222656,56.861073,1.305108,1.349872,3.687338,16,500,0.000,0
PW,32,WML,12,60.952827,58.280721,57.693912,57.987317,1.234417,1.044279,3.138773,16,500,0.000,0
PW,32,WML,13,60.804451,59.015087,59.702940,59.359013,0.589338,0.509691,1.546833,16,500,0.000,0
PW,32,WML,14,60.517155,56.913476,59.054498,57.983987,1.428960,0.757041,3.314393,16,500,0.000,0
PW,32,WML,15,61.127213,57.978518,58.240683,58.109600,1.063630,1.481148,3.525914,16,500,0.000,0
PW,33,WML,0,63.611645,60.506110,60.515028,60.510569,0.331790,0.358799,0.944256,16,500,0.000,0
PW,33,WML,1,64.771576,60.833035,60.301392,60.567213,0.484135,0.375614,1.215374,16,500,0.000,0
PW,33,WML,2,64.526711,62.248885,61.649952,61.949419,0.287081,0.484818,1.131749,16,500,0.000,0
PW,33,WML,3,63.635139,61.741980,61.734875,61.738427,0.206816,0.276279,0.666831,16,500,0.000,0
PW,33,WML,4,64.590744,61.297258,61.196747,61.247003,0.363684,0.289121,0.899200,16,500,0.000,0
PW,33,WML,5,64.263199,61.369907,60.993783,61.181845,0.374589,0.508070,1.235021,16,500,0.000,0
PW,33,WML,6,64.018143,61.972625,61.665565,61.819095,0.341480,0.237653,0.819352,16,500,0.000,0
PW,33,WML,7,63.898441,61.395557,61.593671,61.494614,0.257753,0.301964,0.773893,16,500,0.000,0
PW,33,WML,8,64.733765,62.003747,62.747200,62.375474,0.279385,0.165876,0.735884,16,500,0.000,0
PW,33,WML,9,64.157150,61.189751,60.941966,61.065858,0.302268,0.400972,0.978627,16,500,0.000,0
PW,33,WML,10,64.441299,61.784088,61.465703,61.624896,0.394422,0.278789,0.947622,16,500,0.000,0
PW,33,WML,11,64.309097,62.006341,61.937761,61.972051,0.338199,0.185119,0.745792,16,500,0.000,0
PW,33,WML,12,64.169090,61.953594,61.986681,61.970137,0.300372,0.212268,0.710873,16,500,0.000,0
PW,33,WML,13,64.181984,62.236561,61.552413,61.894487,0.228406,0.399270,0.956419,16,500,0.000,0
PW,33,WML,14,64.516708,60.963038,62.059479,61.511259,0.352054,0.246638,1.005186,16,500,0.000,0
PW,33,WML,15,64.548874,61.489545,61.977105,61.733325,0.277989,0.362861,0.918399,16,500,0.000,0
PW,34,WML,0,64.383583,64.291724,64.714733,64.503228,0.469768,0.277368,1.076481,16,500,0.000,0
PW,34,WML,1,63.204048,64.796115,65.049037,64.922576,0.149228,0.312476,0.681707,16,500,0.000,0
PW,34,WML,2,64.809082,64.175779,64.037324,64.106552,0.560413,0.931614,2.101853,16,500,0.000,1
PW,34,WML,3,62.228985,64.461171,64.974915,64.718043,0.489689,0.326527,1.167761,16,500,0.000,0
PW,34,WML,4,65.269348,65.407903,65.114724,65.261313,0.225554,0.515440,1.097597,16,500,0.000,0
PW,34,WML,5,65.600494,64.007806,65.214957,64.611381,0.608836,0.404166,1.543473,16,500,0.000,1
PW,34,WML,6,62.583988,64.446965,64.841436,64.644201,0.363845,0.471242,1.168239,16,500,0.000,1
PW,34,WML,7,64.989258,65.014913,63.297421,64.156167,0.628962,0.875001,2.263145,16,500,0.000,0
PW,34,WML,8,65.203133,64.152306,65.012261,64.582283,0.418427,0.386083,1.186312,16,500,0.000,0
PW,34,WML,9,61.974236,64.860938,65.009881,64.935410,0.425961,0.420058,1.158466,16,500,0.000,0
PW,34,WML,10,64.401695,64.429230,64.979529,64.704380,0.192308,0.451746,0.990303,16,500,0.000,1
PW,34,WML,11,64.110504,64.590415,64.321037,64.455726,0.413085,0.604391,1.421318,16,500,0.000,0
PW,34,WML,12,65.727257,65.837257,64.072867,64.955062,0.285101,0.436521,1.358306,16,500,0.000,0
PW,34,WML,13,66.291168,64.758621,64.888643,64.823632,0.296605,0.389825,0.948829,16,500,0.000,1
PW,34,WML,14,61.536407,65.021524,64.046079,64.533802,0.477804,0.632528,1.612363,16,500,0.000,0
PW,34,WML,15,64.997345,65.498217,64.144656,64.821436,0.161430,0.495321,1.225481,16,500,0.000,0
PW,35,WML,0,59.047207,45.572793,39.349807,42.461300,6.504470,7.995105,20.172213,16,500,0.000,0
PW,35,WML,1,60.183739,5.467897,2.248111,3.858004,3.292517,0.098752,6.578205,16,500,0.000,0
PW,35,WML,2,60.604195,19.678119,36.282710,27.980415,8.627211,7.709758,23.943713,16,500,0.000,0
PW,35,WML,3,61.211708,23.280080,32.890857,28.085469,8.214049,9.109593,24.214271,16,500,0.000,0
PW,35,WML,4,60.648216,2.209980,8.125542,5.167761,0.039226,5.893513,11.790214,16,500,0.000,0
PW,35,WML,5,58.647964,2.234132,7.705545,4.969838,0.096964,5.556945,11.104149,16,500,0.000,0
PW,35,WML,6,60.838844,39.836214,37.288835,38.562525,8.288314,7.935756,22.210522,16,500,0.000,0
PW,35,WML,7,60.260727,2.230979,2.232729,2.231854,0.095566,0.056504,0.214514,16,500,0.000,0
PW,35,WML,8,59.514523,27.824572,20.985336,24.404954,9.618326,9.113322,25.844060,16,500,0.000,0
PW,35,WML,9,59.797714,31.919616,21.347847,26.633732,8.921654,9.362205,25.577163,16,500,0.000,0
PW,35,WML,10,58.276566,2.325638,2.309084,2.317361,0.081284,0.084127,0.226189,16,500,0.000,0
PW,35,WML,11,60.269909,37.507100,13.995163,25.751131,7.971109,7.835118,24.775248,16,500,0.000,0
PW,35,WML,12,60.550644,8.494013,7.375562,7.934788,6.229843,5.108552,15.577474,16,500,0.000,0
PW,35,WML,13,59.916969,2.250079,7.586098,4.918089,0.091348,5.342596,10.685773,16,500,0.000,0
PW,35,WML,14,60.932808,32.770826,25.338226,29.054526,9.005255,8.849556,24.695333,16,500,0.000,0
PW,35,WML,15,59.193531,39.212782,25.759224,32.486003,8.137211,8.989696,24.437142,16,500,0.000,0
PW,36,WML,0,49.775379,2.354950,2.425414,2.390182,0.069001,0.072252,0.196439,16,500,0.000,0
PW,36,WML,1,49.808113,2.245077,2.349180,2.297128,0.112270,0.096825,0.291457,16,500,0.000,0
PW,36,WML,2,49.781433,2.238081,2.433442,2.335761,0.044008,0.086106,0.212339,16,500,0.000,0
PW,36,WML,3,49.697044,2.287932,2.359734,2.323833,0.059547,0.052132,0.157348,16,500,0.000,0
PW,36,WML,4,49.933598,7.490929,2.250470,4.870700,4.883725,0.073907,9.817667,16,500,0.000,0
PW,36,WML,5,49.706108,2.345297,2.356989,2.351143,0.106674,0.078339,0.255795,16,500,0.000,0
PW,36,WML,6,49.960617,2.410140,2.457066,2.433603,0.103225,0.087234,0.262255,16,500,0.000,0
PW,36,WML,7,49.738514,2.452123,2.325497,2.388810,0.066952,0.093325,0.231358,16,500,0.000,0
PW,36,WML,8,49.484936,2.385051,2.333186,2.359119,0.075809,0.077767,0.211544,16,500,0.000,0
PW,36,WML,9,49.736900,2.281583,2.298193,2.289888,0.060489,0.069294,0.177932,16,500,0.000,0
PW,36,WML,10,50.007797,2.311907,2.298913,2.305410,0.087209,0.065783,0.211174,16,500,0.000,0
PW,36,WML,11,49.691593,7.380448,2.375076,4.877762,5.042069,0.076175,10.080337,16,500,0.000,0
PW,36,WML,12,49.660271,2.367783,2.326536,2.347159,0.078700,0.074288,0.210190,16,500,0.000,0
PW,36,WML,13,50.088711,2.373132,2.397859,2.385496,0.073637,0.048720,0.171079,16,500,0.000,0
PW,36,WML,14,49.904633,2.328805,2.418259,2.373532,0.060030,0.090693,0.215162,16,500,0.000,0
PW,36,WML,15,49.959373,2.265841,2.169141,2.217491,0.061438,0.070369,0.187275,16,500,0.000,0
PW,37,WML,0,66.253159,66.567948,66.632375,66.600162,0.332759,0.471420,1.115427,16,500,0.000,0
PW,37,WML,1,66.454391,65.465031,65.878302,65.671666,0.431802,0.467093,1.247461,16,500,0.000,0
PW,37,WML,2,65.817169,66.064105,65.214010,65.639057,0.382433,0.484527,1.270902,16,500,0.000,0
PW,37,WML,3,66.514626,66.608568,65.977539,66.293053,0.476637,0.956392,2.090254,16,500,0.000,0
PW,37,WML,4,66.347961,65.512472,65.872540,65.692506,1.041641,0.499870,2.240123,16,500,0.000,0
PW,37,WML,5,66.229660,66.453171,66.346528,66.399849,0.209270,0.541699,1.123402,16,500,0.000,0
PW,37,WML,6,65.391525,66.766808,65.380127,66.073467,0.583600,0.542513,1.697968,16,500,0.000,0
PW,37,WML,7,65.218254,66.380488,66.378809,66.379649,0.461196,0.298389,1.061361,16,500,0.000,0
PW,37,WML,8,66.043503,66.939449,65.445095,66.192272,0.331675,0.651422,1.609481,16,500,0.000,0
PW,37,WML,9,65.025063,67.031134,66.653829,66.842481,0.379075,0.416985,1.106152,16,500,0.000,0
PW,37,WML,10,66.233887,65.425559,65.970117,65.697838,0.811258,0.393427,1.764653,16,500,0.000,0
PW,37,WML,11,66.029861,66.275100,66.484007,66.379554,0.779462,0.358595,1.661306,16,500,0.000,0
PW,37,WML,12,66.103989,66.022094,66.385674,66.203884,0.567510,0.329005,1.281307,16,500,0.000,0
PW,37,WML,13,66.148483,66.881623,66.474866,66.678245,0.336700,0.392886,1.021583,16,500,0.000,0
PW,37,WML,14,65.771927,66.517531,65.555276,66.036404,0.313791,0.407982,1.111723,16,500,0.000,0
PW,37,WML,15,66.404114,66.172475,64.787609,65.480042,0.542213,1.312408,2.835375,16,500,0.000,0
PW,38,WML,0,61.250648,50.367470,52.940174,51.653822,1.837612,1.579314,4.866580,16,500,0.000,0
PW,38,WML,1,61.263916,53.384902,52.857291,53.121096,1.070450,1.079055,2.949417,16,500,0.000,0
PW,38,WML,2,60.459541,52.117272,53.323556,52.720414,0.814942,0.661833,2.121965,16,500,0.000,0
PW,38,WML,3,61.219513,53.561512,47.472188,50.516850,0.556127,6.122312,12.287311,16,500,0.000,0
PW,38,WML,4,61.388214,51.082120,53.586299,52.334209,1.758185,0.844781,3.984607,16,500,0.000,0
PW,38,WML,5,61.000450,53.220354,52.008823,52.614588,0.731126,1.404245,3.122312,16,500,0.000,0
PW,38,WML,6,60.904846,53.366057,46.906470,50.136264,0.505498,5.949867,12.010179,16,500,0.000,0
PW,38,WML,7,61.218483,47.082522,53.988806,50.535664,5.993254,0.296087,12.130308,16,500,0.000,0
PW,38,WML,8,61.170288,55.631459,54.885509,55.258484,1.021425,1.431862,3.420173,16,500,0.000,0
PW,38,WML,9,61.250923,51.001523,52.440445,51.720984,2.878050,0.931489,5.891968,16,500,0.000,0
PW,38,WML,10,61.089081,52.742534,51.929604,52.336069,0.945475,1.370580,3.244468,16,500,0.000,0
PW,38,WML,11,61.424461,52.696542,52.115844,52.406193,0.522021,0.836989,1.929422,16,500,0.000,0
PW,38,WML,12,61.389591,50.330433,53.422884,51.876658,1.826145,0.337884,3.927640,16,500,0.000,0
PW,38,WML,13,61.641094,54.099545,53.289305,53.694425,0.548904,0.450015,1.433858,16,500,0.000,0
PW,38,WML,14,61.123596,53.702495,51.202831,52.452663,1.402933,2.096036,5.041442,16,500,0.000,0
PW,38,WML,15,61.051514,47.294306,53.409747,50.352026,5.942770,0.571671,11.959991,16,500,0.000,0
PW,39,WML,0,68.572533,64.848381,62.185321,63.516851,0.716538,3.794906,7.587679,16,500,0.000,0
PW,39,WML,1,68.586807,66.308319,65.052055,65.680187,0.589025,0.633113,1.792366,16,500,0.000,0
PW,39,WML,2,68.373276,64.845821,65.525141,65.185481,0.585269,0.455229,1.474974,16,500,0.000,0
PW,39,WML,3,68.667480,66.435800,64.998051,65.716925,0.289222,0.845448,1.879373,16,500,0.000,0
PW,39,WML,4,68.652298,64.775899,64.583435,64.679667,1.641469,0.877625,3.597854,16,500,0.000,0
PW,39,WML,5,68.197815,65.844812,63.561861,64.703337,0.455283,1.790677,3.759615,16,500,0.000,1
PW,39,WML,6,68.516830,64.449533,65.486481,64.968007,0.918017,0.809211,2.424396,16,500,0.000,0
PW,39,WML,7,68.257385,67.694863,66.474636,67.084749,0.453998,0.527980,1.485687,16,500,0.000,0
PW,39,WML,8,68.081406,67.573489,66.721587,67.147538,0.544582,0.783990,1.896149,16,500,0.000,0
PW,39,WML,9,68.273514,66.079973,64.190309,65.135141,0.505490,1.184754,2.673281,16,500,0.000,0
PW,39,WML,10,68.732956,65.264413,65.292060,65.278237,0.569640,0.827917,1.941812,16,500,0.000,0
PW,39,WML,11,68.444809,64.068195,65.210845,64.639520,0.512376,0.881323,2.056229,16,500,0.000,0
PW,39,WML,12,68.522186,66.307208,66.415782,66.361495,0.366255,0.309178,0.927801,16,500,0.000,0
PW,39,WML,13,68.268013,67.465475,67.028997,67.247236,0.374115,0.541991,1.292289,16,500,0.000,1
PW,39,WML,14,68.137024,65.794981,64.520045,65.157513,0.570820,0.392993,1.492146,16,500,0.000,1
PW,39,WML,15,68.579086,65.806560,64.351929,65.079244,0.623370,1.150082,2.636859,16,500,0.000,0
PW,40,WML,0,78.949333,78.728588,77.864810,78.296699,0.341433,0.510053,1.267053,16,500,0.000,0
PW,40,WML,1,78.995926,78.161901,78.837380,78.499641,0.247223,0.257847,0.773345,16,500,0.000,0
PW,40,WML,2,78.967957,79.066416,78.608761,78.837588,0.466387,0.281766,1.079033,16,500,0.000,0
PW,40,WML,3,79.033936,77.774022,75.091542,76.432782,0.393405,3.607823,7.147809,16,500,0.000,0
PW,40,WML,4,79.014694,78.500474,77.407472,77.953973,0.290662,0.545662,1.321200,16,500,0.000,0
PW,40,WML,5,79.037758,78.406988,78.336250,78.371619,0.453662,0.305851,1.057792,16,500,0.000,0
PW,40,WML,6,78.979431,78.576710,77.678266,78.127488,0.660650,0.528825,1.699633,16,500,0.000,0
PW,40,WML,7,79.032593,78.255640,78.794047,78.524844,0.504802,0.299946,1.168129,16,500,0.000,0
PW,40,WML,8,78.947205,77.942606,77.877086,77.909846,0.437616,0.224687,0.951096,16,500,0.000,0
PW,40,WML,9,78.996033,77.953357,77.598783,77.776070,0.383464,0.560898,1.325527,16,500,0.000,0
PW,40,WML,10,79.031868,78.308561,78.263503,78.286032,0.378669,0.270156,0.899077,16,500,0.000,0
PW,40,WML,11,78.989349,78.305653,78.463252,78.384452,0.343155,0.262430,0.838664,16,500,0.000,0
PW,40,WML,12,78.948654,77.654249,77.786499,77.720374,0.475971,0.693322,1.626358,16,500,0.000,0
PW,40,WML,13,79.040421,77.914599,77.835755,77.875177,0.325677,0.385122,0.975377,16,500,0.000,0
PW,40,WML,14,78.934402,76.753167,77.398666,77.075917,0.475489,0.413456,1.262292,16,500,0.000,0
PW,40,WML,15,79.035080,78.140172,77.819821,77.979997,0.310813,0.404477,0.999403,16,500,0.000,0
PW,41,WML,0,73.118011,70.762039,70.895015,70.828527,0.216825,0.575194,1.189705,16,500,0.000,0
PW,41,WML,1,73.124977,70.982466,70.826552,70.904509,0.400241,0.423252,1.128420,16,500,0.000,0
PW,41,WML,2,73.042595,70.147581,69.705015,69.926298,0.436659,0.824426,1.817013,16,500,0.000,0
PW,41,WML,3,73.135147,70.279320,69.724007,70.001663,0.450763,0.636283,1.533707,16,500,0.000,0
PW,41,WML,4,73.147781,71.015512,71.250327,71.132920,0.289210,0.422149,0.996135,16,500,0.000,0
PW,41,WML,5,73.210693,71.128366,70.937207,71.032786,0.288611,0.564109,1.228306,16,500,0.000,0
PW,41,WML,6,73.125732,70.646593,71.029302,70.837947,0.698876,0.470150,1.639434,16,500,0.000,0
PW,41,WML,7,73.063339,69.273401,69.377008,69.325205,0.796691,0.766259,2.136471,16,500,0.000,0
PW,41,WML,8,73.052513,70.774365,70.451542,70.612953,1.139996,0.668271,2.558682,16,500,0.000,0
PW,41,WML,9,73.137146,70.541010,69.872942,70.206976,0.552159,0.563367,1.562732,16,500,0.000,0
PW,41,WML,10,73.103760,71.324347,70.559677,70.942012,0.310118,0.190283,0.806317,16,500,0.000,0
PW,41,WML,11,73.146057,70.645917,71.492993,71.069455,0.473568,0.260926,1.132598,16,500,0.000,0
PW,41,WML,12,73.070709,70.921605,70.514190,70.717897,0.387524,0.515525,1.263768,16,500,0.000,0
PW,41,WML,13,73.073700,68.568996,70.174386,69.371691,1.130061,0.367861,2.441328,16,500,0.000,0
PW,41,WML,14,73.092552,70.785777,70.337033,70.561405,0.389775,0.363691,1.055793,16,500,0.000,0
PW,41,WML,15,73.151749,70.484569,70.022592,70.253580,0.391252,0.566753,1.351881,16,500,0.000,0
PW,42,WML,0,58.757950,49.213588,50.938677,50.076133,2.910040,1.122825,6.092244,16,500,0.000,0
PW,42,WML,1,58.808884,48.064753,51.799803,49.932278,3.724973,1.225073,7.818232,16,500,0.000,0
PW,42,WML,2,58.776890,45.306732,48.829764,47.068248,2.552082,1.987950,6.509944,16,500,0.000,0
PW,42,WML,3,58.684174,47.823220,46.922787,47.373003,3.011279,5.672747,12.418059,16,500,0.000,0
PW,42,WML,4,58.668236,45.270186,47.223258,46.246722,3.852684,2.118642,8.555076,16,500,0.000,0
PW,42,WML,5,58.379082,43.449927,47.434227,45.442077,2.805840,2.136032,7.117488,16,500,0.000,0
PW,42,WML,6,58.522179,47.117167,51.145644,49.131405,2.745559,1.959459,6.841338,16,500,0.000,0
PW,42,WML,7,58.309868,47.212653,49.515375,48.364014,2.822977,2.611861,7.525543,16,500,0.000,0
PW,42,WML,8,58.446373,52.993088,53.048529,53.020808,1.088637,1.184348,3.108373,16,500,0.000,0
PW,42,WML,9,58.763824,47.103183,48.123830,47.613507,1.441011,2.215459,5.133640,16,500,0.000,0
PW,42,WML,10,58.689064,48.328881,47.007877,47.668379,2.025664,2.670091,6.511588,16,500,0.000,0
PW,42,WML,11,58.486816,48.318418,44.299301,46.308860,1.324160,3.691575,7.856870,16,500,0.000,0
PW,42,WML,12,58.631287,52.706807,51.568168,52.137487,2.116172,1.148759,4.689453,16,500,0.000,0
PW,42,WML,13,58.225143,45.874597,51.866040,48.870319,4.532250,0.890276,9.445588,16,500,0.000,0
PW,42,WML,14,58.668831,49.377089,53.155898,51.266493,2.364104,0.764004,5.181944,16,500,0.000,0
PW,42,WML,15,58.811176,47.667835,47.608505,47.638170,2.934549,3.170388,8.347209,16,500,0.000,0
PW,43,WML,0,67.984482,68.119545,67.392683,67.756114,0.265061,0.401753,1.002877,16,500,0.000,0
PW,43,WML,1,68.103638,68.308595,68.343503,68.326049,0.304172,0.343048,0.886048,16,500,0.000,0
PW,43,WML,2,67.763809,67.518274,67.669081,67.593678,0.327925,0.433983,1.053882,16,500,0.000,0
PW,43,WML,3,67.913902,67.237782,68.374500,67.806141,0.401653,0.486971,1.353579,16,500,0.000,0
PW,43,WML,4,68.011169,67.635602,67.545801,67.590702,0.352493,0.479006,1.150054,16,500,0.000,0
PW,43,WML,5,67.956146,68.127320,68.420193,68.273757,0.156180,0.313489,0.693421,16,500,0.000,0
PW,43,WML,6,68.044312,68.459935,68.299821,68.379878,0.176859,0.202965,0.526693,16,500,0.000,0
PW,43,WML,7,68.116257,67.413579,67.702962,67.558270,0.401318,0.471347,1.205419,16,500,0.000,0
PW,43,WML,8,68.039551,67.938536,67.988339,67.963438,0.456216,0.363482,1.127358,16,500,0.000,0
PW,43,WML,9,67.984993,68.447168,67.534671,67.990920,0.261849,0.370895,0.995784,16,500,0.000,0
PW,43,WML,10,68.003845,68.796783,63.533027,66.164905,0.347657,4.712396,9.526003,16,500,0.000,0
PW,43,WML,11,68.144852,67.720757,67.816607,67.768682,0.328392,0.314020,0.879315,16,500,0.000,0
PW,43,WML,12,68.153954,66.886827,68.201613,67.544220,0.538953,0.154667,1.278557,16,500,0.000,1
PW,43,WML,13,68.018578,67.075700,67.437362,67.256531,0.725725,0.246348,1.492550,16,500,0.000,0
PW,43,WML,14,68.040466,67.900245,68.117785,68.009015,0.442529,0.346186,1.091396,16,500,0.000,0
PW,43,WML,15,68.174507,68.320173,67.268579,67.794376,0.446764,0.327206,1.199901,16,500,0.000,0
PW,44,WML,0,67.253906,66.476472,66.383276,66.429874,0.460950,0.235849,1.001609,16,500,0.000,1
PW,44,WML,1,67.462143,65.686179,66.489527,66.087853,0.487067,0.319461,1.199491,16,500,0.000,1
PW,44,WML,2,67.284805,66.254810,64.608094,65.431452,0.312181,1.257194,2.643411,16,500,0.000,0
PW,44,WML,3,67.238541,65.624842,63.585744,64.605293,0.818056,2.779617,5.696658,16,500,0.000,0
PW,44,WML,4,67.257111,64.539108,66.432400,65.485754,0.668794,0.144008,1.644131,16,500,0.000,0
PW,44,WML,5,67.240738,65.958153,65.268665,65.613409,0.587983,1.081896,2.405688,16,500,0.000,1
PW,44,WML,6,67.265869,65.090390,65.704007,65.397198,0.698379,0.962889,2.320056,16,500,0.000,0
PW,44,WML,7,67.323486,65.947066,63.024133,64.485600,0.392304,2.408915,4.951453,16,500,0.000,1
PW,44,WML,8,67.234131,65.228531,64.988847,65.108689,0.964612,0.707935,2.315198,16,500,0.000,1
PW,44,WML,9,67.408813,66.048522,65.283825,65.666174,0.425828,0.579113,1.443937,16,500,0.000,1
PW,44,WML,10,67.229416,64.190651,66.432630,65.311640,1.790137,0.484333,3.765628,16,500,0.000,1
PW,44,WML,11,67.273712,65.735426,65.883307,65.809366,0.171818,0.218797,0.542926,16,500,0.000,0
PW,44,WML,12,67.288040,64.686964,66.056432,65.371698,1.089259,0.371242,2.333279,16,500,0.000,1
PW,44,WML,13,67.340622,64.775107,66.508213,65.641660,0.558011,0.373575,1.576219,16,500,0.000,1
PW,44,WML,14,67.229759,64.270930,65.546413,64.908672,1.299806,0.420225,2.720394,16,500,0.000,0
PW,44,WML,15,67.132889,65.418442,64.819553,65.118998,0.949448,1.408360,3.296369,16,500,0.000,0
PW,45,WML,0,80.773674,79.930952,80.065915,79.998434,0.139170,0.369776,0.766577,16,500,0.000,0
PW,45,WML,1,80.793594,80.319660,80.118923,80.219292,0.155340,0.528740,1.069833,16,500,0.000,0
PW,45,WML,2,80.820755,79.839975,80.057959,79.948967,0.214137,0.204914,0.583630,16,500,0.000,0
PW,45,WML,3,80.826668,80.031610,80.233842,80.132726,0.390464,0.255544,0.907686,16,500,0.000,0
PW,45,WML,4,80.807098,80.081701,80.575066,80.328383,0.285767,0.190331,0.710652,16,500,0.000,0
PW,45,WML,5,80.775543,79.881870,80.171106,80.026488,0.418356,0.378541,1.100312,16,500,0.000,0
PW,45,WML,6,80.832993,80.537099,80.633309,80.585204,0.195390,0.206373,0.551361,16,500,0.000,0
PW,45,WML,7,80.746155,80.035884,79.912132,79.974008,0.261458,0.314943,0.793474,16,500,0.000,0
PW,45,WML,8,80.806870,79.804111,80.118399,79.961255,0.450229,0.400916,1.176087,16,500,0.000,0
PW,45,WML,9,80.788193,80.504172,80.291573,80.397872,0.335256,0.292470,0.866610,16,500,0.000,0
PW,45,WML,10,80.798538,80.422734,80.167090,80.294912,0.256163,0.259192,0.716389,16,500,0.000,0
PW,45,WML,11,80.825378,80.226236,80.080377,80.153306,0.230111,0.240835,0.647995,16,500,0.000,0
PW,45,WML,12,80.704643,80.240785,80.096286,80.168535,0.380246,0.252470,0.885057,16,500,0.000,0
PW,45,WML,13,80.762703,79.383843,80.074838,79.729341,0.452396,0.409231,1.231511,16,500,0.000,0
PW,45,WML,14,80.819031,80.035073,80.053256,80.044165,0.268883,0.304206,0.784532,16,500,0.000,0
PW,45,WML,15,80.766937,80.133205,79.666968,79.900087,0.250525,0.673504,1.409167,16,500,0.000,0
PW,46,WML,0,76.272095,74.150337,74.718307,74.434322,0.354041,0.339416,0.992003,16,500,0.000,0
PW,46,WML,1,76.557411,74.746805,75.159848,74.953327,0.194134,0.258541,0.660110,16,500,0.000,0
PW,46,WML,2,76.549683,75.214092,74.374994,74.794543,0.265959,0.715354,1.536976,16,500,0.000,0
PW,46,WML,3,76.547256,75.333026,75.001018,75.167022,0.210702,0.314073,0.750600,16,500,0.000,0
PW,46,WML,4,76.452530,75.321962,74.563354,74.942658,0.253422,0.282613,0.831510,16,500,0.000,0
PW,46,WML,5,76.573433,75.239204,74.396166,74.817685,0.348667,0.480438,1.226830,16,500,0.000,0
PW,46,WML,6,76.363556,74.768481,74.624847,74.696664,0.450200,0.228918,0.978680,16,500,0.000,0
PW,46,WML,7,76.299889,73.144505,75.071273,74.107889,1.664150,0.223427,3.393438,16,500,0.000,0
PW,46,WML,8,76.534714,74.700040,75.222396,74.961218,0.201084,0.221417,0.637767,16,500,0.000,0
PW,46,WML,9,76.559166,75.240995,75.320725,75.280860,0.515222,0.439379,1.308991,16,500,0.000,0
PW,46,WML,10,76.403076,74.776764,74.631597,74.704180,0.325298,0.202394,0.744047,16,500,0.000,0
PW,46,WML,11,76.437569,73.696725,72.833654,73.265190,1.072259,2.858855,5.916394,16,500,0.000,0
PW,46,WML,12,76.539749,74.615471,75.510125,75.062798,0.324979,0.293688,0.964227,16,500,0.000,0
PW,46,WML,13,76.562080,75.361285,75.664303,75.512794,0.284668,0.255100,0.754963,16,500,0.000,0
PW,46,WML,14,76.520889,74.937091,75.443046,75.190068,0.281994,0.253770,0.778181,16,500,0.000,0
PW,46,WML,15,76.373184,73.427163,74.839774,74.133469,2.000084,0.452082,4.028614,16,500,0.000,0
PW,47,WML,0,63.369511,61.597639,54.673904,58.135771,1.493828,3.937763,8.888391,16,500,0.000,0
PW,47,WML,1,62.641960,63.194296,59.909739,61.552018,1.588682,1.923147,5.109521,16,500,0.000,0
PW,47,WML,2,62.427853,58.367562,59.181164,58.774363,2.042547,1.429317,4.835182,16,500,0.000,1
PW,47,WML,3,62.470741,59.886023,60.739718,60.312870,3.163351,1.804330,7.050339,16,500,0.000,0
PW,47,WML,4,62.662628,57.860664,59.030955,58.445809,2.907080,1.940090,6.779979,16,500,0.000,0
PW,47,WML,5,60.655609,56.941885,59.970261,58.456073,2.278093,2.148976,6.249914,16,500,0.000,1
PW,47,WML,6,63.693649,59.824423,60.050584,59.937504,3.892747,2.992083,9.487336,16,500,0.000,1
PW,47,WML,7,62.891788,61.794207,52.117797,56.956002,1.767295,6.154619,13.343366,16,500,0.000,1
PW,47,WML,8,61.728958,63.015225,59.045013,61.030119,1.175647,3.429305,7.298482,16,500,0.000,1
PW,47,WML,9,64.157196,52.696743,58.456952,55.576847,4.832420,3.708477,12.139754,16,500,0.000,1
PW,47,WML,10,62.815277,60.143502,62.333240,61.238371,1.299511,1.169033,3.561651,16,500,0.000,1
PW,47,WML,11,62.931553,64.185047,61.526316,62.855681,0.481560,1.933717,4.087872,16,500,0.000,1
PW,47,WML,12,61.230244,56.231492,62.585148,59.408320,3.714324,1.517506,8.418318,16,500,0.000,1
PW,47,WML,13,60.894371,54.707924,63.791094,59.249509,4.513578,0.612117,9.972804,16,500,0.000,1
PW,47,WML,14,60.749146,56.302396,57.830238,57.066317,4.520092,3.674453,11.282955,16,500,0.000,1
PW,47,WML,15,63.284286,62.747783,59.029677,60.888730,1.295506,2.506588,5.780030,16,500,0.000,1
PW,48,WML,0,75.595016,74.402269,73.475612,73.938941,0.396587,0.231447,1.008045,16,500,0.000,0
PW,48,WML,1,75.965263,73.282381,73.689348,73.485865,0.633474,0.388628,1.451263,16,500,0.000,0
PW,48,WML,2,75.724884,74.189759,72.329016,73.259387,0.199304,0.913619,2.046413,16,500,0.000,0
PW,48,WML,3,76.078506,73.496679,73.522538,73.509609,0.408200,0.597879,1.398845,16,500,0.000,0
PW,48,WML,4,75.456589,73.540560,73.026248,73.283404,0.346121,0.542737,1.271807,16,500,0.000,0
PW,48,WML,5,75.701767,72.698958,73.596308,73.147633,0.706602,0.421206,1.655622,16,500,0.000,0
PW,48,WML,6,76.022865,73.309766,73.848703,73.579235,0.332458,0.289203,0.895737,16,500,0.000,0
PW,48,WML,7,75.975075,73.652135,74.171500,73.911818,0.503483,0.190217,1.073961,16,500,0.000,0
PW,48,WML,8,75.852921,73.820235,73.175273,73.497754,0.303665,0.396793,1.021264,16,500,0.000,0
PW,48,WML,9,75.897018,73.605325,73.617802,73.611563,0.269888,0.253706,0.715736,16,500,0.000,0
PW,48,WML,10,75.906311,73.341989,74.245091,73.793540,0.546434,0.166305,1.198117,16,500,0.000,0
PW,48,WML,11,75.865135,73.233617,73.897343,73.565480,0.313309,0.378272,1.009035,16,500,0.000,0
PW,48,WML,12,76.022888,73.113152,72.846497,72.979824,0.230881,0.637064,1.316491,16,500,0.000,0
PW,48,WML,13,75.996704,73.960871,74.107668,74.034269,0.561716,0.333567,1.264556,16,500,0.000,0
PW,48,WML,14,75.859734,73.767346,74.053208,73.910277,0.464741,0.402195,1.196678,16,500,0.000,0
PW,48,WML,15,76.029633,73.938184,73.414640,73.676412,0.307229,0.495117,1.157875,16,500,0.000,0
PW,49,WML,0,67.666473,67.194031,66.590697,66.892364,0.286599,0.454771,1.084360,16,500,0.000,0
PW,49,WML,1,67.969635,67.042471,67.545910,67.294190,0.601159,0.322056,1.343132,16,500,0.000,0
PW,49,WML,2,67.490112,66.729935,67.760043,67.244989,0.991146,0.364961,2.108969,16,500,0.000,0
PW,49,WML,3,67.891647,66.063459,67.310245,66.686852,0.724606,0.284683,1.636243,16,500,0.000,0
PW,49,WML,4,67.288368,65.528051,67.165704,66.346877,1.635226,1.380880,4.220996,16,500,0.000,0
PW,49,WML,5,67.652481,66.349910,65.178675,65.764292,0.590596,1.182948,2.625322,16,500,0.000,0
PW,49,WML,6,68.104019,66.888765,67.175899,67.032332,0.434973,0.227618,0.960084,16,500,0.000,0
PW,49,WML,7,67.514229,66.795559,67.132139,66.963849,0.353458,0.574784,1.315307,16,500,0.000,0
PW,49,WML,8,67.262634,67.007799,67.422396,67.215097,0.476016,0.523306,1.383527,16,500,0.000,0
PW,49,WML,9,67.813705,67.394992,66.609074,67.002033,0.395359,0.536428,1.350019,16,500,0.000,0
PW,49,WML,10,67.621368,67.002529,67.340778,67.171654,0.668315,0.476815,1.595860,16,500,0.000,0
PW,49,WML,11,67.850136,67.046399,65.895021,66.470710,0.444234,0.919799,2.061256,16,500,0.000,0
PW,49,WML,12,67.298843,67.230014,67.893178,67.561596,0.570708,0.186699,1.209703,16,500,0.000,0
PW,49,WML,13,67.925415,66.496893,66.137055,66.316974,0.705449,0.237446,1.450153,16,500,0.000,0
PW,49,WML,14,67.922623,67.192914,66.157685,66.675299,0.556905,1.654238,3.414664,16,500,0.000,0
PW,49,WML,15,67.393936,67.094861,65.335905,66.215383,0.277517,1.476602,3.041802,16,500,0.000,0
PW,50,WML,0,60.975067,45.815319,44.626210,45.220764,3.494665,1.844293,7.659616,16,500,0.000,0
PW,50,WML,1,61.034401,39.954510,49.738540,44.846525,2.518045,1.654701,7.708479,16,500,0.000,0
PW,50,WML,2,60.804192,48.445068,44.717250,46.581159,3.146841,2.374359,7.856365,16,500,0.000,0
PW,50,WML,3,60.938736,47.333272,41.941038,44.637155,2.729414,3.350461,8.801974,16,500,0.000,0
PW,50,WML,4,60.868046,45.154380,40.459931,42.807155,2.736644,3.770846,9.323187,16,500,0.000,0
PW,50,WML,5,60.428787,47.563043,49.772696,48.667870,1.980434,2.388001,6.101976,16,500,0.000,0
PW,50,WML,6,60.986610,44.643798,47.850690,46.247244,3.721993,1.957119,8.292226,16,500,0.000,0
PW,50,WML,7,60.970901,44.305301,44.348333,44.326817,1.251889,2.744203,5.828027,16,500,0.000,0
PW,50,WML,8,60.933052,49.500375,40.637337,45.068856,2.959399,4.076781,10.756059,16,500,0.000,0
PW,50,WML,9,60.948025,51.504391,43.978709,47.741550,1.640133,1.787785,6.089179,16,500,0.000,0
PW,50,WML,10,60.923656,46.024614,48.537492,47.281053,2.723603,2.265766,6.967324,16,500,0.000,0
PW,50,WML,11,60.441692,51.815694,46.641286,49.228490,1.893941,4.420062,9.667954,16,500,0.000,1
PW,50,WML,12,60.917850,51.409299,49.455757,50.432528,1.419086,1.946663,4.762703,16,500,0.000,0
PW,50,WML,13,61.034969,39.321004,43.037475,41.179240,3.257828,2.695805,8.392751,16,500,0.000,0
PW,50,WML,14,60.639778,48.441024,45.855177,47.148101,3.202128,2.746043,8.259263,16,500,0.000,0
PW,50,WML,15,60.341351,48.132292,50.752732,49.442512,2.559618,1.706812,6.096439,16,500,0.000,0
PW,51,WML,0,64.673691,69.096324,68.805852,68.951088,0.219064,0.444578,0.969305,16,500,0.000,0
PW,51,WML,1,64.787354,70.039468,69.543487,69.791477,0.342138,0.597765,1.355221,16,500,0.000,0
PW,51,WML,2,64.775894,69.860067,69.506301,69.683184,0.412766,0.472181,1.225482,16,500,0.000,0
PW,51,WML,3,65.537605,69.365739,69.867702,69.616720,0.368342,0.409041,1.094694,16,500,0.000,0
PW,51,WML,4,65.435486,69.319826,69.600703,69.460265,0.408076,0.565586,1.355353,16,500,0.000,0
PW,51,WML,5,64.354279,69.679421,69.792374,69.735898,0.363666,0.443967,1.110412,16,500,0.000,0
PW,51,WML,6,65.672043,70.077347,66.319776,68.198561,0.444331,1.976929,4.369556,16,500,0.000,0
PW,51,WML,7,65.725250,69.388364,67.923817,68.656090,0.553114,1.150994,2.580699,16,500,0.000,0
PW,51,WML,8,64.921631,69.651247,69.622900,69.637074,0.326344,0.255386,0.800820,16,500,0.000,0
PW,51,WML,9,63.173729,70.203236,69.382181,69.792708,0.250842,0.533112,1.214793,16,500,0.000,0
PW,51,WML,10,65.197426,69.690784,69.899652,69.795218,0.358343,0.591134,1.340002,16,500,0.000,0
PW,51,WML,11,65.321259,68.847263,69.713863,69.280563,0.574542,0.267734,1.303934,16,500,0.000,0
PW,51,WML,12,65.259247,69.527262,69.445785,69.486523,0.770200,0.660031,1.960308,16,500,0.000,0
PW,51,WML,13,65.306061,69.993484,69.049568,69.521526,0.601383,0.313080,1.397761,16,500,0.000,0
PW,51,WML,14,64.859695,69.615031,69.402847,69.508939,0.234143,0.617790,1.281233,16,500,0.000,0
PW,51,WML,15,65.276802,69.661232,69.307944,69.484588,0.415685,0.406311,1.137854,16,500,0.000,0
PW,52,WML,0,81.745728,80.205519,80.549410,80.377464,0.169922,0.277074,0.652639,16,500,0.000,0
PW,52,WML,1,81.702637,80.943531,80.967433,80.955482,0.257985,0.220293,0.655595,16,500,0.000,0
PW,52,WML,2,81.761200,80.753439,80.502265,80.627852,0.186951,0.262688,0.636336,16,500,0.000,0
PW,52,WML,3,81.711197,80.591336,81.351123,80.971230,0.149991,0.223606,0.651610,16,500,0.000,0
PW,52,WML,4,81.643753,81.130565,80.645560,80.888062,0.082229,0.315966,0.678739,16,500,0.000,0
PW,52,WML,5,81.774979,79.772083,80.790960,80.281522,0.460390,0.243533,1.135588,16,500,0.000,0
PW,52,WML,6,81.658989,80.345119,81.060087,80.702603,0.252251,0.300267,0.842892,16,500,0.000,0
PW,52,WML,7,81.514763,80.013712,80.321003,80.167357,0.398404,0.478768,1.213881,16,500,0.000,0
PW,52,WML,8,81.762596,80.418756,80.469563,80.444159,0.295045,0.164325,0.653063,16,500,0.000,0
PW,52,WML,9,81.570526,80.554597,81.125357,80.839977,0.353446,0.282273,0.922345,16,500,0.000,0
PW,52,WML,10,81.752319,80.782023,80.756924,80.769474,0.232111,0.292439,0.721512,16,500,0.000,0
PW,52,WML,11,81.746391,80.310400,80.015347,80.162873,0.246976,0.489195,1.069752,16,500,0.000,0
PW,52,WML,12,81.667709,80.479335,80.645883,80.562609,0.305233,0.478043,1.099263,16,500,0.000,0
PW,52,WML,13,81.682640,79.340091,78.992956,79.166523,0.504372,0.708545,1.690009,16,500,0.000,0
PW,52,WML,14,81.743805,80.517707,80.462738,80.490222,0.590291,0.303499,1.282787,16,500,0.000,0
PW,52,WML,15,81.737030,80.033381,81.297106,80.665244,0.236534,0.209827,0.893930,16,500,0.000,0
PW,53,WML,0,73.520813,70.546268,70.677281,70.611774,0.246969,0.426978,0.955464,16,500,0.000,0
PW,53,WML,1,73.536110,71.080066,70.830483,70.955275,0.355389,0.692410,1.509310,16,500,0.000,0
PW,53,WML,2,73.497879,70.658519,70.919316,70.788918,0.773315,0.653044,1.960324,16,500,0.000,0
PW,53,WML,3,73.554810,70.616044,70.496315,70.556180,0.450902,0.632451,1.502055,16,500,0.000,0
PW,53,WML,4,73.576584,70.896672,71.578462,71.237567,0.567313,0.217551,1.225643,16,500,0.000,0
PW,53,WML,5,73.512787,70.134953,70.458500,70.296726,0.392740,0.975005,2.037841,16,500,0.000,0
PW,53,WML,6,73.414299,71.132967,70.581540,70.857254,0.464014,0.636027,1.547627,16,500,0.000,0
PW,53,WML,7,73.604996,71.067905,71.575563,71.321734,0.320714,0.189266,0.765807,16,500,0.000,0
PW,53,WML,8,73.552414,70.969589,71.760108,71.364849,0.378028,0.373661,1.105175,16,500,0.000,0
PW,53,WML,9,73.492180,70.420632,70.504126,70.462379,0.766318,0.846622,2.206847,16,500,0.000,0
PW,53,WML,10,73.572540,69.915706,70.773311,70.344508,1.920157,0.717048,3.985030,16,500,0.000,0
PW,53,WML,11,73.508331,70.942219,71.100370,71.021295,0.776349,0.565838,1.857990,16,500,0.000,0
PW,53,WML,12,73.507599,70.421059,70.476368,70.448713,0.641341,0.589989,1.684021,16,500,0.000,0
PW,53,WML,13,73.531044,69.704836,71.487287,70.596061,0.688190,0.344655,1.748952,16,500,0.000,0
PW,53,WML,14,73.565681,71.770066,71.291302,71.530684,0.350547,0.398237,1.054498,16,500,0.000,1
PW,53,WML,15,73.514603,69.483239,68.801945,69.142592,0.589442,1.092449,2.424133,16,500,0.000,0
PW,54,WML,0,43.894215,49.567616,44.817700,47.192658,1.553900,3.361046,7.563404,16,500,0.000,0
PW,54,WML,1,44.426369,47.049104,50.645557,48.847331,3.329198,2.671772,8.454449,16,500,0.000,0
PW,54,WML,2,44.431164,48.133239,45.044863,46.589051,1.799311,3.236441,7.330431,16,500,0.000,0
PW,54,WML,3,44.699310,41.476009,45.602759,43.539384,2.567260,2.654590,7.446833,16,500,0.000,0
PW,54,WML,4,44.399521,52.867205,49.279223,51.073214,1.594024,1.991410,5.265394,16,500,0.000,0
PW,54,WML,5,44.625671,53.069670,49.048826,51.059248,1.081252,1.801982,4.560544,16,500,0.000,0
PW,54,WML,6,44.083405,44.274398,45.948174,45.111286,3.310295,3.532136,9.393303,16,500,0.000,0
PW,54,WML,7,44.240067,48.494277,46.910210,47.702244,3.730018,4.738635,11.680833,16,500,0.000,0
PW,54,WML,8,44.093868,52.520484,51.798483,52.159484,1.809081,1.584859,4.662045,16,500,0.000,0
PW,54,WML,9,44.375351,48.718460,51.911642,50.315051,3.035578,1.346847,6.625177,16,500,0.000,0
PW,54,WML,10,44.287086,51.365823,46.112729,48.739276,1.227790,2.886383,6.640010,16,500,0.000,0
PW,54,WML,11,44.317757,43.225554,46.685704,44.955629,3.975466,3.081009,9.881025,16,500,0.000,0
PW,54,WML,12,44.598656,46.829712,41.293274,44.061493,1.992392,4.371665,9.713046,16,500,0.000,0
PW,54,WML,13,44.471764,43.464323,45.958511,44.711417,3.492581,2.310664,8.193380,16,500,0.000,0
PW,54,WML,14,44.690632,48.659296,49.735321,49.197308,3.122126,1.044659,6.385475,16,500,0.000,0
PW,54,WML,15,44.469048,46.082225,50.913063,48.497644,4.371386,2.263330,9.833012,16,500,0.000,0
PW,55,WML,0,49.435608,2.111951,2.145167,2.128559,0.070928,0.065368,0.187159,16,500,0.000,0
PW,55,WML,1,49.656178,2.164645,2.327023,2.245834,0.078272,0.098779,0.257547,16,500,0.000,0
PW,55,WML,2,49.818813,2.291690,2.346908,2.319299,0.074211,0.080118,0.212925,16,500,0.000,0
PW,55,WML,3,49.261147,2.280910,2.132043,2.206476,0.066708,0.069577,0.201485,16,500,0.000,0
PW,55,WML,4,49.547737,2.182108,2.201958,2.192033,0.064410,0.109305,0.245352,16,500,0.000,0
PW,55,WML,5,49.860146,2.284655,2.197156,2.240905,0.043762,0.097855,0.211991,16,500,0.000,0
PW,55,WML,6,49.960091,2.209533,2.367969,2.288751,0.059119,0.080499,0.209606,16,500,0.000,0
PW,55,WML,7,49.258331,2.276979,2.265071,2.271025,0.073742,0.113101,0.260952,16,500,0.000,0
PW,55,WML,8,52.051167,2.189807,2.082791,2.136299,0.089851,0.072478,0.229794,16,500,0.000,0
PW,55,WML,9,49.553574,2.324192,2.275113,2.299653,0.047805,0.136876,0.281279,16,500,0.000,0
PW,55,WML,10,50.491035,2.197981,2.238945,2.218463,0.099444,0.052327,0.218150,16,500,0.000,0
PW,55,WML,11,50.030403,2.256676,2.199470,2.228073,0.069680,0.062173,0.182840,16,500,0.000,0
PW,55,WML,12,50.616226,2.133757,2.152254,2.143006,0.066784,0.080629,0.202516,16,500,0.000,0
PW,55,WML,13,49.316368,2.229275,2.424148,2.326711,0.092794,0.095122,0.275778,16,500,0.000,0
PW,55,WML,14,50.716286,2.274443,2.106064,2.190253,0.093521,0.057148,0.228923,16,500,0.000,0
PW,55,WML,15,49.845665,2.253487,2.157426,2.205456,0.037915,0.087091,0.190117,16,500,0.000,0
PW,56,WML,0,77.324577,77.125317,76.558887,76.842102,0.246721,0.506789,1.127680,16,500,0.000,0
PW,56,WML,1,77.340652,77.048721,77.370131,77.209426,0.449678,0.402119,1.177346,16,500,0.000,0
PW,56,WML,2,77.267944,76.730445,76.993629,76.862037,0.178688,0.118996,0.436507,16,500,0.000,0
PW,56,WML,3,77.279404,76.832089,76.748286,76.790188,0.281725,0.472978,1.064594,16,500,0.000,0
PW,56,WML,4,77.334328,76.378297,77.394000,76.886148,0.460943,0.307506,1.192202,16,500,0.000,0
PW,56,WML,5,77.188484,76.800469,76.536725,76.668597,0.232189,0.339889,0.806915,16,500,0.000,0
PW,56,WML,6,77.236664,77.898651,76.840397,77.369524,0.248343,0.131933,0.770632,16,500,0.000,0
PW,56,WML,7,77.359207,77.285239,77.567617,77.426428,0.369053,0.258868,0.883134,16,500,0.000,0
PW,56,WML,8,77.323746,77.178576,77.175033,77.176805,0.442223,0.350125,1.089843,16,500,0.000,0
PW,56,WML,9,77.332932,77.392851,77.081585,77.237218,0.444995,0.313397,1.063857,16,500,0.000,0
PW,56,WML,10,77.302048,77.518178,77.151361,77.334769,0.250032,0.280721,0.750651,16,500,0.000,0
PW,56,WML,11,77.283524,76.991186,76.555207,76.773197,0.273761,0.238857,0.737210,16,500,0.000,0
PW,56,WML,12,77.286736,76.728154,76.094794,76.411474,0.347324,0.490412,1.206325,16,500,0.000,0
PW,56,WML,13,77.327957,76.602143,76.768806,76.685474,0.316509,0.429207,1.033999,16,500,0.000,0
PW,56,WML,14,77.305740,76.925418,77.388407,77.156912,0.362821,0.127845,0.780791,16,500,0.000,0
PW,56,WML,15,77.163597,75.677584,76.957300,76.317442,0.380784,0.229445,1.083778,16,500,0.000,0
PW,57,WML,0,72.742607,63.923335,62.916379,63.419857,2.833844,2.837524,7.765993,16,500,0.000,0
PW,57,WML,1,72.749939,61.416748,63.562243,62.489496,3.588727,2.450562,8.469272,16,500,0.000,0
PW,57,WML,2,72.705315,59.212907,63.944578,61.578742,2.588450,2.462194,7.322355,16,500,0.000,0
PW,57,WML,3,72.814392,68.135796,65.977253,67.056524,0.975197,1.176593,3.156142,16,500,0.000,1
PW,57,WML,4,72.775558,59.168515,61.512090,60.340303,3.711597,3.295862,9.666901,16,500,0.000,0
PW,57,WML,5,72.767899,55.986648,62.624438,59.305543,5.986466,2.209752,12.797408,16,500,0.000,0
PW,57,WML,6,72.717819,50.963763,63.187293,57.075528,4.538857,1.544950,11.210090,16,500,0.000,0
PW,57,WML,7,72.746292,59.919333,55.365506,57.642419,2.301586,3.270127,8.076496,16,500,0.000,0
PW,57,WML,8,72.777435,63.661684,63.255580,63.458632,3.219691,3.955341,9.856581,16,500,0.000,0
PW,57,WML,9,72.746674,65.375281,61.243359,63.309320,2.422349,5.891760,12.492145,16,500,0.000,0
PW,57,WML,10,72.755295,62.603730,65.896297,64.250013,4.316784,3.028707,10.329875,16,500,0.000,0
PW,57,WML,11,72.817703,69.402699,71.070443,70.236571,0.755841,0.429342,1.887516,16,500,0.000,1
PW,57,WML,12,72.702972,64.689344,63.990303,64.339823,1.800678,3.181248,7.072342,16,500,0.000,0
PW,57,WML,13,72.756577,65.748983,62.025829,63.887406,2.498767,3.331649,8.273233,16,500,0.000,0
PW,57,WML,14,72.682434,53.226982,55.635515,54.431248,3.272919,1.566925,7.120723,16,500,0.000,1
PW,57,WML,15,72.723038,60.389698,66.899580,63.644639,5.222836,1.605915,11.080028,16,500,0.000,0
PW,58,WML,0,68.516266,65.785573,65.808257,65.796915,0.406400,0.392685,1.091981,16,500,0.000,0
PW,58,WML,1,68.422485,65.076018,57.568419,61.322219,0.592922,4.492329,9.575247,16,500,0.000,0
PW,58,WML,2,68.539062,64.839040,65.246913,65.042976,0.360866,0.319066,0.954253,16,500,0.000,0
PW,58,WML,3,68.121262,65.216956,64.636478,64.926717,0.821222,1.050015,2.593019,16,500,0.000,0
PW,58,WML,4,68.338570,65.626998,65.611617,65.619308,0.490133,0.442984,1.276533,16,500,0.000,0
PW,58,WML,5,68.343552,65.192389,65.541955,65.367172,0.379860,0.735271,1.609227,16,500,0.000,0
PW,58,WML,6,67.523056,62.415467,62.129376,62.272421,0.432027,2.122812,4.188351,16,500,0.000,0
PW,58,WML,7,68.208267,66.064736,65.083210,65.573973,0.224570,0.899725,1.862079,16,500,0.000,0
PW,58,WML,8,68.337776,64.205594,64.943083,64.574338,0.825431,0.505320,1.908400,16,500,0.000,0
PW,58,WML,9,68.349930,60.405915,64.669273,62.537594,4.529266,0.353770,9.049904,16,500,0.000,0
PW,58,WML,10,68.177292,62.923626,65.395451,64.159538,2.203418,0.345291,4.494434,16,500,0.000,0
PW,58,WML,11,68.216957,63.711349,62.843430,63.277389,1.147684,1.800922,4.150510,16,500,0.000,0
PW,58,WML,12,68.215088,65.675655,65.077907,65.376781,0.504764,0.450384,1.343048,16,500,0.000,0
PW,58,WML,13,67.330124,60.522953,64.109331,62.316142,2.221608,1.069108,5.111074,16,500,0.000,0
PW,58,WML,14,68.758514,65.715874,65.925951,65.820912,0.428666,0.337284,1.059476,16,500,0.000,0
PW,58,WML,15,68.389648,65.073572,64.930003,65.001788,1.031061,0.536900,2.247339,16,500,0.000,0
PW,59,WML,0,59.583099,58.900499,58.684627,58.792563,0.362796,0.706526,1.538640,16,500,0.000,0
PW,59,WML,1,59.683807,59.035232,57.745363,58.390297,0.687767,0.451671,1.723731,16,500,0.000,0
PW,59,WML,2,59.765968,60.280818,59.612223,59.946521,0.611661,0.997046,2.286321,16,500,0.000,0
PW,59,WML,3,59.629406,58.955482,59.037102,58.996292,0.604469,0.533332,1.558137,16,500,0.000,0
PW,59,WML,4,60.196365,57.093059,58.711315,57.902187,0.815997,0.393670,1.939783,16,500,0.000,0
PW,59,WML,5,60.362392,59.697688,60.619897,60.158792,0.954243,0.330123,2.008270,16,500,0.000,0
PW,59,WML,6,60.046116,59.836690,58.824141,59.330416,0.780771,0.354318,1.737222,16,500,0.000,0
PW,59,WML,7,59.693523,60.455252,60.231310,60.343281,0.585684,0.501784,1.494660,16,500,0.000,0
PW,59,WML,8,60.281166,59.716240,59.781438,59.748839,0.521826,0.695494,1.680353,16,500,0.000,0
PW,59,WML,9,60.033852,59.673133,60.305274,59.989204,0.502725,0.665546,1.644317,16,500,0.000,0
PW,59,WML,10,60.117790,59.008638,60.361880,59.685259,1.692815,0.851594,3.727481,16,500,0.000,0
PW,59,WML,11,60.191101,59.050069,59.082037,59.066053,0.545527,0.459022,1.377654,16,500,0.000,0
PW,59,WML,12,60.468983,59.957850,59.494436,59.726143,0.355219,0.490211,1.193938,16,500,0.000,0
PW,59,WML,13,59.798397,58.388340,57.407248,57.897794,0.324122,0.753980,1.664702,16,500,0.000,0
PW,59,WML,14,59.997746,59.366468,57.354727,58.360598,0.368082,1.725866,3.564434,16,500,0.000,0
PW,59,WML,15,59.880569,57.674029,60.549477,59.111753,1.646491,0.428137,3.606936,16,500,0.000,0
PW,60,WML,0,67.617477,62.427840,63.349601,62.888721,0.676723,1.139393,2.604409,16,500,0.000,0
PW,60,WML,1,67.512398,64.194685,63.843897,64.019291,0.590212,0.998567,2.248547,16,500,0.000,0
PW,60,WML,2,67.574615,64.520856,64.088205,64.304531,0.609602,0.624983,1.701627,16,500,0.000,0
PW,60,WML,3,67.413269,64.583851,63.665019,64.124435,0.640215,2.180406,4.416359,16,500,0.000,0
PW,60,WML,4,67.598175,60.787039,58.212865,59.499952,1.438378,2.873130,6.348956,16,500,0.000,0
PW,60,WML,5,67.379562,63.475204,62.522070,62.998637,0.871885,0.672616,2.183869,16,500,0.000,0
PW,60,WML,6,67.527519,60.193480,59.404820,59.799150,1.148375,3.616194,7.342311,16,500,0.000,0
PW,60,WML,7,67.452438,63.223708,62.367190,62.795449,0.899476,1.009195,2.649230,16,500,0.000,0
PW,60,WML,8,67.576477,61.372245,65.345885,63.359065,2.314819,0.319035,4.959360,16,500,0.000,0
PW,60,WML,9,67.242180,65.975986,63.792706,64.884346,0.352553,0.796419,2.025622,16,500,0.000,0
PW,60,WML,10,67.443962,65.191919,65.888678,65.540298,0.447247,0.380395,1.190147,16,500,0.000,0
PW,60,WML,11,67.481216,63.717793,65.179677,64.448735,0.634882,0.514548,1.750185,16,500,0.000,0
PW,60,WML,12,67.484406,63.717740,63.619843,63.668791,0.616767,0.907654,2.120938,16,500,0.000,0
PW,60,WML,13,67.307213,61.842093,61.754616,61.798355,1.325406,1.270624,3.547928,16,500,0.000,0
PW,60,WML,14,67.490387,62.763069,62.503600,62.633334,0.770764,1.334848,2.981270,16,500,0.000,0
PW,60,WML,15,67.596924,63.633557,60.942441,62.287999,0.604390,1.404511,3.264894,16,500,0.000,0
PW,61,WML,0,66.722496,69.099563,68.870145,68.984854,0.388304,0.356591,1.025509,16,500,0.000,0
PW,61,WML,1,66.765465,67.997715,69.113540,68.555627,0.599381,0.303920,1.420593,16,500,0.000,0
PW,61,WML,2,66.146698,67.984632,68.321883,68.153257,0.560144,0.356707,1.294888,16,500,0.000,0
PW,61,WML,3,66.977791,68.845098,68.186343,68.515721,0.627953,0.793881,1.985143,16,500,0.000,0
PW,61,WML,4,66.530350,68.486279,68.823919,68.655099,0.436650,0.464550,1.244142,16,500,0.000,0
PW,61,WML,5,66.677109,68.382007,68.618066,68.500036,0.372922,0.355821,1.003358,16,500,0.000,0
PW,61,WML,6,66.931229,67.315506,68.227638,67.771572,0.692403,0.235751,1.489697,16,500,0.000,0
PW,61,WML,7,66.439606,69.133046,68.236028,68.684537,0.505786,0.279956,1.209228,16,500,0.000,0
PW,61,WML,8,66.746185,69.004290,69.230234,69.117262,0.631052,0.283202,1.341548,16,500,0.000,0
PW,61,WML,9,66.625397,67.862021,68.191560,68.026791,0.365040,0.658970,1.465472,16,500,0.000,0
PW,61,WML,10,66.310921,68.093974,68.848527,68.471251,0.663377,0.590137,1.759241,16,500,0.000,0
PW,61,WML,11,67.031693,67.395962,69.255496,68.325729,0.714840,0.382460,1.837366,16,500,0.000,0
PW,61,WML,12,66.453842,68.297366,68.517533,68.407450,0.448681,0.495672,1.296821,16,500,0.000,0
PW,61,WML,13,66.537773,68.769608,68.549677,68.659643,0.288895,0.309939,0.826509,16,500,0.000,0
PW,61,WML,14,66.345795,67.274764,67.488882,67.381823,1.088985,0.390418,2.237990,16,500,0.000,0
PW,61,WML,15,66.099442,67.923879,68.647634,68.285756,0.597130,0.671941,1.776648,16,500,0.000,0
PW,62,WML,0,53.716064,50.860889,36.328817,43.594853,1.367005,7.660838,16.804612,16,500,0.000,0
PW,62,WML,1,53.812077,44.818591,46.066932,45.442762,5.942938,3.550428,13.391490,16,500,0.000,0
PW,62,WML,2,52.989403,48.421998,43.301862,45.861930,2.133594,2.345705,6.672921,16,500,0.000,0
PW,62,WML,3,53.025639,47.031409,38.743972,42.887690,3.327447,8.245108,17.704489,16,500,0.000,0
PW,62,WML,4,52.187508,51.450310,36.361393,43.905852,1.011429,7.559134,16.669048,16,500,0.000,0
PW,62,WML,5,50.965199,33.312782,32.405601,32.859192,7.416844,8.950167,22.464395,16,500,0.000,0
PW,62,WML,6,52.907509,47.137560,52.120425,49.628993,1.767295,0.744358,4.511099,16,500,0.000,0
PW,62,WML,7,53.825184,37.540321,51.297244,44.418783,7.874052,1.036425,16.909967,16,500,0.000,0
PW,62,WML,8,52.810135,36.798840,50.051885,43.425362,7.586435,0.977068,16.287126,16,500,0.000,0
PW,62,WML,9,51.106445,38.575431,36.553667,37.564549,7.948420,7.551574,21.209675,16,500,0.000,0
PW,62,WML,10,51.905922,48.175745,50.299343,49.237544,1.769535,1.599302,4.737256,16,500,0.000,0
PW,62,WML,11,53.349220,50.314346,48.081914,49.198130,1.486183,2.278788,5.381607,16,500,0.000,0
PW,62,WML,12,53.546524,32.375476,48.803931,40.589704,8.905060,1.587847,19.427767,16,500,0.000,0
PW,62,WML,13,53.527687,38.749213,50.321619,44.535416,5.554981,1.691564,12.712087,16,500,0.000,0
PW,62,WML,14,53.568111,48.714345,52.841322,50.777833,1.698167,0.654043,4.111563,16,500,0.000,0
PW,62,WML,15,53.428474,50.423507,43.877462,47.150484,1.023787,6.001539,12.239643,16,500,0.000,0
PW,63,WML,0,61.266186,57.555030,57.862381,57.708705,0.662325,0.294637,1.409610,16,500,0.000,0
PW,63,WML,1,61.142097,56.223481,58.548760,57.386121,0.858118,0.592400,2.345445,16,500,0.000,1
PW,63,WML,2,60.698013,57.511181,56.363976,56.937578,0.456680,0.912233,2.058234,16,500,0.000,0
PW,63,WML,3,60.923939,58.169616,57.349717,57.759666,0.772320,0.861707,2.275580,16,500,0.000,0
PW,63,WML,4,60.843113,58.104229,57.789501,57.946865,0.667084,0.772614,1.978964,16,500,0.000,0
PW,63,WML,5,61.014385,58.256068,57.864693,58.060380,0.641361,0.633568,1.753603,16,500,0.000,0
PW,63,WML,6,60.570950,59.875072,59.758253,59.816663,0.460706,0.741494,1.687802,16,500,0.000,0
PW,63,WML,7,60.623138,58.416392,58.539726,58.478059,0.865603,0.625182,2.064100,16,500,0.000,0
PW,63,WML,8,60.846153,58.822962,59.951314,59.387138,0.595114,0.365939,1.470254,16,500,0.000,0
PW,63,WML,9,60.964813,57.610200,56.747729,57.178964,0.543483,0.810798,1.937875,16,500,0.000,0
PW,63,WML,10,61.154125,57.102692,58.393005,57.747848,0.940070,0.971995,2.696367,16,500,0.000,0
PW,63,WML,11,61.133709,56.075176,57.779266,56.927221,0.843215,0.911741,2.555824,16,500,0.000,0
PW,63,WML,12,60.769974,59.001480,59.520200,59.260840,0.371899,0.658557,1.485679,16,500,0.000,0
PW,63,WML,13,61.003136,58.848100,59.865206,59.356653,0.594018,0.587603,1.697714,16,500,0.000,0
PW,63,WML,14,61.073135,58.267317,58.318700,58.293009,0.508188,0.789144,1.813776,16,500,0.000,1
PW,63,WML,15,60.509232,58.819847,56.812847,57.816347,0.319738,0.672648,1.773409,16,500,0.000,1
WML,0,PW,0,50.778801,52.903982,53.150435,53.027209,0.226366,0.374710,0.855387,16,500,0.000,1
WML,0,PW,1,50.679317,52.619145,35.934899,44.277022,0.420083,15.353873,30.902922,16,500,0.000,1
WML,0,PW,2,50.765625,53.130038,52.853345,52.991692,0.300514,0.412999,0.997173,16,500,0.000,1
WML,0,PW,3,50.762527,1.962672,33.840855,17.901763,50.454601,15.254666,103.167723,16,500,0.000,1
WML,0,PW,4,50.717655,53.273969,52.906894,53.090432,0.295708,0.351986,0.908253,16,500,0.000,1
WML,0,PW,5,50.800766,50.185161,53.248197,51.716679,1.777605,0.234405,3.808403,16,500,0.000,1
WML,0,PW,6,50.801414,53.051631,44.887039,48.969335,0.369147,6.963176,14.117317,16,500,0.000,1
WML,0,PW,7,50.861092,53.166108,51.416398,52.291253,0.312682,1.103770,2.393690,16,500,0.000,1
WML,0,PW,8,50.715408,52.198286,50.212567,51.205426,0.477807,2.342916,4.732550,16,500,0.000,1
WML,0,PW,9,50.836983,52.240943,52.646012,52.443478,0.735627,0.224134,1.500528,16,500,0.000,1
WML,0,PW,10,50.534103,52.652895,45.446151,49.049523,0.240004,5.954220,12.100489,16,500,0.000,1
WML,0,PW,11,50.843803,52.916065,52.863619,52.889842,0.379247,0.449497,1.136663,16,500,0.000,1
WML,0,PW,12,50.605240,53.223745,49.145885,51.184815,0.615806,2.775098,5.882275,16,500,0.000,1
WML,0,PW,13,50.806622,47.979148,52.898890,50.439019,4.424311,0.239373,8.930090,16,500,0.000,1
WML,0,PW,14,50.684895,48.289536,52.340306,50.314921,3.473799,0.527980,7.104051,16,500,0.000,1
WML,0,PW,15,50.486492,49.954475,53.092796,51.523636,1.921551,0.261654,4.082501,16,500,0.000,1
WML,1,PW,0,45.339149,-0.942719,-118.962486,-59.952603,23.866895,125.069919,253.455192,16,500,0.000,3
WML,1,PW,1,45.338272,31.694372,51.645670,41.670021,18.132184,0.885644,36.558267,16,500,0.000,5
WML,1,PW,2,45.317669,51.126765,-4.800909,23.162928,1.114981,37.866915,78.689186,16,500,0.000,4
WML,1,PW,3,46.261238,20.018274,-75.880163,-27.930944,18.912444,69.153419,147.109729,16,500,0.000,2
WML,1,PW,4,45.393143,18.199025,12.127234,15.163129,24.132081,21.036642,61.936383,16,500,0.000,4
WML,1,PW,5,45.327301,23.965209,51.114525,37.539867,17.026685,1.251503,35.843085,16,500,0.000,4
WML,1,PW,6,44.599216,12.319617,27.537195,19.928406,28.683786,18.899314,66.834693,16,500,0.000,2
WML,1,PW,7,45.321781,34.829915,1.027023,17.928469,17.589845,34.218936,76.362941,16,500,0.000,3
WML,1,PW,8,45.330353,23.376851,42.391939,32.884395,15.251867,9.317284,35.902129,16,500,0.000,3
WML,1,PW,9,45.346172,19.318628,49.115922,34.217275,24.907430,2.344978,50.728518,16,500,0.000,5
WML,1,PW,10,0.444411,-196.147586,-132.751786,-164.449686,68.681566,22.817450,143.618140,16,500,0.000,2
WML,1,PW,11,32.071724,19.444880,21.852268,20.648574,22.490385,20.477403,58.782708,16,500,0.000,2
WML,1,PW,12,44.712128,7.154910,47.896714,27.525812,35.299050,3.757156,71.743697,16,500,0.000,3
WML,1,PW,13,40.210155,27.705213,13.713404,20.709309,19.232974,19.689110,53.669923,16,500,0.000,2
WML,1,PW,14,45.334236,28.935805,42.689178,35.812491,13.686732,9.306159,32.758480,16,500,0.000,3
WML,1,PW,15,33.053123,-0.355177,54.201743,26.923283,29.936292,0.915539,64.363000,16,500,0.000,3
WML,2,PW,0,25.805069,31.566556,53.092671,42.329613,19.367821,0.606963,39.055878,16,500,0.000,2
WML,2,PW,1,28.076157,46.224219,51.859458,49.041838,5.584816,1.591379,11.591643,16,500,0.000,2
WML,2,PW,2,29.876442,52.631260,27.845932,40.238596,0.416848,19.647650,40.070496,16,500,0.000,1
WML,2,PW,3,34.140274,53.519508,54.704015,54.111762,0.557355,0.419908,1.480595,16,500,0.000,4
WML,2,PW,4,26.153332,53.193801,53.281640,53.237720,0.654334,0.715893,1.874524,16,500,0.000,3
WML,2,PW,5,33.441742,53.323445,49.809953,51.566699,1.037755,4.368712,8.863720,16,500,0.000,4
WML,2,PW,6,7.073616,-23.320205,33.600758,5.140276,27.241779,3.790827,60.730628,16,500,0.000,3
WML,2,PW,7,24.653572,43.149072,41.648765,42.398919,11.237803,8.702042,27.473349,16,500,0.000,2
WML,2,PW,8,30.882010,46.391337,48.384255,47.387796,6.939344,5.340275,16.950077,16,500,0.000,3
WML,2,PW,9,35.572227,48.013165,48.277529,48.145347,6.426345,3.937211,14.562632,16,500,0.000,3
WML,2,PW,10,20.123554,43.359640,53.405548,48.382594,10.634384,0.476474,21.212326,16,500,0.000,2
WML,2,PW,11,17.002983,26.401659,48.261171,37.331415,17.393395,2.093291,35.682329,16,500,0.000,3
WML,2,PW,12,30.456545,54.497700,48.068434,51.283067,0.275796,5.581665,11.296844,16,500,0.000,3
WML,2,PW,13,26.378494,51.910371,53.544697,52.727534,1.090563,0.452261,2.432292,16,500,0.000,1
WML,2,PW,14,35.914001,49.459308,53.382084,51.420696,2.545951,0.410640,5.378848,16,500,0.000,4
WML,2,PW,15,21.763184,54.959761,52.903538,53.931649,0.197098,0.725227,1.798910,16,500,0.000,2
WML,3,PW,0,17.923153,-99.807366,-66.830079,-83.318722,36.930491,38.749770,104.821351,16,500,0.000,6
WML,3,PW,1,30.737421,-76.418845,-117.115272,-96.767058,13.315844,22.694130,55.012465,16,500,0.000,5
WML,3,PW,2,26.066296,-121.478857,-144.208567,-132.843712,23.685040,27.854815,71.615352,16,500,0.000,5
WML,3,PW,3,3.954595,-93.889960,-106.240779,-100.065370,25.594839,13.210321,56.016806,16,500,0.000,3
WML,3,PW,4,38.841648,-44.090463,-79.004637,-61.547550,30.199509,29.117219,83.036568,16,500,0.000,5
WML,3,PW,5,36.682785,-6.281724,-36.991870,-21.636797,23.564398,20.237324,62.076801,16,500,0.000,5
WML,3,PW,6,24.447411,-59.134512,-104.004881,-81.569696,33.199980,34.940455,95.967199,16,500,0.000,2
WML,3,PW,7,39.146248,-25.950529,18.618296,-3.666116,27.023188,23.357825,72.751906,16,500,0.000,4
WML,3,PW,8,39.235573,-7.560662,-58.447272,-33.003967,15.599792,27.438759,66.406412,16,500,0.000,4
WML,3,PW,9,36.687187,-59.891241,-61.359412,-60.625327,41.006613,30.385933,98.617127,16,500,0.000,5
WML,3,PW,10,38.387001,-48.571664,-52.133623,-50.352644,28.434871,35.443986,87.818207,16,500,0.000,6
WML,3,PW,11,17.290228,-87.746968,-70.406838,-79.076903,40.919154,11.092359,82.404736,16,500,0.000,4
WML,3,PW,12,0.775590,-148.917541,-100.406667,-124.662104,32.120888,22.022001,79.309326,16,500,0.000,3
WML,3,PW,13,38.842339,-27.638122,-33.303955,-30.471039,29.335840,25.963662,75.750374,16,500,0.000,6
WML,3,PW,14,5.978539,-62.080873,-19.133367,-40.607120,29.138641,21.835885,73.768315,16,500,0.000,5
WML,3,PW,15,26.982986,-18.717721,-96.825937,-57.771829,26.690735,48.786785,114.771116,16,500,0.000,5
WML,4,PW,0,41.857006,18.882458,44.382754,31.632606,19.128302,1.787046,39.386839,16,500,0.000,5
WML,4,PW,1,43.637871,32.983895,45.508313,39.246104,14.507702,1.591667,28.931904,16,500,0.000,6
WML,4,PW,2,44.099308,-55.991294,-41.018125,-48.504709,21.397231,37.039760,83.011952,16,500,0.000,3
WML,4,PW,3,43.482880,-23.280918,-12.781963,-18.031440,21.821975,18.438257,55.465494,16,500,0.000,5
WML,4,PW,4,37.502777,-26.347860,-9.744001,-18.045931,25.271618,31.269438,78.154961,16,500,0.000,6
WML,4,PW,5,41.952591,-0.056025,11.650181,5.797078,25.578650,19.694013,62.666814,16,500,0.000,5
WML,4,PW,6,43.637115,19.305764,2.712398,11.009081,22.023703,19.510233,57.492114,16,500,0.000,5
WML,4,PW,7,44.180340,-1.746378,20.807148,9.530385,19.752464,18.896304,54.086064,16,500,0.000,5
WML,4,PW,8,43.638424,43.659772,46.671088,45.165430,1.573757,0.821176,3.765904,16,500,0.000,6
WML,4,PW,9,36.124313,-7.598378,1.789024,-2.904677,18.450635,21.167486,54.471916,16,500,0.000,6
WML,4,PW,10,48.065578,41.296021,35.717548,38.506785,8.628109,11.273894,27.581389,16,500,0.000,6
WML,4,PW,11,36.128494,8.090343,-18.787646,-5.348652,15.509871,25.290794,58.980113,16,500,0.000,6
WML,4,PW,12,41.736588,14.252573,45.470192,29.861382,18.647772,2.737093,39.825537,16,500,0.000,6
WML,4,PW,13,42.704601,-14.505447,-35.001093,-24.753270,24.771261,32.652236,79.895009,16,500,0.000,5
WML,4,PW,14,46.139809,14.164210,-3.390349,5.386931,22.924167,27.013467,69.053776,16,500,0.000,4
WML,4,PW,15,41.736614,41.826870,28.797796,35.312333,3.664406,18.012455,36.147942,16,500,0.000,6
WML,5,PW,0,46.895206,31.264863,47.552920,39.408891,21.223525,4.483904,42.748594,16,500,0.000,0
WML,5,PW,1,47.385658,32.387787,50.946008,41.666898,18.640818,0.528981,37.284659,16,500,0.000,2
WML,5,PW,2,47.107738,38.072125,42.130428,40.101276,12.253312,8.910945,29.349163,16,500,0.000,1
WML,5,PW,3,47.450405,37.067953,19.232254,28.150103,13.751213,14.087283,39.136602,16,500,0.000,3
WML,5,PW,4,47.024242,13.290634,50.946623,32.118629,36.106617,0.902892,72.444950,16,500,0.000,3
WML,5,PW,5,47.580578,49.570881,51.157517,50.364199,1.792367,0.519627,3.697699,16,500,0.000,2
WML,5,PW,6,47.517929,51.069016,27.825827,39.447421,0.477962,21.195486,42.686219,16,500,0.000,1
WML,5,PW,7,47.542114,7.682910,16.174462,11.928686,22.911089,22.985068,62.859303,16,500,0.000,2
WML,5,PW,8,47.399582,52.151042,30.457344,41.304193,0.376593,21.067421,42.225772,16,500,0.000,2
WML,5,PW,9,47.281960,51.341006,51.058466,51.199736,0.336051,0.905351,1.871619,16,500,0.000,1
WML,5,PW,10,47.501747,40.512626,52.725965,46.619296,10.471870,0.660664,21.232160,16,500,0.000,3
WML,5,PW,11,47.395897,51.305530,51.784605,51.545067,0.704097,0.325422,1.519003,16,500,0.000,0
WML,5,PW,12,47.082020,40.585138,19.511470,30.048304,10.398826,17.956114,41.543249,16,500,0.000,1
WML,5,PW,13,47.477173,30.296983,44.650375,37.473679,12.993104,4.397418,27.520816,16,500,0.000,1
WML,5,PW,14,47.235184,17.749129,42.741447,30.245288,24.793267,8.144191,52.048928,16,500,0.000,1
WML,5,PW,15,47.500298,52.517520,-6.492436,23.012542,0.407976,35.717474,75.445056,16,500,0.000,3
WML,6,PW,0,51.525272,47.492865,53.939580,50.716223,6.283861,1.106496,12.769939,16,500,0.000,2
WML,6,PW,1,48.006145,24.260092,17.255364,20.757728,20.614723,30.281624,70.873176,16,500,0.000,2
WML,6,PW,2,51.188065,54.492576,40.037175,47.264875,0.600586,14.879606,29.726064,16,500,0.000,1
WML,6,PW,3,51.188652,53.849706,39.178673,46.514189,0.548310,15.396977,30.717574,16,500,0.000,2
WML,6,PW,4,51.826164,54.026582,53.640513,53.833548,0.601141,1.035378,2.321858,16,500,0.000,2
WML,6,PW,5,51.569931,54.001003,36.844023,45.422513,0.690458,17.484676,34.951513,16,500,0.000,1
WML,6,PW,6,46.548630,34.133296,45.651947,39.892622,20.485831,5.487101,41.407133,16,500,0.000,1
WML,6,PW,7,49.073189,54.730562,25.708255,40.219408,0.604840,19.389417,40.367343,16,500,0.000,1
WML,6,PW,8,49.773018,39.472342,46.985961,43.229152,15.521363,7.805702,33.792458,16,500,0.000,1
WML,6,PW,9,51.477711,47.627333,54.034476,50.830904,5.607075,0.424448,11.357508,16,500,0.000,2
WML,6,PW,10,50.792236,54.288244,53.943485,54.115865,0.857571,0.634791,2.069222,16,500,0.000,3
WML,6,PW,11,50.788445,26.725026,5.168187,15.946606,27.448424,49.485881,109.904753,16,500,0.000,2
WML,6,PW,12,49.305996,54.405918,34.618641,44.512279,0.573584,20.306853,40.560401,16,500,0.000,1
WML,6,PW,13,51.747334,2.019763,53.284078,27.651921,28.049612,1.487113,60.385255,16,500,0.000,1
WML,6,PW,14,52.277370,25.510259,54.237908,39.874084,27.886692,0.705475,55.903707,16,500,0.000,1
WML,6,PW,15,50.389381,45.910936,55.451356,50.681146,7.449673,0.436373,15.237256,16,500,0.000,1
WML,7,PW,0,51.503479,29.423146,39.682027,34.552587,18.412729,9.448901,40.337209,16,500,0.000,2
WML,7,PW,1,51.459465,47.270705,42.811214,45.040959,1.521597,4.240043,9.003587,16,500,0.000,4
WML,7,PW,2,51.505997,18.067892,29.485983,23.776938,20.117936,14.243802,47.991706,16,500,0.000,3
WML,7,PW,3,51.627335,48.373505,38.714190,43.543847,0.973366,8.968129,18.129528,16,500,0.000,2
WML,7,PW,4,51.323292,29.684596,8.752373,19.218484,18.868459,22.342235,57.528838,16,500,0.000,3
WML,7,PW,5,51.423111,46.673804,48.017204,47.345504,2.529565,2.405905,6.780833,16,500,0.000,3
WML,7,PW,6,51.498215,47.468881,28.335526,37.902204,1.156330,14.144002,29.145812,16,500,0.000,3
WML,7,PW,7,51.511936,49.012884,41.600212,45.306548,1.298653,6.424046,13.229420,16,500,0.000,3
WML,7,PW,8,48.363457,23.085855,1.259199,12.172527,16.725255,20.065864,51.716214,16,500,0.000,3
WML,7,PW,9,51.332352,27.837471,46.216846,37.027159,20.555361,3.247693,41.314362,16,500,0.000,1
WML,7,PW,10,51.498524,26.910408,26.540000,26.725204,21.910366,15.968666,52.385778,16,500,0.000,2
WML,7,PW,11,51.411842,50.128335,18.761367,34.444851,0.605547,20.287649,42.430373,16,500,0.000,2
WML,7,PW,12,51.376694,30.461437,29.896493,30.178965,13.315398,17.965111,43.207869,16,500,0.000,1
WML,7,PW,13,51.491379,28.203559,46.387213,37.295386,19.788414,1.948332,39.550568,16,500,0.000,1
WML,7,PW,14,51.350700,22.094182,-9.631731,6.231226,17.835055,38.641216,83.847151,16,500,0.000,1
WML,7,PW,15,51.509624,48.546939,38.784651,43.665795,1.245827,9.457044,19.107633,16,500,0.000,3
WML,8,PW,0,51.026905,23.781829,50.744761,37.263295,17.254998,0.546574,36.145896,16,500,0.000,2
WML,8,PW,1,51.079384,45.390534,39.583845,42.487189,2.720331,11.949299,23.868086,16,500,0.000,1
WML,8,PW,2,51.089710,52.692454,34.828814,43.760634,0.446882,17.174367,34.453175,16,500,0.000,2
WML,8,PW,3,51.040668,46.025299,41.511697,43.768498,5.868596,8.665221,20.355136,16,500,0.000,2
WML,8,PW,4,51.014671,-10.785707,49.751289,19.482791,47.379652,0.460922,96.740673,16,500,0.000,2
WML,8,PW,5,51.063358,49.093855,48.621140,48.857498,1.327475,0.912175,3.121667,16,500,0.000,1
WML,8,PW,6,51.009830,23.345814,21.208279,22.277047,27.757728,21.620318,67.991340,16,500,0.000,1
WML,8,PW,7,51.015961,24.980416,-114.041854,-44.530719,16.835129,144.931479,290.914404,16,500,0.000,1
WML,8,PW,8,50.995750,41.277894,47.389382,44.333638,9.744271,3.033974,19.970189,16,500,0.000,2
WML,8,PW,9,51.078171,49.311068,50.658504,49.984786,1.363668,1.225042,3.609619,16,500,0.000,1
WML,8,PW,10,51.062939,51.586715,50.735298,51.161007,0.400199,0.643957,1.529502,16,500,0.000,1
WML,8,PW,11,51.048080,30.983836,51.983927,41.483881,17.909959,0.434743,36.274445,16,500,0.000,1
WML,8,PW,12,51.042931,48.715204,47.253582,47.984393,2.092811,3.123716,7.304076,16,500,0.000,1
WML,8,PW,13,51.012642,49.313297,18.189104,33.751200,2.346059,17.837192,38.297387,16,500,0.000,1
WML,8,PW,14,51.012310,39.096975,24.871607,31.984291,10.040672,24.002087,50.804658,16,500,0.000,2
WML,8,PW,15,51.030510,41.144958,49.776434,45.460696,8.986940,1.565612,18.180794,16,500,0.000,1
WML,9,PW,0,42.027809,15.083752,27.619213,21.351483,12.008221,12.656803,34.326380,16,500,0.000,3
WML,9,PW,1,42.728241,14.578394,2.166935,8.372665,16.973594,28.873026,65.030471,16,500,0.000,2
WML,9,PW,2,49.577579,36.132985,31.628146,33.880565,9.131089,12.561735,30.096419,16,500,0.000,2
WML,9,PW,3,43.013123,0.826561,42.413944,21.620252,30.820563,3.269346,63.619389,16,500,0.000,2
WML,9,PW,4,44.077198,15.533610,16.916547,16.225079,19.484168,28.206647,66.242746,16,500,0.000,4
WML,9,PW,5,41.642952,38.090749,38.326677,38.208713,3.588457,3.372574,9.515931,16,500,0.000,3
WML,9,PW,6,41.305935,18.099919,26.554101,22.327010,18.687602,15.504015,47.119384,16,500,0.000,1
WML,9,PW,7,45.753044,44.436897,40.903695,42.670296,2.600206,4.805273,10.713325,16,500,0.000,3
WML,9,PW,8,41.068237,31.992375,39.563663,35.778019,5.484260,2.762570,12.492653,16,500,0.000,4
WML,9,PW,9,42.295849,28.676027,41.523247,35.099637,15.387358,4.826109,31.857686,16,500,0.000,4
WML,9,PW,10,49.291214,39.874713,41.740357,40.807535,6.255182,4.120395,14.504712,16,500,0.000,2
WML,9,PW,11,50.017162,47.933109,34.020024,40.976567,1.037266,9.153090,19.194052,16,500,0.000,3
WML,9,PW,12,45.630585,45.834781,26.204943,36.019862,1.757612,11.552225,24.749055,16,500,0.000,3
WML,9,PW,13,42.141251,35.308095,37.056337,36.182216,3.912871,1.906512,8.458388,16,500,0.000,4
WML,9,PW,14,49.596573,35.118052,48.291875,41.704964,13.277656,0.728294,26.578795,16,500,0.000,4
WML,9,PW,15,46.151291,37.523189,21.595617,29.559403,5.131367,22.655929,45.631557,16,500,0.000,4
WML,10,PW,0,45.930126,57.517387,49.772649,53.645018,0.408416,7.807707,15.626988,16,500,0.000,1
WML,10,PW,1,45.763290,57.439326,58.096181,57.767754,0.384351,0.435939,1.173055,16,500,0.000,1
WML,10,PW,2,24.937111,56.983792,30.454504,43.719148,0.433655,23.731339,47.863434,16,500,0.000,1
WML,10,PW,3,45.724831,38.950440,57.014709,47.982575,14.987172,0.757331,30.458548,16,500,0.000,0
WML,10,PW,4,41.237190,49.146818,21.205457,35.176138,8.387024,24.778205,52.563465,16,500,0.000,1
WML,10,PW,5,46.327141,57.158424,50.600287,53.879356,0.412515,3.503146,7.610518,16,500,0.000,2
WML,10,PW,6,44.482788,53.930476,55.868747,54.899611,3.728628,1.969439,8.208873,16,500,0.000,0
WML,10,PW,7,42.765648,57.300557,56.027736,56.664146,0.264468,1.077513,2.242246,16,500,0.000,1
WML,10,PW,8,23.081192,57.639962,56.967915,57.303938,0.305773,0.502356,1.188127,16,500,0.000,1
WML,10,PW,9,46.208298,53.567877,57.073655,55.320766,2.363546,1.007617,5.284277,16,500,0.000,2
WML,10,PW,10,39.291634,57.610836,40.037789,48.824312,0.275319,15.462213,31.228165,16,500,0.000,1
WML,10,PW,11,44.893059,51.182759,42.799373,46.991066,6.832519,13.583803,29.696795,16,500,0.000,1
WML,10,PW,12,44.681522,54.667294,56.286907,55.477101,2.794289,1.144802,5.894266,16,500,0.000,0
WML,10,PW,13,22.704685,34.944202,55.201777,45.072990,13.502414,2.511655,28.524141,16,500,0.000,1
WML,10,PW,14,42.903610,57.479886,37.206934,47.343410,0.460749,20.579033,41.127175,16,500,0.000,1
WML,10,PW,15,45.778275,57.652050,57.079258,57.365654,0.304668,0.952123,1.954082,16,500,0.000,1
WML,11,PW,0,52.272518,34.345180,3.979904,19.162542,19.413031,48.350567,101.884973,16,500,0.000,1
WML,11,PW,1,54.334713,-61.069301,45.976331,-7.546485,78.188922,10.080625,162.045705,16,500,0.000,3
WML,11,PW,2,50.380627,17.547736,-51.786484,-17.119374,23.995129,60.202350,130.239249,16,500,0.000,1
WML,11,PW,3,52.915333,33.836538,38.020825,35.928682,21.865407,15.311731,51.622062,16,500,0.000,2
WML,11,PW,4,52.867371,53.408309,0.398929,26.903619,0.979969,38.654914,79.569295,16,500,0.000,3
WML,11,PW,5,29.784353,-0.377599,-93.883172,-47.130385,29.966586,67.391424,150.463902,16,500,0.000,2
WML,11,PW,6,52.742336,48.922421,18.651328,33.786874,3.192932,26.787312,54.417908,16,500,0.000,3
WML,11,PW,7,49.771679,56.335655,42.577149,49.456402,1.049186,15.121757,30.137698,16,500,0.000,2
WML,11,PW,8,50.883034,-17.477642,1.843197,-7.817222,29.662989,35.473628,89.902304,16,500,0.000,0
WML,11,PW,9,52.192482,2.462138,11.974782,7.218460,44.288267,26.129171,99.477393,16,500,0.000,3
WML,11,PW,10,48.271545,-19.778911,-72.222676,-46.000794,32.070631,78.011299,165.207250,16,500,0.000,2
WML,11,PW,11,53.988262,-36.049505,54.022922,8.986708,57.196840,0.659473,119.910889,16,500,0.000,3
WML,11,PW,12,52.794167,-44.050983,21.369095,-11.340944,23.899368,28.526975,79.446989,16,500,0.000,2
WML,11,PW,13,28.789406,-5.496184,39.468401,16.986108,40.770983,15.518391,87.430159,16,500,0.000,1
WML,11,PW,14,54.279854,45.614045,29.841414,37.727729,8.414622,21.250769,44.906988,16,500,0.000,3
WML,11,PW,15,54.131233,21.122313,19.672596,20.397455,32.010468,20.018146,72.952311,16,500,0.000,2
WML,12,PW,0,0.344721,-81.566188,-19.271761,-50.418975,36.200857,19.882186,86.041607,16,500,0.000,3
WML,12,PW,1,0.304530,-63.438214,27.824873,-17.806671,79.023704,12.587633,161.636359,16,500,0.000,4
WML,12,PW,2,0.298571,-45.339506,-126.857589,-86.098548,47.166525,83.957040,190.769471,16,500,0.000,4
WML,12,PW,3,0.356855,-62.887719,-56.640752,-59.764235,23.081933,20.187954,59.337750,16,500,0.000,3
WML,12,PW,4,0.313137,-22.848583,-70.894857,-46.871720,28.352079,23.181530,74.985468,16,500,0.000,5
WML,12,PW,5,0.298128,-27.293385,-55.014998,-41.154192,23.125162,40.891751,91.891539,16,500,0.000,5
WML,12,PW,6,0.301450,-48.956902,-47.811787,-48.384345,29.954978,21.220097,70.932111,16,500,0.000,5
WML,12,PW,7,0.299479,-45.233293,-54.608531,-49.920912,33.695240,31.042111,88.654597,16,500,0.000,5
WML,12,PW,8,0.310258,-96.732694,37.666806,-29.532944,45.348623,5.022007,112.198967,16,500,0.000,4
WML,12,PW,9,0.317749,-120.318064,-89.482205,-104.900135,28.617536,23.231994,72.979440,16,500,0.000,4
WML,12,PW,10,0.295619,-62.970117,-169.026474,-115.998296,33.147474,85.328748,185.158999,16,500,0.000,4
WML,12,PW,11,0.308626,12.654738,12.673876,12.664307,19.641907,14.755156,47.467232,16,500,0.000,4
WML,12,PW,12,0.344715,-16.783118,-64.513037,-40.648077,21.732619,28.497848,73.503237,16,500,0.000,5
WML,12,PW,13,0.361414,-63.263368,-124.931220,-94.097294,26.012135,44.691666,104.866379,16,500,0.000,4
WML,12,PW,14,0.298414,-0.643849,-101.890514,-51.267182,22.107281,43.274252,107.468303,16,500,0.000,3
WML,12,PW,15,0.313250,-66.321853,-7.375765,-36.848809,48.827257,25.691907,110.866999,16,500,0.000,4
WML,13,PW,0,48.301910,46.323225,52.256623,49.289924,3.431947,0.302926,7.328221,16,500,0.000,3
WML,13,PW,1,47.826935,52.677858,52.314627,52.496243,0.404961,0.537997,1.314535,16,500,0.000,3
WML,13,PW,2,48.407372,51.349790,45.848447,48.599118,0.751175,4.432106,9.138554,16,500,0.000,3
WML,13,PW,3,49.438496,52.710245,44.544601,48.627423,0.667042,8.848270,17.655921,16,500,0.000,2
WML,13,PW,4,16.164799,40.183099,1.644753,20.913926,10.226857,44.280456,90.037130,16,500,0.000,3
WML,13,PW,5,49.152016,52.290927,50.378667,51.334797,0.476039,2.594630,5.191757,16,500,0.000,3
WML,13,PW,6,46.434799,53.042669,24.096097,38.569383,0.589342,28.944727,57.900898,16,500,0.000,3
WML,13,PW,7,48.190880,42.414806,51.976952,47.195879,6.638763,0.152912,13.748081,16,500,0.000,3
WML,13,PW,8,48.631454,47.182438,53.051393,50.116916,5.364063,0.408170,10.827145,16,500,0.000,2
WML,13,PW,9,42.744324,42.757950,46.924001,44.840976,8.613600,3.692608,18.235265,16,500,0.000,3
WML,13,PW,10,49.328724,53.248550,44.203530,48.726040,0.299715,8.332905,16.774523,16,500,0.000,3
WML,13,PW,11,48.869209,52.492466,53.094458,52.793462,0.402218,0.317139,1.037353,16,500,0.000,4
WML,13,PW,12,48.736115,52.903294,48.942402,50.922848,0.161335,3.648894,7.347654,16,500,0.000,3
WML,13,PW,13,47.337685,49.895069,37.876319,43.885694,1.042330,13.999690,27.825835,16,500,0.000,3
WML,13,PW,14,49.275806,52.500166,45.304521,48.902343,0.576090,6.538168,13.215047,16,500,0.000,3
WML,13,PW,15,49.430130,53.780934,52.778892,53.279913,0.147693,0.427573,1.015734,16,500,0.000,4
WML,14,PW,0,44.123917,-13.165860,52.011508,19.422824,34.110075,0.626864,74.013605,16,500,0.000,1
WML,14,PW,1,44.395309,24.928083,50.293208,37.610645,24.761641,1.182779,49.657276,16,500,0.000,1
WML,14,PW,2,43.879509,54.481040,54.236750,54.358895,0.296052,0.422353,1.004534,16,500,0.000,1
WML,14,PW,3,43.334496,8.102216,23.409361,15.755789,42.303048,26.769456,97.050408,16,500,0.000,1
WML,14,PW,4,42.466431,34.116714,53.923936,44.020325,13.737143,1.345028,28.563758,16,500,0.000,1
WML,14,PW,5,28.617285,53.062071,53.898607,53.480339,0.914674,0.379319,1.961425,16,500,0.000,1
WML,14,PW,6,36.224937,51.395946,41.144447,46.270196,1.009659,10.083606,20.283802,16,500,0.000,2
WML,14,PW,7,45.084641,25.811972,29.647640,27.729806,21.779379,14.831269,50.951016,16,500,0.000,0
WML,14,PW,8,36.451355,53.996721,53.956911,53.976816,0.352481,0.307175,0.903619,16,500,0.000,0
WML,14,PW,9,39.549404,28.961966,37.722535,33.342250,22.170573,14.730400,51.629484,16,500,0.000,1
WML,14,PW,10,40.903160,54.730155,54.033813,54.381984,0.451804,0.716177,1.675185,16,500,0.000,2
WML,14,PW,11,29.635674,11.552260,-2.804032,4.374114,28.808659,37.098704,91.058429,16,500,0.000,0
WML,14,PW,12,38.248276,44.037745,29.307872,36.672809,6.969236,18.705121,39.311726,16,500,0.000,0
WML,14,PW,13,20.861145,50.941460,33.390621,42.166040,0.842109,16.896883,33.921577,16,500,0.000,1
WML,14,PW,14,39.554840,52.857765,51.363509,52.110637,0.662128,1.238639,2.821336,16,500,0.000,2
WML,14,PW,15,45.266701,54.114315,54.146099,54.130207,0.355669,0.394547,1.026496,16,500,0.000,1
WML,15,PW,0,40.575485,-87.565845,-45.390615,-66.478230,35.733747,26.858694,89.076464,16,500,0.000,1
WML,15,PW,1,41.619644,-101.858722,-87.383420,-94.621071,44.145661,44.354667,121.145639,16,500,0.000,1
WML,15,PW,2,41.010704,-64.898766,-156.543690,-110.721228,19.672467,21.274988,73.309621,16,500,0.000,1
WML,15,PW,3,37.244396,-45.075093,-92.362439,-68.718766,33.369024,44.402571,110.063272,16,500,0.000,1
WML,15,PW,4,39.226494,-79.204553,-148.930249,-114.067401,35.238423,38.211970,106.693690,16,500,0.000,3
WML,15,PW,5,36.776646,-93.738159,-97.873488,-95.805824,43.011337,30.118185,101.477385,16,500,0.000,2
WML,15,PW,6,36.354210,-149.250973,-148.903689,-149.077331,53.017709,47.107600,137.035440,16,500,0.000,2
WML,15,PW,7,40.298172,-158.013689,-90.385722,-124.199705,43.742354,39.779456,119.459586,16,500,0.000,1
WML,15,PW,8,36.683163,-97.395644,-97.262078,-97.328861,29.719122,28.228137,79.197262,16,500,0.000,1
WML,15,PW,9,41.170593,-66.704084,-26.886447,-46.795266,34.263945,27.694708,87.574199,16,500,0.000,3
WML,15,PW,10,40.236607,-40.066529,-56.861176,-48.463852,29.047998,29.549395,80.530576,16,500,0.000,2
WML,15,PW,11,36.133308,-66.084752,-136.565888,-101.325320,38.846009,25.335169,96.719465,16,500,0.000,2
WML,15,PW,12,36.748764,-59.435245,-81.388321,-70.411783,39.621169,30.808577,97.636079,16,500,0.000,3
WML,15,PW,13,41.396347,-78.629262,-71.643770,-75.136516,37.693018,30.455034,93.701107,16,500,0.000,1
WML,15,PW,14,36.750164,-75.447636,-170.778495,-123.113065,33.929316,65.207106,150.317251,16,500,0.000,3
WML,15,PW,15,35.357018,-110.859294,-103.482417,-107.170855,43.309676,25.490450,97.175159,16,500,0.000,1
WML,16,PW,0,40.394138,-39.356225,-49.834149,-44.595187,38.098207,51.055977,123.206487,16,500,0.000,2
WML,16,PW,1,19.549383,-54.458614,-19.689208,-37.073911,28.774887,34.301838,88.353011,16,500,0.000,2
WML,16,PW,2,7.632975,31.636950,38.101146,34.869048,15.926529,15.254294,42.741565,16,500,0.000,1
WML,16,PW,3,14.752642,-109.272926,-29.559805,-69.416365,101.495719,27.823807,207.468432,16,500,0.000,3
WML,16,PW,4,25.270187,42.299616,-66.028450,-11.864417,10.481872,69.694738,147.219687,16,500,0.000,0
WML,16,PW,5,25.677555,14.344569,33.305482,23.825026,22.632073,17.039183,55.606088,16,500,0.000,1
WML,16,PW,6,44.726597,-142.512541,-139.662240,-141.087391,53.492711,31.080031,119.546101,16,500,0.000,3
WML,16,PW,7,27.628448,15.519420,52.148601,33.834010,36.157797,1.073433,72.408538,16,500,0.000,2
WML,16,PW,8,10.429426,18.303159,-29.168481,-5.432661,24.666065,31.909431,81.692640,16,500,0.000,2
WML,16,PW,9,17.562458,-4.977053,-30.516908,-17.746980,31.042158,47.428837,110.315699,16,500,0.000,3
WML,16,PW,10,41.368156,-5.039815,37.306064,16.133124,28.949814,8.344794,62.185435,16,500,0.000,1
WML,16,PW,11,26.500265,-4.808257,-249.713217,-127.260737,38.131308,199.058791,411.525949,16,500,0.000,4
WML,16,PW,12,32.740685,54.964885,16.374367,35.669626,0.567111,27.011352,55.876803,16,500,0.000,2
WML,16,PW,13,15.466127,30.182295,38.618958,34.400626,22.027009,12.932902,49.545842,16,500,0.000,3
WML,16,PW,14,7.269895,-14.134141,-26.029283,-20.081712,40.471504,30.280413,97.856138,16,500,0.000,3
WML,16,PW,15,10.150295,-42.492523,-23.849118,-33.170821,27.513975,29.424931,78.430287,16,500,0.000,1
WML,17,PW,0,45.903461,43.305681,54.033646,48.669664,8.084804,1.736685,16.910833,16,500,0.000,1
WML,17,PW,1,48.420685,55.326765,55.835746,55.581255,0.165569,0.544831,1.131208,16,500,0.000,2
WML,17,PW,2,48.963348,49.468216,7.129735,28.298975,4.451551,33.524166,68.904090,16,500,0.000,2
WML,17,PW,3,47.190376,40.359248,24.900945,32.630097,14.822859,21.772083,51.513958,16,500,0.000,1
WML,17,PW,4,44.127384,55.500991,55.063264,55.282128,0.335367,0.260388,0.850948,16,500,0.000,1
WML,17,PW,5,45.202057,55.197051,39.718332,47.457691,0.696104,14.637594,29.421094,16,500,0.000,1
WML,17,PW,6,47.523659,52.443574,54.340638,53.392106,2.005900,1.433164,4.863063,16,500,0.000,2
WML,17,PW,7,47.866554,55.716803,49.327230,52.522016,0.473211,6.860797,13.691351,16,500,0.000,2
WML,17,PW,8,45.707188,47.572969,55.830937,51.701953,5.437174,0.389213,11.363038,16,500,0.000,2
WML,17,PW,9,42.335342,53.678978,56.077312,54.878145,1.398129,0.232124,3.005463,16,500,0.000,2
WML,17,PW,10,46.860477,55.939272,54.193422,55.066347,0.440543,1.016184,2.322176,16,500,0.000,2
WML,17,PW,11,48.296844,14.854811,54.451525,34.653168,40.184444,1.199485,80.324503,16,500,0.000,1
WML,17,PW,12,48.821915,32.201482,55.550106,43.875794,22.664426,0.202660,45.423048,16,500,0.000,1
WML,17,PW,13,47.534653,44.699206,48.418511,46.558859,7.551614,5.198835,17.818341,16,500,0.000,2
WML,17,PW,14,43.355068,52.581450,44.703935,48.642693,3.204837,12.047282,24.428219,16,500,0.000,2
WML,17,PW,15,45.616333,54.571006,55.840907,55.205957,0.624273,0.419859,1.594710,16,500,0.000,2
WML,18,PW,0,2.874112,31.001782,53.577936,42.289859,16.784588,0.752422,34.493370,16,500,0.000,2
WML,18,PW,1,7.030589,41.897867,-28.986826,6.455520,10.590445,40.810603,89.311320,16,500,0.000,5
WML,18,PW,2,23.869932,-13.597250,-61.129816,-37.363533,32.231603,34.946262,95.080302,16,500,0.000,5
WML,18,PW,3,0.427572,-47.542588,34.810324,-6.366132,64.840014,11.950658,134.303776,16,500,0.000,3
WML,18,PW,4,1.467579,5.378909,-0.320980,2.528965,22.546981,29.520222,71.832818,16,500,0.000,4
WML,18,PW,5,15.780081,-19.948981,-3.204968,-11.576975,33.833691,36.499023,96.549710,16,500,0.000,3
WML,18,PW,6,0.395609,-133.219009,-113.541750,-123.380379,94.054795,52.948432,208.796530,16,500,0.000,3
WML,18,PW,7,3.203443,37.540171,45.702919,41.621545,16.423111,5.647520,33.819967,16,500,0.000,4
WML,18,PW,8,0.534777,-55.493294,-33.097888,-44.295591,48.372303,36.740276,117.935281,16,500,0.000,3
WML,18,PW,9,0.493012,-41.225097,-41.684421,-41.454759,47.287907,44.417732,125.355331,16,500,0.000,4
WML,18,PW,10,1.890008,19.876464,-53.458276,-16.790906,25.645624,29.093041,83.960986,16,500,0.000,4
WML,18,PW,11,4.425707,38.178548,16.777820,27.478184,14.290367,36.440744,76.433823,16,500,0.000,4
WML,18,PW,12,3.294626,32.699530,10.563530,21.631530,17.531318,28.519102,65.685333,16,500,0.000,3
WML,18,PW,13,0.395172,-4.999684,38.166773,16.583545,24.051538,14.797393,58.940634,16,500,0.000,4
WML,18,PW,14,1.795303,-13.599541,22.570074,4.485266,35.017375,17.823446,78.183930,16,500,0.000,5
WML,18,PW,15,12.955755,34.190062,47.943271,41.066666,19.217245,3.701626,38.474977,16,500,0.000,3
WML,19,PW,0,0.667610,-67.853930,-99.744833,-83.799382,33.676306,25.360160,83.103578,16,500,0.000,3
WML,19,PW,1,0.501969,-114.696977,-203.155351,-158.926164,46.202831,45.047844,132.786567,16,500,0.000,2
WML,19,PW,2,0.534253,-70.454248,-80.910096,-75.682172,35.873694,26.580109,86.436508,16,500,0.000,3
WML,19,PW,3,1.695184,-53.814141,-86.249360,-70.031750,28.895045,34.788818,88.971366,16,500,0.000,1
WML,19,PW,4,0.548373,-112.527500,-72.371917,-92.449708,35.648278,13.060156,76.230553,16,500,0.000,1
WML,19,PW,5,1.662756,-85.482959,-49.487274,-67.485116,48.070057,41.351748,123.919817,16,500,0.000,2
WML,19,PW,6,1.683512,-105.836732,-95.446735,-100.641734,38.845363,29.295889,94.161437,16,500,0.000,1
WML,19,PW,7,2.798104,-97.745911,-123.920025,-110.832968,74.808904,42.157587,166.465983,16,500,0.000,2
WML,19,PW,8,1.117151,-42.158873,-16.402524,-29.280699,30.346398,25.598242,77.854263,16,500,0.000,2
WML,19,PW,9,1.193716,-144.705640,-85.162376,-114.934008,95.498803,60.448846,220.534249,16,500,0.000,1
WML,19,PW,10,0.573463,-99.146388,-146.107037,-122.626713,16.414786,57.214800,117.538081,16,500,0.000,1
WML,19,PW,11,0.640095,-157.477847,-62.386142,-109.931994,102.837968,34.948049,215.530741,16,500,0.000,1
WML,19,PW,12,0.544450,-98.993495,-93.573983,-96.283739,57.945513,30.751816,126.782087,16,500,0.000,3
WML,19,PW,13,0.705872,-94.204769,-84.652320,-89.428545,31.727801,14.435030,67.530886,16,500,0.000,1
WML,19,PW,14,0.602524,-112.552960,-155.174308,-133.863634,54.758245,20.066686,114.812894,16,500,0.000,2
WML,19,PW,15,0.507830,-98.020069,-78.139478,-88.079773,39.141554,22.366703,87.708406,16,500,0.000,1
WML,20,PW,0,4.902282,19.313068,23.674870,21.493969,22.881511,22.495651,62.040150,16,500,0.000,3
WML,20,PW,1,2.414001,-8.349929,-12.904790,-10.627360,30.665374,28.536135,80.971128,16,500,0.000,4
WML,20,PW,2,25.762625,56.456357,52.074190,54.265273,0.771050,4.151077,8.465881,16,500,0.000,4
WML,20,PW,3,1.283228,10.922873,48.609068,29.765970,31.464949,6.451680,65.040684,16,500,0.000,4
WML,20,PW,4,22.574917,13.872193,-111.740531,-48.934169,17.653642,106.115631,217.739326,16,500,0.000,4
WML,20,PW,5,52.774872,12.350891,1.069639,6.710265,24.969898,26.666733,70.827138,16,500,0.000,4
WML,20,PW,6,1.518211,-36.866355,-14.439767,-25.653061,44.998997,24.126119,99.331985,16,500,0.000,4
WML,20,PW,7,8.767324,22.686667,40.895198,31.790933,31.582079,13.426137,66.971028,16,500,0.000,4
WML,20,PW,8,20.035507,11.683133,47.439166,29.561150,27.660258,5.523887,57.542885,16,500,0.000,4
WML,20,PW,9,22.276787,25.733683,56.998353,41.366018,21.106131,0.566324,43.874160,16,500,0.000,6
WML,20,PW,10,23.136892,36.711321,32.366290,34.538806,8.833939,13.448685,31.170746,16,500,0.000,5
WML,20,PW,11,40.893341,-23.526682,-15.879201,-19.702941,28.272944,28.135805,77.170364,16,500,0.000,3
WML,20,PW,12,7.829846,-5.428862,25.500512,10.035825,37.729990,20.786823,84.751629,16,500,0.000,4
WML,20,PW,13,26.502522,8.563769,-58.646860,-25.041546,24.527618,59.336230,128.821075,16,500,0.000,5
WML,20,PW,14,41.026077,10.396310,47.826212,29.111261,25.696638,4.960177,54.135350,16,500,0.000,5
WML,20,PW,15,41.068199,33.723332,-6.296390,13.713471,18.611393,30.085194,71.409837,16,500,0.000,3
WML,21,PW,0,50.356560,1.854105,30.642541,16.248323,20.612372,21.393875,59.295245,16,500,0.000,6
WML,21,PW,1,47.123184,11.578468,18.455562,15.017015,18.616808,21.464429,55.014169,16,500,0.000,6
WML,21,PW,2,44.384613,29.811489,50.198853,40.005171,22.310689,0.821146,44.403665,16,500,0.000,4
WML,21,PW,3,48.863472,40.286880,39.571046,39.928963,11.518846,13.232356,33.899535,16,500,0.000,5
WML,21,PW,4,49.571327,46.902361,-16.578512,15.161924,4.551189,37.661125,80.294213,16,500,0.000,6
WML,21,PW,5,50.433464,29.564582,-14.362706,7.600938,22.266907,51.510584,110.776390,16,500,0.000,6
WML,21,PW,6,49.571327,36.082314,36.073872,36.078093,14.919971,17.113377,43.868363,16,500,0.000,6
WML,21,PW,7,50.433449,36.163939,51.605256,43.884597,12.464017,1.888164,25.629517,16,500,0.000,6
WML,21,PW,8,19.585560,12.114392,-7.381758,2.366317,14.021102,22.692271,52.514192,16,500,0.000,4
WML,21,PW,9,50.433441,52.816622,42.619259,47.717941,0.491287,10.467517,20.920995,16,500,0.000,6
WML,21,PW,10,49.571667,51.071791,54.234997,52.653394,2.347222,0.364125,4.871534,16,500,0.000,6
WML,21,PW,11,50.433594,23.284599,50.719503,37.002051,29.830923,1.984783,59.478177,16,500,0.000,6
WML,21,PW,12,47.122353,14.425448,50.666358,32.545903,19.923042,0.645783,42.821267,16,500,0.000,6
WML,21,PW,13,49.571308,23.553493,51.883070,37.718282,14.782397,1.331633,32.193830,16,500,0.000,6
WML,21,PW,14,49.555473,30.531927,6.634416,18.583172,17.988439,33.451891,74.418049,16,500,0.000,5
WML,21,PW,15,50.345440,40.938231,17.495801,29.217016,10.070272,22.260354,48.734984,16,500,0.000,5
WML,22,PW,0,32.847824,-175.745009,-111.088784,-143.416897,92.110962,51.870992,206.965914,16,500,0.000,2
WML,22,PW,1,35.013126,-109.099613,-130.777792,-119.938702,51.960417,50.242031,140.102817,16,500,0.000,4
WML,22,PW,2,20.067347,-55.396500,-106.777314,-81.086907,20.161018,60.227942,125.553910,16,500,0.000,4
WML,22,PW,3,22.474407,-55.451076,-90.665636,-73.058356,40.243266,39.553956,110.533937,16,500,0.000,2
WML,22,PW,4,36.278584,-74.804281,-52.049093,-63.426687,35.844566,35.533564,98.227406,16,500,0.000,4
WML,22,PW,5,34.966835,-121.199710,-32.873395,-77.036553,23.302733,32.460552,89.674084,16,500,0.000,2
WML,22,PW,6,38.912514,-33.151656,-41.238985,-37.195320,23.884769,33.861253,80.173709,16,500,0.000,2
WML,22,PW,7,31.146654,-65.075932,-68.178882,-66.627407,20.538551,31.012759,71.889461,16,500,0.000,3
WML,22,PW,8,21.390587,-78.304275,-106.122324,-92.213300,22.187394,32.032970,76.648681,16,500,0.000,5
WML,22,PW,9,21.485107,-70.754196,-286.017726,-178.385961,40.760426,165.932027,348.354718,16,500,0.000,3
WML,22,PW,10,33.305717,-77.516387,-64.847249,-71.181818,28.220086,16.216509,63.227388,16,500,0.000,3
WML,22,PW,11,47.321060,-13.170531,-81.935836,-47.553183,19.333642,36.242396,86.949612,16,500,0.000,4
WML,22,PW,12,37.789932,-33.793713,-80.019866,-56.906790,48.507770,58.863479,149.298482,16,500,0.000,3
WML,22,PW,13,38.328381,-69.658707,-107.439700,-88.549203,33.673370,40.726099,103.951985,16,500,0.000,5
WML,22,PW,14,49.763794,-12.996796,-52.495801,-32.746298,27.340699,29.547044,80.411864,16,500,0.000,4
WML,22,PW,15,21.440159,-124.924401,-49.685084,-87.304743,40.132827,30.949065,105.349948,16,500,0.000,3
WML,23,PW,0,51.720177,47.912111,40.385924,44.149017,3.460215,12.320532,25.030135,16,500,0.000,3
WML,23,PW,1,52.046829,35.833144,51.981554,43.907349,16.354262,0.934730,32.731106,16,500,0.000,2
WML,23,PW,2,51.714115,42.266012,51.707519,46.986765,11.494016,1.632052,22.955063,16,500,0.000,1
WML,23,PW,3,51.874275,31.779951,28.271717,30.025834,14.538881,23.074527,52.727444,16,500,0.000,3
WML,23,PW,4,51.726307,40.867714,20.898604,30.883159,10.836410,21.174978,47.102923,16,500,0.000,4
WML,23,PW,5,51.773270,42.936008,18.039104,30.487556,7.334520,23.807092,49.820680,16,500,0.000,3
WML,23,PW,6,51.994701,-5.930597,8.897580,1.483491,25.011884,22.129941,64.980974,16,500,0.000,2
WML,23,PW,7,51.992489,27.418066,40.222413,33.820239,24.624777,12.410951,53.689751,16,500,0.000,4
WML,23,PW,8,51.983582,37.982457,5.697262,21.839860,8.774370,19.241951,44.132301,16,500,0.000,3
WML,23,PW,9,51.987377,32.087930,37.654611,34.871270,19.884266,15.734779,49.078250,16,500,0.000,3
WML,23,PW,10,51.994453,3.914315,51.309191,27.611753,31.713271,1.025405,66.012598,16,500,0.000,4
WML,23,PW,11,52.155388,38.370161,49.050034,43.710097,10.422435,3.282422,21.821579,16,500,0.000,2
WML,23,PW,12,51.881725,9.880237,39.992830,24.936533,21.453599,12.728288,50.645158,16,500,0.000,3
WML,23,PW,13,52.195633,41.057267,41.590072,41.323670,11.374127,7.613364,26.447236,16,500,0.000,2
WML,23,PW,14,51.877945,41.960744,18.392799,30.176771,7.839843,26.755142,55.227188,16,500,0.000,2
WML,23,PW,15,51.867481,2.697696,47.763312,25.230504,21.053728,4.813437,47.779802,16,500,0.000,3
WML,24,PW,0,23.670326,2.098849,-1.246155,0.426347,34.737292,40.030177,102.422020,16,500,0.000,2
WML,24,PW,1,52.729446,44.907407,-20.018498,12.444455,11.102298,42.847074,91.859649,16,500,0.000,0
WML,24,PW,2,4.660364,-76.259722,-85.033713,-80.646717,44.253391,54.858851,136.261483,16,500,0.000,1
WML,24,PW,3,47.291061,-66.407470,-27.187250,-46.797360,93.601332,47.893325,204.161991,16,500,0.000,1
WML,24,PW,4,6.934671,-65.732955,-75.410186,-70.571570,31.808790,108.599651,218.707242,16,500,0.000,2
WML,24,PW,5,22.104214,26.239687,-22.297592,1.971048,17.081388,55.895374,115.678637,16,500,0.000,2
WML,24,PW,6,41.714867,-22.877264,-40.421025,-31.649145,49.550795,58.649313,148.627595,16,500,0.000,1
WML,24,PW,7,6.713321,-120.371301,-81.719841,-101.045571,51.440191,38.660142,125.924564,16,500,0.000,2
WML,24,PW,8,44.685913,20.375220,-11.627255,4.373982,15.834163,40.886397,86.314175,16,500,0.000,2
WML,24,PW,9,7.470256,6.319631,-16.799711,-5.240040,24.990019,33.933027,82.296737,16,500,0.000,1
WML,24,PW,10,16.628399,-251.252345,-29.755394,-140.503870,179.836048,35.837566,372.313701,16,500,0.000,1
WML,24,PW,11,45.039589,19.575396,-22.404710,-1.414657,18.651068,39.135466,86.524890,16,500,0.000,0
WML,24,PW,12,55.269760,-51.845433,7.955534,-21.944949,40.119137,29.217237,100.745018,16,500,0.000,2
WML,24,PW,13,47.084900,37.211216,-2.404996,17.403110,18.252757,35.273298,79.418899,16,500,0.000,1
WML,24,PW,14,42.064468,-68.812203,-45.540739,-57.176471,53.452050,46.948463,137.985002,16,500,0.000,0
WML,24,PW,15,20.161209,20.503000,-11.258178,4.622411,18.855573,34.628367,77.929818,16,500,0.000,2
WML,25,PW,0,50.652912,54.884220,55.306677,55.095448,0.674190,0.306913,1.447817,16,500,0.000,1
WML,25,PW,1,51.354607,42.716765,53.638860,48.177813,11.944158,1.279685,23.885835,16,500,0.000,0
WML,25,PW,2,51.794380,54.656236,54.118796,54.387516,0.302745,0.508376,1.176464,16,500,0.000,0
WML,25,PW,3,51.994789,52.885763,54.226429,53.556096,1.827929,1.006729,4.091128,16,500,0.000,0
WML,25,PW,4,50.790836,54.425738,54.687924,54.556831,0.271958,0.381556,0.915407,16,500,0.000,1
WML,25,PW,5,51.533710,54.246202,54.458160,54.352181,0.506570,0.402609,1.255051,16,500,0.000,0
WML,25,PW,6,51.940609,55.046624,54.736803,54.891713,0.234437,0.453911,0.999991,16,500,0.000,0
WML,25,PW,7,51.983200,55.006115,35.341400,45.173758,0.282247,13.142443,27.354219,16,500,0.000,0
WML,25,PW,8,51.201424,38.712745,55.271639,46.992192,15.711474,0.225788,31.541789,16,500,0.000,0
WML,25,PW,9,50.917274,43.869040,24.073681,33.971361,6.617002,20.913009,43.597545,16,500,0.000,1
WML,25,PW,10,51.531143,55.323148,54.063970,54.693559,0.337046,0.707385,1.647742,16,500,0.000,0
WML,25,PW,11,50.652176,38.410464,45.914215,42.162340,15.183181,8.829118,34.156730,16,500,0.000,0
WML,25,PW,12,50.456547,53.965443,53.762383,53.863913,0.461510,0.474866,1.283752,16,500,0.000,0
WML,25,PW,13,51.395432,51.889977,55.091203,53.490590,3.007943,0.179689,6.052393,16,500,0.000,0
WML,25,PW,14,51.335480,53.005549,54.500206,53.752878,1.408296,0.318588,2.894645,16,500,0.000,0
WML,25,PW,15,52.442223,22.558129,54.257099,38.407614,30.209177,1.292524,60.672969,16,500,0.000,1
WML,26,PW,0,45.095634,26.128032,33.952665,30.040349,22.065541,9.021307,46.237169,16,500,0.000,4
WML,26,PW,1,46.588722,27.591892,36.151158,31.871525,15.768704,7.906033,34.368453,16,500,0.000,4
WML,26,PW,2,48.057045,47.295515,4.046748,25.671131,0.774605,20.570823,45.616017,16,500,0.000,4
WML,26,PW,3,47.824623,18.237459,44.522986,31.380222,30.710954,4.396161,61.461693,16,500,0.000,3
WML,26,PW,4,46.278603,28.378611,48.253590,38.316100,13.142666,0.854063,27.439350,16,500,0.000,2
WML,26,PW,5,44.267128,31.082615,47.459436,39.271026,11.582854,1.022599,24.006196,16,500,0.000,4
WML,26,PW,6,45.637314,38.501749,45.941150,42.221449,5.550416,1.105104,11.590132,16,500,0.000,2
WML,26,PW,7,45.364567,48.459644,31.757035,40.108339,0.883574,15.065326,30.407910,16,500,0.000,3
WML,26,PW,8,43.789284,-6.059904,25.734250,9.837173,25.435971,11.334590,56.254968,16,500,0.000,3
WML,26,PW,9,43.648746,38.686215,31.844871,35.265543,7.005724,16.338643,34.530157,16,500,0.000,5
WML,26,PW,10,45.278542,43.331233,46.849439,45.090336,3.024574,1.264267,6.589439,16,500,0.000,4
WML,26,PW,11,45.300709,5.771707,19.429351,12.600529,30.518386,13.869601,65.153888,16,500,0.000,4
WML,26,PW,12,45.060375,37.693089,44.133727,40.913408,9.172844,4.682193,20.175085,16,500,0.000,3
WML,26,PW,13,47.979492,34.266825,48.076062,41.171443,10.222898,1.159215,21.119439,16,500,0.000,3
WML,26,PW,14,45.182831,18.885772,32.194864,25.540318,19.630529,11.448846,44.443835,16,500,0.000,4
WML,26,PW,15,44.559166,17.993850,39.447470,28.720660,19.527304,7.188236,41.703929,16,500,0.000,3
WML,27,PW,0,0.425493,-23.925091,-24.971946,-24.448518,9.129088,11.501894,28.378252,16,500,0.000,5
WML,27,PW,1,0.443390,-25.655500,-24.134277,-24.894889,11.694842,13.332929,34.276612,16,500,0.000,4
WML,27,PW,2,0.460955,-1.308354,-19.275058,-10.291706,3.062471,7.200872,17.739151,16,500,0.000,6
WML,27,PW,3,0.501593,-14.122543,-23.816859,-18.969701,7.237241,10.059870,24.462656,16,500,0.000,4
WML,27,PW,4,0.453573,-38.809077,-11.706118,-25.257597,19.213773,6.362873,41.536308,16,500,0.000,4
WML,27,PW,5,0.411787,-10.342701,-11.891821,-11.117261,7.501518,4.043848,16.485602,16,500,0.000,4
WML,27,PW,6,0.452699,-26.445464,-15.304946,-20.875205,16.380060,7.887288,35.595245,16,500,0.000,5
WML,27,PW,7,0.404165,-17.727035,-31.013691,-24.370363,11.028321,12.102537,32.372289,16,500,0.000,4
WML,27,PW,8,0.424195,-2.474051,-13.931022,-8.202536,2.643767,10.614887,21.948890,16,500,0.000,5
WML,27,PW,9,0.476748,-33.322844,-48.647663,-40.985253,14.495329,23.118139,53.313489,16,500,0.000,4
WML,27,PW,10,0.450052,-19.803608,-17.676331,-18.739970,16.173265,9.660038,36.416103,16,500,0.000,4
WML,27,PW,11,0.461248,-17.304918,-5.583690,-11.444304,10.788006,2.874921,22.404968,16,500,0.000,5
WML,27,PW,12,0.529685,-13.049884,-4.411925,-8.730905,8.061901,4.173283,18.098707,16,500,0.000,4
WML,27,PW,13,0.422713,-14.139939,-21.376715,-17.758327,10.255791,13.292015,32.653314,16,500,0.000,4
WML,27,PW,14,0.463529,-33.137568,-8.937916,-21.037742,11.976645,5.257833,28.193668,16,500,0.000,4
WML,27,PW,15,0.444733,-29.633712,-28.359982,-28.996847,14.312472,12.616418,36.870637,16,500,0.000,4
WML,28,PW,0,48.431080,10.212560,19.394642,14.803601,27.057103,19.225363,64.307865,16,500,0.000,1
WML,28,PW,1,48.993568,46.415939,12.948776,29.682358,2.670411,27.090008,55.363155,16,500,0.000,0
WML,28,PW,2,49.472176,41.892298,38.062370,39.977334,7.995832,12.292558,28.402970,16,500,0.000,0
WML,28,PW,3,48.013763,29.053250,25.882701,27.467975,14.866716,18.022682,45.171557,16,500,0.000,0
WML,28,PW,4,48.234604,8.481559,-4.264322,2.108618,18.797237,19.095298,52.189371,16,500,0.000,0
WML,28,PW,5,48.598282,38.866247,35.416116,37.141181,10.005071,10.294448,27.794401,16,500,0.000,0
WML,28,PW,6,48.335228,-0.760493,37.187890,18.213699,25.398431,11.691221,57.468342,16,500,0.000,0
WML,28,PW,7,49.316677,31.733464,17.054054,24.393759,16.024065,22.792075,54.364146,16,500,0.000,0
WML,28,PW,8,48.354095,14.215840,47.403666,30.809753,21.414769,1.538138,44.884582,16,500,0.000,0
WML,28,PW,9,48.599266,48.358370,51.281263,49.819817,1.146974,0.311813,2.748196,16,500,0.000,0
WML,28,PW,10,48.413990,50.129731,21.213803,35.671767,1.358109,13.930307,30.892078,16,500,0.000,0
WML,28,PW,11,49.479721,18.678674,35.232990,26.955832,17.701211,8.975919,39.289168,16,500,0.000,0
WML,28,PW,12,48.620037,27.078218,7.570936,17.324577,11.024877,23.772351,51.624155,16,500,0.000,0
WML,28,PW,13,48.316372,30.684721,23.906908,27.295815,19.109728,18.261342,51.191550,16,500,0.000,0
WML,28,PW,14,48.645081,46.617333,9.847618,28.232476,3.494860,29.327868,60.143700,16,500,0.000,1
WML,28,PW,15,49.278694,7.849353,9.807091,8.828222,29.296787,19.259668,67.750806,16,500,0.000,0
WML,29,PW,0,22.636848,-104.326607,-84.606729,-94.466668,15.768947,16.823493,45.702015,16,500,0.000,4
WML,29,PW,1,17.143499,-213.464185,-104.235533,-158.849859,155.034798,33.763185,311.722644,16,500,0.000,5
WML,29,PW,2,26.543049,-98.805291,-4.775692,-51.790491,34.771597,28.386222,99.397314,16,500,0.000,2
WML,29,PW,3,30.748394,-131.916161,-27.178447,-79.547304,51.461479,22.872461,121.512748,16,500,0.000,4
WML,29,PW,4,2.457962,-160.051377,-176.136005,-168.093691,31.675267,50.989724,116.280761,16,500,0.000,5
WML,29,PW,5,17.645271,-86.215471,-24.884758,-55.550114,35.399778,29.110083,94.048262,16,500,0.000,5
WML,29,PW,6,21.485359,-85.806411,-126.899074,-106.352742,13.254453,18.836866,49.303738,16,500,0.000,4
WML,29,PW,7,26.629789,-52.618477,-41.072107,-46.845292,43.604357,30.834837,103.360984,16,500,0.000,4
WML,29,PW,8,32.543011,10.899495,-43.069590,-16.085048,16.838421,26.666107,67.006973,16,500,0.000,5
WML,29,PW,9,39.760368,-21.593168,-6.497841,-14.045504,27.576723,20.968762,67.389759,16,500,0.000,4
WML,29,PW,10,30.769222,-129.476099,-101.029974,-115.253036,72.259843,16.226450,143.848196,16,500,0.000,5
WML,29,PW,11,26.671160,-85.234082,-84.441494,-84.837788,23.689796,22.297431,62.860637,16,500,0.000,5
WML,29,PW,12,31.046705,-95.186045,-173.452933,-134.319489,42.413152,48.334956,130.657531,16,500,0.000,4
WML,29,PW,13,41.856461,23.246203,-70.682560,-23.718178,18.096717,38.954692,96.127751,16,500,0.000,2
WML,29,PW,14,30.556717,-60.729630,-44.437361,-52.583495,41.941418,35.615648,106.647375,16,500,0.000,5
WML,29,PW,15,26.708050,-138.002879,-123.255521,-130.629200,137.043327,27.364960,270.127618,16,500,0.000,4
WML,30,PW,0,51.385056,40.063662,31.236697,35.650180,9.490784,15.840579,35.969989,16,500,0.000,2
WML,30,PW,1,51.354519,37.579619,43.778738,40.679179,15.949568,9.025298,35.553736,16,500,0.000,5
WML,30,PW,2,51.386345,53.227548,52.451473,52.839510,0.320479,0.373292,1.031638,16,500,0.000,5
WML,30,PW,3,51.410080,41.083100,51.538462,46.310781,9.164749,1.539399,18.750202,16,500,0.000,4
WML,30,PW,4,51.371159,53.492390,34.278246,43.885318,0.335908,12.559587,26.225525,16,500,0.000,3
WML,30,PW,5,51.401314,51.570219,50.040666,50.805442,1.441939,2.071262,4.939904,16,500,0.000,3
WML,30,PW,6,51.400555,51.737314,35.032599,43.384957,1.581477,14.590640,29.639962,16,500,0.000,3
WML,30,PW,7,51.387085,52.075807,44.916560,48.496183,0.698421,8.271980,16.460402,16,500,0.000,5
WML,30,PW,8,51.369957,35.676823,46.411904,41.044364,14.511041,6.797367,31.454030,16,500,0.000,4
WML,30,PW,9,51.365330,52.782103,52.341819,52.561961,0.333852,0.849016,1.777327,16,500,0.000,4
WML,30,PW,10,51.126453,37.393886,53.438043,45.415964,15.945624,0.351828,31.911665,16,500,0.000,3
WML,30,PW,11,51.027092,53.517076,53.123189,53.320133,0.271043,0.275990,0.774602,16,500,0.000,3
WML,30,PW,12,51.370098,49.717037,51.590989,50.654013,2.872761,1.131648,6.043819,16,500,0.000,4
WML,30,PW,13,51.384972,41.067400,53.115224,47.091312,12.084517,0.255249,24.169181,16,500,0.000,5
WML,30,PW,14,51.371048,52.779603,40.965445,46.872524,0.477606,11.952750,23.904940,16,500,0.000,4
WML,30,PW,15,51.456726,53.536000,35.505734,44.520867,0.188146,14.378313,29.302507,16,500,0.000,3
WML,31,PW,0,35.536461,-119.688473,-60.441953,-90.065213,73.747815,44.206959,168.927667,16,500,0.000,2
WML,31,PW,1,48.648834,29.454795,-154.469697,-62.507451,26.554163,211.002227,421.744663,16,500,0.000,4
WML,31,PW,2,33.093246,-109.599146,-142.871036,-126.235091,81.681121,82.795364,225.378679,16,500,0.000,2
WML,31,PW,3,37.328655,-8.061343,19.689094,5.813875,32.082366,22.818022,77.406721,16,500,0.000,2
WML,31,PW,4,8.497002,-140.572464,7.653328,-66.459568,109.296044,29.693123,231.835103,16,500,0.000,5
WML,31,PW,5,32.900719,-16.198175,12.967738,-1.615218,36.077542,20.090837,81.197506,16,500,0.000,2
WML,31,PW,6,38.939964,-27.604830,32.159946,2.277558,42.723628,20.773122,96.840023,16,500,0.000,3
WML,31,PW,7,35.529266,-18.735842,-77.831997,-48.283920,31.335242,34.221080,94.705258,16,500,0.000,5
WML,31,PW,8,43.996544,-126.317400,-147.260485,-136.788943,56.232645,50.184340,146.028956,16,500,0.000,2
WML,31,PW,9,45.381737,-73.525980,38.413349,-17.556316,67.338647,16.815552,146.033787,16,500,0.000,3
WML,31,PW,10,52.875000,0.007983,10.299165,5.153574,28.506630,21.571837,69.277256,16,500,0.000,3
WML,31,PW,11,32.015575,-86.554211,-380.719097,-233.636654,42.417178,307.778056,619.226327,16,500,0.000,3
WML,31,PW,12,36.644188,-45.248038,-48.393017,-46.820528,50.796338,76.840309,177.985546,16,500,0.000,3
WML,31,PW,13,42.441608,20.211082,24.271212,22.241147,20.885898,26.829299,65.728600,16,500,0.000,3
WML,31,PW,14,51.404274,-52.440000,-135.419557,-93.929779,33.440265,132.032247,266.631494,16,500,0.000,2
WML,31,PW,15,50.816208,1.552839,-85.814507,-42.130834,38.118788,106.888053,223.860922,16,500,0.000,3
WML,32,WML,0,0.402046,-50.645356,-23.650787,-37.148072,13.482482,11.362162,36.809316,16,500,0.000,3
WML,32,WML,1,0.403637,-17.351507,-39.993088,-28.672298,3.947820,15.929698,33.797076,16,500,0.000,5
WML,32,WML,2,0.390266,-33.271534,-141.903991,-87.587763,10.039089,51.924623,116.571360,16,500,0.000,4
WML,32,WML,3,0.412189,-22.899274,-23.292474,-23.095874,5.183286,8.627489,19.448084,16,500,0.000,4
WML,32,WML,4,0.395834,-63.645172,-43.669955,-53.657564,15.039352,17.955047,46.415317,16,500,0.000,4
WML,32,WML,5,0.399512,-57.911912,-46.639114,-52.275513,18.049718,20.105946,52.529751,16,500,0.000,4
WML,32,WML,6,0.401353,-35.202106,-62.380670,-48.791388,10.863970,28.506903,60.592729,16,500,0.000,5
WML,32,WML,7,0.410896,-49.896246,-15.015201,-32.455724,17.094193,3.665171,38.282166,16,500,0.000,5
WML,32,WML,8,0.404810,-54.370097,-46.057681,-50.213889,23.682001,12.740172,52.136193,16,500,0.000,3
WML,32,WML,9,0.407494,-111.246011,-22.837535,-67.041773,52.510055,5.198479,111.709957,16,500,0.000,5
WML,32,WML,10,0.406075,-26.129130,-56.180963,-41.155046,8.115338,13.869764,34.711458,16,500,0.000,3
WML,32,WML,11,0.409512,-34.078060,-18.478870,-26.278465,15.111694,6.738644,32.969284,16,500,0.000,5
WML,32,WML,12,0.395341,-27.894765,-36.163996,-32.029381,9.073082,17.169462,37.763960,16,500,0.000,4
WML,32,WML,13,0.398655,-41.478713,-30.885817,-36.182265,10.328233,4.357317,22.339382,16,500,0.000,5
WML,32,WML,14,0.399411,-33.007797,-43.708820,-38.358308,20.341747,9.265475,43.541280,16,500,0.000,5
WML,32,WML,15,0.405878,-48.422764,-44.585812,-46.504288,17.418903,15.246953,44.772464,16,500,0.000,5
WML,33,WML,0,0.351933,-375.495028,-442.962547,-409.228787,68.101653,36.807364,153.578216,16,500,0.000,5
WML,33,WML,1,0.389720,-384.260468,-251.609146,-317.934807,54.908138,33.340569,141.767258,16,500,0.000,4
WML,33,WML,2,0.373232,-207.572422,-127.585069,-167.578745,45.664258,34.024641,117.528533,16,500,0.000,5
WML,33,WML,3,0.358036,-292.056107,-457.669270,-374.862688,40.742322,71.354140,180.330527,16,500,0.000,5
WML,33,WML,4,0.356552,-491.857937,-381.500427,-436.679182,72.012309,56.522224,185.835958,16,500,0.000,6
WML,33,WML,5,0.366128,-295.841583,-364.466282,-330.153933,64.367588,37.841267,148.558783,16,500,0.000,6
WML,33,WML,6,0.371370,-270.605005,-295.620190,-283.112597,96.321195,62.924673,222.679308,16,500,0.000,5
WML,33,WML,7,0.358928,-456.194714,-545.977924,-501.086319,41.492070,106.802147,226.189944,16,500,0.000,6
WML,33,WML,8,0.371979,-216.529089,-186.298608,-201.413848,47.801448,55.647491,142.601155,16,500,0.000,6
WML,33,WML,9,0.358743,-384.994775,-352.289886,-368.642331,105.221193,59.133246,233.823280,16,500,0.000,5
WML,33,WML,10,0.396973,-310.843317,-444.967306,-377.905312,47.946859,73.527076,183.201961,16,500,0.000,5
WML,33,WML,11,0.354371,-396.608977,-422.690884,-409.649930,55.585300,31.458269,124.140932,16,500,0.000,5
WML,33,WML,12,0.363578,-244.474889,-257.357406,-250.916147,44.066496,81.296974,178.796506,16,500,0.000,5
WML,33,WML,13,0.369516,-231.755888,-239.583411,-235.669650,34.031182,62.416219,137.419988,16,500,0.000,5
WML,33,WML,14,0.377128,-346.341134,-301.191574,-323.766354,62.165388,59.195840,167.491327,16,500,0.000,6
WML,33,WML,15,0.372584,-68.731492,-140.455739,-104.593615,18.387239,23.612337,68.669701,16,500,0.000,6
WML,34,WML,0,0.357446,-238.076223,-351.706319,-294.891271,60.933567,91.808433,220.844096,16,500,0.000,6
WML,34,WML,1,0.365397,-197.164800,-276.835633,-237.000217,47.965544,47.651512,136.963724,16,500,0.000,5
WML,34,WML,2,0.354244,-89.969891,-273.449062,-181.709477,21.230420,95.956298,212.214604,16,500,0.000,6
WML,34,WML,3,0.382529,-120.685337,-84.312745,-102.499041,69.458629,46.006244,162.068318,16,500,0.000,5
WML,34,WML,4,0.354260,-297.595558,-242.083755,-269.839657,71.423704,87.829584,220.603355,16,500,0.000,5
WML,34,WML,5,0.364956,-172.793528,-256.033934,-214.413731,46.102692,91.156804,202.002812,16,500,0.000,6
WML,34,WML,6,0.363892,-249.932198,-230.402854,-240.167526,52.158260,56.522276,148.947347,16,500,0.000,6
WML,34,WML,7,0.357614,-167.447138,-127.434347,-147.440743,47.644724,32.120301,112.931002,16,500,0.000,6
WML,34,WML,8,0.371100,-278.732055,-244.312267,-261.522161,61.644122,38.287506,141.334359,16,500,0.000,5
WML,34,WML,9,0.382236,-304.386353,-396.470766,-350.428559,57.579470,45.499035,149.556986,16,500,0.000,5
WML,34,WML,10,0.382393,-44.394069,-71.347995,-57.871032,21.867733,33.824977,79.059623,16,500,0.000,6
WML,34,WML,11,0.380437,-259.734499,-161.808772,-210.771635,71.644043,70.153117,200.233230,16,500,0.000,4
WML,34,WML,12,0.370534,-178.312023,-178.178977,-178.245500,36.778978,49.754186,119.548516,16,500,0.000,4
WML,34,WML,13,0.364957,-295.884582,-209.687381,-252.785981,73.611737,31.936579,161.303704,16,500,0.000,6
WML,34,WML,14,0.371379,-81.089457,-48.248138,-64.668798,28.125610,19.191535,67.940486,16,500,0.000,6
WML,34,WML,15,0.366349,-214.191614,-288.277831,-251.234722,49.140495,85.505636,194.355547,16,500,0.000,5
WML,35,WML,0,0.775094,-41.666389,-48.229000,-44.947695,22.789648,21.125407,60.138020,16,500,0.000,3
WML,35,WML,1,0.680015,-18.043591,-72.091310,-45.067450,11.414624,36.728716,79.383033,16,500,0.000,3
WML,35,WML,2,0.765658,-41.637304,-39.124091,-40.380697,13.405561,13.945161,37.397997,16,500,0.000,5
WML,35,WML,3,0.767908,-66.282068,-28.229375,-47.255722,29.259237,10.514021,63.205640,16,500,0.000,5
WML,35,WML,4,0.539797,-56.590993,-44.985869,-50.788431,16.102763,17.533315,46.385931,16,500,0.000,5
WML,35,WML,5,0.734439,-38.544664,-12.446797,-25.495731,11.739373,3.557380,27.264865,16,500,0.000,3
WML,35,WML,6,0.766478,-14.908856,-44.577961,-29.743409,10.761450,10.520857,32.868292,16,500,0.000,4
WML,35,WML,7,0.843923,-56.516674,-29.734552,-43.125613,20.851544,8.657322,45.763413,16,500,0.000,3
WML,35,WML,8,0.767918,-101.293572,-81.208545,-91.251059,41.772536,41.153838,113.775887,16,500,0.000,5
WML,35,WML,9,0.548713,-39.358450,-104.807326,-72.082888,12.878011,69.033241,139.831896,16,500,0.000,4
WML,35,WML,10,0.652599,-26.480392,-20.075093,-23.277742,4.494760,7.051627,16.492619,16,500,0.000,3
WML,35,WML,11,0.615682,-29.370548,-54.407971,-41.889260,17.061452,12.962959,43.373457,16,500,0.000,3
WML,35,WML,12,0.773860,-28.604532,-35.829888,-32.217210,15.393191,15.054669,41.769250,16,500,0.000,4
WML,35,WML,13,0.663709,-70.317118,-20.844521,-45.580819,30.722399,12.507109,68.995938,16,500,0.000,4
WML,35,WML,14,0.545530,-35.749558,-25.597479,-30.673519,14.224311,13.086315,37.711968,16,500,0.000,5
WML,35,WML,15,0.560755,-50.566292,-4.099465,-27.332879,29.021156,4.655304,61.652266,16,500,0.000,5
WML,36,WML,0,0.372199,-125.147758,-104.221420,-114.684589,18.028244,36.716641,79.769205,16,500,0.000,4
WML,36,WML,1,0.385405,-173.302751,-190.149446,-181.726098,23.886986,20.602197,61.566985,16,500,0.000,4
WML,36,WML,2,0.378336,-159.281472,-123.979860,-141.630666,20.409028,19.136487,57.048456,16,500,0.000,3
WML,36,WML,3,0.375617,-138.544529,-132.877614,-135.711071,17.649042,18.496540,49.484445,16,500,0.000,3
WML,36,WML,4,0.387973,-165.047955,-191.271067,-178.159511,28.836211,15.322220,64.530751,16,500,0.000,5
WML,36,WML,5,0.371343,-181.012907,-176.452343,-178.732625,29.265601,21.335987,70.018274,16,500,0.000,5
WML,36,WML,6,0.390349,-168.324533,-149.280517,-158.802525,12.157812,24.811373,54.284454,16,500,0.000,4
WML,36,WML,7,0.373057,-167.721556,-180.158947,-173.940251,18.369337,23.494771,57.981156,16,500,0.000,2
WML,36,WML,8,0.374727,-142.741402,-171.172379,-156.956890,23.310636,16.641732,57.254944,16,500,0.000,4
WML,36,WML,9,0.378820,-130.725533,-163.062316,-146.893924,10.390266,24.269276,53.673192,16,500,0.000,4
WML,36,WML,10,0.387091,-169.287201,-202.418495,-185.852848,23.445077,13.738251,55.221829,16,500,0.000,4
WML,36,WML,11,0.386723,-152.212237,-184.517035,-168.364636,18.039293,40.835774,87.856354,16,500,0.000,5
WML,36,WML,12,0.379155,-125.213493,-160.159958,-142.686725,24.232935,15.240221,58.181895,16,500,0.000,5
WML,36,WML,13,0.383660,-174.164508,-172.004762,-173.084635,20.489712,13.488384,47.411311,16,500,0.000,5
WML,36,WML,14,0.386017,-149.661620,-144.143826,-146.902723,16.785048,21.577226,52.897005,16,500,0.000,4
WML,36,WML,15,0.381067,-186.031280,-152.346505,-169.188892,44.261165,28.977005,103.687620,16,500,0.000,4
WML,37,WML,0,32.458984,25.690943,17.147767,21.419355,6.595968,11.786999,26.468334,16,500,0.000,5
WML,37,WML,1,33.201439,30.875877,24.298442,27.587159,0.889089,7.868294,15.672226,16,500,0.000,4
WML,37,WML,2,33.734177,34.539608,35.899371,35.219489,1.361640,1.535436,4.026968,16,500,0.000,5
WML,37,WML,3,33.413303,-1.792385,13.046966,5.627290,23.266344,16.619140,55.774465,16,500,0.000,4
WML,37,WML,4,33.450062,0.565764,36.536308,18.551036,24.765903,1.500171,51.412804,16,500,0.000,5
WML,37,WML,5,32.634373,25.052220,19.944868,22.498544,9.130054,9.315021,25.339667,16,500,0.000,5
WML,37,WML,6,33.801498,14.026603,-2.177854,5.924375,11.595248,17.476590,41.379280,16,500,0.000,5
WML,37,WML,7,33.902298,20.109806,-5.779058,7.165374,11.176089,23.416433,51.885806,16,500,0.000,4
WML,37,WML,8,32.565464,18.491794,-6.721416,5.885189,14.192698,17.692164,45.717803,16,500,0.000,4
WML,37,WML,9,33.859756,-2.895432,13.201001,5.152785,15.658865,13.976754,41.398200,16,500,0.000,3
WML,37,WML,10,34.541103,22.401056,33.987981,28.194518,12.722617,2.031525,25.602843,16,500,0.000,4
WML,37,WML,11,31.539932,15.578310,27.183353,21.380831,8.137221,4.214684,18.693085,16,500,0.000,4
WML,37,WML,12,32.524918,37.319053,17.491006,27.405029,1.420655,9.738572,21.597310,16,500,0.000,4
WML,37,WML,13,34.315826,32.881960,34.173868,33.527914,2.061382,1.114616,4.576820,16,500,0.000,4
WML,37,WML,14,32.880043,30.029631,28.402938,29.216284,4.423236,3.126077,10.499135,16,500,0.000,5
WML,37,WML,15,33.133972,4.012643,27.409511,15.711077,16.448189,8.515055,37.771596,16,500,0.000,5
WML,38,WML,0,2.870090,-61.121829,-18.214887,-39.668358,60.241511,10.774823,120.302859,16,500,0.000,5
WML,38,WML,1,7.964242,17.414975,7.554615,12.484795,2.664797,8.698043,18.299916,16,500,0.000,5
WML,38,WML,2,1.307425,-37.484153,-54.954034,-46.219094,13.537864,30.562112,65.212733,16,500,0.000,5
WML,38,WML,3,3.146411,-96.640870,-31.252160,-63.946515,31.288401,11.958349,72.999013,16,500,0.000,4
WML,38,WML,4,8.401727,-0.148700,-19.297466,-9.723083,4.483844,17.798492,36.817213,16,500,0.000,5
WML,38,WML,5,5.564564,2.271074,1.632797,1.951936,11.157054,5.131930,23.730932,16,500,0.000,6
WML,38,WML,6,3.402511,-55.281446,-33.903170,-44.592308,22.265694,12.693659,50.737211,16,500,0.000,6
WML,38,WML,7,3.399124,-53.302679,-36.599937,-44.951308,17.548041,11.711017,41.665733,16,500,0.000,5
WML,38,WML,8,8.437693,-8.222441,-1.974277,-5.098359,9.354129,6.120231,21.838417,16,500,0.000,5
WML,38,WML,9,7.101179,-42.002211,-14.603559,-28.302885,11.645590,11.733934,34.935964,16,500,0.000,6
WML,38,WML,10,4.975240,9.925888,-6.071525,1.927181,3.355160,15.046808,30.911515,16,500,0.000,5
WML,38,WML,11,4.418278,-49.740501,-37.148927,-43.444714,17.031037,16.267626,45.968784,16,500,0.000,4
WML,38,WML,12,1.594255,-75.446968,-19.222211,-47.334590,68.365968,7.232205,135.968790,16,500,0.000,6
WML,38,WML,13,6.405965,1.444862,12.580984,7.012923,9.416187,2.376497,19.625735,16,500,0.000,4
WML,38,WML,14,3.402777,-8.813728,-8.558216,-8.685972,6.155790,5.053602,15.389367,16,500,0.000,5
WML,38,WML,15,6.447414,3.117488,-12.750249,-4.816381,3.669385,9.401716,21.152010,16,500,0.000,6
WML,39,WML,0,48.063225,40.629128,23.386647,32.007888,7.944047,15.353100,34.567272,16,500,0.000,3
WML,39,WML,1,48.064560,49.257814,42.836022,46.046918,0.190699,4.709500,9.692058,16,500,0.000,2
WML,39,WML,2,48.062401,41.577100,48.857009,45.217055,6.630927,0.565702,13.396975,16,500,0.000,2
WML,39,WML,3,48.063229,48.622820,48.332097,48.477459,0.192531,0.481561,1.013257,16,500,0.000,2
WML,39,WML,4,48.052765,47.535719,49.393734,48.464726,1.376857,0.341470,2.904016,16,500,0.000,2
WML,39,WML,5,48.062271,40.717004,44.479798,42.598401,3.443685,1.200292,7.309426,16,500,0.000,2
WML,39,WML,6,48.062111,49.105818,46.349009,47.727413,0.377116,1.560326,3.412747,16,500,0.000,2
WML,39,WML,7,48.060745,45.952050,48.726712,47.339381,1.822847,0.528074,3.936889,16,500,0.000,2
WML,39,WML,8,48.061302,48.545481,48.105385,48.325433,0.361852,0.621081,1.407332,16,500,0.000,2
WML,39,WML,9,48.044510,47.804673,48.144362,47.974518,0.669913,0.277012,1.411633,16,500,0.000,2
WML,39,WML,10,48.063835,45.677651,48.576659,47.127155,2.534095,0.389863,5.175199,16,500,0.000,2
WML,39,WML,11,48.061569,48.563260,23.265848,35.914554,0.355751,19.163697,39.270660,16,500,0.000,3
WML,39,WML,12,48.063866,45.897833,48.358076,47.127955,1.968162,0.625566,4.187687,16,500,0.000,2
WML,39,WML,13,48.060097,47.744034,48.600357,48.172196,0.572887,0.433707,1.457075,16,500,0.000,2
WML,39,WML,14,48.061832,48.371001,39.548058,43.959529,0.336017,9.122468,18.217186,16,500,0.000,2
WML,39,WML,15,48.062492,20.378877,38.892775,29.635826,21.573744,9.836854,46.800074,16,500,0.000,2
WML,40,WML,0,53.289658,49.127848,54.409334,51.768591,5.244851,0.629846,10.564929,16,500,0.000,0
WML,40,WML,1,53.278313,52.936377,54.301876,53.619126,1.607700,0.313759,3.242574,16,500,0.000,0
WML,40,WML,2,53.353477,55.032935,54.571115,54.802025,0.455469,0.284652,1.064829,16,500,0.000,0
WML,40,WML,3,53.353703,44.650211,50.187616,47.418913,10.427253,2.536746,20.931255,16,500,0.000,0
WML,40,WML,4,53.336739,50.012190,48.748177,49.380184,3.853357,5.955347,13.721039,16,500,0.000,0
WML,40,WML,5,53.345276,51.475892,52.122278,51.799085,2.142611,2.671591,6.625452,16,500,0.000,0
WML,40,WML,6,53.367527,49.002314,35.079010,42.040662,5.780514,13.508160,29.285923,16,500,0.000,0
WML,40,WML,7,53.341877,55.053560,44.021261,49.537411,0.264468,10.785725,21.610718,16,500,0.000,0
WML,40,WML,8,53.358513,53.813964,53.281616,53.547790,0.602709,0.840579,2.017326,16,500,0.000,0
WML,40,WML,9,53.352928,49.799213,53.877744,51.838479,4.833267,1.154867,9.829928,16,500,0.000,0
WML,40,WML,10,53.237732,39.481869,19.230828,29.356348,14.291649,31.028974,66.830697,16,500,0.000,0
WML,40,WML,11,53.323151,52.923169,50.172635,51.547902,1.388426,4.607421,9.405675,16,500,0.000,0
WML,40,WML,12,53.347752,54.796374,50.322650,52.559512,0.406494,5.028585,10.017863,16,500,0.000,0
WML,40,WML,13,53.295345,44.275994,47.301978,45.788986,9.086270,7.624986,22.972254,16,500,0.000,0
WML,40,WML,14,53.405693,42.840643,41.714947,42.277795,11.487402,11.481149,31.386399,16,500,0.000,0
WML,40,WML,15,53.270134,42.653213,44.922867,43.788040,12.663989,10.289774,31.549903,16,500,0.000,0
WML,41,WML,0,49.466438,50.768384,50.603175,50.685780,0.236523,0.421455,0.937691,16,500,0.000,0
WML,41,WML,1,49.463715,31.874864,40.125733,36.000298,11.936992,9.919945,30.290311,16,500,0.000,0
WML,41,WML,2,49.451824,50.476108,45.785267,48.130687,0.263519,4.912097,9.808540,16,500,0.000,0
WML,41,WML,3,49.460835,46.007725,49.390164,47.698944,4.624404,1.075855,9.338623,16,500,0.000,0
WML,41,WML,4,49.468498,31.586862,43.715587,37.651225,16.747792,6.285582,35.126686,16,500,0.000,0
WML,41,WML,5,49.434860,32.516437,10.840888,21.678662,12.224268,35.441766,73.298568,16,500,0.000,0
WML,41,WML,6,49.469017,15.154171,43.830448,29.492310,31.574868,6.571618,64.051119,16,500,0.000,0
WML,41,WML,7,49.447037,50.918939,47.031327,48.975133,0.246578,3.712832,7.464698,16,500,0.000,0
WML,41,WML,8,49.461391,43.385664,49.484344,46.435004,4.390214,0.650416,9.135311,16,500,0.000,0
WML,41,WML,9,49.466496,50.528396,48.512832,49.520614,0.305663,2.193214,4.403426,16,500,0.000,0
WML,41,WML,10,49.468815,33.559708,47.906383,40.733046,17.040031,1.429019,33.860473,16,500,0.000,0
WML,41,WML,11,49.473408,49.775342,49.332854,49.554098,0.290779,0.867908,1.783273,16,500,0.000,0
WML,41,WML,12,49.461861,50.875083,41.457454,46.166269,0.251903,8.503046,17.141024,16,500,0.000,0
WML,41,WML,13,49.448204,28.569629,40.448991,34.509310,16.008967,9.458159,36.447340,16,500,0.000,0
WML,41,WML,14,49.467258,50.012444,45.064137,47.538290,0.454646,4.923573,9.889544,16,500,0.000,0
WML,41,WML,15,49.461151,50.387003,49.730650,50.058826,0.310446,0.975505,2.006829,16,500,0.000,0
WML,42,WML,0,6.103129,-8.256467,4.370550,-1.942959,9.715741,11.302917,29.527675,16,500,0.000,3
WML,42,WML,1,8.097287,-13.806280,15.531757,0.862738,12.020400,5.407995,29.633451,16,500,0.000,2
WML,42,WML,2,7.997413,-6.450865,-0.008860,-3.229862,19.735164,12.419472,45.176924,16,500,0.000,4
WML,42,WML,3,7.476686,8.890668,-6.071058,1.409805,8.035914,9.984786,25.941777,16,500,0.000,5
WML,42,WML,4,8.004245,-27.151156,-0.656734,-13.903945,23.907128,19.351375,60.983768,16,500,0.000,5
WML,42,WML,5,6.151156,6.099805,14.722396,10.411100,12.533116,9.506312,30.718656,16,500,0.000,3
WML,42,WML,6,5.016502,3.939455,3.954208,3.946832,10.650074,8.372036,26.174853,16,500,0.000,5
WML,42,WML,7,6.013184,11.623424,19.344220,15.483822,5.157110,2.461358,11.739024,16,500,0.000,3
WML,42,WML,8,4.962017,-2.309287,14.230125,5.960419,13.877178,4.539668,29.476035,16,500,0.000,5
WML,42,WML,9,6.318687,10.260674,0.638333,5.449503,7.357802,11.058400,26.140880,16,500,0.000,3
WML,42,WML,10,5.816332,3.462999,-3.402900,0.030049,6.218875,7.785887,19.577285,16,500,0.000,2
WML,42,WML,11,8.024074,15.510055,1.610108,8.560081,6.621362,12.928607,28.969349,16,500,0.000,3
WML,42,WML,12,5.366090,17.855265,13.399818,15.627542,3.887350,3.243090,10.048664,16,500,0.000,5
WML,42,WML,13,5.670475,13.791059,-5.755562,4.017748,5.320605,16.963980,35.804159,16,500,0.000,3
WML,42,WML,14,5.402422,-29.666189,-12.192697,-20.929443,15.344838,15.511957,43.113836,16,500,0.000,4
WML,42,WML,15,8.314979,-5.613438,-19.994459,-12.803949,11.415296,15.010827,37.186694,16,500,0.000,4
WML,43,WML,0,46.844162,47.139872,46.545439,46.842655,0.340463,1.452971,2.899743,16,500,0.000,1
WML,43,WML,1,46.904297,47.870700,46.685244,47.277972,0.190814,0.891831,1.865484,16,500,0.000,1
WML,43,WML,2,46.869724,47.494265,47.575598,47.534931,0.534139,0.325524,1.209341,16,500,0.000,2
WML,43,WML,3,46.922035,47.984354,46.926700,47.455527,0.160442,1.047964,2.120014,16,500,0.000,2
WML,43,WML,4,46.848751,15.409964,30.162405,22.786185,27.321153,17.767329,63.429460,16,500,0.000,1
WML,43,WML,5,46.883404,47.849321,47.838747,47.844034,0.321020,0.253469,0.790329,16,500,0.000,2
WML,43,WML,6,46.791046,47.651119,45.226341,46.438730,0.318872,1.648868,3.478152,16,500,0.000,1
WML,43,WML,7,46.888554,24.091978,46.904173,35.498076,24.261661,0.602507,48.349487,16,500,0.000,1
WML,43,WML,8,46.915298,40.394245,47.873261,44.133753,6.712295,0.319127,13.546268,16,500,0.000,1
WML,43,WML,9,46.857185,35.434260,40.226675,37.830468,7.668802,5.050358,17.913870,16,500,0.000,2
WML,43,WML,10,46.888420,47.213751,47.352681,47.283216,0.434383,0.288558,1.010170,16,500,0.000,1
WML,43,WML,11,46.914993,4.426681,47.767478,26.097079,27.424866,0.255893,57.524643,16,500,0.000,1
WML,43,WML,12,46.901447,38.653677,32.253777,35.453727,6.145600,11.498648,25.407511,16,500,0.000,1
WML,43,WML,13,46.900772,45.340281,46.112601,45.726441,2.211430,1.247186,4.921762,16,500,0.000,1
WML,43,WML,14,46.924950,48.032944,32.941658,40.487301,0.449704,15.223024,30.440958,16,500,0.000,2
WML,43,WML,15,46.905640,45.685356,47.022266,46.353811,1.732934,0.623338,3.624725,16,500,0.000,0
WML,44,WML,0,44.740662,44.918610,44.970493,44.944551,0.556483,0.644873,1.646019,16,500,0.000,3
WML,44,WML,1,44.964439,44.493815,44.012575,44.253195,0.431298,0.816932,1.802157,16,500,0.000,2
WML,44,WML,2,45.302574,23.749262,44.547065,34.148164,19.645356,0.860855,39.483613,16,500,0.000,3
WML,44,WML,3,45.124084,44.337171,31.252945,37.795058,0.637341,13.833968,27.597996,16,500,0.000,3
WML,44,WML,4,45.134029,27.875864,32.673192,30.274528,12.491063,11.548271,32.962458,16,500,0.000,2
WML,44,WML,5,44.926506,45.280000,42.172493,43.726247,0.257674,2.413025,4.955906,16,500,0.000,2
WML,44,WML,6,45.088306,43.724046,44.748359,44.236202,1.818538,0.403523,3.637873,16,500,0.000,3
WML,44,WML,7,44.945004,45.527528,18.238564,31.883046,0.363815,18.174879,37.845678,16,500,0.000,2
WML,44,WML,8,44.564850,42.473112,23.845065,33.159089,0.710788,16.076447,32.547021,16,500,0.000,0
WML,44,WML,9,45.174793,45.049667,44.838589,44.944128,0.304405,0.515921,1.162558,16,500,0.000,3
WML,44,WML,10,44.342278,35.103853,39.693658,37.398755,6.072389,3.823253,14.065965,16,500,0.000,3
WML,44,WML,11,45.278702,45.443293,38.530849,41.987071,0.408103,5.903320,11.977782,16,500,0.000,2
WML,44,WML,12,45.191269,42.293195,43.871278,43.082237,1.426189,1.182788,3.671597,16,500,0.000,1
WML,44,WML,13,45.006561,14.785870,45.171027,29.978448,24.027981,0.324959,49.010340,16,500,0.000,3
WML,44,WML,14,45.228268,44.283693,23.563363,33.923528,0.494529,19.982956,40.077311,16,500,0.000,3
WML,44,WML,15,45.128620,33.524331,29.463777,31.494054,7.830331,8.394565,22.279720,16,500,0.000,3
WML,45,WML,0,53.776627,56.382008,-9.382945,23.499532,0.159014,49.297771,101.125884,16,500,0.000,0
WML,45,WML,1,53.899246,51.147639,53.651465,52.399552,2.774032,1.944206,6.671767,16,500,0.000,0
WML,45,WML,2,53.784672,52.299288,47.262263,49.780775,2.142779,7.890650,16.011043,16,500,0.000,0
WML,45,WML,3,53.842392,46.149408,53.632543,49.890975,10.195495,1.821015,20.381012,16,500,0.000,0
WML,45,WML,4,53.870697,28.658537,55.738036,42.198287,27.743319,0.405312,55.404654,16,500,0.000,0
WML,45,WML,5,53.950562,43.615709,55.515937,49.565823,12.814617,0.429692,25.524901,16,500,0.000,0
WML,45,WML,6,53.898361,55.113867,41.054959,48.084413,1.549333,14.234203,28.602258,16,500,0.000,0
WML,45,WML,7,53.914810,55.795750,55.945338,55.870544,0.303755,0.220943,0.729847,16,500,0.000,0
WML,45,WML,8,53.847237,54.411806,55.305973,54.858890,1.159281,1.072489,3.086221,16,500,0.000,0
WML,45,WML,9,53.934891,56.634140,39.719991,48.177065,0.337153,16.002722,32.136788,16,500,0.000,0
WML,45,WML,10,53.875927,55.787026,20.755396,38.271211,0.669660,24.917895,51.448652,16,500,0.000,0
WML,45,WML,11,53.772106,55.640631,56.155250,55.897941,0.434627,0.261402,1.015358,16,500,0.000,0
WML,45,WML,12,53.729820,52.911177,56.868815,54.889996,2.908350,0.282414,6.004410,16,500,0.000,0
WML,45,WML,13,53.870911,55.595809,55.398261,55.497035,0.262969,0.698502,1.445714,16,500,0.000,0
WML,45,WML,14,53.772198,32.831694,52.410025,42.620859,22.960193,2.593845,45.775947,16,500,0.000,0
WML,45,WML,15,53.841881,54.756929,51.108349,52.932639,1.399185,4.145252,8.660774,16,500,0.000,0
WML,46,WML,0,52.617592,47.710239,53.801295,50.755767,3.580699,0.314479,7.624262,16,500,0.000,1
WML,46,WML,1,52.655613,53.578260,54.037757,53.808009,0.337528,0.279127,0.878917,16,500,0.000,1
WML,46,WML,2,52.640617,49.279066,49.571042,49.425054,4.862813,4.063780,12.245739,16,500,0.000,1
WML,46,WML,3,52.643322,30.840373,48.396581,39.618477,19.459859,4.658067,39.710929,16,500,0.000,1
WML,46,WML,4,52.656425,24.485435,6.946163,15.715799,28.485098,19.659697,67.484891,16,500,0.000,1
WML,46,WML,5,52.610954,53.701591,53.170169,53.435880,0.231114,0.773414,1.583630,16,500,0.000,1
WML,46,WML,6,52.609856,53.332372,52.953424,53.142898,0.384737,0.491191,1.221330,16,500,0.000,1
WML,46,WML,7,52.629326,52.628925,53.821692,53.225309,1.208077,0.415065,2.543850,16,500,0.000,1
WML,46,WML,8,52.599861,54.172887,53.168211,53.670549,0.285681,0.439040,1.137313,16,500,0.000,1
WML,46,WML,9,52.654037,54.074125,51.445368,52.759746,0.323068,2.003635,4.149709,16,500,0.000,1
WML,46,WML,10,52.639526,47.290529,38.512331,42.901430,6.172852,7.797617,19.743380,16,500,0.000,1
WML,46,WML,11,52.602566,37.106027,53.944740,45.525383,11.420000,0.235980,23.721447,16,500,0.000,1
WML,46,WML,12,52.648659,27.332583,39.161870,33.247226,24.983869,14.005968,55.677606,16,500,0.000,1
WML,46,WML,13,52.648773,53.568097,42.531177,48.049637,0.311093,6.976400,14.647419,16,500,0.000,1
WML,46,WML,14,52.660583,51.443068,52.679688,52.061378,2.117836,0.429425,4.223872,16,500,0.000,1
WML,46,WML,15,52.612656,52.799199,53.800095,53.299647,0.823475,0.546660,1.978489,16,500,0.000,1
WML,47,WML,0,5.325441,-13.172967,16.489556,1.658295,20.212038,7.871715,44.622058,16,500,0.000,5
WML,47,WML,1,12.065958,16.777741,28.874722,22.826231,15.500932,1.340883,30.704671,16,500,0.000,4
WML,47,WML,2,7.940573,-15.042465,-26.410319,-20.726392,17.361033,18.982830,50.050039,16,500,0.000,3
WML,47,WML,3,1.548738,0.582889,-26.392687,-12.904899,12.139638,20.147956,47.536751,16,500,0.000,4
WML,47,WML,4,1.810323,-64.859221,-49.879441,-57.369331,21.115614,14.418808,50.005840,16,500,0.000,4
WML,47,WML,5,8.270706,-95.189724,-47.364425,-71.277075,16.200448,19.525281,54.891250,16,500,0.000,5
WML,47,WML,6,22.051727,18.051345,30.688516,24.369931,10.500284,1.919450,21.632455,16,500,0.000,5
WML,47,WML,7,10.928648,-68.291338,-21.753818,-45.022578,24.268829,21.541748,67.147722,16,500,0.000,3
WML,47,WML,8,6.483309,-36.221787,-1.870024,-19.045906,28.773745,15.991021,66.032355,16,500,0.000,6
WML,47,WML,9,19.808472,19.619813,32.155376,25.887594,10.239490,1.254993,20.957420,16,500,0.000,5
WML,47,WML,10,2.582530,-40.415433,-31.690444,-36.052939,19.603245,18.623866,52.439231,16,500,0.000,4
WML,47,WML,11,22.056831,31.115267,28.154663,29.634965,2.355893,3.296465,7.976666,16,500,0.000,6
WML,47,WML,12,7.162980,-22.869364,2.407496,-10.230934,23.443425,15.384659,55.729984,16,500,0.000,4
WML,47,WML,13,9.259035,-55.022463,-3.066813,-29.044638,25.841978,13.884660,62.711343,16,500,0.000,6
WML,47,WML,14,7.017584,-43.001470,-26.607382,-34.804426,27.117371,23.038312,69.271225,16,500,0.000,5
WML,47,WML,15,10.328938,3.703132,19.968867,11.836000,20.171771,7.015925,42.111927,16,500,0.000,3
WML,48,WML,0,50.825516,50.897871,51.152427,51.025149,1.637369,1.090049,3.802925,16,500,0.000,0
WML,48,WML,1,50.807663,52.108213,50.900558,51.504386,0.185121,0.854480,1.800749,16,500,0.000,0
WML,48,WML,2,50.824776,47.032102,51.897083,49.464593,5.012523,0.294371,10.021799,16,500,0.000,1
WML,48,WML,3,50.822239,43.916700,9.432163,26.674431,7.584780,41.869723,84.123116,16,500,0.000,1
WML,48,WML,4,50.186409,51.595175,51.257646,51.426411,0.264734,0.463386,1.045788,16,500,0.000,0
WML,48,WML,5,50.788048,52.086976,52.511483,52.299229,0.371590,0.176802,0.824772,16,500,0.000,0
WML,48,WML,6,50.817329,51.874180,51.599968,51.737074,0.409052,0.386475,1.096516,16,500,0.000,1
WML,48,WML,7,50.828568,48.335152,44.689683,46.512418,2.937033,5.795038,12.693412,16,500,0.000,1
WML,48,WML,8,50.825294,51.429708,51.735612,51.582660,1.107509,0.732716,2.570699,16,500,0.000,0
WML,48,WML,9,50.819969,50.089181,28.797861,39.443521,1.972813,21.694074,43.502240,16,500,0.000,1
WML,48,WML,10,50.829636,51.604487,51.318192,51.461340,0.333628,0.859988,1.788436,16,500,0.000,2
WML,48,WML,11,50.804810,38.283592,52.162303,45.222948,13.281550,0.497930,26.661751,16,500,0.000,1
WML,48,WML,12,50.825573,50.126866,52.387356,51.257111,1.288330,0.312361,2.814860,16,500,0.000,1
WML,48,WML,13,50.795383,51.030460,52.279413,51.654936,1.204420,0.326707,2.496024,16,500,0.000,2
WML,48,WML,14,50.818611,51.335802,52.394634,51.865218,1.174496,0.256352,2.386256,16,500,0.000,0
WML,48,WML,15,50.826122,48.730857,42.241561,45.486209,3.552854,8.354849,17.859293,16,500,0.000,2
WML,49,WML,0,46.155193,46.447775,40.164715,43.306245,0.423867,6.659825,13.295993,16,500,0.000,2
WML,49,WML,1,46.224701,46.350619,46.171154,46.260886,0.377172,0.401783,1.068812,16,500,0.000,3
WML,49,WML,2,46.228523,37.628623,46.881479,42.255051,6.238536,0.107919,12.968157,16,500,0.000,4
WML,49,WML,3,46.124676,46.426798,31.029420,38.728109,0.594770,11.602593,23.814359,16,500,0.000,4
WML,49,WML,4,45.850365,33.610926,46.537916,40.074421,9.443618,0.208163,19.433721,16,500,0.000,4
WML,49,WML,5,45.947384,44.955104,44.964554,44.959829,0.804314,1.311001,2.971828,16,500,0.000,5
WML,49,WML,6,46.040146,35.965794,44.556398,40.261096,7.168823,1.298846,14.759447,16,500,0.000,4
WML,49,WML,7,46.131676,44.592679,32.219631,38.406155,1.515781,13.539624,27.088785,16,500,0.000,5
WML,49,WML,8,46.077824,46.475749,46.982642,46.729196,0.315593,0.254438,0.825859,16,500,0.000,5
WML,49,WML,9,46.218189,26.719893,15.776350,21.248121,14.156790,30.046176,64.424394,16,500,0.000,5
WML,49,WML,10,46.074146,46.158424,40.065431,43.111928,0.152532,6.948163,13.792054,16,500,0.000,3
WML,49,WML,11,46.176334,43.972081,46.407375,45.189728,2.059506,0.476711,4.273768,16,500,0.000,3
WML,49,WML,12,46.115311,-28.389180,43.517239,7.564029,62.568568,1.188949,126.488876,16,500,0.000,4
WML,49,WML,13,46.129143,47.015559,46.434943,46.725251,0.404652,0.364896,1.094668,16,500,0.000,4
WML,49,WML,14,45.929111,45.636560,45.319892,45.478226,0.261861,1.285271,2.539667,16,500,0.000,3
WML,49,WML,15,46.084244,47.200181,30.506359,38.853270,0.163003,13.058322,26.664996,16,500,0.000,3
WML,50,WML,0,2.789887,-36.570941,8.920126,-13.825408,13.330783,4.479263,35.919418,16,500,0.000,4
WML,50,WML,1,2.516362,-11.430956,-45.681931,-28.556444,9.340908,24.381322,53.458892,16,500,0.000,5
WML,50,WML,2,6.744221,-0.415972,1.813188,0.698608,8.538108,9.949458,25.358460,16,500,0.000,5
WML,50,WML,3,3.544594,-39.385649,-40.482944,-39.934297,19.162877,16.921882,49.399400,16,500,0.000,4
WML,50,WML,4,4.352918,-25.200473,-37.393466,-31.296969,11.407491,20.293974,45.420514,16,500,0.000,5
WML,50,WML,5,6.904162,-5.549796,10.437110,2.443657,9.499915,4.104188,21.632566,16,500,0.000,4
WML,50,WML,6,2.529351,-41.010937,-5.676576,-23.343756,25.131329,15.323917,59.728726,16,500,0.000,6
WML,50,WML,7,2.533793,-2.725769,-6.660680,-4.693224,7.995330,14.098510,31.382328,16,500,0.000,5
WML,50,WML,8,2.629987,-20.236554,10.821678,-4.707438,15.840902,4.326279,35.551750,16,500,0.000,6
WML,50,WML,9,2.848744,-5.986309,-18.765189,-12.375749,12.736401,11.269294,33.515292,16,500,0.000,5
WML,50,WML,10,4.404241,-12.466118,-7.340664,-9.903391,7.518334,7.091089,20.143451,16,500,0.000,6
WML,50,WML,11,3.427774,-40.253881,-6.261756,-23.257818,20.752430,11.454947,49.049018,16,500,0.000,6
WML,50,WML,12,7.665081,-4.885429,-28.927982,-16.906705,9.976722,15.178344,37.226814,16,500,0.000,3
WML,50,WML,13,4.149247,-13.993241,3.153842,-5.419699,17.546985,4.667948,36.183357,16,500,0.000,4
WML,50,WML,14,1.818309,-20.423458,-26.954053,-23.688755,15.853799,16.525896,44.376941,16,500,0.000,6
WML,50,WML,15,4.603165,-14.235549,-23.064970,-18.650259,11.805106,7.833380,27.751621,16,500,0.000,5
WML,51,WML,0,41.544151,32.687559,44.476995,38.582277,9.235984,1.851159,19.191758,16,500,0.000,1
WML,51,WML,1,39.854660,-4.982641,2.342289,-1.320176,30.558193,22.530058,73.454472,16,500,0.000,3
WML,51,WML,2,43.031746,38.502578,45.439234,41.970906,5.131584,2.346367,11.475859,16,500,0.000,3
WML,51,WML,3,42.403381,44.258284,46.304493,45.281389,3.503315,1.330136,7.317225,16,500,0.000,2
WML,51,WML,4,42.542290,46.875820,25.463832,36.169826,0.639772,12.860734,27.226371,16,500,0.000,3
WML,51,WML,5,38.912121,14.293328,40.714134,27.503731,24.437556,3.959003,49.741221,16,500,0.000,1
WML,51,WML,6,42.200035,47.187065,40.255097,43.721081,0.649860,4.638692,9.732544,16,500,0.000,2
WML,51,WML,7,42.140587,42.393081,42.732853,42.562967,4.201176,3.423891,10.473284,16,500,0.000,2
WML,51,WML,8,40.289677,26.105104,42.054405,34.079755,14.191138,5.924594,30.833874,16,500,0.000,1
WML,51,WML,9,44.157188,47.120228,35.022221,41.071224,0.689264,13.120336,26.143288,16,500,0.000,2
WML,51,WML,10,42.241962,46.934441,8.016353,27.475397,0.419535,38.809033,77.636858,16,500,0.000,3
WML,51,WML,11,42.772171,46.350131,7.479576,26.914854,0.798855,32.810140,66.515017,16,500,0.000,3
WML,51,WML,12,40.519333,43.596102,44.887005,44.241554,1.886438,1.137931,4.308625,16,500,0.000,2
WML,51,WML,13,42.361012,46.901811,40.077295,43.489553,0.860794,6.690918,13.502642,16,500,0.000,2
WML,51,WML,14,41.712883,-21.726904,46.339965,12.306530,69.262373,1.761795,138.408499,16,500,0.000,1
WML,51,WML,15,42.626968,14.030047,29.677287,21.853667,32.125330,16.444898,70.198647,16,500,0.000,2
WML,52,WML,0,54.440277,56.167994,53.053206,54.610600,0.333409,2.253517,4.686290,16,500,0.000,0
WML,52,WML,1,54.441631,54.648477,41.354448,48.001463,1.513804,12.777686,25.791901,16,500,0.000,0
WML,52,WML,2,54.459969,56.334473,46.301560,51.318016,0.522944,8.051754,16.428580,16,500,0.000,0
WML,52,WML,3,54.515556,56.040949,55.303872,55.672410,0.405694,0.848827,1.857209,16,500,0.000,0
WML,52,WML,4,54.431290,36.488884,55.992733,46.240808,17.089467,0.415557,34.531207,16,500,0.000,0
WML,52,WML,5,54.388920,56.254097,53.801526,55.027811,0.689543,1.476604,3.393983,16,500,0.000,0
WML,52,WML,6,54.508438,32.146172,43.562881,37.854527,20.065071,12.693972,46.253669,16,500,0.000,0
WML,52,WML,7,54.513119,56.648118,55.647294,56.147706,0.335714,0.456009,1.210038,16,500,0.000,0
WML,52,WML,8,54.477936,41.141283,55.193522,48.167403,10.215634,0.707673,21.074504,16,500,0.000,0
WML,52,WML,9,54.532314,52.618005,47.121181,49.869593,2.905689,8.139777,16.939116,16,500,0.000,0
WML,52,WML,10,54.474648,44.327596,53.289160,48.808378,11.757159,2.598712,23.721084,16,500,0.000,0
WML,52,WML,11,54.522263,54.254246,56.398094,55.326170,2.076476,0.271522,4.195006,16,500,0.000,0
WML,52,WML,12,54.449303,54.181745,56.348520,55.265132,1.722136,0.275375,3.550666,16,500,0.000,0
WML,52,WML,13,54.514198,54.651280,53.107338,53.879309,1.396939,2.690606,5.911682,16,500,0.000,0
WML,52,WML,14,54.483543,56.347640,55.696681,56.022161,0.315207,0.843262,1.771627,16,500,0.000,0
WML,52,WML,15,54.509907,56.490571,51.105980,53.798275,0.217321,5.286983,10.595416,16,500,0.000,0
WML,53,WML,0,49.781227,38.205655,40.979116,39.592386,13.197512,9.975294,31.996765,16,500,0.000,0
WML,53,WML,1,49.779358,49.591916,50.402847,49.997381,1.322270,0.421546,2.714062,16,500,0.000,0
WML,53,WML,2,49.781181,47.132459,41.357311,44.244885,2.246201,9.926071,19.888789,16,500,0.000,0
WML,53,WML,3,49.782364,43.577422,44.764720,44.171071,7.113962,6.226908,18.277633,16,500,0.000,0
WML,53,WML,4,49.782494,50.798174,51.452619,51.125396,0.288983,0.197821,0.756364,16,500,0.000,0
WML,53,WML,5,49.791660,50.551808,50.752984,50.652396,0.597225,0.258480,1.261673,16,500,0.000,0
WML,53,WML,6,49.778347,51.212293,51.234069,51.223181,0.399211,0.237290,0.897395,16,500,0.000,0
WML,53,WML,7,49.775398,49.736405,50.827551,50.281978,1.242388,0.110560,2.475001,16,500,0.000,0
WML,53,WML,8,49.792763,48.589090,50.979221,49.784155,1.063341,0.295734,2.463973,16,500,0.000,0
WML,53,WML,9,49.796112,41.506698,-3.289029,19.108834,9.142030,51.371642,103.438702,16,500,0.000,0
WML,53,WML,10,49.782639,28.117619,50.911427,39.514523,22.478086,0.418818,45.005820,16,500,0.000,0
WML,53,WML,11,49.784412,44.866312,50.664374,47.765343,5.803987,0.880524,11.731209,16,500,0.000,0
WML,53,WML,12,49.793861,49.765638,51.196774,50.481206,0.632884,0.203032,1.481697,16,500,0.000,0
WML,53,WML,13,49.800617,50.684680,50.967628,50.826154,0.479064,0.265606,1.068426,16,500,0.000,0
WML,53,WML,14,49.784615,51.073780,49.063515,50.068647,0.144642,1.371300,2.859397,16,500,0.000,0
WML,53,WML,15,49.787865,50.938877,49.052833,49.995855,0.344606,1.509128,3.145548,16,500,0.000,0
WML,54,WML,0,6.432165,3.827790,-17.001885,-6.587048,6.142511,16.484403,35.651645,16,500,0.000,4
WML,54,WML,1,4.454071,-1.702711,-1.152919,-1.427815,13.443643,6.364889,28.741186,16,500,0.000,6
WML,54,WML,2,6.378863,-8.005999,0.813714,-3.596142,7.446293,5.654452,18.630933,16,500,0.000,2
WML,54,WML,3,2.693513,-11.160426,10.776734,-0.191846,13.513396,2.718294,28.942485,16,500,0.000,5
WML,54,WML,4,6.549304,2.906691,2.168596,2.537643,6.603900,3.889717,14.813727,16,500,0.000,4
WML,54,WML,5,1.616714,3.486796,-32.137353,-14.325279,6.343733,24.761885,52.704444,16,500,0.000,5
WML,54,WML,6,4.485507,-7.934422,-16.545931,-12.240177,13.465362,17.139395,42.348416,16,500,0.000,4
WML,54,WML,7,5.833471,5.612439,-7.911011,-1.149286,5.543767,10.559622,24.078921,16,500,0.000,6
WML,54,WML,8,7.247611,12.106854,-5.818690,3.144082,1.877146,12.209653,25.600600,16,500,0.000,5
WML,54,WML,9,2.582172,-7.873291,-18.877344,-13.375317,11.091866,17.527794,40.479235,16,500,0.000,4
WML,54,WML,10,5.992048,-11.375795,4.638727,-3.368534,11.400695,7.690548,27.828764,16,500,0.000,5
WML,54,WML,11,7.407682,3.644208,0.927232,2.285720,4.939596,6.825205,16.339273,16,500,0.000,5
WML,54,WML,12,1.617270,2.457269,-2.263641,0.096814,8.165075,8.905339,23.471493,16,500,0.000,6
WML,54,WML,13,2.695024,7.481049,-16.308711,-4.413831,4.473257,19.248389,40.110181,16,500,0.000,4
WML,54,WML,14,2.430920,-8.266780,-15.811949,-12.039365,5.949693,14.543729,30.610648,16,500,0.000,6
WML,54,WML,15,2.577362,1.867536,12.192607,7.030071,9.967840,2.645975,20.627706,16,500,0.000,5
WML,55,WML,0,0.398247,-79.181389,-122.564017,-100.872703,21.385606,39.672202,89.917356,16,500,0.000,4
WML,55,WML,1,0.396354,-71.044070,-101.728954,-86.386512,12.629019,33.569568,71.089192,16,500,0.000,3
WML,55,WML,2,0.401676,-94.954272,-112.363655,-103.658963,29.036690,31.900056,83.830762,16,500,0.000,5
WML,55,WML,3,0.398902,-112.457551,-99.633228,-106.045390,33.803694,32.110291,90.328453,16,500,0.000,6
WML,55,WML,4,0.398933,-41.438537,-76.192860,-58.815698,8.817125,34.330590,70.798303,16,500,0.000,4
WML,55,WML,5,0.395212,-151.969046,-109.810942,-130.889994,50.407470,37.326512,123.132283,16,500,0.000,3
WML,55,WML,6,0.396749,-107.910321,-126.184626,-117.047473,38.105674,51.821367,124.642316,16,500,0.000,4
WML,55,WML,7,0.398825,-121.195818,-74.717805,-97.956812,23.988012,20.020610,64.967067,16,500,0.000,4
WML,55,WML,8,0.399607,-110.398551,-61.743285,-86.070918,44.116015,16.347765,94.312877,16,500,0.000,4
WML,55,WML,9,0.403068,-136.482677,-80.637871,-108.560274,51.176265,13.672061,106.334989,16,500,0.000,5
WML,55,WML,10,0.403789,-157.503334,-68.591152,-113.047243,45.933304,21.883390,108.502402,16,500,0.000,5
WML,55,WML,11,0.381178,-66.890378,-24.056720,-45.473549,9.290971,1.470981,28.628774,16,500,0.000,5
WML,55,WML,12,0.403456,-127.041716,-134.991989,-131.016853,48.904608,24.644151,105.891938,16,500,0.000,3
WML,55,WML,13,0.396703,-138.246259,-109.840039,-124.043149,42.591962,43.744807,118.877506,16,500,0.000,4
WML,55,WML,14,0.403817,-123.271234,-47.055004,-85.163119,47.229829,13.455028,102.726351,16,500,0.000,6
WML,55,WML,15,0.403813,-122.120399,-82.272816,-102.196608,42.580068,16.302825,90.467895,16,500,0.000,6
WML,56,WML,0,52.940895,51.848783,54.787063,53.317923,2.138828,0.374862,4.461538,16,500,0.000,1
WML,56,WML,1,52.967117,40.164262,54.491054,47.327658,12.721420,0.392654,25.680596,16,500,0.000,2
WML,56,WML,2,52.939606,51.528401,52.545672,52.037037,2.696602,1.854849,6.345700,16,500,0.000,1
WML,56,WML,3,52.958889,51.003923,46.672633,48.838278,3.098903,7.031174,15.014026,16,500,0.000,1
WML,56,WML,4,52.971462,38.563588,55.073456,46.818522,9.812487,0.169474,20.790808,16,500,0.000,2
WML,56,WML,5,52.971138,44.693393,46.438533,45.565963,9.191407,8.029724,23.599229,16,500,0.000,2
WML,56,WML,6,52.974297,51.161239,54.215520,52.688380,2.635403,0.372262,5.379061,16,500,0.000,2
WML,56,WML,7,52.971794,51.070956,47.486069,49.278512,3.269840,5.792005,12.984093,16,500,0.000,2
WML,56,WML,8,52.965561,5.733796,52.265957,28.999876,47.414263,2.203376,94.807571,16,500,0.000,1
WML,56,WML,9,52.965122,52.040204,54.648757,53.344480,1.647706,0.248149,3.490013,16,500,0.000,2
WML,56,WML,10,52.959831,40.225506,54.616801,47.421154,13.557835,0.433192,27.242835,16,500,0.000,2
WML,56,WML,11,52.925346,53.329978,42.530432,47.930205,1.297390,11.805238,23.615172,16,500,0.000,1
WML,56,WML,12,52.957085,45.574607,45.433787,45.504197,5.672019,8.744722,20.139562,16,500,0.000,2
WML,56,WML,13,52.975220,53.512731,52.751452,53.132091,0.955867,1.805605,3.966998,16,500,0.000,2
WML,56,WML,14,52.947449,51.574614,54.057723,52.816169,2.670892,0.316471,5.352614,16,500,0.000,2
WML,56,WML,15,52.860901,53.430481,52.455239,52.942860,0.657426,0.954467,2.295278,16,500,0.000,1
WML,57,WML,0,39.237740,-108.538213,-105.567779,-107.052996,32.557500,26.306628,80.890438,16,500,0.000,4
WML,57,WML,1,35.020798,-74.622087,-75.253078,-74.937583,13.683974,30.247293,64.146699,16,500,0.000,3
WML,57,WML,2,39.123344,-69.353377,-96.984413,-83.168895,18.608825,50.537157,105.030244,16,500,0.000,4
WML,57,WML,3,18.937620,-75.265735,-76.439317,-75.852526,17.040885,26.779379,61.333523,16,500,0.000,5
WML,57,WML,4,35.795235,-74.982931,-125.657670,-100.320300,23.957467,52.087594,113.826789,16,500,0.000,4
WML,57,WML,5,25.148041,-132.152255,-74.154864,-103.153559,28.404604,20.212338,73.717911,16,500,0.000,2
WML,57,WML,6,35.204388,-59.303994,-107.221358,-83.262676,25.215057,14.229332,61.170572,16,500,0.000,2
WML,57,WML,7,33.145798,-92.524827,-143.078782,-117.801804,37.997926,43.591456,114.743199,16,500,0.000,2
WML,57,WML,8,36.782921,-32.315207,-48.289376,-40.302292,10.728914,32.230603,66.151489,16,500,0.000,3
WML,57,WML,9,39.229584,-83.444474,-69.913054,-76.678764,26.187030,27.405098,73.572274,16,500,0.000,2
WML,57,WML,10,28.407513,-43.169099,-86.950569,-65.059834,20.776713,11.081010,50.804896,16,500,0.000,2
WML,57,WML,11,17.114407,-36.178623,-80.447398,-58.313011,22.815347,17.172342,59.723219,16,500,0.000,4
WML,57,WML,12,38.339096,-65.782412,-40.473032,-53.127722,28.126708,32.610811,84.229273,16,500,0.000,1
WML,57,WML,13,38.975487,-40.470122,-105.491458,-72.980790,33.131285,46.988179,116.052596,16,500,0.000,3
WML,57,WML,14,30.994652,-51.198031,-42.555051,-46.876541,16.412487,18.294880,47.698257,16,500,0.000,1
WML,57,WML,15,33.586525,-93.684656,-161.693768,-127.689212,23.109790,70.574521,147.722980,16,500,0.000,2
WML,58,WML,0,44.225677,39.162882,28.937837,34.050360,1.993375,13.527558,26.942450,16,500,0.000,2
WML,58,WML,1,44.126263,23.991756,21.649918,22.820837,16.173979,17.258522,45.717517,16,500,0.000,2
WML,58,WML,2,44.170586,40.382051,38.674936,39.528493,1.704974,1.743164,4.793107,16,500,0.000,1
WML,58,WML,3,43.737144,40.469440,37.437704,38.953572,1.550690,3.113379,6.900438,16,500,0.000,2
WML,58,WML,4,42.484001,22.820844,6.692069,14.756457,15.415896,17.751957,46.185375,16,500,0.000,3
WML,58,WML,5,43.377373,5.724845,25.304763,15.514804,11.577863,15.634848,38.926628,16,500,0.000,2
WML,58,WML,6,43.433266,23.015461,10.464466,16.739964,11.488957,17.961380,41.703812,16,500,0.000,2
WML,58,WML,7,42.881927,39.861186,25.317945,32.589565,1.945178,13.883689,28.109658,16,500,0.000,2
WML,58,WML,8,43.058960,38.012017,38.715764,38.363891,2.414837,2.237230,6.370936,16,500,0.000,2
WML,58,WML,9,43.879135,25.654280,42.027553,33.840917,9.255520,1.203973,19.917717,16,500,0.000,2
WML,58,WML,10,42.865349,40.548316,41.429913,40.989115,1.807294,1.619572,4.711057,16,500,0.000,2
WML,58,WML,11,44.387955,11.087841,42.102478,26.595159,19.970343,1.010580,41.823789,16,500,0.000,2
WML,58,WML,12,43.944145,9.085159,29.055725,19.070442,16.593323,13.364399,42.439167,16,500,0.000,2
WML,58,WML,13,42.958355,22.677567,37.897165,30.287366,14.902242,3.013390,30.409818,16,500,0.000,3
WML,58,WML,14,44.313931,25.327458,34.218865,29.773162,13.702028,4.358758,28.158967,16,500,0.000,2
WML,58,WML,15,43.067284,32.975319,24.947348,28.961333,7.620974,6.438851,19.717884,16,500,0.000,2
WML,59,WML,0,33.076088,33.096524,25.752198,29.424361,1.670015,8.435789,17.043160,16,500,0.000,4
WML,59,WML,1,33.276047,26.060171,28.410788,27.235479,9.479813,6.197843,21.917707,16,500,0.000,4
WML,59,WML,2,32.497368,32.387791,33.781725,33.084758,2.257932,0.864988,4.727043,16,500,0.000,3
WML,59,WML,3,33.543617,34.516211,32.239327,33.377769,0.488715,3.069743,6.120010,16,500,0.000,4
WML,59,WML,4,33.790394,33.751697,30.814193,32.282945,0.906948,2.630834,5.586716,16,500,0.000,3
WML,59,WML,5,32.971737,32.365778,33.150561,32.758170,1.642930,1.091513,3.832651,16,500,0.000,3
WML,59,WML,6,33.329262,34.394454,36.108012,35.251233,0.883264,0.627613,2.272915,16,500,0.000,3
WML,59,WML,7,32.835091,34.193206,30.101750,32.147478,0.801001,2.264553,5.099470,16,500,0.000,4
WML,59,WML,8,32.863762,31.831743,22.895396,27.363569,1.775017,6.772204,14.292622,16,500,0.000,5
WML,59,WML,9,32.572746,34.262240,34.298074,34.280157,0.806445,0.578330,1.917550,16,500,0.000,3
WML,59,WML,10,32.121941,33.212115,33.431825,33.321970,1.184187,1.128322,3.162447,16,500,0.000,3
WML,59,WML,11,33.750877,33.002522,30.534684,31.768603,0.629503,1.848826,3.983040,16,500,0.000,4
WML,59,WML,12,32.433346,12.825331,27.165737,19.995534,15.379704,6.969346,33.455030,16,500,0.000,2
WML,59,WML,13,33.673775,35.401442,31.813191,33.607317,0.642505,2.616200,5.525165,16,500,0.000,4
WML,59,WML,14,33.064026,32.129797,22.000951,27.065374,4.262213,9.744263,21.205241,16,500,0.000,4
WML,59,WML,15,33.118767,35.000178,34.803783,34.901981,0.566776,0.745186,1.811820,16,500,0.000,3
WML,60,WML,0,45.239616,42.766653,44.749467,43.758060,2.238927,0.476229,4.539773,16,500,0.000,2
WML,60,WML,1,44.809021,46.303528,45.904450,46.103989,0.257445,0.305033,0.798296,16,500,0.000,3
WML,60,WML,2,44.789871,45.980417,45.218175,45.599296,0.427222,0.602995,1.481145,16,500,0.000,4
WML,60,WML,3,45.072357,45.809688,44.017845,44.913766,0.358396,2.051658,4.129219,16,500,0.000,3
WML,60,WML,4,45.161358,39.556954,45.495223,42.526088,3.956092,0.419129,8.275776,16,500,0.000,2
WML,60,WML,5,44.896816,39.398099,46.437951,42.918025,5.871460,0.219210,11.920502,16,500,0.000,2
WML,60,WML,6,44.924618,46.455176,44.317896,45.386536,0.313184,2.081761,4.214685,16,500,0.000,2
WML,60,WML,7,44.885563,38.345357,44.862007,41.603682,7.015268,0.553716,14.007188,16,500,0.000,0
WML,60,WML,8,44.789597,43.699454,46.160308,44.929881,1.425416,0.228334,3.065118,16,500,0.000,3
WML,60,WML,9,44.910542,-71.739901,45.793205,-12.973348,118.208524,0.151655,236.327414,16,500,0.000,2
WML,60,WML,10,44.822838,46.373445,30.234691,38.304068,0.334570,15.590449,31.261887,16,500,0.000,4
WML,60,WML,11,45.106155,20.953233,45.910330,33.431781,19.275884,0.340873,39.416814,16,500,0.000,1
WML,60,WML,12,44.971657,45.726332,31.681167,38.703749,0.390346,15.255681,30.365337,16,500,0.000,1
WML,60,WML,13,45.244965,45.775108,44.576139,45.175623,0.383358,0.778266,1.786974,16,500,0.000,0
WML,60,WML,14,45.260044,44.680321,41.853136,43.266728,0.579839,2.046294,4.361113,16,500,0.000,3
WML,60,WML,15,45.251225,41.539398,45.384667,43.462033,2.292161,0.494261,4.946710,16,500,0.000,3
WML,61,WML,0,48.308475,48.881314,39.909297,44.395305,0.615926,8.892322,17.835063,16,500,0.000,1
WML,61,WML,1,48.304199,49.117572,49.611392,49.364482,0.435044,0.325859,1.080756,16,500,0.000,2
WML,61,WML,2,48.290718,48.139999,16.949078,32.544538,1.260337,22.554867,46.525176,16,500,0.000,2
WML,61,WML,3,48.251278,26.002313,49.348639,37.675476,17.720701,0.350715,36.306467,16,500,0.000,2
WML,61,WML,4,48.306210,49.494438,49.617610,49.556024,0.397846,0.521440,1.268879,16,500,0.000,2
WML,61,WML,5,48.264679,49.036740,38.715934,43.876337,0.235850,9.342630,18.827526,16,500,0.000,2
WML,61,WML,6,48.241417,47.214437,47.305481,47.259959,1.437557,2.161925,5.016643,16,500,0.000,2
WML,61,WML,7,48.252857,48.569681,48.123954,48.346817,0.610132,1.145765,2.518689,16,500,0.000,2
WML,61,WML,8,48.300331,49.033895,48.968601,49.001248,0.449543,0.465574,1.250934,16,500,0.000,2
WML,61,WML,9,48.287010,44.990166,19.575617,32.282892,3.295062,22.363693,45.606402,16,500,0.000,1
WML,61,WML,10,48.297699,49.758894,36.895199,43.327047,0.289649,11.055098,22.376546,16,500,0.000,1
WML,61,WML,11,48.245903,49.145079,26.585512,37.865295,0.202337,14.556729,30.445950,16,500,0.000,2
WML,61,WML,12,48.294502,49.497710,43.762238,46.629974,0.220117,3.948950,8.195818,16,500,0.000,2
WML,61,WML,13,48.300392,35.995581,44.035848,40.015714,13.505536,5.040357,28.161021,16,500,0.000,1
WML,61,WML,14,48.303040,44.392601,39.637442,42.015021,5.365566,9.111536,20.577936,16,500,0.000,1
WML,61,WML,15,48.273739,49.806643,22.532178,36.169410,0.222991,26.975560,53.992899,16,500,0.000,1
WML,62,WML,0,0.373674,-155.517133,-124.896751,-140.206942,43.464215,32.482132,106.027398,16,500,0.000,5
WML,62,WML,1,0.381132,-71.675317,-125.156230,-98.415774,10.495329,26.441019,61.514486,16,500,0.000,4
WML,62,WML,2,0.362603,-82.809879,-67.593828,-75.201854,20.425232,7.331806,42.660723,16,500,0.000,4
WML,62,WML,3,0.369537,-122.784025,-89.340955,-106.062490,27.683199,23.641776,72.429353,16,500,0.000,3
WML,62,WML,4,0.368591,-95.144720,-83.219544,-89.182132,21.039717,24.061275,62.064085,16,500,0.000,4
WML,62,WML,5,0.374857,-65.740277,-114.118261,-89.929269,14.920568,24.377574,60.612169,16,500,0.000,3
WML,62,WML,6,0.362555,-123.227675,-127.192507,-125.210091,29.419982,27.934111,78.413636,16,500,0.000,4
WML,62,WML,7,0.381087,-78.523194,-93.165259,-85.844227,18.575062,13.947076,45.513790,16,500,0.000,4
WML,62,WML,8,0.357714,-72.740542,-118.676175,-95.708359,19.847487,23.008067,63.321817,16,500,0.000,4
WML,62,WML,9,0.368193,-85.538878,-84.504424,-85.021651,26.338397,16.866497,60.433387,16,500,0.000,3
WML,62,WML,10,0.361631,-158.384256,-124.662226,-141.523241,37.287057,18.463708,82.258841,16,500,0.000,2
WML,62,WML,11,0.368724,-129.697760,-79.591703,-104.644731,37.464229,19.875799,85.932127,16,500,0.000,5
WML,62,WML,12,0.374084,-159.888478,-122.012631,-140.950555,31.649289,28.563856,84.664954,16,500,0.000,3
WML,62,WML,13,0.373365,-191.547481,-93.169542,-142.358511,52.138462,24.485517,122.343402,16,500,0.000,5
WML,62,WML,14,0.363685,-94.679229,-103.396119,-99.037674,32.081696,28.014774,82.418222,16,500,0.000,4
WML,62,WML,15,0.376192,-74.408506,-108.929122,-91.668814,18.799418,44.784440,95.524617,16,500,0.000,5
WML,63,WML,0,22.636490,28.910045,22.447542,25.678794,1.147695,4.251301,9.139434,16,500,0.000,5
WML,63,WML,1,20.806679,26.401289,22.561201,24.481245,2.601541,6.804616,14.214900,16,500,0.000,5
WML,63,WML,2,25.432919,27.846591,29.334749,28.590670,1.690554,0.859406,3.744020,16,500,0.000,5
WML,63,WML,3,25.019564,16.816056,23.762098,20.289077,12.775068,5.269934,26.941374,16,500,0.000,6
WML,63,WML,4,25.020201,24.145037,-5.803765,9.170636,7.476707,29.540424,60.874647,16,500,0.000,6
WML,63,WML,5,22.639141,25.601633,13.413845,19.507739,3.039809,11.386586,23.625236,16,500,0.000,5
WML,63,WML,6,25.437473,29.464652,-0.466447,14.499102,0.640587,21.804137,44.892467,16,500,0.000,6
WML,63,WML,7,25.054295,21.318146,-8.163495,6.577325,5.586938,26.046716,53.676068,16,500,0.000,5
WML,63,WML,8,25.844696,21.236003,8.523600,14.879802,9.505760,11.825182,30.041424,16,500,0.000,6
WML,63,WML,9,23.059483,13.859478,11.333396,12.596437,15.471001,19.162578,47.604395,16,500,0.000,6
WML,63,WML,10,23.299686,27.960889,16.636015,22.298452,0.607005,8.449008,17.380537,16,500,0.000,5
WML,63,WML,11,23.758099,30.029496,20.048628,25.039062,0.686579,11.215202,22.313809,16,500,0.000,4
WML,63,WML,12,25.664833,19.471355,11.853230,15.662293,8.035848,13.479375,30.575779,16,500,0.000,5
WML,63,WML,13,24.067852,29.927156,31.066040,30.496598,0.792013,0.855840,2.328577,16,500,0.000,4
WML,63,WML,14,25.914879,11.839683,17.040459,14.440071,10.799380,6.537775,24.539577,16,500,0.000,5
WML,63,WML,15,25.020172,11.578309,27.727993,19.653151,12.255490,2.777652,25.672740,16,500,0.000,6
