d,sigma,omega,r,amplitude,lin_resid_pw,lin_resid_zo,lin_resid_wml,gstar_norm,var_pw_e,var_pw_clean,var_pw_tot,var_pw_e_sub,cross_pw,var_zo_e,var_zo_clean,var_zo_tot,var_zo_e_sub,cross_zo,var_wml_e,var_wml_clean,var_wml_tot,var_wml_e_sub,cross_wml,pre_pw_clean_bias2,pre_pw_clean_var,pre_pw_clean_mse,pre_pw_clean_meannorm,pre_pw_tot_bias2,pre_pw_tot_var,pre_pw_tot_mse,pre_pw_tot_meannorm,pre_pw_err_bias2,pre_pw_err_var,pre_pw_err_mse,pre_pw_err_meannorm,pre_zo_clean_bias2,pre_zo_clean_var,pre_zo_clean_mse,pre_zo_clean_meannorm,pre_zo_tot_bias2,pre_zo_tot_var,pre_zo_tot_mse,pre_zo_tot_meannorm,pre_zo_err_bias2,pre_zo_err_var,pre_zo_err_mse,pre_zo_err_meannorm,pre_wml_clean_meannorm,pre_wml_clean_var,pre_wml_clean_nsr,pre_wml_clean_cosmean,pre_wml_tot_meannorm,pre_wml_tot_var,pre_wml_tot_nsr,pre_wml_tot_cosmean,pre_wml_err_meannorm,pre_wml_err_var,pre_wml_err_nsr,pre_wml_err_cosmean,post_pw_sphere,post_pw_bias2,post_pw_var,cos_pw,mse_pw,post_zo_sphere,post_zo_bias2,post_zo_var,cos_zo,mse_zo,post_wml_sphere,post_wml_bias2,post_wml_var,cos_wml,mse_wml,mse_pw_committed,mse_zo_committed,mse_wml_committed,win_wml_vs_pw,win_zo_vs_pw,err_pw_total,err_pw_cleanoff,err_pw_erroroff,err_pw_baseline,err_zo_total,err_zo_cleanoff,err_zo_erroroff,err_zo_baseline,err_wml_total,err_wml_cleanoff,err_wml_erroroff,err_wml_baseline,ess_med,ess_min,eta_at_bound,nonfinite,om_supnorm,ratio_e,ratio_e_wml,mse_ratio_zo_pw,mse_ratio_wml_pw
2,0.05,0.5,0.017677669529663688,1.0,6.696032617270475e-16,2.51014486973844e-15,0.07753547597212707,1.0,2.121158329589235e-06,0.00015609690873686537,0.0001597160446198681,3.6191358830027296e-06,1.497977553413494e-06,0.012641322547171228,0.09100758897416186,0.08678356368547074,-0.004224025288691102,-0.01686534783586233,3.35914839088875e-05,0.00029364355143872965,0.000292077698670505,-1.5658527682246292e-06,-3.515733667711212e-05,4.918042409161006e-08,0.00015609690873686537,0.00015614608916095696,1.0000507513123935,0.14011526855608358,0.0001597160446198681,0.14027498460070348,0.9532077405192115,0.1401153428111504,2.1211583295892317e-06,0.14011746396947997,0.365815206434317,0.0009685835811260745,0.09100758897416186,0.09197617255528792,0.9691173548582598,0.13912607675070332,0.08678356368547074,0.2259096404361741,0.9244827615023031,0.13159608732185202,0.012641322547171228,0.14423740986902323,0.3544952330050919,0.04782821150281641,0.00029364355143872965,0.12837827557489945,0.9999951979105881,0.04780763247425976,0.000292077698670505,0.12779644628408365,0.9526990862174411,0.013101204233502459,3.35914839088875e-05,1.6591286296784893,-0.1984557576140787,0.0952925354674793,0.095191353232112,0.00010118223536727464,0.9523537322662604,0.019058507093495845,0.1262848625328707,0.0944973694267332,0.031787493106137085,0.9368575687335647,0.025256972506574125,0.16422038222689572,0.09283554419181633,0.07138483803507963,0.9178898088865521,0.032844076445379136,0.01905850709349586,0.02525697250657414,0.03284407644537915,0.4200439453125,0.441131591796875,0.019058507093495845,0.01903985040661069,0.019059995104184654,1.5578549330649144e-05,0.025256972506574125,0.021265752148500273,0.030466510471135955,0.006386145768256448,0.032844076445379136,0.020823320503331938,0.03223313605107197,0.014580080533142203,13.804953369740957,9.928765855466246,0.0,0.0,0.5,5959.63175913381,15.836386864809159,1.325233523416619,1.7233289199544877
2,0.05,1.0,0.035355339059327376,1.0,7.7021722333370235e-16,1.9845236565174673e-15,0.07630442104501521,1.0,4.04670145125203e-05,0.0001574495654270855,0.0002863022151131807,0.00012885264968609517,8.83856351735749e-05,0.04407097250632698,0.09107353649864136,0.0954752131645988,0.0044016766659574465,-0.03966929584036956,8.970661699345985e-05,0.00029594305759857956,0.00028254653479091175,-1.3396522807667836e-05,-0.00010310313980112767,6.45413238117751e-08,0.0001574495654270855,0.00015751410675089728,1.0000344817174232,0.48571933543612184,0.0002863022151131807,0.48600563765123506,0.9357600833846457,0.48580812367714155,4.046701451252031e-05,0.4858485906916541,0.6373909455723814,0.0009530023839993988,0.09107353649864136,0.09202653888264076,0.9693914073416889,0.4705373790998316,0.0954752131645988,0.5660125922644303,0.906938854572195,0.4568653674446966,0.04407097250632698,0.5009363399510236,0.6181501080054843,0.04787330079641219,0.00029594305759857956,0.12913883403215248,0.9999931770714563,0.04774240220234653,0.00028254653479091175,0.12390337687162581,0.8208104163741606,0.024726537006258948,8.970661699345985e-05,0.1400120875638766,-0.26566174479866245,0.3509156020536364,0.3506031824186435,0.00031241963499319884,0.8245421989731817,0.07018312041072727,0.37818902375118324,0.34614594427315454,0.032043079478028764,0.8109054881244084,0.07563780475023664,0.4157101168536738,0.34785253806878735,0.06785757878488591,0.7921449415731632,0.08314202337073476,0.07018312041072727,0.07563780475023663,0.08314202337073474,0.46197509765625,0.49224853515625,0.07018312041072727,0.07013344158968046,0.07014730692338525,1.5776968723634213e-05,0.07563780475023664,0.07563071981484155,0.08800452153073618,0.006343275017662823,0.08314202337073476,0.07270266348335783,0.08209624338507761,0.014719701943262246,13.887535408862743,10.037671719434224,0.0,0.0,1.0,1089.0591519345128,2.216783671197317,1.0777207440704737,1.1846441549502087
2,0.05,2.0,0.07071067811865475,1.0,1.3253287356462806e-15,2.789272719044833e-15,0.07557820394582974,1.0,0.00044989074203581435,0.00015636047593781184,0.0004996775973527174,0.0003433171214149056,-0.00010657362062090872,0.22866024834295656,0.0914486849109371,0.35472211921166114,0.26327343430072403,0.03461318595776748,0.00014993702186677326,0.0002941652277858838,0.00029748068127007955,3.315453484195817e-06,-0.00014662156838257743,2.6178803631458138e-08,0.00015636047593781184,0.0001563866547414433,1.0000210201474933,2.5248648132493012,0.0004996775973527174,2.525364490846654,1.836351200996256,2.5249236010565386,0.0004498907420358144,2.5253734917985744,1.4130283358622042,0.0010177143048193285,0.0914486849109371,0.09246639921575645,0.968358543574648,2.364634844381225,0.35472211921166114,2.7193569635928863,1.7803879097802757,2.3732309462195698,0.22866024834295656,2.601891194562526,1.3697919748913467,0.047892787197668374,0.0002941652277858838,0.12824908124256665,0.9999888403089202,0.047861257502828186,0.00029748068127007955,0.12981343132399237,0.5696048779268432,0.03518746652280599,0.00014993702186677326,5.5909167767916115,-0.4680091158506793,0.8550592917553552,0.8548741408132499,0.00018515094210530935,0.5724703541223224,0.17101185835107102,0.873137929382998,0.8412877305971639,0.03185019878583477,0.563431035308501,0.17462758587659954,0.9039188101646126,0.8309912035195124,0.07292760664509929,0.5480405949176939,0.18078376203292246,0.171011858351071,0.17462758587659954,0.18078376203292246,0.43646240234375,0.44482421875,0.17101185835107102,0.17100008602999206,0.1709945505840273,1.5744278009200127e-05,0.17462758587659954,0.16718925448894728,0.17241829486115717,0.006398336976408946,0.18078376203292246,0.17031775192538134,0.1791249389319416,0.014581252355898786,13.595793765008265,9.69917451156283,0.0,0.0,2.0,508.2572877766701,0.333274299418318,1.0211431391974337,1.057141672958086
2,0.05,4.0,0.1414213562373095,1.0,2.2065682614424986e-15,4.2049697057677804e-15,0.07670633464261332,1.0,0.010325662257375572,0.0001563471658540513,0.009640710535988552,0.009484363370134502,-0.0008412988872410691,0.6814392346899861,0.0920937435847508,0.8831245682683035,0.7910308246835527,0.10959158999356654,0.00024537716912061895,0.00029435988353788576,0.00039798373847084223,0.00010362385493295648,-0.00014175331418766243,1.4979805070529383e-08,0.0001563471658540513,0.0001563621456591218,1.0000032549713684,7.308660223630865,0.009640710535988552,7.318300934166855,2.65022022329542,7.308482159978973,0.010325662257375572,7.318807822236349,2.4137708809900196,0.0009763400173494687,0.0920937435847508,0.09307008360210027,0.9692742168922779,6.78082457778458,0.8831245682683035,7.663949146052882,2.5619997284138383,6.815211356139887,0.6814392346899862,7.496650590829873,2.331517249011887,0.047895187578526344,0.00029435988353788576,0.12831451242259645,0.9999957606508563,0.04379473959951745,0.00039798373847084223,0.42429288942992444,0.2832860192670353,0.042390538725472986,0.00024537716912061895,0.27219092446802523,-0.5488760503549347,1.3875883476844464,1.359332587333005,0.028255760351440597,0.3062058261577768,0.27751766953688933,1.3475492460988345,1.244538864632741,0.1030103814660937,0.3262253769505828,0.2695098492197669,1.3371080776911406,1.1789257431331035,0.15818233455803618,0.3314459611544297,0.26742161553822813,0.2775176695368893,0.26950984921976695,0.26742161553822813,0.51531982421875,0.51806640625,0.27751766953688933,0.27615099332486415,0.2838305833393817,1.5659480270124682e-05,0.2695098492197669,0.24558876866335094,0.2594830950133871,0.006451100575534089,0.26742161553822813,0.2604087959532544,0.282038582060586,0.0147349956084077,13.070149681331552,9.565782853756886,0.0,0.0,4.0,65.99472437743519,0.02376381901754991,0.9711448271726785,0.963620139879709
2,0.05,8.0,0.282842712474619,1.0,4.274358644806853e-15,7.105427357601002e-15,0.08118835669753974,1.0,0.12563980126463048,0.00015799913851403667,0.12761635584446596,0.12745835670595193,0.0018185554413214869,2.976569009107112,0.09104633824422528,3.477984175395793,3.386937837151568,0.4103688280444562,0.00015317990190336317,0.00029784562749594185,0.0003060754491130885,8.229821617146675e-06,-0.0001449500802862165,2.0066243129770927e-08,0.00015799913851403667,0.00015801920475716643,0.99998368289237,32.34767564009283,0.12761635584446596,32.4752919959373,5.868624043969861,32.34868324767384,0.12563980126463048,32.47432304893847,5.330426277508708,0.0011901981950513537,0.09104633824422528,0.09223653643927664,0.9658098970171389,30.11665661531863,3.477984175395793,33.59464079071442,5.675590648358954,30.262990440258324,2.976569009107112,33.23955944936543,5.1553925127215,0.04784343206418942,0.00029784562749594185,0.13012633029347836,0.9999921013224151,0.04535779741274702,0.0003060754491130885,0.15516018236634,0.5756110463163455,0.03450092372740271,0.00015317990190336317,0.287250255472136,-0.5248919422761921,0.8728788307147977,0.8726223204904114,0.00025651022438634186,0.5635605846426012,0.1745757661429595,0.9010742940423564,0.8597999840282433,0.04127431001411354,0.5494628529788219,0.18021485880847127,0.917338022461516,0.8220587241710995,0.09527929829041674,0.541330988769242,0.18346760449230318,0.1745757661429595,0.18021485880847124,0.18346760449230315,0.486968994140625,0.45892333984375,0.1745757661429595,0.17458104247325454,0.17461615211703446,1.5775291712848197e-05,0.18021485880847127,0.17811424586873228,0.1751304882081537,0.006464997777023345,0.18346760449230318,0.17008674482076158,0.1787316539322663,0.014937665625644532,14.410840078818183,11.489349603262767,0.0,0.0,8.0,23.691290332732017,0.0012191988554703776,1.0323016922113573,1.0509339786718288
2,0.05,16.0,0.565685424949238,1.0,8.659739592076221e-15,1.0436096431476471e-14,0.0849545340665479,1.0,1.5308216986358976,0.00015691551961088507,1.5307029427031713,1.5305460271835605,-0.00027567145233764337,8.273129635475934,0.0916681639014047,9.340138531162257,9.24847036726085,0.9753407317849168,0.00014998236516011927,0.0002950384463227421,0.0002661616300472806,-2.8876816275461455e-05,-0.00017885918143558077,2.9101434048394284e-08,0.00015691551961088507,0.00015694462104493348,1.0000412764660298,92.37424056737956,1.5307029427031713,93.90494351008272,10.149000345977644,92.37289118189035,1.530821698635898,93.90371288052626,9.44308748263357,0.0009447442599131587,0.0916681639014047,0.09261290816131786,0.9694126034789051,85.99483664072619,9.340138531162257,95.33497517188846,9.814673552812039,86.39827766358007,8.273129635475934,94.671407299056,9.129376052932571,0.047879355900037904,0.0002950384463227421,0.12870340693570775,0.9999916299265973,0.04213839355005749,0.0002661616300472806,0.15136498816743124,0.760232802970074,0.02919333688473538,0.00014998236516011927,0.5602178170033312,-0.5508035295285505,0.5327814068186996,0.5324463234638425,0.00033508335485662186,0.7336092965906502,0.10655628136373992,0.5617948396717339,0.5204267401970016,0.0413680994747315,0.7191025801641331,0.11235896793434677,0.5581293918583208,0.46488235622727114,0.09324703563105068,0.7209353040708397,0.11162587837166414,0.1065562813637399,0.11235896793434676,0.11162587837166413,0.487823486328125,0.457305908203125,0.10655628136373992,0.10655802103908998,0.10721938848381976,1.5761923077044042e-05,0.11235896793434677,0.11107156897661738,0.10686959605427321,0.006467101126982761,0.11162587837166414,0.09864945342853726,0.10865134338268045,0.014772848702365992,14.811861264206119,11.843189216408804,0.0,0.0,16.0,5.404371810804649,9.797507135792973e-05,1.0544565416167146,1.047576707285971
2,0.05,32.0,1.131370849898476,1.0,9.880984919163893e-15,7.882583474838611e-15,0.07930491296532316,1.0,14.899331641366802,0.00015521625587959026,14.8797844011401,14.879629184884221,-0.01970245648258087,12.713541486659448,0.09128626443892851,12.790162662660958,12.69887639822203,-0.01466508843741938,0.00034241990881857547,0.000294921524502585,0.00046117433824113894,0.000166252813738554,-0.00017616709508002152,2.98948997275677e-08,0.00015521625587959026,0.00015524615077931785,0.9999944285256562,32.19510638347646,14.8797844011401,47.07489078461656,5.2079433470196985,32.19512379120107,14.899331641366802,47.09445543256788,5.061299060512806,0.0010955573752464442,0.09128626443892851,0.09238182181417495,0.9671079270397448,30.605537954141802,12.790162662660958,43.395700616802756,5.091242030632441,30.62815199158234,12.713541486659448,43.34169347824179,4.947513877628679,0.0478449501095012,0.000294921524502585,0.12883796368649814,0.9999935022072495,0.017998826366528234,0.00046117433824113894,15.47691337640244,0.208299218171155,0.044265070581064866,0.00034241990881857547,0.20466223280152968,-0.9444851597968302,1.4169349759529082,1.026106417030162,0.39082855892274715,0.2915325120235459,0.28338699519058164,1.5686892645763184,1.1577246240417265,0.41096464053458986,0.21565536771184096,0.3137378529152636,1.5748953387797153,1.01029299102605,0.5646023477536655,0.2125523306101424,0.3149790677559431,0.28338699519058164,0.31373785291526357,0.314979067755943,0.46649169921875,0.464813232421875,0.28338699519058164,0.2834081084859006,0.31622705075342816,1.549228480444048e-05,0.3137378529152636,0.31219658143514584,0.31591631655991836,0.006496384250672024,0.3149790677559431,0.30467422643516145,0.31142023290554355,0.01480642012854947,15.062920227102683,11.572906282403814,0.0,0.0,32.0,0.8532960935886089,2.29822328316979e-05,1.1071003900664906,1.1114803187920297
2,0.05,64.0,2.262741699796952,1.0,1.354472090042691e-14,5.689893001203927e-15,0.07925331060814723,1.0,64.38893508818325,0.0001562101714837372,64.38955301997757,64.38939680980609,0.00046172162283755297,12.11118350539526,0.09016529773982233,12.235983360374018,12.145818062634197,0.03463455723893523,0.000275488565152521,0.00029634381253157725,0.0003153555946659669,1.901178213438962e-05,-0.00025647678301813135,6.09731209433146e-08,0.0001562101714837372,0.00015627114460468053,1.0000501545006373,0.10240046352136224,64.38955301997757,64.49195348349893,0.9678264653234951,0.10238079124341301,64.38893508818326,64.49131587942666,0.28071577880154125,0.0010908408179701613,0.09016529773982233,0.0912561385577925,0.967182198375002,0.09491679726263812,12.235983360374018,12.330900157636655,0.8829984235638956,0.08739080351493174,12.11118350539526,12.198574308910192,0.28078651193883675,0.04779231750155542,0.00029634381253157725,0.12974979993533428,0.9999921617362371,0.0038334976313105854,0.0003153555946659669,23.888990719200844,0.9940233131980676,0.04398723751024758,0.000275488565152521,0.1424903946919016,-0.9999467215468738,1.6699285288063765,0.7079293329137664,0.9619991958926102,0.16503573559681178,0.3339857057612753,1.5805159257159727,0.6297520233355866,0.9507639023803863,0.2097420371420137,0.3161031851431945,1.6304350424445726,0.6669138569804869,0.9635211854640856,0.1847824787777138,0.3260870084889145,0.3339857057612753,0.31610318514319447,0.3260870084889145,0.486053466796875,0.498260498046875,0.3339857057612753,0.3339786007483471,0.005236030323665213,1.566193036460938e-05,0.3161031851431945,0.3129305862328559,0.014710769490208546,0.006478212034403895,0.3260870084889145,0.300601668678301,0.3208003225399068,0.014857899749258403,15.763937845263024,12.735516439148576,0.0,0.0,64.0,0.18809417314960258,4.278507864359432e-06,0.946457227630985,0.9763501936277279
2,0.1,0.5,0.035355339059327376,1.0,8.014422459012849e-16,1.4204674762818836e-15,0.1561744069155169,1.0,7.284707125348193e-06,0.0006266106749175204,0.0006398881397514965,1.3277464833976095e-05,5.992757708627822e-06,0.01430693917117474,0.09265079897068743,0.11680424948754892,0.024153450516861488,0.009846511345686756,0.00011528904052420136,0.001123090682993454,0.0011266824935774382,3.5918105839841032e-06,-0.00011169722994021713,1.6807715849649084e-07,0.0006266106749175204,0.0006267787520760168,0.9999393125848235,0.15739944694208358,0.0006398881397514965,0.1580393350818351,1.0968636507888088,0.15733238840856945,7.2847071253481934e-06,0.1573396731156948,0.38115679161712,0.00113317772069026,0.09265079897068743,0.0937839766913777,0.9665051117479523,0.1451850998256671,0.11680424948754892,0.261989349313216,1.0602258141333953,0.1476587251108475,0.014306939171174739,0.1619656642820222,0.3694034097249232,0.09538456134522562,0.001123090682993454,0.123448405641358,0.9999893836768956,0.09534674246938851,0.0011266824935774382,0.1239267184774521,0.9572258281826864,0.022966769061232517,0.00011528904052420136,1.1513343337242492,-0.21157881627518105,0.08534160920511294,0.08503727709584494,0.0003043321092679629,0.9573291953974437,0.01706832184102257,0.11733026454577093,0.08418787801631955,0.03314238652945124,0.9413348677271146,0.02346605290915417,0.15162688099348987,0.08415602953605347,0.06747085145743631,0.9241865595032551,0.030325376198697955,0.017068321841022586,0.023466052909154184,0.03032537619869797,0.377960205078125,0.413909912109375,0.01706832184102257,0.017010067238945166,0.017069518471486685,6.291256943586348e-05,0.02346605290915417,0.018360225777931134,0.02510490723574131,0.006658518717670434,0.030325376198697955,0.018607585782102032,0.02979452701395732,0.013633511410163371,13.968279325325728,10.291560647350051,0.0,0.0,0.5,1963.9690278544865,15.826173728115501,1.3748307026151267,1.7767052016685638
2,0.1,1.0,0.07071067811865475,1.0,8.829742492721948e-16,1.6523241108679088e-15,0.1518834889644276,1.0,0.000149465652295878,0.0006222635534388048,0.0006967950320761497,7.453147863734491e-05,-7.493417365853311e-05,0.046552805634202304,0.09170264854087103,0.150567521914041,0.05886487337316998,0.012312067738967687,0.0002931457024642001,0.0011037371215295536,0.0011329328408506605,2.919571932110692e-05,-0.00026394998314309317,7.839591958593489e-08,0.0006222635534388048,0.0006223419493583907,0.9999172163687962,0.5098393437361969,0.0006967950320761497,0.510536138768273,1.2333934938325726,0.5098923759965885,0.00014946565229587806,0.5100418416488844,0.6502586116056732,0.0010612747046518315,0.09170264854087103,0.09276392324552286,0.9675688611692621,0.47727313236355273,0.150567521914041,0.6278406542775938,1.1952271291303513,0.48012160202521514,0.04655280563420229,0.5266744076594175,0.6308541031134661,0.09546578240886386,0.0011037371215295536,0.12111558689294269,0.9999942323374349,0.09564778375199448,0.0011329328408506605,0.12384232922069707,0.8386055953400491,0.04155627026904875,0.0002931457024642001,0.47167419896188173,-0.18574956128612152,0.32645247406159833,0.32622838474678184,0.0002240893148167309,0.8367737629692009,0.06529049481231965,0.35404774071592254,0.3221867339103923,0.03186100680553011,0.8229761296420388,0.07080954814318449,0.3820707061873556,0.31346031715920697,0.06861038902814731,0.8089646469063223,0.07641414123747109,0.06529049481231965,0.0708095481431845,0.07641414123747112,0.39276123046875,0.40850830078125,0.06529049481231965,0.0652720227557073,0.06530269762977721,6.256277909955943e-05,0.07080954814318449,0.06721892614414628,0.0730902997580854,0.006514507738184222,0.0764141412374711,0.06483802379598919,0.07506414139618584,0.013408282219679431,13.883384142556878,9.996621559580053,0.0,0.0,1.0,311.4615627010256,1.961291426901862,1.08453073217977,1.1703716055013345
2,0.1,2.0,0.1414213562373095,1.0,1.0685896612017132e-15,1.805847138491856e-15,0.145413695524307,1.0,0.003207673046967917,0.0006263856938547008,0.004746332275141868,0.004119946581287168,0.0009122735343192511,0.12547777848608832,0.09305857264380804,0.23136932482723732,0.13831075218342928,0.012832973697340953,0.00044348079629631036,0.0011164602197988407,0.0010655005380145065,-5.09596817843342e-05,-0.0004944404780806446,7.926493091114974e-08,0.0006263856938547008,0.000626464958785612,1.0000214889714336,1.3191833889389128,0.004746332275141868,1.3239297212140548,1.3773215730508057,1.3193835334449533,0.003207673046967917,1.322591206491921,0.9029084970629543,0.0011093279418970205,0.09305857264380804,0.09416790058570507,0.9669503095129628,1.23156372514141,0.23136932482723732,1.4629330499686475,1.3326298540458112,1.235554157353869,0.12547777848608832,1.3610319358399576,0.8736187249702081,0.09537636972747177,0.0011164602197988407,0.1227240949244206,0.9999973595304602,0.09319591292966078,0.0010655005380145065,0.12213519069792012,0.620060096096241,0.053657131043611195,0.00044348079629631036,0.9058641016533662,-0.3956461921316272,0.7856217350506808,0.7834355448505838,0.0021861902000976166,0.6071891324746597,0.15712434701013617,0.8060235331194967,0.7686202850866473,0.03740324803284956,0.5969882334402516,0.16120470662389932,0.8051674089390083,0.7391756889874055,0.06599171995160227,0.5974162955304959,0.16103348178780166,0.15712434701013614,0.1612047066238993,0.16103348178780166,0.370635986328125,0.363433837890625,0.15712434701013614,0.1571191650102961,0.1571139480009348,6.242396385510835e-05,0.16120470662389932,0.14880151047413318,0.1563814617736135,0.006587727632589665,0.16103348178780166,0.15151140053355347,0.1609305073074857,0.013558442117574973,14.177425958396768,10.681407576220762,0.0,0.0,1.9999999999999998,39.11800755525797,0.13825623428656944,1.0259689837469932,1.0248792427911462
2,0.1,4.0,0.282842712474619,1.0,1.817990202823694e-15,3.0253577421035516e-15,0.15456918688810423,1.0,0.04299988281763584,0.0006228416916137862,0.04525557142515372,0.04463272973353993,0.0016328469159040972,0.5709096035720294,0.09319907604222308,0.8305000820994204,0.7373010060571974,0.16639140248516804,0.0005098235100748704,0.001112476297015391,0.0010554166672535538,-5.705962976183736e-05,-0.0005668831398367078,1.777341622582165e-07,0.0006228416916137862,0.0006230194257760445,0.9999764662520518,5.525982107759487,0.04525557142515372,5.571237679184641,2.723295495367031,5.525927939878974,0.04299988281763584,5.568927822696609,2.0738664325921605,0.0010105002889682735,0.09319907604222308,0.09420957633119136,0.9685495355630775,5.146955834499428,0.8305000820994204,5.977455916598849,2.639486059261414,5.202156545962989,0.5709096035720294,5.773066149535018,2.0117313153437557,0.09550288777440202,0.001112476297015391,0.12197729291283137,0.9999880192580489,0.08772139188202861,0.0010554166672535538,0.13723765345936373,0.707131622024268,0.055047129138007106,0.0005098235100748704,0.22083094578176438,-0.46746706395692783,0.5985594635467305,0.5970263107761398,0.0015331527705911973,0.7007202682266347,0.11971189270934608,0.6291205340177842,0.5875657621009934,0.04155477191679087,0.6854397329911079,0.12582410680355688,0.645656269431489,0.565854981148212,0.07980128828327634,0.6771718652842555,0.12913125388629781,0.1197118927093461,0.12582410680355685,0.12913125388629781,0.465301513671875,0.4521484375,0.11971189270934608,0.11970398068915505,0.11993021591392085,6.222825542935722e-05,0.12582410680355688,0.12185824197892843,0.1215991451424432,0.0065811982448579455,0.12913125388629781,0.12169341876299031,0.13007279547338005,0.013502262316609035,14.40485696954213,11.248456892851749,0.0,0.0,4.0,13.277003707039832,0.011856393010117065,1.0510577015856806,1.0786835874345535
2,0.1,8.0,0.565685424949238,1.0,3.6637359812630166e-15,4.440892098500626e-15,0.15201576499565334,1.0,0.4963365407957767,0.0006265874214990813,0.5030440673772065,0.5024174799557075,0.006080939159930719,1.9086520753248903,0.09204500247037073,2.1581622074731444,2.066117205002773,0.1574651296778827,0.0008400987852285901,0.0011180229862638958,0.0012014516399750084,8.34286537111127e-05,-0.0007566701315174771,1.0553477196641582e-07,0.0006265874214990813,0.0006266929562710477,0.9999779479064022,15.598571408492097,0.5030440673772065,16.101615475869302,3.992554784828365,15.597583513548392,0.4963365407957767,16.093920054344167,3.592394339201211,0.00107625134089624,0.09204500247037073,0.09312125381126696,0.9674632997545832,14.62726917718736,2.1581622074731444,16.785431384660505,3.8753202822916313,14.678465421440624,1.9086520753248903,16.587117496765515,3.4864746196684173,0.09546203504691095,0.0011180229862638958,0.12269352601474706,0.9999886790813859,0.07164718904748624,0.0012014516399750084,0.28255094418316423,0.5352388532322694,0.07875804395260305,0.0008400987852285901,0.27206424238438576,-0.7470658234151705,1.0458813566473815,1.0244337269723442,0.021447629675038334,0.4770593216763092,0.2091762713294763,1.108625295924671,1.0006836689442085,0.10794162698046238,0.4456873520376645,0.22172505918493424,1.0078666659405364,0.8396412904684748,0.1682253754720618,0.49606666702973173,0.2015733331881073,0.2091762713294763,0.22172505918493415,0.20157333318810727,0.494659423828125,0.41815185546875,0.2091762713294763,0.20888827865066847,0.20992788866323822,6.2719859521384e-05,0.22172505918493424,0.2181287571518103,0.2101980175816528,0.0065747716974015515,0.2015733331881073,0.1952355422127432,0.20676929264401667,0.01361148921653541,15.011734532486777,12.407337020689639,0.0,0.0,8.0,3.8454796664068844,0.0016925991060050892,1.0599914501568497,0.9636529607634438
2,0.1,16.0,1.131370849898476,1.0,4.551914400963142e-15,3.552713678800501e-15,0.15153347579651782,1.0,3.7307985699544566,0.0006183725492479495,3.7192774092128307,3.718659036663583,-0.012139533290873427,3.143940189115649,0.09329248475026386,3.178805350935799,3.0855128661855353,-0.058427322930113317,0.0012134533585225985,0.0011055156322314138,0.0016755451809827787,0.0005700295487513651,-0.0006434238097712335,1.8836203144754832e-07,0.0006183725492479495,0.0006185609112793971,0.9998955983349889,9.033709840699405,3.7192774092128307,12.752987249912236,2.393582411751124,9.032660338389057,3.7307985699544566,12.763458908343514,2.646681200837832,0.0008926638404450639,0.09329248475026386,0.09418514859070892,0.9705272481273666,8.4873520176432,3.178805350935799,11.666157368579,2.3088354385613394,8.407736736394455,3.143940189115648,11.551676925510101,2.556761230688747,0.09572373667673283,0.0011055156322314138,0.12065946497119329,0.9999782731728458,0.034413268672899094,0.0016755451809827787,7.978917523294182,-0.10177251545725259,0.10350200241951683,0.0012134533585225985,0.1310409193650713,-0.9447601026556103,2.0356096735695868,1.6289919931640189,0.40661768040556845,-0.017804836784793367,0.40712193471391744,2.2114829754733947,1.7767763509767367,0.43470662449665676,-0.10574148773669717,0.44229659509467895,2.1253697172331414,1.5320805215063462,0.5932891957267961,-0.0626848586165707,0.4250739434466283,0.4071219347139173,0.44229659509467883,0.42507394344662824,0.46099853515625,0.435028076171875,0.40712193471391733,0.40709921169645824,0.41247873372069216,6.190953444656051e-05,0.4422965950946789,0.44056596029122314,0.42192765369022256,0.006560452792191443,0.4250739434466283,0.41446173298533184,0.4180698105684996,0.013373745879201366,15.173851415317865,11.753087762223181,0.0,0.0,16.0,0.8426989906222754,0.0003252529815720959,1.0863983425640737,1.0440949189960145
2,0.1,32.0,2.262741699796952,1.0,6.217248937900877e-15,2.942091015256665e-15,0.1520782144779413,1.0,15.98746119151827,0.0006254297248988573,15.988083954009923,15.987458524285024,-2.667233245703005e-06,3.023112577072594,0.092701279475121,3.1161222872143783,3.023421007739257,0.00030843066666290733,0.0009949514974667369,0.0011090139258185397,0.00122577990968679,0.00011676598386825012,-0.000878185513598487,2.717348709020693e-07,0.0006254297248988573,0.0006257014597697594,1.0000268041560751,0.02142324179291165,15.988083954009923,16.009507195802836,1.0099679877939012,0.02140752904173087,15.987461191518271,16.008868720560002,0.1293177171440204,0.001107307027158811,0.092701279475121,0.0938085865022798,0.9676021392111793,0.01753870652256617,3.1161222872143783,3.133660993736944,0.9809282272395305,0.01710039481253845,3.023112577072594,3.0402129718851327,0.11984103358766557,0.09529779124656274,0.0011090139258185397,0.12211756509874604,0.9999870958286186,0.01631403582463391,0.00122577990968679,4.743841959465346,0.9969779289138323,0.07904493019419898,0.0009949514974667369,0.15957422533498916,-0.9998364920899927,1.2968438915602343,0.4406758276867826,0.8561680638734519,0.35157805421988286,0.25936877831204685,1.1059061058574213,0.3093626434739499,0.7965434623834718,0.44704694707128945,0.22118122117148425,1.2195033096304486,0.37472636050268227,0.8447769491277665,0.39024834518477575,0.2439006619260897,0.25936877831204685,0.22118122117148425,0.24390066192608967,0.522674560546875,0.546905517578125,0.25936877831204685,0.2593417410023361,0.00233327548575998,6.26961689224796e-05,0.22118122117148425,0.21593095456536462,0.008566105939471323,0.00663210738026823,0.2439006619260897,0.21214639656702947,0.23366634036742145,0.013703722691880044,15.64066062080461,12.545966831797077,0.0,0.0,32.0,0.18909272340729294,6.223323925843725e-05,0.8527673323324247,0.9403624580929805
2,0.1,64.0,4.525483399593904,1.0,1.4210854715202004e-14,2.942091015256665e-15,0.14735376256072014,1.0,64.03285576045823,0.0006199938056036968,64.03494486107341,64.0343248672678,0.0014691068095705035,3.0360452720351763,0.09372700834999717,3.1243850650129863,3.0306580566629893,-0.005387215372186728,0.0010039970790408984,0.0011093157264666733,0.0012389821888430504,0.000129666462376377,-0.0008743306166645213,1.2051988957556354e-07,0.0006199938056036968,0.0006201143254932724,0.9999014821380195,0.013663932320663923,64.03494486107341,64.04860879339408,0.9440149481209051,0.013652935084071687,64.03285576045823,64.04650869554231,0.10546440949449894,0.0010789389960393506,0.09372700834999717,0.09480594734603652,0.9673506102672802,0.0011923259781301512,3.1243850650129863,3.1255773909911166,0.9754902545844171,0.0005945534847819557,3.0360452720351763,3.036639825519958,0.021903307480083185,0.09556275643408862,0.0011093157264666733,0.12148062267551538,0.9999956545952504,0.01643970472832073,0.0012389821888430504,4.589264017713377,0.9997607942098232,0.0791270461677846,0.0010039970790408984,0.16034472750619477,-0.9999942117466323,1.6035267699984694,0.6541566065208522,0.9493701634776175,0.19823661500076528,0.3207053539996939,1.0994174598888926,0.3023032397448686,0.7971142201440236,0.4502912700555538,0.21988349197777848,1.2163928412734513,0.3700983004673807,0.8462945408060711,0.3918035793632743,0.24327856825469027,0.3207053539996938,0.21988349197777846,0.24327856825469024,0.5687255859375,0.5943603515625,0.3207053539996939,0.32069303208094774,0.001115519601258194,6.231556075408942e-05,0.21988349197777848,0.21319451371071285,0.0066154064699697895,0.0066600151001764505,0.2432785682546903,0.2109592674458585,0.23228983880677329,0.01353573348226274,15.633031762723572,12.614121098984064,0.0,0.0,64.0,0.047413866459318596,1.5679405004155535e-05,0.6856246371801712,0.7585734544828412
2,0.2,0.5,0.07071067811865475,1.0,7.68374079640477e-16,1.2405441257579142e-15,0.3033065521029178,1.0,2.5402380746225762e-05,0.0025091021744401915,0.002559209997358945,5.0107822918752916e-05,2.470544217252736e-05,0.015298159371913174,0.09809112383223352,0.11078829096175487,0.012697167129521337,-0.002600992242391853,0.00031809327765452094,0.003952909677364809,0.0038424511838075588,-0.00011045849355725102,-0.00042855177121177185,3.509799382650064e-07,0.0025091021744401915,0.0025094531543784567,0.9999649545818264,0.16770953729062218,0.002559209997358945,0.17026874728798114,1.0139272690124945,0.1676413987380673,2.540238074622576e-05,0.16766680111881352,0.36725478200150413,0.0010876844892101908,0.09809112383223352,0.09917880832144373,0.9671733542917627,0.16047988947540723,0.11078829096175487,0.2712681804371621,0.9818561396056383,0.15744872517610592,0.015298159371913176,0.1727468845480191,0.3559088203165715,0.18835344779312208,0.003952909677364809,0.11142358690046293,0.9999954718233044,0.18682621701355306,0.0038424511838075588,0.1097357566389866,0.9712459577818329,0.036535098010795325,0.00031809327765452094,0.5105467759155695,-0.21950774288452685,0.059955264869497815,0.058056017320789445,0.0018992475487086724,0.9700223675652511,0.01199105297389955,0.09486496826040708,0.058336459211010126,0.036528509049397015,0.9525675158697965,0.018972993652081403,0.11303482149991262,0.05695846699142912,0.05607635450848363,0.9434825892500438,0.02260696429998251,0.01199105297389956,0.01897299365208141,0.022606964299982518,0.367095947265625,0.371429443359375,0.01199105297389955,0.011627951497495613,0.011986802638703001,0.000250457644184596,0.018972993652081403,0.014281397861106614,0.02461298588530577,0.007107899239354952,0.02260696429998251,0.012798839593088612,0.023085093797779774,0.011629680725608403,14.454865470800426,10.891175630767085,0.0,0.0,0.5,602.2332916250831,12.52218368161349,1.5822625163427404,1.8853193584575263
2,0.2,1.0,0.1414213562373095,1.0,7.642541113850321e-16,1.2628786905111156e-15,0.3065175951656287,1.0,0.0007774715219605569,0.002489838462665555,0.002765416993809522,0.00027557853114396655,-0.0005018929908165904,0.032616216063395854,0.09751198471752133,0.10773455271088135,0.01022256799336003,-0.022393648070035826,0.001198675845199004,0.003934065949226971,0.0036431244992418312,-0.0002909414499851397,-0.001489617295184144,9.494942321431314e-07,0.002489838462665555,0.002490787956897698,1.0001800272641699,0.3453168850603463,0.002765416993809522,0.3480823020541558,0.9607559857113493,0.3454443821056512,0.0007774715219605569,0.34622185362761176,0.49349542438992444,0.0009331738974220435,0.09751198471752133,0.09844515861494338,0.9696661408478302,0.3316168676748852,0.10773455271088135,0.4393514203857666,0.9317507985721234,0.32253470906649684,0.03261621606339586,0.3551509251298927,0.47722891522332034,0.18852977852271413,0.003934065949226971,0.11068810992384479,0.9999900011712776,0.17420950214512212,0.0036431244992418312,0.12018264430499262,0.8643923624352883,0.0783880821301111,0.001198675845199004,0.6756655217201484,-0.3617886263313934,0.23822695911226516,0.22820979646691492,0.010017162645350446,0.8808865204438674,0.047645391822453,0.28588586393384896,0.2257877540422135,0.060098109891635484,0.8570570680330756,0.05717717278676976,0.3239559120166464,0.2605522069174019,0.06340370509924541,0.8380220439916769,0.06479118240332926,0.04764539182245302,0.05717717278676979,0.06479118240332928,0.352630615234375,0.40380859375,0.047645391822453,0.045535761785110276,0.04638588380994181,0.0002496928591107705,0.05717717278676976,0.06810369557625896,0.08213710806315414,0.007059991887043768,0.06479118240332926,0.06115449849119543,0.06977463189450293,0.011672451971504823,14.507017747575265,11.083181101230199,0.0,0.0,1.0,41.95165371607085,1.541761738328746,1.2000567232154629,1.359862516080648
2,0.2,2.0,0.282842712474619,1.0,1.1503385050071202e-15,1.7329887525008303e-15,0.2683582125801315,1.0,0.008471914639074674,0.002509227098111178,0.011706717967757695,0.009197490869646515,0.0007255762305718419,0.17622155163504666,0.09787510871575383,0.22331628553242838,0.12544117681667452,-0.050780374818372144,0.0033706040792458123,0.003941414862676541,0.004765513882698585,0.0008240990200220441,-0.0025465050592237684,7.721097342274477e-07,0.002509227098111178,0.0025099992078454056,0.9999209568795325,1.8977233589081797,0.011706717967757695,1.9094300768759374,1.2542722995464666,1.8969700326515861,0.008471914639074674,1.9054419472906607,1.2610786575429056,0.00106787972898614,0.09787510871575383,0.09894298844473998,0.9675050910592227,1.8011368378572359,0.22331628553242838,2.024453123389664,1.2160761546609773,1.7762219995740882,0.17622155163504666,1.9524435512091347,1.220677058243453,0.18855955683142622,0.003941414862676541,0.11087113452017697,0.9999971854060634,0.16562174713467995,0.004765513882698585,0.21082758449940073,0.13142962448807005,0.19106347101914867,0.0033706040792458123,0.19344548357878846,-0.6709420434541773,1.6303461622234812,1.6188294884453227,0.0115166737781575,0.18482691888825956,0.3260692324446962,1.6353863146764684,1.572339511536276,0.06304680314019243,0.18230684266176575,0.3270772629352937,1.6842162356601569,1.5713646731964461,0.11285156246370961,0.15789188216992167,0.33684324713203134,0.32606923244469616,0.32707726293529366,0.3368432471320313,0.46197509765625,0.493133544921875,0.3260692324446962,0.3239768772210073,0.32677312532729985,0.0002518872204579331,0.3270772629352937,0.2891642727414033,0.3068437927877714,0.007015146770708155,0.33684324713203134,0.3333589947345926,0.34600541656783124,0.011549735944838815,14.223713645302645,10.89713245867522,0.0,0.0,2.0,20.80067601510844,0.39785623708951334,1.0030914615372932,1.033042107673138
2,0.2,4.0,0.565685424949238,1.0,1.6583956430338276e-15,2.3592239273284576e-15,0.28435877179542557,1.0,0.1349693361722277,0.0024960339934013667,0.1570584325809763,0.15456239858757495,0.019593062415347244,0.4607042266363386,0.09749693242452548,0.5625774026645736,0.46508047024004817,0.004376243603709532,0.0029283851458425415,0.003943110259425391,0.0027922173696558385,-0.0011508928897695529,-0.004079278035612094,2.865659419447263e-07,0.0024960339934013667,0.0024963205593433115,1.0000317960315763,3.045951752713488,0.1570584325809763,3.2030101852944646,1.6985206161739228,3.0466940516896703,0.13496933617222773,3.181663387861898,1.60369888984616,0.001219426327445079,0.09749693242452548,0.09871635875197055,0.9653642939120309,2.8795692148665113,0.5625774026645736,3.4421466175310846,1.6427540368137663,2.862573241221782,0.4607042266363386,3.3232774678581207,1.5540552498947968,0.18813555908440766,0.003943110259425391,0.11140195493005751,0.9999946670307638,0.13233663372137744,0.0027922173696558385,0.17132542307139065,0.41362523920621874,0.15877045698301862,0.0029283851458425415,0.2180755036954762,-0.8375707772004704,1.3542785453489512,1.2918516953328172,0.062426850016134,0.3228607273255245,0.2708557090697902,1.3946602570260365,1.2266870741296247,0.16797318289641278,0.3026698714869819,0.27893205140520727,1.2368459615206795,1.1437892912622805,0.09305667025840003,0.3815770192396604,0.24736919230413584,0.2708557090697902,0.27893205140520727,0.24736919230413582,0.6363525390625,0.465728759765625,0.2708557090697902,0.2713064345201991,0.27286926055150373,0.00025012617040032225,0.27893205140520727,0.27223761158005505,0.273490037298908,0.007117547990678793,0.24736919230413584,0.23909905820685176,0.24429921478606093,0.011614559106657912,15.67735084595751,12.987550345889796,0.0,0.0,4.0,3.41339921868221,0.02169666999106948,1.0298178774342766,0.913287717485022
2,0.2,8.0,1.131370849898476,1.0,2.220446049250313e-15,2.040034807748725e-15,0.2902327613553558,1.0,0.9570678675695083,0.0025019841158397103,0.9844557351233745,0.9819537510075347,0.024885883438026595,0.8220273768001607,0.09784942319064971,0.9649381102844005,0.8670886870937508,0.04506131029358984,0.003046504845186508,0.003968600388938039,0.0036154755835220544,-0.0003531248054159848,-0.0033996296506024933,4.801590592748083e-07,0.0025019841158397103,0.002502464274898985,1.000258117640773,1.5277711999269945,0.9844557351233745,2.5122269350503688,1.5213600468931883,1.527744810253881,0.9570678675695082,2.4848126778233897,1.0446422257889174,0.0008784699280249412,0.09784942319064971,0.09872789311867464,0.9705894852062968,1.4254170121292709,0.9649381102844005,2.3903551224136717,1.4747464312288532,1.4311261517553415,0.8220273768001607,2.2531535285555027,1.0155243978259665,0.18849812564826568,0.003968600388938039,0.11169524544343229,0.9999892245462981,0.08484431861621597,0.0036154755835220544,0.6936796497019656,0.8031268016577263,0.1305440446896097,0.003046504845186508,0.1941683546102526,-0.9250081982635545,0.6343545721494563,0.3614437906816672,0.2729107814677892,0.6828227139252718,0.1268709144298913,0.7846667602149825,0.44078826209636923,0.34387849811861354,0.6076666198925088,0.1569333520429965,0.7433843799931612,0.4502447083041916,0.29313967168897026,0.6283078100034194,0.14867687599863222,0.12687091442989124,0.15693335204299647,0.14867687599863222,0.4908447265625,0.457977294921875,0.1268709144298913,0.12631752949012498,0.09242182178293762,0.000250039941260293,0.1569333520429965,0.14932326247579064,0.10019624852704193,0.007061920033370439,0.14867687599863222,0.1299212248497273,0.14046476979079256,0.01172732090229871,15.646488412240265,12.868753076068305,0.0,0.0,8.0,0.8589018654316695,0.0031831649023210482,1.2369529513379338,1.1718751824776268
2,0.2,16.0,2.262741699796952,1.0,3.4416913763379853e-15,1.7763568394002505e-15,0.28490239012082086,1.0,3.9537522873462967,0.0024998789555345253,3.956086420013099,3.9535865410575646,-0.00016574628873187438,0.7519584222183728,0.0970541811765455,0.8460511947494318,0.7489970135728863,-0.002961408645486638,0.0030619579856438588,0.003948033132735224,0.004630356471269491,0.0006823233385342677,-0.002379634647109591,7.746300042511405e-07,0.0024998789555345253,0.002500653585538776,1.000271621196286,0.004475585051410743,3.956086420013099,3.96056200506451,1.0064758723932727,0.004485723163928138,3.9537522873462962,3.958238010510225,0.05437990365724892,0.0010733112192157614,0.0970541811765455,0.09812749239576127,0.9675055801800457,0.0018436821551862847,0.8460511947494318,0.8478948769046181,0.9799722899723586,0.0015771633950807957,0.751958422218373,0.7535355856134538,0.032414414264213924,0.1882389711020592,0.003948033132735224,0.11142078897486403,0.9999955721708852,0.05861512811462839,0.004630356471269491,1.3534874404344435,0.9994934676625107,0.12966939770233293,0.0030619579856438588,0.18249573212746584,-0.9998722481914415,0.9270823409612271,0.238260763275804,0.688821577685423,0.5364588295193864,0.18541646819224544,0.5107194003675222,0.06606160724376102,0.4446577931237611,0.7446402998162389,0.10214388007350442,0.7190563277734852,0.13045498384381496,0.5886013439296705,0.6404718361132575,0.14381126555469703,0.18541646819224541,0.1021438800735044,0.14381126555469698,0.5469970703125,0.605316162109375,0.18541646819224544,0.1853297953927963,0.0006619393610778391,0.0002487015022002273,0.10214388007350442,0.09518107251679456,0.007000994458557614,0.006968427237917898,0.14381126555469703,0.10582262126984163,0.12832685725040727,0.01165778644969856,15.281364258596456,12.356491041360403,0.0,0.0,16.0,0.19018855192950818,0.0007744435571857746,0.5508889316541103,0.7756121500792967
2,0.2,32.0,4.525483399593904,1.0,6.938893903907228e-15,1.5265566588595902e-15,0.27051901079565965,1.0,15.707120686837477,0.002508300408313621,15.709482556217909,15.706974255809596,-0.00014643102788323634,0.7535085586834163,0.0986422957046483,0.852680234663373,0.7540379389587246,0.0005293802753084295,0.0031252253599454542,0.003944457589568498,0.004735135869774228,0.0007906782802057299,-0.0023345470797397237,4.566382446367863e-07,0.002508300408313621,0.0025087570465582576,0.9998812045740727,0.003265786860388626,15.709482556217909,15.712748343078296,1.00525423328955,0.00325614699186503,15.707120686837477,15.710376833829342,0.046002424729177815,0.0009418342332499715,0.0986422957046483,0.09958412993789828,0.9698365109767867,0.0014096376692595812,0.852680234663373,0.8540898723326324,0.9692602242265389,0.0003991390381743043,0.7535085586834164,0.7539076977215906,0.018238831327887964,0.18863963650777635,0.003944457589568498,0.11083282031636596,0.9999902447401054,0.058651714995757935,0.004735135869774228,1.3765931574977888,0.9998312347469459,0.1299992123773147,0.0031252253599454542,0.18491656527032777,-0.9999748385617853,1.4086371221000882,0.5128300492829877,0.8958070728171003,0.2956814389499559,0.28172742442001764,0.5213288102925091,0.06813715915474544,0.4531916511377635,0.7393355948537456,0.1042657620585018,0.721960915970346,0.13050269273057707,0.591458223239769,0.6390195420148271,0.14439218319406916,0.28172742442001764,0.1042657620585018,0.14439218319406916,0.558502197265625,0.594329833984375,0.28172742442001764,0.2815543964244395,0.0006932614305726781,0.00025299069427295404,0.1042657620585018,0.09649087454742727,0.0072165272175164314,0.007124156356358699,0.14439218319406916,0.10614770503464792,0.12714340347152284,0.011708199778408326,15.284864757275471,12.387283929240102,0.0,0.0,32.0,0.04797241796931339,0.0001989686984810898,0.370094470828142,0.5125244143033795
2,0.2,64.0,9.050966799187808,1.0,1.3766765505351941e-14,1.6653345369377348e-15,0.2865754551605226,1.0,63.89985966612834,0.0025248575382397875,63.89980963642451,63.89728477888626,-0.002574887242079354,0.7460352904547789,0.09815213373519674,0.8441858938393867,0.7460337601041898,-1.530350588944832e-06,0.0031078633922244636,0.003968916729791296,0.004736745075167088,0.0007678283453757914,-0.0023400350468486724,5.270480154393269e-07,0.0025248575382397875,0.002525384586255227,1.000018241847786,0.020539683920938086,63.89980963642451,63.92034932034544,1.0258649434584368,0.02058040893270626,63.899859666128336,63.92044007506105,0.1221441678604322,0.0010436190420394654,0.09815213373519674,0.09919575277723622,0.9682535038435447,0.0013740400600260492,0.8441858938393867,0.8455599338994126,0.9687091188266621,0.0002841294503252746,0.7460352904547789,0.7463194199051042,0.015215400941926647,0.18856486880488996,0.003968916729791296,0.11162341282923609,0.9999890334807625,0.05864349142532922,0.004736745075167088,1.3775322323072745,0.9998377676809679,0.12993004990148893,0.0031078633922244636,0.1840951450348936,-0.9999905943175667,1.5935432393721507,0.645502566360078,0.9480406730120728,0.20322838031392465,0.3187086478744301,0.5219572365826337,0.06832709694879159,0.4536301396338422,0.7390213817086831,0.10439144731652673,0.7212083637967786,0.13021364474556724,0.5909947190512114,0.6393958181016107,0.14424167275935573,0.31870864787443015,0.10439144731652673,0.1442416727593557,0.68548583984375,0.73321533203125,0.3187086478744301,0.3186314972098321,0.002762987361067063,0.00025250766141532964,0.10439144731652673,0.09613909537196177,0.007085957107996593,0.00703838008717416,0.14424167275935573,0.10645537219514029,0.127868434395028,0.01164423043652424,15.270455807063385,12.401347696481833,0.0,0.0,64.0,0.011675069309271627,4.863646662860922e-05,0.3275450729459231,0.4525816093204548
2,0.4,0.5,0.1414213562373095,1.0,8.170547571850761e-16,1.177877240188252e-15,0.6048894183960778,1.0,0.000152164382069199,0.010059067912618649,0.009613523639318692,-0.00044554427329995664,-0.000597708655369157,0.011089453191578853,0.11875709922518922,0.1391548010974701,0.0203977018722809,0.009308248680702048,0.0009497967907971219,0.01186004615769967,0.012108237750023312,0.00024819159232364243,-0.0007016051984734792,4.590499639945067e-06,0.010059067912618649,0.010063658412258595,1.0004417467799185,0.11989709634097491,0.009613523639318692,0.12951061998029362,1.0737226738770644,0.12057038846310594,0.000152164382069199,0.12072255284517515,0.3312378080079913,0.001038212252323344,0.11875709922518922,0.11979531147751257,0.968300544836904,0.11078699894019745,0.1391548010974701,0.24994180003766756,1.0402488863235528,0.1134039955312572,0.011089453191578853,0.12449344872283606,0.3212963974620598,0.3528163078696309,0.01186004615769967,0.09528027805759845,0.9999935422134352,0.34967884432338237,0.012108237750023312,0.09778314916538373,0.984522952545906,0.06205592219299186,0.0009497967907971219,0.30816781133150756,-0.14358476633806969,0.03316681949152582,0.027813421702543105,0.005353397788982818,0.9834165902542371,0.006633363898305148,0.07450371670366637,0.028665778419487593,0.04583793828417875,0.9627481416481669,0.014900743340733259,0.07780636720731973,0.030570517664934026,0.047235849542385674,0.9610968163963401,0.015561273441463928,0.006633363898305164,0.014900743340733276,0.015561273441463944,0.412567138671875,0.38726806640625,0.006633363898305148,0.005587897538500091,0.00667201426795396,0.0010109525136321083,0.014900743340733259,0.006841522616633911,0.016799978963731123,0.00905790356661176,0.015561273441463928,0.007262786202628165,0.01568596529328834,0.009130883264730012,15.201422690091597,12.278845569900025,0.0,0.0,0.5,72.87811405520485,6.241912712300753,2.2463328665777644,2.345909809868851
2,0.4,1.0,0.282842712474619,1.0,9.749145934989656e-16,1.4432899320127035e-15,0.5336628010231379,1.0,0.0011500643673244663,0.010035046992562403,0.011815914472628287,0.0017808674800658835,0.0006308031127414184,0.058443386014616475,0.12036234412708575,0.21964427703379114,0.09928193290670537,0.040838546892088934,0.0041113833929666745,0.011861975323132885,0.012660776167744792,0.0007988008446119048,-0.0033125825483547714,2.8473784432732883e-06,0.010035046992562403,0.010037894371005674,1.00027566564917,0.6809851871316859,0.011815914472628287,0.6928011016043142,1.3774548620314961,0.6814718417009615,0.0011500643673244665,0.6826219060682861,0.819664012762969,0.0009500553973373492,0.12036234412708575,0.1213123995244231,0.9697112748301178,0.6237071703292649,0.21964427703379114,0.843351447363056,1.3349143852375378,0.6375856066578605,0.05844338601461647,0.6960289926724771,0.7930654164474549,0.35330177233070936,0.011861975323132885,0.09503947182447069,0.9999982115590283,0.3375857950836003,0.012660776167744792,0.12035992178918314,0.8337194338666558,0.1757399909016381,0.0041113833929666745,0.19917408649648077,-0.16552651405917335,0.30219850699481376,0.28196482361958614,0.020233683375227775,0.8489007465025932,0.060439701398962736,0.35608689810620253,0.2765084354079149,0.07957846269828761,0.8219565509468988,0.07121737962124049,0.38109462602366745,0.31931871940104706,0.061775906622620474,0.8094526869881663,0.07621892520473349,0.060439701398962736,0.07121737962124049,0.07621892520473347,0.45538330078125,0.464385986328125,0.060439701398962736,0.05703921476256853,0.05861218078815931,0.0010051826016732354,0.07121737962124049,0.06882729915772419,0.07989821040133871,0.009087050593428622,0.07621892520473347,0.07277682285094607,0.07934895173976514,0.009088977287346726,14.938363844469858,11.762379632069578,0.0,0.0,1.0,50.81749132927263,3.574915900169555,1.1783211692449347,1.2610738213548083
2,0.4,2.0,0.565685424949238,1.0,1.1379786002407855e-15,1.6254358969902682e-15,0.5180467471323552,1.0,0.02988071391036787,0.010038375811019682,0.03699562788668887,0.02695725207566919,-0.0029234618346986796,0.12265535817136741,0.11940020625773672,0.26669706574679486,0.14729685948905813,0.024641501317690728,0.008840380159912162,0.011837068387126627,0.019461934548517523,0.0076248661613908955,-0.0012155139985212643,2.225177739435493e-06,0.010038375811019682,0.010040600988759116,1.0008284960488552,1.0467694056465022,0.03699562788668887,1.0837650335331912,1.4082899546205536,1.0461766903192422,0.029880713910367868,1.0760574042296103,0.9626332395833862,0.0009322354284608096,0.11940020625773672,0.12033244168619753,0.9698538075454435,0.9778766470021403,0.26669706574679486,1.2445737127489351,1.3651236455479516,0.9897741723671829,0.1226553581713674,1.1124295305385505,0.9362883049676055,0.35266352731319683,0.011837068387126627,0.0951818252322356,0.9999969372381146,0.2903063374370195,0.019461934548517523,0.37714677997223023,0.8697001466238208,0.17671546752319206,0.008840380159912162,0.3851608076054194,-0.49785903777765317,0.3155646880034125,0.2732850954840033,0.042279592519408604,0.8422176559982938,0.06311293760068248,0.40867926561081336,0.2852373266828018,0.12344193892801124,0.7956603671945933,0.08173585312216265,0.4178758848465367,0.23405534502924485,0.1838205398172918,0.7910620575767318,0.08357517696930733,0.06311293760068248,0.08173585312216265,0.08357517696930733,0.51385498046875,0.453887939453125,0.06311293760068248,0.06118527879262188,0.05537856131172672,0.0010132013808690221,0.08173585312216265,0.07640565530642855,0.07671291681464144,0.009046113758638532,0.08357517696930733,0.08064081617696094,0.08185447936683926,0.009112824000364686,14.398927733842307,11.326570002202367,0.0,0.0,2.0,4.10483359063282,0.29585572106577973,1.295072868249422,1.3242162407031355
2,0.4,4.0,1.131370849898476,1.0,1.1726730697603216e-15,1.3287981825982342e-15,0.4550102333388116,1.0,0.22795130297828337,0.010063453558135056,0.22206907990991911,0.21200562635178402,-0.015945676626499303,0.18589886792079124,0.11982280876069283,0.26411923900403433,0.1442964302433415,-0.04160243767744976,0.014315441070137491,0.012002320415656126,0.026766222548626074,0.014763902132969953,0.0004484610628324618,2.10677837803616e-06,0.010063453558135056,0.010065560336513091,1.0006217787813414,0.7637765995713444,0.22206907990991911,0.9858456794812633,0.7641171383943743,0.7641806246803722,0.22795130297828334,0.9921319276586555,0.7678035534072294,0.0008964654669327427,0.11982280876069283,0.12071927422762557,0.9702614256302589,0.7397768301098115,0.26411923900403433,1.0038960691138459,0.7378011369985074,0.708697817656478,0.18589886792079124,0.8945966855772693,0.738652298196943,0.3528376188292702,0.012002320415656126,0.09641147936512641,0.9999964617596702,0.18286067511716858,0.026766222548626074,1.8147717009309468,0.3620530650570764,0.2740243167167483,0.014315441070137491,0.29661094977041846,-0.856887349318332,1.069753306104996,0.7609158274796748,0.3088374786253213,0.46512334694750207,0.21395066122099915,1.1671959547908832,0.8119345725827644,0.35526138220811865,0.4164020226045583,0.23343919095817667,1.3161308344004112,0.8560622677638523,0.4600685666365589,0.3419345827997944,0.26322616688008227,0.21395066122099915,0.23343919095817664,0.2632261668800822,0.406707763671875,0.451904296875,0.21395066122099915,0.21541138309110147,0.23037858585130486,0.0010085536519800903,0.23343919095817667,0.23097349641573398,0.2272874627190289,0.009092839360920377,0.26322616688008227,0.24856411649880533,0.24965660765610384,0.009313428334245706,14.318150780054317,10.48757173295183,0.0,0.0,4.0,0.8155200935109443,0.06280043536974783,1.091088896972592,1.2303124719403613
2,0.4,8.0,2.262741699796952,1.0,1.970645868709653e-15,1.3825746103535153e-15,0.45957008652563347,1.0,1.00529755306027,0.00997492972241358,1.0154280804874918,1.005453150765078,0.00015559770480809854,0.18857547881963221,0.11904850715050651,0.31122047938904224,0.19217197223853572,0.003596493418903523,0.007727623031704689,0.01189174907254723,0.016409812715709148,0.004518063643161917,-0.0032095593885427694,3.888040042004936e-06,0.00997492972241358,0.009978817762455586,1.001007557648601,0.002181163161566302,1.0154280804874918,1.017609243649058,0.9830261301532319,0.0021838875353190194,1.00529755306027,1.007481440595589,0.037298579698716305,0.0009710616140940879,0.11904850715050651,0.1200195687646006,0.9692344156745138,0.002967944451012981,0.31122047938904224,0.3141884238400552,0.955267796235458,0.0009684180956312014,0.18857547881963221,0.1895438969152634,0.02730952771201834,0.3529561995664561,0.01189174907254723,0.0954585079396585,0.9999953313464037,0.17367985994813068,0.016409812715709148,0.5505493620082269,0.9985971126378552,0.17976576440711908,0.007727623031704689,0.24118916160225162,-0.998621846324766,0.5436594453541974,0.097568215037429,0.44609123031676867,0.7281702773229013,0.1087318890708395,0.17376166502085616,0.008296029949711388,0.16546563507114473,0.913119167489572,0.03475233300417122,0.3548346994886984,0.03515877393873831,0.31967592554996005,0.8225826502556508,0.07096693989773967,0.10873188907083949,0.03475233300417122,0.07096693989773967,0.485626220703125,0.549957275390625,0.1087318890708395,0.10780037203848408,0.0013391591661266794,0.0010058500717387516,0.03475233300417122,0.02325516040490555,0.009489836633914762,0.009039075758217571,0.07096693989773967,0.035301195157767036,0.051026855202137386,0.009226854530868628,14.849595144154065,11.762277845147878,0.0,0.0,8.0,0.18758175452191386,0.00768690126438754,0.3196149105947186,0.6526782575395547
2,0.4,16.0,4.525483399593904,1.0,3.58046925441613e-15,1.3287981825982342e-15,0.4587404753434501,1.0,3.9375961789007463,0.00997480743521366,3.948545629152467,3.938570821717253,0.0009746428165071861,0.18863156061858236,0.11882718758544594,0.3081238208467891,0.1892966332613431,0.0006650726427607483,0.007815280610681295,0.011832918949271298,0.0155441456698998,0.003711226720628501,-0.004104053890052793,2.7638057464204193e-06,0.00997480743521366,0.00997757124096008,0.9994875830535996,0.0005707205440665192,3.948545629152467,3.949116349696533,1.0047101836526584,0.000582202785715302,3.9375961789007463,3.9381783816864613,0.018246760943576114,0.0009900207133413798,0.11882718758544594,0.11981720829878734,0.9691882923227395,0.0010274147356951191,0.3081238208467891,0.30915123558248414,0.9693039547120164,6.145476654412194e-05,0.18863156061858236,0.18869301538512645,0.0065637710562197644,0.3541747406497464,0.011832918949271298,0.09433306903874308,0.9999947364427275,0.17905968694428426,0.0155441456698998,0.48501565797419344,0.9999858530954011,0.1751188421231819,0.007815280610681295,0.25482089095560434,-0.9999823064285835,0.9594261090650376,0.257778639055091,0.7016474700099465,0.5202869454674812,0.1918852218130075,0.1635518238226985,0.006716538921532407,0.1568352849011661,0.9182240880886507,0.03271036476453969,0.306279745938587,0.023488138947877782,0.2827916069907092,0.8468601270307066,0.06125594918771738,0.19188522181300746,0.0327103647645397,0.06125594918771739,0.663055419921875,0.724151611328125,0.1918852218130075,0.1913854379500889,0.0010687756414123719,0.001001917121243359,0.03271036476453969,0.022340916486436796,0.008942568199384016,0.008944510364242344,0.06125594918771738,0.03280136492613107,0.04673327855323121,0.009100977903858075,14.812572581032418,11.570469185669973,0.0,0.0,16.0,0.047905257941214884,0.0019847846898467573,0.17046838967315575,0.319232240028424
2,0.4,32.0,9.050966799187808,1.0,6.772360450213455e-15,1.300175245244617e-15,0.4532741664623413,1.0,15.964331758802237,0.009967395946718673,15.975573400839448,15.96560600489273,0.001274246090491966,0.18871360107406282,0.11962185959348473,0.3061989677334199,0.18657710813993517,-0.002136492934127633,0.007752334017955366,0.011879131088176263,0.015582929485150793,0.003703798396974534,-0.004048535620980831,2.8100103743445878e-06,0.009967395946718673,0.009970205957093019,0.999469800781642,0.010698289322720949,15.975573400839448,15.98627169016217,0.9780343978069985,0.010541792237820532,15.964331758802237,15.974873551040055,0.07765046155041913,0.0009956887834493785,0.11962185959348473,0.12061754837693411,0.9688228933064332,0.001188257494274062,0.3061989677334199,0.307387225227694,0.9667070498830552,4.240054628409366e-05,0.18871360107406282,0.1887560016203469,0.0058183137146775275,0.3538012416775517,0.011879131088176263,0.09489604204530429,0.9999927353884335,0.17920616359618918,0.015582929485150793,0.48523208841084337,0.9999566367214254,0.1746034792298412,0.007752334017955366,0.25428136088284564,-0.9999815829769476,1.3955426781079914,0.509180637146367,0.8863620409616246,0.30222866094600437,0.27910853562159826,0.1629205205003295,0.00668009307092277,0.15624042742940666,0.9185397397498354,0.032584104100065875,0.3027837535240755,0.023014579854943915,0.2797691736691317,0.8486081232379623,0.060556750704815074,0.27910853562159826,0.032584104100065896,0.0605567507048151,0.70855712890625,0.76171875,0.2791085356215983,0.2788922129965914,0.0027029980058346182,0.0009861722225327208,0.032584104100065875,0.022540793336096453,0.00910838931998546,0.009058079600213705,0.060556750704815074,0.032212614862253235,0.046360722917790385,0.00895981576715493,14.803862733604138,11.67822623473506,0.0,0.0,32.0,0.011820952102803301,0.00048560341485517986,0.11674348843362431,0.2169648827469575
2,0.4,64.0,18.101933598375616,1.0,1.354472090042691e-14,1.339206523454095e-15,0.45935739828726846,1.0,64.1891733032152,0.009946600332537468,64.19343100547106,64.18348440513851,-0.005688898076693641,0.18942236010080885,0.1182216582471337,0.31131640333698846,0.19309474508985477,0.0036723849890459327,0.007804699290933861,0.011842231987713074,0.015493827407060262,0.003651595419347188,-0.004153103871586673,3.0095084898540416e-06,0.009946600332537468,0.009949609841027322,1.0003096297131575,0.011647158590515638,64.19343100547106,64.20507816406158,0.9848379181295797,0.01159591221369339,64.1891733032152,64.20076921542889,0.0856824552652588,0.0012185724162610163,0.1182216582471337,0.11944023066339472,0.9656329705194084,0.0013076115039197147,0.31131640333698846,0.3126240148409082,0.9648509397961675,3.0381661502699954e-05,0.18942236010080882,0.18945274176231153,0.005002725932004078,0.35284019438344644,0.011842231987713074,0.09512057293254725,0.9999951532091534,0.17788012256827623,0.015493827407060262,0.4897993968320128,0.9999725837533994,0.17496662617034256,0.007804699290933861,0.2549350664229162,-0.9999805415419794,1.56468708584381,0.621677635981084,0.9430094498627258,0.21765645707809506,0.312937417168762,0.16637153452687578,0.006967554364207094,0.15940398016266857,0.9168142327365622,0.03327430690537514,0.3039282992838622,0.02317778586319804,0.2807505134206642,0.8480358503580689,0.06078565985677244,0.3129374171687619,0.03327430690537515,0.06078565985677244,0.83477783203125,0.879730224609375,0.312937417168762,0.3128686235633731,0.0029004846168193036,0.0009913127777154349,0.03327430690537514,0.02259658397199082,0.009157861034566658,0.009138935142103032,0.06078565985677244,0.033417132570408126,0.046850501520314045,0.009062916180865552,14.810254088737908,11.605179168665268,0.0,0.0,64.0,0.002951001708746431,0.00012158902957148582,0.10632894975109625,0.19424222391402857
2,0.8,0.5,0.282842712474619,1.0,8.988578110991075e-16,1.4242079737769586e-15,1.2194163054677167,1.0,0.0005524610344901827,0.040144951404315794,0.03569743195439132,-0.0044475194499244775,-0.004999980484414661,0.010648126074247519,0.2063153712228969,0.1852034290604957,-0.021111942162401188,-0.031760068236648696,0.004065616542600444,0.027612953888005252,0.027902645518294612,0.0002896916302893601,-0.0037759249123110847,8.023173720354289e-06,0.040144951404315794,0.040152974578036155,0.9999353413983525,0.11088316019777537,0.03569743195439132,0.14658059215216668,0.9374233818228019,0.11196724705026431,0.0005524610344901828,0.1125197080847545,0.30002525177063455,0.0009609447838459583,0.2063153712228969,0.20727631600674284,0.9694798620515869,0.1115484161098912,0.1852034290604957,0.2967518451703869,0.9093880981571594,0.10517235779109918,0.010648126074247519,0.11582048386534669,0.29062322555390746,0.5468994749816641,0.027612953888005252,0.09232097153378034,0.9999921052856426,0.5361032185671235,0.027902645518294612,0.0988198394961039,0.9511833103430826,0.16838378298857115,0.004065616542600444,0.16869962731679514,-0.07400588013803944,0.10536850629630723,0.08122847557974931,0.024140030716557744,0.9473157468518465,0.02107370125926143,0.1790012876145029,0.08211127143831468,0.09689001617618828,0.9104993561927486,0.035800257522900565,0.1441957366799278,0.09566401258414398,0.0485317240957838,0.9279021316600361,0.028839147335985547,0.02107370125926144,0.03580025752290057,0.028839147335985554,0.436370849609375,0.385162353515625,0.02107370125926143,0.01647774686323525,0.021554825278334605,0.0041358884127189015,0.03580025752290056,0.01835370419421085,0.041738119117564455,0.017590494763991667,0.028839147335985547,0.021421107444777907,0.030373395922786373,0.008950905968798282,16.109996624998093,13.85994032910641,0.0,0.0,0.5,19.273985692174165,7.3591009841123745,1.6988120445698707,1.3684899003354418
2,0.8,1.0,0.565685424949238,1.0,9.228728892196614e-16,1.4155343563970746e-15,0.9408889018951673,0.9999999999999999,0.007314787634331798,0.040028023845098716,0.046619612224471675,0.006591588379372958,-0.0007231992549588439,0.030331518454416236,0.20399398177942235,0.2033193537290663,-0.0006746280503560666,-0.031006146504772313,0.011928265992933614,0.027735482202296817,0.02803836473331438,0.00030288253101756323,-0.011625383461916052,8.56860082154785e-06,0.040028023845098716,0.04003659244592026,0.9999244079609845,0.2720946864720418,0.046619612224471675,0.3187142986965135,0.9204023217144578,0.2704334081636012,0.007314787634331799,0.2777481957979329,0.4721325989791637,0.0009315701849293678,0.20399398177942235,0.2049255519643517,0.9698956869910773,0.26618328458042867,0.2033193537290663,0.46950263830949496,0.8919287186823949,0.2533851009077433,0.030331518454416236,0.28371661936215953,0.45702394179332645,0.5467035158655583,0.027735482202296817,0.09279757490038226,0.9999977581874024,0.5076145167017022,0.02803836473331438,0.11033766570886747,0.7794552180020122,0.32743854195601674,0.011928265992933614,0.17400437021473597,-0.4506697917991525,0.30962977198243236,0.2768407791662505,0.032788992816182,0.8451851140087839,0.06192595439648644,0.38396078180443444,0.27089363831493063,0.11306714348950418,0.8080196090977828,0.07679215636088686,0.48128368334318417,0.42489011550495337,0.05639356783823113,0.7593581583284079,0.09625673666863682,0.06192595439648645,0.0767921563608869,0.09625673666863682,0.33770751953125,0.442962646484375,0.06192595439648644,0.0574597587686375,0.060775573389211746,0.0040902410398505375,0.07679215636088688,0.05996281169260746,0.08236442445168754,0.017288994584775008,0.09625673666863682,0.09174006347538931,0.09934050939048014,0.009092338118354306,16.025469487998603,13.679564870416751,0.0,0.0,1.0,4.146602741008626,1.6307057141274417,1.2400641558015923,1.5543843870753205
2,0.8,2.0,1.131370849898476,1.0,9.575673587391975e-16,1.4892601041260889e-15,0.8442832150933968,1.0,0.059434218543856845,0.0396102869998382,0.09455788448160388,0.05494759748176569,-0.0044866210620911435,0.05266881105450214,0.20460244622943166,0.24899699838135736,0.0443945521519257,-0.008274258902576433,0.016652323400276253,0.027473920209929246,0.037738163268258906,0.01026424305832966,-0.006388080341946588,1.0487623726056792e-05,0.0396102869998382,0.03962077462356425,0.9985297332413375,0.0746094528249337,0.09455788448160388,0.16916733730653757,1.0225797653589859,0.07447846421780958,0.059434218543856845,0.13391268276166643,0.19207125421545437,0.0009820453416142958,0.20460244622943166,0.20558449157104597,0.9694816490310243,0.07196398114277137,0.24899699838135736,0.3209609795241287,0.9948716569677598,0.06901956451084625,0.05266881105450214,0.1216883755653484,0.18605691686457776,0.5474667291757815,0.027473920209929246,0.09166830349235244,0.9999955823144177,0.5085563067289648,0.037738163268258906,0.15074316272452515,0.8882177175528359,0.2616482155515585,0.016652323400276253,0.34014067995717234,-0.3999425125515409,0.11938417568917442,0.06588882041823875,0.05349535527093577,0.9403079121554129,0.023876835137834868,0.17920261611842517,0.07219487514201307,0.1070077409764121,0.9103986919407876,0.035840523223685014,0.28938293354722205,0.21114325001603865,0.07823968353118338,0.855308533226389,0.05787658670944439,0.02387683513783488,0.03584052322368503,0.057876586709444414,0.29766845703125,0.4027099609375,0.023876835137834868,0.021012505438428346,0.017731296855738727,0.0040131481844915655,0.035840523223685014,0.01959365765133565,0.031197688241007507,0.017302289541310682,0.0578765867094444,0.05187883180839334,0.059051320225302115,0.008920308229522906,14.819366565544282,11.845318992176441,0.0,0.0,2.0,0.8861698251426916,0.28018074113296215,1.5010583696200452,2.4239639121071805
2,0.8,4.0,2.262741699796952,1.0,1.156193196738542e-15,1.5144135945277526e-15,0.7359921702070932,1.0,0.24790148608014956,0.040147155839139845,0.28701341425746374,0.24686625841832388,-0.0010352276618256593,0.04738170867687706,0.20678537264879365,0.2549647917101094,0.048179419061315704,0.0007977103844386232,0.013868618658230844,0.027611192586425987,0.039518342498944224,0.011907149912518233,-0.001961468745712612,6.474044505454065e-06,0.040147155839139845,0.04015362988364529,0.9996948457975113,0.0003148081185522784,0.28701341425746374,0.287328222376016,0.9946202270437325,0.00031692768603551686,0.24790148608014956,0.24821841376618506,0.01643849385570027,0.0008441506248493399,0.20678537264879365,0.207629523273643,0.9718725758588143,0.0012386296629513073,0.2549647917101094,0.2562034213730607,0.9690567978005541,0.0002454836544355237,0.04738170867687706,0.04762719233131259,0.014666047670416342,0.5472391640720333,0.027611192586425987,0.09220085100128955,0.9999974514371268,0.40828979898579065,0.039518342498944224,0.23678037358940135,0.997670459904348,0.14204301428008675,0.013868618658230844,0.8129008007731546,-0.9852498874301322,0.17524683754397374,0.0123367997676586,0.16291003777631516,0.9123765812280131,0.03504936750879474,0.11773460765022228,0.003751718274701792,0.11398288937552051,0.9411326961748889,0.023546921530044444,0.14279825831237347,0.009866247571239464,0.13293201074113398,0.9286008708438133,0.028559651662474685,0.03504936750879475,0.023546921530044455,0.02855965166247469,0.486602783203125,0.500152587890625,0.03504936750879474,0.03006292885099763,0.004150660078669608,0.0040837481222020695,0.023546921530044444,0.005190164610859083,0.017507709184839088,0.017358552433683127,0.02855965166247468,0.010804577764684069,0.01926459335774265,0.008885232144825023,14.780778623713665,11.73273614974596,0.0,0.0,4.0,0.19113120064781694,0.055944072290663685,0.6718215820623852,0.8148407144667695
2,0.8,8.0,4.525483399593904,1.0,1.7486012637846216e-15,1.5998487257196103e-15,0.760213518460094,1.0,1.0012703854383398,0.04004912969211336,1.044165951721435,1.0041168220293217,0.0028464365909816078,0.04753130597931503,0.20520393642114615,0.2550682058335877,0.04986426941244151,0.0023329634331264977,0.013839187016494307,0.02768861635788022,0.0391691392666021,0.011480522908721879,-0.0023586641077724263,1.603649064539794e-05,0.04004912969211336,0.04006516618275876,1.0002165447601128,0.00017567372384154104,1.044165951721435,1.0443416254452766,1.0015940802043453,0.0001761853003552758,1.0012703854383398,1.0014465707386953,0.011436115311203095,0.0009330737621700957,0.20520393642114615,0.20613701018331626,0.9700413227682467,0.000888235462414727,0.2550682058335877,0.25595644129600237,0.9708601538096405,4.778643657262698e-06,0.04753130597931503,0.0475360846229723,0.0021027794355139395,0.5465779072667268,0.02768861635788022,0.09269038534666457,0.9999963682206721,0.4034124358726744,0.0391691392666021,0.2407149323308236,0.9999933193600756,0.14317010325792628,0.013839187016494307,0.6752090161643537,-0.999972663938034,0.4925188983705292,0.07644915483707895,0.4160697435334503,0.7537405508147355,0.09850377967410584,0.11746065193001762,0.0034807781054378116,0.11397987382457976,0.9412696740349912,0.023492130386003517,0.13911112003807088,0.004867649638359656,0.13424347039971116,0.9304444399809646,0.027822224007614173,0.09850377967410584,0.02349213038600352,0.027822224007614173,0.682159423828125,0.69537353515625,0.09850377967410584,0.09540465126750614,0.004098557473851427,0.0040856954167730955,0.023492130386003517,0.005152439186170586,0.01738064522834723,0.01741220525925422,0.027822224007614173,0.009886509801358228,0.018497846550875816,0.008991082877297128,14.79209678832801,11.85000509316739,0.0,0.0,8.0,0.047470999512790546,0.013821628221267862,0.23848963424272546,0.282448288783054
2,0.8,16.0,9.050966799187808,1.0,3.83026943495679e-15,1.454999315475547e-15,0.7209026739761137,1.0,4.011484657609193,0.039634909834539156,4.050028312877606,4.010393403043067,-0.0010912545661265064,0.0472592145535557,0.20471193471245297,0.25395054959225977,0.0492386148798068,0.0019794003262511,0.013810447352553589,0.02742762496833301,0.03898388782559047,0.011556262857257464,-0.0022541844952961273,1.3708990974923165e-05,0.039634909834539156,0.039648618825514084,1.0005754235160833,0.0006495815206977247,4.050028312877606,4.050677894398303,1.0042070666193161,0.0006673814210715453,4.011484657609193,4.012152039030266,0.021267172957098374,0.0010394522287288143,0.20471193471245297,0.2057513869411818,0.9686762909288354,0.0010374973509783376,0.25395054959225977,0.2549880469432382,0.9692228055621364,1.6824337495672844e-05,0.0472592145535557,0.04727603889105138,0.003918139053743696,0.5464756744520123,0.02742762496833301,0.09184935718074544,0.9999974064944221,0.4025632091156288,0.03898388782559047,0.2405820271838643,0.9999950894051917,0.14391859936416407,0.013810447352553589,0.6668990707094798,-0.9999614318699226,0.9207951706720946,0.2282281399675229,0.6925670307045717,0.5396024146639528,0.18415903413441892,0.11685273840281576,0.0034371557475081573,0.11341558265530761,0.9415736307985922,0.023370547680563132,0.13957024184050082,0.004894639614908002,0.1346756022255929,0.9302148790797496,0.027914048368100144,0.18415903413441886,0.02337054768056315,0.027914048368100162,0.758575439453125,0.772857666015625,0.18415903413441892,0.1825202612697074,0.004102822604903915,0.004034703107173625,0.023370547680563132,0.005187808208968605,0.017394911450924543,0.017411372455454835,0.027914048368100144,0.009931708453029552,0.018460793786943056,0.008908412158939356,14.7998905706519,11.79779756100615,0.0,0.0,16.0,0.011780978512260282,0.003442727202348191,0.12690416079997907,0.15157577524937219
2,0.8,32.0,18.101933598375616,1.0,6.328271240363392e-15,1.4159680372660688e-15,0.7259953237665391,1.0,16.027616798650275,0.039849713960475916,16.07651631123411,16.03666659727363,0.009049798623355558,0.04732814002677473,0.20496278313790584,0.2527865452815069,0.04782376214360104,0.0004956221168262989,0.013935555939991616,0.027561042952048875,0.039075773277182334,0.011514730325133457,-0.0024208256148581554,1.0685418074828156e-05,0.039849713960475916,0.03986039937855074,1.0006396022545654,0.006454578291194586,16.07651631123411,16.0829708895253,1.0084776374819868,0.006487263129379545,16.027616798650275,16.034104061779654,0.06457889353013077,0.0008540657222638665,0.20496278313790584,0.2058168488601697,0.9721971532052736,0.0008438807051688268,0.2527865452815069,0.25363042598667573,0.9722885263052788,1.543931148075823e-05,0.04732814002677473,0.04734357933825549,0.003682856270075711,0.5467360192319961,0.027561042952048875,0.0922098538577999,0.9999929860946952,0.4031250904096044,0.039075773277182334,0.24047954135913624,0.9999739869060629,0.14362258668244998,0.013935555939991616,0.6757733847085282,-0.999965250727745,1.4338186981846206,0.5353279561334509,0.8984907420511699,0.2830906509076897,0.28676373963692414,0.11580130415027715,0.0033904703653511135,0.11241083378492603,0.9420993479248615,0.02316026083005541,0.13903254930160208,0.004888894822988854,0.13414365447861323,0.9304837253491991,0.02780650986032039,0.28676373963692403,0.023160260830055422,0.02780650986032041,0.75775146484375,0.76953125,0.28676373963692414,0.2857575086840299,0.004433149396919491,0.004064510300040028,0.02316026083005541,0.005120296732492445,0.01742408679439665,0.01742852600928152,0.02780650986032039,0.010000357652582552,0.018601839716324335,0.008939508989655835,14.807462287078982,11.34601974909365,0.0,0.0,32.0,0.0029529118783748532,0.0008694714950487938,0.08076425861714233,0.09696661752119229
2,0.8,64.0,36.20386719675123,1.0,1.587618925213974e-14,1.4398204850607499e-15,0.7651683644933023,1.0,64.1896563884805,0.03982272046586893,64.2480324432518,64.20820972278594,0.018553334305431712,0.04792549890113797,0.20648890268133785,0.25479962095843556,0.04831071827709776,0.00038521937595981765,0.01398335728863825,0.027694800312719703,0.03922778603739685,0.01153298572467715,-0.0024503715639611,1.3277656117030705e-05,0.03982272046586893,0.03983599812198596,1.0005724412729287,0.008337150326538815,64.2480324432518,64.25636959357834,1.036333363167706,0.008520533995732613,64.1896563884805,64.19817692247624,0.07283357995125687,0.0008714790374919313,0.20648890268133785,0.20736038171882976,0.9719672642343501,0.0008054309019737923,0.25479962095843556,0.2556050518604094,0.9731779023470772,1.548723668021805e-05,0.04792549890113797,0.047940986137818185,0.003736125371435377,0.546456949499397,0.027694800312719703,0.09274558885880918,0.9999975666182597,0.40348258779395985,0.03922778603739685,0.24097137339682506,0.9999899867864313,0.14298331582580842,0.01398335728863825,0.6842610296083256,-0.9999563172509356,1.5595469893860892,0.6173657667171208,0.9421812226689683,0.22022650530695548,0.31190939787721783,0.1164208250566092,0.00342370420599574,0.1129971208506135,0.9417895874716955,0.02328416501132182,0.14131322781078573,0.005022512543938084,0.13629071526684772,0.9293433860946072,0.02826264556215713,0.31190939787721783,0.023284165011321835,0.028262645562157143,0.895721435546875,0.904449462890625,0.31190939787721783,0.31150102780185485,0.004752941085624716,0.004012467494157875,0.02328416501132182,0.005192307266676445,0.0173453661407646,0.01739345236343099,0.02826264556215713,0.010161373078413872,0.01859131440023398,0.008925771065903658,14.800719869690369,11.700144883091806,0.0,0.0,64.0,0.000746623390707832,0.00021784440165888952,0.0746504118496858,0.09061171530741319
4,0.05,0.5,0.0125,1.0,6.687358999890591e-16,1.7951135369842497e-15,0.07252190801369468,1.0,8.411722906300423e-07,0.0003139030652182398,0.0003254158911321878,1.1512825913947958e-05,1.0671653623317913e-05,0.03140748586219262,0.1536415563847271,0.16151640256039917,0.007874846175672062,-0.023532639686520564,9.558383961540191e-05,0.0006366849733668759,0.0006312193707408785,-5.465602625997419e-06,-0.0001010494422413994,9.044889871088407e-08,0.0003139030652182398,0.0003139935141169507,1.0000291222784559,0.2069791735939283,0.0003254158911321878,0.20730458948506048,0.9927376704002119,0.20709244635856744,8.411722906300413e-07,0.20709328753085804,0.45369676258061253,0.0009826489676541617,0.1536415563847271,0.15462420535238128,0.969136938918828,0.19910505907585171,0.16151640256039917,0.36062146163625086,0.961782942093103,0.19418831961729122,0.03140748586219262,0.22559580547948382,0.43928270538511527,0.04780466431104055,0.0006366849733668759,0.27862346316807624,0.9999749481751445,0.04781564721937729,0.0006312193707408785,0.27608054875673704,0.9241947247182363,0.01741846204222931,9.558383961540191e-05,0.2875490368492468,-0.18329773449256262,0.14981328321230042,0.1495011170444271,0.0003121661678732704,0.9250933583938498,0.029962656642460075,0.2356744171918037,0.14487201872542554,0.09080239846637829,0.8821627914040981,0.04713488343836074,0.33406468672767925,0.14666643709325572,0.1873982496344235,0.8329676566361603,0.06681293734553585,0.02996265664246008,0.04713488343836074,0.06681293734553585,0.216461181640625,0.28228759765625,0.029962656642460075,0.02990479143695786,0.029960921896202277,4.72126936169902e-05,0.04713488343836074,0.036120576785314634,0.0553496204910793,0.018565627474863674,0.06681293734553585,0.03583320174926822,0.06637566195200795,0.03977748518837962,13.784711959304605,9.931764530222186,0.0,0.0,0.5,37337.756143474784,113.6317026608296,1.5731209685714551,2.2298736104346384
4,0.05,1.0,0.025,1.0,7.528699885739343e-16,2.447694824603275e-15,0.07003533440305515,1.0,3.5368348068482474e-05,0.00031188167714269485,0.0003828009836850523,7.091930654235749e-05,3.555095847387501e-05,0.08216727990756767,0.1524090094570742,0.2493557141515759,0.09694670469450173,0.014779424786934073,0.00017868612217003226,0.000635631897106748,0.0006349060921121622,-7.258049945857648e-07,-0.000179411927164618,7.607279172426287e-08,0.00031188167714269485,0.0003119577499344191,1.00004943601189,0.5441950078717275,0.0003828009836850523,0.5445778088554126,1.2286288753130432,0.5441023114362938,3.5368348068482474e-05,0.5441376797843623,0.7121166748688935,0.0009691898578657998,0.1524090094570742,0.15337819931493996,0.9692530225805813,0.5083803660675068,0.2493557141515759,0.7577360802190828,1.1901099366586672,0.5116406166039174,0.08216727990756767,0.593807896511485,0.6903822707898787,0.047811458189453024,0.000635631897106748,0.2780611133037629,0.9999743697079829,0.04773119245390321,0.0006349060921121622,0.27867492039591146,0.8379553069482348,0.024493732441988273,0.00017868612217003226,0.2703755106010892,-0.2554525532395746,0.32461199248116424,0.32429825953503927,0.00031373294612574724,0.8376940037594179,0.06492239849623282,0.4020531055993868,0.311523703263472,0.09052940233591497,0.7989734472003067,0.08041062111987735,0.49110958570946195,0.30244369918534597,0.18866588652411614,0.7544452071452691,0.09822191714189238,0.06492239849623282,0.08041062111987735,0.09822191714189239,0.276092529296875,0.326202392578125,0.06492239849623282,0.06487441823824402,0.06490563256933668,4.660497458213685e-05,0.08041062111987735,0.07214688588641716,0.08317615972147407,0.018506334960849326,0.09822191714189238,0.07126967183241016,0.09694487097237572,0.03973003551299046,13.7630530961385,9.870277194027032,0.0,0.0,1.0,2323.186815184868,5.052147808092385,1.238565163678345,1.5129126375020139
4,0.05,2.0,0.05,1.0,9.679756995950584e-16,3.017009385375413e-15,0.07263191471513349,1.0,0.0007635606754399516,0.0003133767685261498,0.0010770561467965262,0.0007636793782703765,1.187028304249502e-07,0.23637512706607589,0.1537282975839332,0.4337040796586004,0.2799757820746672,0.043600655008591394,0.0002765472072504523,0.0006378047447939476,0.0006497214371420967,1.191669234814908e-05,-0.00026463051490230316,1.012620632134657e-07,0.0003133767685261498,0.0003134780305893633,0.9998691275806426,1.5324917790324912,0.0010770561467965262,1.5335688351792878,1.5940397786405938,1.5323039145807567,0.0007635606754399515,1.5330674752561966,1.108430641862666,0.0008919760447821265,0.1537282975839332,0.15462027362871533,0.9706495103895811,1.444317686038189,0.4337040796586004,1.8780217656967895,1.550974045901785,1.446068452118107,0.23637512706607589,1.682443579184183,1.077153836486236,0.048024665852046594,0.0006378047447939476,0.2765583656259296,0.9999818051001583,0.04788044945809382,0.0006497214371420967,0.28330536381722116,0.7270632721344366,0.032242287870532245,0.0002765472072504523,0.28856261635797303,-0.34097557984913474,0.5702409307820034,0.5697776823544901,0.0004632484275137554,0.7148795346089982,0.11404818615640067,0.6354860262329571,0.544582376555081,0.09090364967787608,0.6822569868835215,0.12709720524659143,0.6948695049899649,0.5031603469528692,0.19170915803709532,0.6525652475050175,0.13897390099799298,0.11404818615640068,0.1270972052465914,0.13897390099799298,0.352569580078125,0.371917724609375,0.11404818615640067,0.11404057666154407,0.11406745861090273,4.680919371485022e-05,0.12709720524659143,0.11846342013890931,0.12365472499094146,0.018465149426919333,0.13897390099799298,0.11553344173773962,0.13650506928908096,0.03929358315440974,13.654654486663222,9.794752439402895,0.0,0.0,2.0,309.5695400105306,0.3621810501059528,1.1144167174416604,1.218554241690528
4,0.05,4.0,0.1,1.0,1.7486012637846216e-15,3.670674875166924e-15,0.06899548048485425,1.0,0.011192676478122478,0.00031303269728188846,0.011152060248940311,0.010839027551658425,-0.0003536489264640531,1.017313523005819,0.15275091285894365,1.1582739261118826,1.005523013252939,-0.011790509752880152,0.0005273689530146717,0.0006329344251621582,0.0006664616117062276,3.3527186544069464e-05,-0.0004938417664706022,6.094989312458918e-08,0.00031303269728188846,0.0003130936471750131,0.9999460393588693,6.496311026314095,0.011152060248940311,6.5074630865630345,2.5903046546352235,6.4959083266383155,0.011192676478122478,6.507101003116439,2.4090686259002076,0.0008999164427127937,0.15275091285894365,0.1536508293016564,0.970837158488069,6.111470203084082,1.1582739261118826,7.269744129195965,2.513823478578935,6.095795309931756,1.017313523005819,7.1131088329375745,2.3337359036855885,0.047956747503350924,0.0006329344251621582,0.2752183549912687,0.999968675351794,0.04730302474962847,0.0006664616117062276,0.29762964571621664,0.35600826820287834,0.0518589482888817,0.0005273689530146717,0.20028758945109773,-0.5544144306425824,1.2861177840504854,1.2854943705352495,0.0006234135152341494,0.3569411079747575,0.257223556810097,1.3164413486195135,1.2236587125252956,0.09278263609421786,0.34177932569024344,0.2632882697239026,1.3641132355949899,1.163751929294177,0.2003613063008136,0.31794338220250506,0.27282264711899795,0.257223556810097,0.2632882697239026,0.27282264711899795,0.457366943359375,0.474334716796875,0.257223556810097,0.25721169282726847,0.25752840839989644,4.691645785393864e-05,0.2632882697239026,0.25736503859175225,0.2591072499497713,0.018349019800689197,0.27282264711899795,0.25753083789892484,0.2705000083394278,0.03925739044976528,13.545769680249883,9.823439213741716,0.0,0.0,4.0,90.8909968937536,0.04711732301433728,1.0235775952599981,1.0606440969184538
4,0.05,8.0,0.2,1.0,3.7192471324942744e-15,5.88418203051333e-15,0.07169011072037668,0.9999999999999999,0.10735643403970208,0.00031136383221914765,0.10761101631817777,0.10729965248595863,-5.6781553743429905e-05,5.455924220959943,0.15219047000994484,5.332895540109465,5.180705070099521,-0.27521915086042226,0.0006520303047617329,0.0006333068779632037,0.0006378619789397041,4.555100976500476e-06,-0.0006474752037852326,4.173111445084037e-08,0.00031136383221914765,0.0003114055633335986,0.9999891960668459,36.12382520999953,0.10761101631817777,36.23143622631771,5.554509962177015,36.123357466265674,0.10735643403970206,36.23071390030538,5.5469183610010315,0.0010918135081510857,0.15219047000994484,0.15328228351809595,0.9673247533520017,33.87847230613751,5.332895540109465,39.21136784624697,5.374951645423261,33.801443215825245,5.455924220959943,39.25736743678519,5.368207634970076,0.04781270676129193,0.0006333068779632037,0.2770404707306514,0.9999809121765668,0.04529003389430728,0.0006378619789397041,0.31673992185218786,0.08408361417401766,0.060491950931569234,0.0006520303047617329,0.28433351389447015,-0.7394820084107695,1.852255545859434,1.8289093430148138,0.0233462028446221,0.07387222707028313,0.3704511091718868,1.8945852901866886,1.753389394919447,0.14119589526724222,0.052707354906655735,0.3789170580373377,1.8639627461761177,1.65272488967347,0.21123785650264795,0.06801862691194119,0.37279254923522354,0.3704511091718867,0.37891705803733766,0.3727925492352235,0.483551025390625,0.462677001953125,0.3704511091718868,0.3703260660363444,0.36582511444194427,4.66391009372293e-05,0.3789170580373377,0.37497315163972134,0.368041914528902,0.018518085958773897,0.37279254923522354,0.3608450001867761,0.3740415833576093,0.03962522152805412,13.923982960745178,10.50481820288194,0.0,0.0,8.0,50.82065429764794,0.006073509339185037,1.0228530800849156,1.0063205103328503
4,0.05,16.0,0.4,1.0,5.329070518200751e-15,7.494005416219807e-15,0.0744130996947277,1.0,1.9915189603878949,0.00031475612714939824,2.001292015788327,2.0009772596611772,0.009458299273282842,13.095890588382785,0.15155663880464462,12.928217540967287,12.776660902162641,-0.3192296862201418,0.0007047120945050508,0.0006342577788262106,0.0006621920086786622,2.7934229852451587e-05,-0.0006767778646525992,6.339291011375277e-08,0.00031475612714939824,0.000314819520059512,1.0000647627337833,60.86301593261125,2.001292015788327,62.864307948399585,6.725181212788654,60.86404194010933,1.9915189603878947,62.85556090049723,6.770265066765428,0.0011400028029504871,0.15155663880464462,0.1526966416075951,0.9667162263904674,57.26853644564993,12.928217540967287,70.19675398661721,6.5171636929478,57.18090389768397,13.095890588382785,70.27679448606676,6.561870927957365,0.047733013875043015,0.0006342577788262106,0.27837613228938907,0.9999844058827502,0.030462666415869085,0.0006621920086786622,8.337727939367104,0.14371773397960852,0.05465611826743913,0.0007047120945050508,0.28066440089141653,-0.8446034943880625,1.9308563270030898,1.7880790547871699,0.14277727221592035,0.03457183649845516,0.38617126540061797,2.062534665587614,1.742707985363305,0.3198266802243082,-0.03126733279380661,0.4125069331175227,1.9331418352753396,1.5357146431669522,0.39742719210838706,0.03342908236233018,0.386628367055068,0.38617126540061786,0.4125069331175226,0.38662836705506787,0.5604248046875,0.465606689453125,0.38617126540061797,0.3861826498921689,0.3653616685184219,4.7339068183743484e-05,0.4125069331175227,0.40949549840527316,0.36990097732190463,0.018542469755984295,0.386628367055068,0.36834301922321705,0.3825190781109671,0.039720334117133715,15.449716232956856,12.73757287212354,0.0,0.0,16.0,6.575830232533691,0.00035385658310167013,1.0681968599853846,1.0011836759888797
4,0.05,32.0,0.8,1.0,7.882583474838611e-15,8.215650382226158e-15,0.08075178857606002,1.0,14.906457738465674,0.0003107620304463143,14.91223117095388,14.911920408923434,0.005462670457762002,23.985402814579118,0.15305967393981143,24.495023384773067,24.34196371083325,0.35656089625413656,0.0005782506987410971,0.000631104011361217,0.0006327358653071497,1.6318539459326143e-06,-0.0005766188447951645,5.500698202285476e-08,0.0003107620304463143,0.00031081703742833725,1.0000326632828784,26.760981007219094,14.91223117095388,41.673212178172975,4.973804828588415,26.761892309706358,14.906457738465672,41.66835004817203,4.506160011419927,0.000977716126220219,0.15305967393981143,0.15403739006603165,0.9692066983607673,25.069433502373663,24.495023384773067,49.564456887146726,4.80616653643891,25.183124630695772,23.985402814579118,49.16852744527489,4.350538212834043,0.04783094921130423,0.000631104011361217,0.2758625879064273,0.9999757416054986,0.01688717131730206,0.0006327358653071497,4.742807722526264,0.6662370659912578,0.03851141182479571,0.0005782506987410971,0.453363400867183,-0.9484661194789099,0.9147837371603971,0.5080408707611949,0.40674286639920243,0.5426081314198015,0.1829567474320794,1.2468660351081984,0.6719102191839377,0.5749558159242603,0.3765669824459009,0.24937320702163962,1.2849360977471047,0.6016553837092722,0.6832807140378325,0.3575319511264477,0.25698721954942094,0.1829567474320794,0.24937320702163962,0.25698721954942094,0.33099365234375,0.32452392578125,0.1829567474320794,0.1829264917113412,0.17011906940691812,4.656053472315605e-05,0.24937320702163962,0.2471580577809623,0.1703315422363507,0.018510063414734292,0.25698721954942094,0.24498947423262699,0.26133452707013893,0.03945160837167361,15.721727566736686,12.67299813623093,0.0,0.0,32.0,1.6090612025609206,3.879195908823719e-05,1.363017273326946,1.4046337353303928
4,0.05,64.0,1.6,1.0,1.3100631690576847e-14,5.828670879282072e-15,0.07711713408508454,1.0,64.47062429153303,0.0003141649264194579,64.46999254613456,64.46967838120815,-0.0009459103248599695,24.204627633060603,0.1528691600334188,24.3393495657767,24.186480405743282,-0.018147227317323114,0.0006209433859967514,0.000637208760192177,0.0006352676786664919,-1.9410815256849936e-06,-0.0006228844675224363,6.616089719537308e-08,0.0003141649264194579,0.00031423108731665325,0.9999992303052301,0.09157316988666096,64.46999254613456,64.56156571602122,1.0598990421162842,0.09157380263919813,64.47062429153303,64.56219809417223,0.22533591737999942,0.0009236814778610463,0.1528691600334188,0.15379284151127984,0.9702969324604798,0.06334544464117535,24.3393495657767,24.402695010417872,1.0246470359518196,0.06329689302953101,24.204627633060603,24.267924526090138,0.22523525476235545,0.047886896834829155,0.000637208760192177,0.27788475850295846,0.9999745251756149,0.00440262569737758,0.0006352676786664919,34.1815952469944,0.9869513803680623,0.04354392918399402,0.0006209433859967514,0.32752855618566357,-0.9999079126104757,1.4946298985101822,0.5642509319178679,0.9303789665923147,0.2526850507449089,0.29892597970203644,1.6289205952065555,0.6659582183416818,0.9629623768648736,0.18553970239672232,0.3257841190413111,1.680253057620289,0.7071311883534094,0.9731218692668795,0.15987347118985554,0.3360506115240578,0.29892597970203644,0.325784119041311,0.3360506115240578,0.4505615234375,0.4639892578125,0.29892597970203644,0.29891655853453203,0.006879533985634111,4.7048613770954004e-05,0.32578411904131105,0.3236096576555166,0.0257210409662218,0.01847396438087226,0.3360506115240578,0.32035233082390885,0.33588865219366093,0.03963881942595971,15.764855786737975,12.729961842607674,0.0,0.0,64.0,0.37543653251453646,9.631415746633312e-06,1.089848795899394,1.1241933934916812
4,0.1,0.5,0.025,1.0,6.513886652292911e-16,1.343543332144037e-15,0.14246484936924872,1.0,9.405436203827205e-06,0.0012495661670161667,0.001298514094082664,4.894792706649733e-05,3.954249086267017e-05,0.01966370203619116,0.1553953409220575,0.1766581578024728,0.021262816880415283,0.0015991148442241233,0.0002823473467362293,0.0023360981019744332,0.0023572038019428294,2.110569996839623e-05,-0.0002612416467678332,3.751391440205016e-07,0.0012495661670161667,0.0012499413061601871,0.9999625926599293,0.12986230878190103,0.001298514094082664,0.13116082287598368,1.0667422865218352,0.1299213045380518,9.405436203827203e-06,0.12993070997425563,0.3320441946225043,0.0010297908364328065,0.1553953409220575,0.15642513175849032,0.9683901399387539,0.12243756832797029,0.1766581578024728,0.2990957261304431,1.0329318323724306,0.12204032042284296,0.01966370203619116,0.14170402245903413,0.3217316481106842,0.09499219368558653,0.0023360981019744332,0.2588959907037649,0.9999820362852865,0.09509393140620191,0.0023572038019428294,0.26066373238277946,0.9419789716130295,0.029330720596426385,0.0002823473467362293,0.28023485574328433,-0.1517792156002921,0.11665472399047036,0.11578863967517804,0.0008660843152924749,0.9416726380047649,0.023330944798094055,0.2049388209963814,0.11233541526817456,0.09260340572820684,0.8975305895018093,0.040987764199276265,0.2914850918033024,0.11391806186118718,0.1775670299421152,0.8542574540983489,0.05829701836066045,0.02333094479809407,0.04098776419927627,0.058297018360660466,0.1888427734375,0.243408203125,0.023330944798094055,0.02316935482409411,0.02332483452222802,0.0001879623975749908,0.040987764199276265,0.025459631438700857,0.04060532157941445,0.019064478434545826,0.05829701836066045,0.027526332274641616,0.05765182128565701,0.03703569486309083,13.940974244676472,10.062727532700503,0.0,0.0,0.5,2090.674117611868,30.019590863987595,1.7567983017397832,2.498699425383872
4,0.1,1.0,0.05,1.0,7.4593109467002705e-16,1.5248219353836134e-15,0.13402914677327077,1.0,0.00020738471540442805,0.0012464197050162168,0.0017207101464605694,0.00047429044144435263,0.00026690572603992464,0.049323853802640316,0.15671554043474906,0.18060745625591984,0.023891915821170798,-0.02543193798146952,0.0005910990011523396,0.0023434079616258038,0.00230535682257167,-3.805113905413376e-05,-0.0006291501402064734,3.3359808803390484e-07,0.0012464197050162168,0.0012467533031042507,1.0000472289546116,0.3200430762895434,0.0017207101464605694,0.321763786436004,1.0503840710012886,0.3199072579962823,0.00020738471540442805,0.3201146427116867,0.5206567548292647,0.0010513391571987018,0.15671554043474906,0.15776687959194777,0.9680918263244299,0.3053819480285992,0.18060745625591984,0.4859894042845191,1.015403969308409,0.30038911086196307,0.049323853802640316,0.34971296466460344,0.5046003275490383,0.09490913193635396,0.0023434079616258038,0.2601716497026816,0.999961362882753,0.09434124556875384,0.00230535682257167,0.2588280096624159,0.8682234294550819,0.044377252276210616,0.0005910990011523396,0.271580020061268,-0.2460519127620846,0.2670823281901591,0.26562420016060784,0.001458128029551307,0.8664588359049206,0.05341646563803179,0.3487333368466951,0.2538447514184098,0.09488858542828513,0.8256333315766525,0.069746667369339,0.4238019853546838,0.24787952170500638,0.1759224636496774,0.7880990073226581,0.08476039707093673,0.053416465638031804,0.06974666736933902,0.08476039707093674,0.279296875,0.3182373046875,0.05341646563803179,0.05319413773161176,0.05333523835310995,0.0001868988958321524,0.069746667369339,0.05905700949292599,0.07405706162430348,0.01909827783409283,0.08476039707093673,0.0595085082474716,0.08456595459244763,0.037207551921451996,13.985867274642677,10.216216971332955,0.0,0.0,1.0,237.83745926719902,2.850253452862315,1.3057147554831918,1.5867840760057417
4,0.1,2.0,0.1,1.0,9.024898883769339e-16,1.708919464271652e-15,0.1147027117421332,1.0,0.0033626893836253397,0.0012564391130004554,0.005981131585349162,0.004724692472348708,0.0013620030887233677,0.18785895967137356,0.15744244124797174,0.3425770486242631,0.18513460737629137,-0.0027243522950822115,0.0009212235610469497,0.002357979757767497,0.002360875465690162,2.895707922664979e-06,-0.0009183278531242846,3.3601741247759084e-07,0.0012564391130004554,0.001256775130412933,1.0000353165194904,1.1820999425698537,0.005981131585349162,1.1880810741552028,1.371226598207341,1.1822758652686816,0.00336268938362534,1.1856385546523067,0.8891467996761129,0.0009573205346832394,0.15744244124797174,0.158399761782655,0.9694861452693759,1.109118153390229,0.3425770486242631,1.4516952020144922,1.3281391313320259,1.1062135023504083,0.1878589596713736,1.294072462021782,0.8607683059754385,0.09507124324142194,0.002357979757767497,0.2608801952055181,0.9999706068829763,0.09305605324879439,0.002360875465690162,0.27283719301995246,0.7417264001113126,0.05531629007001829,0.0009212235610469497,1.0019577123087595,-0.4359736764104279,0.5486805016618372,0.5450104968579743,0.003670004803863037,0.7256597491690814,0.10973610033236746,0.6228700594154195,0.5219809888349529,0.10088907058046644,0.6885649702922902,0.12457401188308392,0.6593930566952126,0.4757412059661187,0.1836518507290937,0.6703034716523937,0.13187861133904255,0.10973610033236744,0.1245740118830839,0.13187861133904252,0.327728271484375,0.322296142578125,0.10973610033236746,0.1095485391336864,0.1093659527739049,0.00018817666093252008,0.12457401188308392,0.11387882982049959,0.12275240878192545,0.019036763480557023,0.13187861133904255,0.1082248135206452,0.13160234745550936,0.03725127727362886,14.081088454189828,10.216713119138204,0.0,0.0,2.0,55.865689107699104,0.27395440254840664,1.1352144964672115,1.201779641700499
4,0.1,4.0,0.2,1.0,1.734723475976807e-15,2.7373936450914016e-15,0.13272487436438746,1.0,0.03755934497795428,0.0012398291103904058,0.038001878031029106,0.036762048920638696,-0.0007972960573155872,1.0786634153701244,0.1570626860123241,1.309125196484369,1.152062510472045,0.07339909510192039,0.001948786623240907,0.002324989255926613,0.002870248683117722,0.0005452594271911084,-0.0014035271960497987,1.9403471729887034e-07,0.0012398291103904058,0.0012400231451077048,0.9998382801348368,6.690461098809329,0.038001878031029106,6.728462976840358,2.6787782451777944,6.690348970023822,0.03755934497795428,6.727908315001777,2.339578025850763,0.0009812856359123938,0.1570626860123241,0.15804397164823653,0.9690278927713409,6.2504303596565585,1.309125196484369,7.559555556140927,2.5936795814608433,6.253911460217299,1.0786634153701244,7.332574875587424,2.2626160533497237,0.0951725059768301,0.002324989255926613,0.25668445832556247,0.9999868846859126,0.08761676172284157,0.002870248683117722,0.46927734110290864,0.5288875009091782,0.08591016925260651,0.001948786623240907,0.3713282734576059,-0.5691302377943258,0.9978765561378324,0.9898092359034427,0.008067320234389342,0.5010617219310838,0.1995753112275665,1.0578225329641955,0.9426833240508679,0.11513920891332771,0.47108873351790226,0.2115645065928391,1.1150604538886912,0.8668996033457923,0.2481608505428995,0.4424697730556544,0.22301209077773831,0.19957531122756647,0.2115645065928391,0.22301209077773831,0.445281982421875,0.428619384765625,0.1995753112275665,0.19971627804211745,0.19908132973536197,0.00018559965631375518,0.2115645065928391,0.2052146744396804,0.20305097888835028,0.018978194012526865,0.22301209077773831,0.20404103535174384,0.2140349074476886,0.03671805159308535,13.738606857373524,10.137107592705927,0.0,0.0,4.0,28.718909129092996,0.05188553273186103,1.0600735396153378,1.1174332606874802
4,0.1,8.0,0.4,1.0,2.7755575615628914e-15,4.163336342344337e-15,0.1361651365895639,0.9999999999999999,0.5113259000759232,0.0012520554144249338,0.5228685580833139,0.521616502668889,0.010290602592965803,3.2000436316110332,0.15575986579842754,3.203170923951096,3.0474110581526688,-0.15263257345836434,0.0022004610607796126,0.0023382186545441953,0.002316992633105528,-2.1226021438667197e-05,-0.0022216870822182795,3.4195529712698216e-07,0.0012520554144249338,0.0012523973697220608,1.0001882738216157,13.999705686174188,0.5228685580833139,14.522574244257502,3.397079469199963,13.999957562771591,0.5113259000759232,14.511283462847516,3.301051867589683,0.0009064935793764576,0.15575986579842754,0.156666359377804,0.9705299630820219,13.279323696008117,3.203170923951096,16.482494619959212,3.303532554257886,13.236941855409256,3.2000436316110337,16.436985487020287,3.2086076528033427,0.09487903220626104,0.0023382186545441953,0.25974701106021414,0.9999754927632447,0.07084185984440515,0.002316992633105528,0.49448114113809416,0.2818166073941192,0.09494739190215933,0.0022004610607796126,0.36952438831348866,-0.8487387638162077,1.5836731346237567,1.5217179291366603,0.061955205487095405,0.2081634326881217,0.3167346269247513,1.7105670115595775,1.4585410667161929,0.25202594484338464,0.14471649422021127,0.34211340231191556,1.5748930835037376,1.2725275559777232,0.3023655275260134,0.2125534582481312,0.31497861670074756,0.3167346269247513,0.34211340231191545,0.3149786167007475,0.537811279296875,0.421356201171875,0.3167346269247513,0.31641970644340645,0.3132772955640883,0.0001881918148862496,0.3421134023119155,0.3356541070535993,0.3161952721626975,0.018875411133392403,0.31497861670074756,0.29797250937388264,0.31865922165922594,0.03711200916872084,15.167425292748591,12.304842805461938,0.0,0.0,8.0,6.258324937453552,0.004303441426403164,1.0801263052087882,0.9944558943837204
4,0.1,16.0,0.8,1.0,4.551914400963142e-15,3.9968028886505635e-15,0.15001131429031356,1.0,3.650760227460931,0.0012563617293451885,3.650069783397404,3.6488134216680583,-0.0019468057928728605,5.7972061199528415,0.1554572649409079,6.062290981734747,5.906833716793838,0.10962759684099714,0.0019967797112925663,0.0023418687539466347,0.0024968026028506047,0.00015493384890397026,-0.0018418458623885956,4.052039703770666e-07,0.0012563617293451885,0.0012567669333155658,0.9999285387256843,10.788497252200415,3.650069783397404,14.43856703559782,3.53759399836377,10.788253907037294,3.650760227460931,14.439014134498226,3.1208889688280856,0.0010755011847239776,0.1554572649409079,0.15653276612563188,0.9676714236525508,10.23656952277667,6.062290981734747,16.298860504511413,3.4494092655615214,10.279663438737469,5.7972061199528415,16.07686955869031,3.0448833396497745,0.09504767699164005,0.0023418687539466347,0.2592411556132769,0.9999765880518343,0.04856567137708148,0.0024968026028506047,1.337862109390946,0.5845922244977391,0.0775961531616852,0.0019967797112925663,0.3613626961679905,-0.876046745969554,0.9267083501580184,0.7509730850750787,0.17573526508293916,0.5366458249209909,0.18534167003160368,1.1816958031935278,0.8351473135182561,0.3465484896752716,0.4091520984032362,0.23633916063870555,1.223295742376643,0.7213250383064214,0.5019707040702217,0.38835212881167863,0.24465914847532858,0.18534167003160368,0.23633916063870553,0.24465914847532858,0.36859130859375,0.34832763671875,0.18534167003160368,0.18541197442489185,0.18882463465378457,0.00018820416282563078,0.23633916063870555,0.23297593049357718,0.19071041194618524,0.018910149970545152,0.24465914847532858,0.21928287861727014,0.2375634509175038,0.03712049203743503,15.425929382358813,12.525801966594607,0.0,0.0,16.0,1.587944909760547,0.0005469490152414933,1.2751539391999975,1.3200439406508548
4,0.1,32.0,1.6,1.0,5.995204332975845e-15,2.942091015256665e-15,0.14436506586313747,1.0,15.940809394937894,0.0012444675121137947,15.939064541168078,15.937820073655963,-0.0029893212819305623,6.010418540129278,0.15600536528111592,6.185061642866067,6.029056277584951,0.01863773745567334,0.0021809126767586675,0.0023476306267510997,0.002501712713140344,0.00015408208638924455,-0.0020268305903694234,2.4992442743812125e-07,0.0012444675121137947,0.0012447174365412329,1.0000726087628604,0.026659496190307736,15.939064541168078,15.965724037358385,1.0104208915575394,0.02669031951565102,15.940809394937894,15.967499714453545,0.1502081613380352,0.0010868995229980879,0.15600536528111592,0.15709226480411398,0.9676793018624303,0.02125557732880825,6.185061642866067,6.206317220194876,0.9635334557266629,0.019894235824773534,6.010418540129279,6.030312775954052,0.128047846646782,0.09480343248433314,0.0023476306267510997,0.26120932663062263,0.9999705609533697,0.01628942709684115,0.002501712713140344,9.58877368180995,0.9944136170251865,0.0786204436060084,0.0021809126767586675,0.35308929306322107,-0.9998010612127308,1.267713738024228,0.42131447562900015,0.8463992623952278,0.3661431309878861,0.2535427476048456,1.321440132242494,0.43938873348473517,0.8820513987577588,0.33927993387875305,0.2642880264484988,1.4129974375576988,0.5007490597376081,0.9122483778200907,0.2935012812211507,0.2825994875115397,0.2535427476048456,0.2642880264484988,0.2825994875115397,0.425445556640625,0.444793701171875,0.2535427476048456,0.25350396763713967,0.0036519603355384777,0.00018637659370445483,0.2642880264484988,0.25917716523408074,0.02227427346573925,0.01898624500241563,0.2825994875115397,0.25905382364379953,0.27709120452106717,0.037318829965600875,15.61119466450528,12.620245521574525,0.0,0.0,32.0,0.37704600759092727,0.00013681317069453387,1.0423805411322595,1.1146029227070615
4,0.1,64.0,3.2,1.0,1.2878587085651816e-14,3.0253577421035516e-15,0.1496244064572106,1.0,64.80343813439998,0.001252582409803322,64.80684550302792,64.80559292061812,0.0021547862181389176,6.051615468753864,0.15558703629288928,6.205337712722199,6.0497506764293085,-0.0018647923245554963,0.0021763480288998624,0.002340983516415259,0.0024915267139158457,0.00015054319750058587,-0.0020258048313992767,2.389330407923065e-07,0.001252582409803322,0.0012528213428441143,1.000075876964464,0.011245026590348988,64.80684550302792,64.81809052961827,0.9776017789685199,0.011246595144922928,64.80343813439998,64.81468472954491,0.08639414697152711,0.0009576513327370561,0.15558703629288928,0.15654468762562634,0.9695492856620908,0.0017369670816369878,6.205337712722199,6.207074679803835,0.9781842813548519,0.0012765481916860136,6.051615468753864,6.052892016945551,0.03451746794957086,0.09494558671425993,0.002340983516415259,0.2596911630209549,0.999974867532587,0.016176949424273203,0.0024915267139158457,9.529546617745869,0.9991924406658075,0.07878156428522681,0.0021763480288998624,0.35065075963125547,-0.9999719126104079,1.5282753096573982,0.5928086618142787,0.9354666478431196,0.2358623451713009,0.3056550619314796,1.3104732583017,0.4294951108861772,0.8809781474155225,0.34476337084915004,0.26209465166033996,1.4129326706771013,0.49926817838124343,0.9136644922958579,0.29353366466144937,0.28258653413542023,0.30565506193147957,0.26209465166033996,0.28258653413542023,0.51580810546875,0.540496826171875,0.3056550619314796,0.305636837828092,0.0020726002420452523,0.00018780798058697657,0.26209465166033996,0.257287968456041,0.018736510726054936,0.018845935386962866,0.28258653413542023,0.25951569592060747,0.27736485592850796,0.0371295566412665,15.626922889291862,12.816900592022579,0.0,0.0,64.0,0.09338417286136938,3.358383585121202e-05,0.8574850683123814,0.9245275780800555
4,0.2,0.5,0.05,1.0,6.665674956440881e-16,1.0390993621101074e-15,0.29860600730078624,1.0,4.242805436036847e-05,0.00501799105247989,0.005071846798604986,5.385574612509628e-05,1.1427691764728268e-05,0.0170338315743733,0.170023097960939,0.17580525025175214,0.005782152290813155,-0.011251679283560152,0.0008285370099253293,0.007919738716712376,0.007918056333088353,-1.6823836240234188e-06,-0.0008302193935493531,1.2069793736682904e-06,0.00501799105247989,0.005019198031853559,1.0002689189918195,0.11157620235994205,0.005071846798604986,0.11664804915854704,1.0091383900296362,0.1117121812318915,4.242805436036844e-05,0.11175460928625186,0.29938745295816205,0.0010586188260752524,0.170023097960939,0.17108171678701423,0.9680402589270947,0.1080391751482373,0.17580525025175214,0.28384442539998944,0.9767270233909119,0.10517465144381799,0.0170338315743733,0.12220848301819129,0.2903901227189599,0.18411071953142927,0.007919738716712376,0.23365087605171767,0.999981172235668,0.1838966864751299,0.007918056333088353,0.23397457228255253,0.9488957357952632,0.05106101842309121,0.0008285370099253293,0.28225095676260087,-0.13560859210898496,0.10345311384856778,0.099424390249402,0.004028723599165786,0.9482734430757163,0.020690622769713535,0.2000652654939436,0.09755261923515418,0.10251264625878939,0.8999673672530283,0.04001305309878869,0.2607741221651529,0.10070394696034071,0.1600701752048122,0.8696129389174236,0.05215482443303055,0.020690622769713556,0.04001305309878871,0.05215482443303057,0.177093505859375,0.20269775390625,0.020690622769713535,0.01993962379168196,0.020669113208093944,0.0007546773062711064,0.04001305309878869,0.022919723998994695,0.04229851632564366,0.020933539095265442,0.05215482443303056,0.023886919630188783,0.05214718106296916,0.03338046076583086,14.336554749056265,10.688777399072022,0.0,0.0,0.5,401.47567054793814,19.528046298989747,1.9338737912402952,2.5206986282391464
4,0.2,1.0,0.1,1.0,8.300651832549022e-16,1.519617764955683e-15,0.2659761520725612,1.0,0.0006295190414313966,0.004989372643877714,0.005472593723279183,0.00048322107940146933,-0.00014629796202992698,0.07233230676934134,0.1714477640495256,0.3242591607662367,0.15281139671671107,0.08047908994736976,0.0014965982782993066,0.007931309039813332,0.008624367018429535,0.0006930579786162022,-0.0008035402996831031,1.2636487727030021e-06,0.004989372643877714,0.004990636292650417,1.0002268606244633,0.46914663366890197,0.005472593723279183,0.4746192273921811,1.3865938657158543,0.4689247634171757,0.0006295190414313964,0.4695542824586071,0.6155896066780514,0.0011367742510516934,0.1714477640495256,0.1725845383005773,0.9666618243122994,0.4223685694433664,0.3242591607662367,0.7466277302096029,1.3397410981718338,0.4381385858753445,0.07233230676934134,0.5104708926446858,0.5949822218369508,0.18397974280330553,0.007931309039813332,0.23432281143423223,0.9999835645605046,0.18651087644638092,0.008624367018429535,0.2475702104247145,0.9086053004268047,0.06179911485777355,0.0014965982782993066,1.6769178624040437,-0.18163404177072023,0.18497048733593285,0.1826836922614627,0.0022867950744702614,0.9075147563320336,0.03699409746718656,0.2742313934717719,0.17659643317414409,0.0976349602976277,0.862884303264114,0.054846278694354364,0.343536022586155,0.17470425491092187,0.16883176767523303,0.8282319887069225,0.06870720451723099,0.03699409746718658,0.05484627869435438,0.068707204517231,0.184967041015625,0.210662841796875,0.03699409746718656,0.036619470792071576,0.03698652649133512,0.0007467888815649959,0.05484627869435436,0.040161967361325615,0.04928082917210444,0.020996228171468744,0.06870720451723099,0.04088031721507239,0.0660782833744677,0.03331453717202819,14.149154717955561,10.21840286001742,0.0,0.0,1.0,114.90090371988205,2.377367767774507,1.482568367643042,1.8572477562987901
4,0.2,2.0,0.2,1.0,1.0269562977782698e-15,1.5855372570428017e-15,0.27064749210828576,1.0,0.010395963729545094,0.004990369152428585,0.012643191098733008,0.007652821946304422,-0.002743141783240672,0.24283763183941473,0.1709708309253987,0.39971347353336983,0.22874264260797106,-0.014094989231443675,0.004845070167730936,0.007933701651544564,0.009105437979165933,0.0011717363276213682,-0.0036733338401095674,1.9112861991522417e-06,0.004990369152428585,0.004992280438627737,1.0000686871390227,1.456645363636111,0.012643191098733008,1.469288554734844,1.478489899172528,1.4569021337145949,0.010395963729545096,1.4672980974441399,1.0549176208934066,0.0010683629627911769,0.1709708309253987,0.17203919388818986,0.9677672508867796,1.372265477309526,0.39971347353336983,1.7719789508428956,1.4309798884122025,1.3733227550787075,0.24283763183941473,1.6161603869181225,1.0232506482409325,0.18433157743534184,0.007933701651544564,0.23350868160815347,0.9999700951948354,0.1829955328528094,0.009105437979165933,0.2703859434599156,0.6002059790782068,0.14246501855307342,0.004845070167730936,0.31235648422335927,-0.4054397743440056,0.7690130545741426,0.7622733141594001,0.006739740414742712,0.6154934727129289,0.15380261091482847,0.8415698955219117,0.7323147881118766,0.10925510741003522,0.5792150522390442,0.16831397910438228,0.9225076024789243,0.7395947897284935,0.18291281275043098,0.538746198760538,0.18450152049578486,0.15380261091482847,0.16831397910438228,0.18450152049578483,0.301910400390625,0.356231689453125,0.15380261091482847,0.15338275845994725,0.15328392864724072,0.0007491150009012224,0.16831397910438228,0.15424444702189544,0.1611719389716904,0.020912562739632226,0.18450152049578483,0.16540922895921556,0.1805546820826479,0.03329924741385969,13.660171725367906,10.047814079330488,0.0,0.0,2.0,23.358837925653365,0.4660530080497834,1.094350597192331,1.1995994047068328
4,0.2,4.0,0.4,1.0,1.609823385706477e-15,2.3314683517128287e-15,0.25769705248381786,1.0,0.10441948181746079,0.00497923643519518,0.09806213978008137,0.09308290334488618,-0.011336578472574584,0.8981249104891896,0.16948436178797496,1.0417646710312398,0.8722803092432648,-0.02584460124592463,0.008832125109267785,0.007952023264301241,0.011788361404898855,0.0038363381405976124,-0.004995786968670175,1.4667030685011381e-06,0.00497923643519518,0.004980703138263681,0.9995794081444069,5.179599817196121,0.09806213978008137,5.277661956976202,2.3561161941986084,5.179078526140198,0.10441948181746079,5.283498007957658,2.1489359363915677,0.0010741399365738805,0.16948436178797496,0.17055850172454884,0.967841614829239,4.86212191355609,1.0417646710312398,5.90388658458733,2.2832579648101428,4.866655396249988,0.8981249104891896,5.764780306739178,2.084036812886816,0.18480198023379685,0.007952023264301241,0.2328536960026667,0.9999850806059604,0.1631216556037668,0.011788361404898855,0.5903750284308514,0.3352176263066047,0.18891737940507708,0.008832125109267785,0.26673383280535784,-0.6202755005318552,1.1669630536676332,1.1468794871497134,0.02008356651792167,0.4165184731661834,0.23339261073352666,1.2441495193069954,1.0960887505587305,0.14806076874826538,0.3779252403465023,0.24882990386139908,1.4186822409903508,1.1195298782268082,0.2991523627635426,0.2906588795048246,0.28373644819807015,0.23339261073352663,0.24882990386139908,0.28373644819807015,0.351043701171875,0.427154541015625,0.23339261073352666,0.2329194018171609,0.23619931874757205,0.0007460702280862587,0.24882990386139908,0.24245110540342646,0.24070613683016698,0.020744115331322657,0.28373644819807015,0.26957269802503014,0.28062235099776106,0.03327241459382798,13.806281707469969,10.60161415420108,0.0,0.0,4.0,8.601123993884896,0.08458311567478874,1.0661430243200707,1.2157045045527297
4,0.2,8.0,0.8,1.0,1.915134717478395e-15,2.3037127760972e-15,0.2743292462009589,1.0,0.9166772564677919,0.004998835993391653,0.9066482879236445,0.9016494519302527,-0.01502780453753893,1.4508573052829783,0.1701568440397933,1.5928922734451147,1.4227354294053214,-0.02812187587765662,0.00757928284543561,0.00792569213780725,0.010358152255589708,0.002432460117782459,-0.00514682272765315,9.773198355909946e-07,0.004998835993391653,0.004999813313227243,1.0000064745244344,2.8835483342265604,0.9066482879236445,3.790196622150205,1.8845438067269158,2.883775124394732,0.9166772564677917,3.8004523808625237,1.5783005635888907,0.0010616628335478506,0.1701568440397933,0.17121850687334117,0.9678844072332186,2.6921273203310934,1.5928922734451147,4.285019593776209,1.8247847293288273,2.6906219958836246,1.450857305282978,4.141479301166603,1.5233815470013492,0.18443261576467868,0.00792569213780725,0.23301795618643145,0.9999897481873161,0.10642681117655134,0.010358152255589708,1.456256651381852,0.5304339016607511,0.15324236475097253,0.00757928284543561,0.3623476157721016,-0.8100699302793675,0.8977246930896023,0.7172957031682747,0.18042898992132766,0.5511376534551988,0.17954493861792045,1.1321075446483337,0.7833958282636069,0.348711716384727,0.43394622767583313,0.22642150892966673,1.2770701797955968,0.7960200082620551,0.4810501715335417,0.3614649101022016,0.2554140359591194,0.17954493861792042,0.2264215089296667,0.2554140359591193,0.328643798828125,0.36492919921875,0.17954493861792045,0.17965806413128674,0.18627789343635387,0.0007492230626711255,0.22642150892966673,0.22174816787231788,0.1909140514050783,0.02082849649602582,0.2554140359591194,0.23175637382208206,0.24016663675358277,0.03318758809486637,14.883695845181814,11.552843790939729,0.0,0.0,8.0,1.5827351393810383,0.00826821304004057,1.2610854456415599,1.422563275385065
4,0.2,16.0,1.6,1.0,2.9976021664879227e-15,1.7208456881689926e-15,0.26223986374634367,1.0,3.9940631881900117,0.0049621442398937905,3.9998477402196437,3.99488559597975,0.000822407789738857,1.505859103625197,0.1694149532499623,1.6796025644733583,1.510187611223396,0.004328507598198939,0.006661634485807338,0.007897587182500478,0.009424346862925594,0.0015267596804251164,-0.005134874805382222,9.83672517760542e-07,0.0049621442398937905,0.004963127912411552,0.999959777683004,0.005546896635230281,3.9998477402196437,4.005394636854874,0.9909894642949588,0.005605360077482264,3.9940631881900117,3.9996685482674934,0.06896269486290307,0.0011556187488673312,0.1694149532499623,0.17057057199882963,0.9668075087062807,0.004442524778853887,1.6796025644733583,1.684045089252212,0.9596565776052858,0.0028731780828470045,1.505859103625197,1.508732281708044,0.04911552782386574,0.18438126285935647,0.007897587182500478,0.2323178412245467,0.9999758753486272,0.05739442512017778,0.009424346862925594,2.8699120256899535,0.9977469115906457,0.12715766426090452,0.006661634485807338,0.41234327686680183,-0.9996142848172551,0.8626540574940487,0.20618977309343728,0.6564642844006113,0.5686729712529758,0.17253081149880972,0.8233481468057562,0.170552530436006,0.6527956163697501,0.588325926597122,0.1646696293611512,1.0076420412565372,0.25548923993146516,0.7521528013250722,0.4961789793717314,0.20152840825130747,0.17253081149880972,0.1646696293611512,0.2015284082513074,0.41180419921875,0.46673583984375,0.17253081149880972,0.1722331334915227,0.001481898295500912,0.0007433665977813139,0.1646696293611512,0.1543825225273599,0.021526138216843425,0.020768271248534607,0.20152840825130744,0.1656221941361882,0.18672001131841126,0.03312917613956938,15.28483238631119,12.245366353792182,0.0,0.0,16.0,0.37702435656948297,0.0016678840999574142,0.9544360681470929,1.1680719895802367
4,0.2,32.0,3.2,1.0,5.662137425588298e-15,1.734723475976807e-15,0.25298978069101136,1.0,15.918295451874773,0.005022874584452172,15.923052478640521,15.918029604056068,-0.0002658478187044797,1.5218962459189318,0.17103439865173778,1.69308982442059,1.5220554257688523,0.0001591798499205755,0.006740486232780594,0.007932782553837177,0.00945452783142895,0.0015217452775917752,-0.00521874095518882,1.407431510654103e-06,0.005022874584452172,0.005024282015962825,1.0000507979597686,0.0019173573068262384,15.923052478640521,15.924969835947348,0.9932244729833904,0.0019465607658171536,15.918295451874773,15.92024201264059,0.039023159829446624,0.0009092427009801301,0.17103439865173778,0.1719436413527179,0.9705473221448704,0.0014462713094222806,1.69308982442059,1.6945360957300122,0.967103416418389,0.0003362959952042055,1.5218962459189318,1.522232541914136,0.01729730733245708,0.18453870440915657,0.007932782553837177,0.23295474401065797,0.9999818385955912,0.05821376859356665,0.00945452783142895,2.7908652106130356,0.9996378349282821,0.1263482244671845,0.006740486232780594,0.4222278854879681,-0.9999561201405519,1.2095946806187015,0.37827672969773807,0.8313179509209635,0.3952026596906493,0.24191893612374027,0.8160885923349206,0.166615834488193,0.6494727578467274,0.5919557038325398,0.16321771846698407,0.993444085502551,0.2469380115247396,0.7465060739778115,0.5032779572487247,0.19868881710051017,0.24191893612374027,0.16321771846698407,0.19868881710051017,0.554473876953125,0.608123779296875,0.2419189361237403,0.24176581910107386,0.0010980235553435507,0.0007529259109717509,0.1632177184669841,0.15360286473702908,0.02102731057582415,0.020823519429714984,0.19868881710051017,0.1639286816136373,0.18488056309020412,0.03318012513369602,15.264643195234566,12.267045990368509,0.0,0.0,32.0,0.09560673443460248,0.00042344271427546186,0.6746793826155844,0.8213032856546703
4,0.2,64.0,6.4,1.0,1.1879386363489175e-14,1.6792123247455493e-15,0.24902152377786535,1.0,63.885049713925106,0.005002489377933777,63.89256881670528,63.887566327327356,0.002516613402252528,1.5165575212486933,0.17102728241500456,1.6889007141814876,1.5178734317664833,0.0013159105177897538,0.006726412950552806,0.007918452867196148,0.009488166768215522,0.0015697139010193754,-0.005156699049533432,9.45474991093816e-07,0.005002489377933777,0.005003434852924871,0.9998515506924291,0.017269869947448502,63.89256881670528,63.90983868665273,1.0056610610913692,0.01724374248956153,63.885049713925106,63.90229345641467,0.11494099362227964,0.0008470989565902624,0.17102728241500456,0.17187438137159483,0.9713700186665848,0.0013766846269554212,1.6889007141814876,1.6902773988084432,0.9695523151105043,0.00035893233167412297,1.5165575212486933,1.5169164535803674,0.01843228607679195,0.18482583385126922,0.007918452867196148,0.23180508952272563,0.999978775218369,0.058444155672017224,0.009488166768215522,2.7783854062729745,0.9996476405148569,0.1264039733213227,0.006726412950552806,0.4209844911530447,-0.9999554015907954,1.4970800787286598,0.5674871824102335,0.9295928963184263,0.2514599606356702,0.29941601574573196,0.8115547962524607,0.16483315552005334,0.6467216407324075,0.5942226018737697,0.1623109592504921,0.9893456186503221,0.24491559965780563,0.7444300189925166,0.505327190674839,0.1978691237300644,0.2994160157457319,0.1623109592504921,0.19786912373006438,0.663299560546875,0.7213134765625,0.29941601574573196,0.2993278360270727,0.0035204916046030097,0.000748643272567674,0.1623109592504921,0.1524762942347768,0.020779883546541623,0.02062160580270151,0.1978691237300644,0.16274443330413568,0.18369468922448254,0.033044425150508226,15.255148580518131,12.294797566407501,0.0,0.0,64.0,0.02373884857317607,0.00010528931229878406,0.5420917743703086,0.6608501660716022
4,0.4,0.5,0.1,1.0,7.0917664102276845e-16,1.1934084363091069e-15,0.5361992385036878,1.0,0.00014140206170624867,0.020011966265631537,0.02138594139486136,0.0013739751292298269,0.0012325730675235781,0.01984457279151914,0.22841832313612742,0.25774050905321644,0.029322185917089075,0.00947761312556994,0.0023303909544097404,0.023282218001102188,0.023589618169005896,0.00030740016790370677,-0.0020229907865060327,4.406656894836722e-06,0.020011966265631537,0.020016372922526372,0.9996363865839177,0.1300513698201859,0.02138594139486136,0.15143731121504725,1.0615522527244883,0.12963841391621594,0.00014140206170624867,0.12977981597792218,0.32156817036195573,0.0010407369907202764,0.22841832313612742,0.2294590601268477,0.9685182586283587,0.1220469233845758,0.25774050905321644,0.3797874324377923,1.028319000402929,0.12218456080077966,0.01984457279151914,0.1420291335922988,0.3121788252663971,0.32721260701757005,0.023282218001102188,0.21745505264805592,0.9999829432661136,0.32648342502427397,0.023589618169005896,0.22086179022791286,0.9542171910040931,0.08698831899128806,0.0023303909544097404,0.32308357948863303,-0.16319148242452383,0.10830335417783477,0.09243349510210913,0.01586985907572553,0.9458483229110827,0.021660670835566935,0.23035678838584928,0.0914478805795379,0.13890890780631132,0.8848216058070755,0.04607135767716984,0.2413183234461604,0.09041524471623658,0.15090307872992387,0.8793408382769199,0.04826366468923206,0.021660670835566952,0.046071357677169855,0.04826366468923207,0.23577880859375,0.202606201171875,0.021660670835566935,0.018670819308683046,0.021413427794126548,0.00300326142652545,0.04607135767716984,0.02150589811558109,0.04636714662310719,0.028434230180697673,0.04826366468923206,0.02170278897120356,0.04837723345450957,0.03091872639441568,14.967168039590874,11.788902152058643,0.0,0.0,0.5,140.3414671049467,16.48060096359089,2.126958949097755,2.228170357955067
4,0.4,1.0,0.2,1.0,7.471237170597611e-16,1.3533011516964066e-15,0.4670333037437387,1.0,0.0034439361505333964,0.019976021981382007,0.0275388954705351,0.007562873489153095,0.0041189373386197005,0.0378067102340915,0.22812579701655294,0.32206479568607693,0.09393899866952399,0.05613228843543253,0.0028853317863960703,0.02345220551368342,0.024388650300428062,0.0009364447867446484,-0.0019488869996514215,7.040308465419922e-06,0.019976021981382007,0.019983062289847427,0.9993029283907513,0.17754870185981375,0.0275388954705351,0.20508759733034887,1.184458435850935,0.17849738691879147,0.0034439361505333964,0.18194132306932484,0.3179917607257341,0.0009516891667092954,0.22812579701655294,0.22907748618326224,0.9698823070758493,0.16242237255518058,0.32206479568607693,0.48448716824125754,1.1505549683514944,0.16831060699692024,0.0378067102340915,0.20611731723101176,0.30878110169399664,0.32793544652660195,0.02345220551368342,0.21809027514051116,0.9999757868493254,0.32820607762242293,0.024388650300428062,0.2260886497553421,0.9546210783766861,0.07703190189117338,0.0028853317863960703,0.6732907598426936,-0.21637007528961566,0.09157598926413335,0.07612493720891433,0.015451052055219109,0.9542120053679333,0.018315197852826655,0.21428467471326412,0.07782505181724418,0.13645962289601987,0.892857662643368,0.04285693494265281,0.24463372960134327,0.08937424215649054,0.15525948744485263,0.8776831351993284,0.04892674592026865,0.01831519785282667,0.042856934942652816,0.04892674592026865,0.15338134765625,0.146514892578125,0.018315197852826655,0.015620139154227105,0.017531452242917765,0.00298624427842682,0.04285693494265281,0.01855597146178016,0.037508783584779215,0.02810032399929115,0.04892674592026865,0.02111511883955429,0.04846665879364974,0.031108939821314935,15.002625629604458,11.938027557939623,0.0,0.0,1.0,10.977761660371085,0.8378006038088687,2.339965709736438,2.6713741403955185
4,0.4,2.0,0.4,1.0,1.033895191682177e-15,1.457167719820518e-15,0.45135283569090096,1.0,0.029248949409715685,0.019908837515079582,0.05671852055832862,0.03680968304324904,0.0075607336335333595,0.21120826419666516,0.2279831427261455,0.5469132570575295,0.3189301143313839,0.10772185013471872,0.01050615723535039,0.0233660995851018,0.026124702710028362,0.00275860312492656,-0.007747554110423831,5.151745935722337e-06,0.019908837515079582,0.019913989261015303,0.9996640626016684,1.0664397440538727,0.05671852055832862,1.1231582646122011,1.5695366546162433,1.0656135629016692,0.029248949409715685,1.0948625123113849,0.9376348790743732,0.0009928831998585407,0.2279831427261455,0.22897602592600405,0.9692996915290666,0.9952502874438832,0.5469132570575295,1.5421635445014126,1.5246652139948413,1.009451919465745,0.21120826419666516,1.22066018366241,0.9120817416909291,0.32742904802062944,0.0233660995851018,0.21796848515684136,0.9999868404135567,0.31013261706665096,0.026124702710028362,0.2860851218417533,0.8148991707307145,0.1848807175783979,0.01050615723535039,0.39887754282225485,-0.42224343139335163,0.3648728740136631,0.34511944745763046,0.019753426556033016,0.8175635629931686,0.0729745748027326,0.4905639161099361,0.337984210854407,0.152579705255529,0.7547180419450319,0.0981127832219872,0.5393165405213602,0.3473325974277902,0.1919839430935698,0.7303417297393199,0.10786330810427204,0.07297457480273259,0.0981127832219872,0.10786330810427203,0.327239990234375,0.309112548828125,0.0729745748027326,0.07081714434684341,0.07178228858423603,0.0029737546182302707,0.0981127832219872,0.08082061688609884,0.0849499724756833,0.028206732447490657,0.10786330810427204,0.08775030068696363,0.10736529250180758,0.030992934265217757,14.8897621532263,11.847779111365515,0.0,0.0,2.0,7.2210547202255295,0.35919776427458755,1.3444789981607852,1.4780943691121444
4,0.4,4.0,0.8,1.0,9.246076126956382e-16,1.4007892068512717e-15,0.40851153109145144,1.0,0.23422425424702664,0.019986364300750348,0.2731618171145104,0.2531754528137601,0.018951198566733402,0.3730559209624243,0.2289568615874613,0.6483667542097997,0.4194098926223384,0.04635397165991413,0.015448751868625297,0.02344194364500481,0.02813158624881405,0.004689642603809241,-0.010759109264816054,5.894410873654417e-06,0.019986364300750348,0.019992258711624,0.9990415546464022,0.5413538216735835,0.2731618171145104,0.8145156387880939,1.2079422358451692,0.5416816562820489,0.23422425424702667,0.7759059105290755,0.6651025277703861,0.001125375473277299,0.2289568615874613,0.2300822370607386,0.9671073323977617,0.5054958473550679,0.6483667542097997,1.1538626015648676,1.1703047441830472,0.5038046753375469,0.3730559209624243,0.8768605962999712,0.6407187929529448,0.32762320607437684,0.02344194364500481,0.21840866648056756,0.999985002445007,0.21937709690537366,0.02813158624881405,0.6415501392206764,0.8380420855702431,0.19075872456578064,0.015448751868625297,0.5178783609509945,-0.8071793999501372,0.4199681948347294,0.2904321385724837,0.12953605626224599,0.7900159025826353,0.08399363896694587,0.6145499764625763,0.3237488536757148,0.29080112278686177,0.6927250117687119,0.12290999529251521,0.6767621370732676,0.33271136387891875,0.34405077319434907,0.6616189314633663,0.1353524274146535,0.08399363896694587,0.12290999529251523,0.1353524274146535,0.303741455078125,0.31884765625,0.08399363896694587,0.0813413414231669,0.06991364087155005,0.0029847130590852766,0.12290999529251521,0.10405636555614402,0.0890518311323735,0.028359284443058953,0.1353524274146535,0.108024696674987,0.12525484700957354,0.031186591844803203,14.995264600395208,12.176166413536432,0.0,0.0,4.0,1.5927296776403763,0.06595709704910464,1.4633250422795012,1.611460451998263
4,0.4,8.0,1.6,1.0,1.6930901125533637e-15,1.2281842209915794e-15,0.4315181321701096,1.0,0.9996845238845843,0.020010692984193487,1.019699873440834,0.9996891804566405,4.656572056193069e-06,0.38310391725297765,0.22818189504802872,0.609934404907739,0.3817525098597102,-0.0013514073932674145,0.01653906878488807,0.02323827641658132,0.03161992750755431,0.008381651090972993,-0.008157417693915078,3.6647638330775743e-06,0.020010692984193487,0.02001435774802656,1.000338382018942,0.0011125199350272884,1.019699873440834,1.0208123933758613,1.0005861420185589,0.0011122405330094758,0.9996845238845843,1.000796764417594,0.028957478510389663,0.0009696076557334024,0.22818189504802872,0.2291515027037621,0.9699933362119388,0.0020905726379207346,0.609934404907739,0.6120249775456597,0.968381068449516,0.000973168796817612,0.38310391725297765,0.38407708604979524,0.0273466343413795,0.32697106782188134,0.02323827641658132,0.2173760424794875,0.9999774568632352,0.1729359796649499,0.03161992750755431,1.0605323598804302,0.9977039143185154,0.1548321927128615,0.01653906878488807,0.6922325770864974,-0.9973765286748255,0.4594397401389514,0.06461677165632668,0.39482296848262477,0.7702801299305243,0.09188794802779027,0.3901506177199395,0.038762912518305895,0.3513877052016336,0.8049246911400303,0.07803012354398789,0.5982232925783328,0.0927830206665608,0.505440271911772,0.7008883537108336,0.11964465851566657,0.09188794802779027,0.07803012354398789,0.11964465851566658,0.36822509765625,0.45965576171875,0.09188794802779027,0.09009258096204711,0.0031778764426126423,0.002996170244182273,0.07803012354398789,0.05611947568822234,0.028250208754210367,0.02797923546467692,0.11964465851566657,0.07556106802983265,0.09816336759895031,0.031045774865943305,14.765421634073878,11.642326891059952,0.0,0.0,8.0,0.3832248155291117,0.016544288112634163,0.8491877903333823,1.3020712844679223
4,0.4,16.0,3.2,1.0,2.886579864025407e-15,1.321859288694327e-15,0.4241836790148828,1.0,3.970759590079261,0.019960699829264003,3.9877067406034143,3.96774604077415,-0.00301354930511067,0.37516082123463645,0.22888141961353042,0.6031655710106775,0.374284151397147,-0.0008766698374893569,0.016511225007912682,0.023495043400711374,0.03128260581268549,0.007787562411974123,-0.008723662595938559,4.373942784249658e-06,0.019960699829264003,0.01996507377204825,0.9997679572452367,0.0014810383784664535,3.9877067406034143,3.9891877789818806,1.0065974914426745,0.0014564202731296534,3.9707595900792607,3.9722160103523905,0.030581534036717484,0.0009611295944187959,0.22888141961353042,0.2298425492079492,0.9699691802626278,0.0010896237998607435,0.6031655710106775,0.6042551948105381,0.9690182847105372,7.448039983874656e-05,0.37516082123463645,0.37523530163447516,0.008475744509177685,0.32738136620074343,0.023495043400711374,0.21921396165216744,0.999982320488765,0.1746780100447041,0.03128260581268549,1.0253770626894734,0.9999263598268393,0.15271782858087704,0.016511225007912682,0.7079564740296108,-0.9999514734676921,0.8751289225716611,0.2111327146886568,0.6639962078830044,0.5624355387141695,0.1750257845143322,0.385848232969485,0.03728554623853659,0.3485626867309485,0.8070758835152576,0.077169646593897,0.5844813713661523,0.0855090490117524,0.4989723223543995,0.7077593143169238,0.11689627427323045,0.1750257845143322,0.07716964659389698,0.11689627427323043,0.5357666015625,0.61737060546875,0.1750257845143322,0.173932976328316,0.0031186838563088556,0.0029920533483854496,0.077169646593897,0.05488693096600012,0.028267701553280414,0.028202685063524253,0.11689627427323045,0.07386886913874609,0.09664386562132814,0.031146935501067844,14.714940985472712,11.42876280843183,0.0,0.0,16.0,0.09448087015188643,0.004158203143087567,0.4409044462107688,0.6678803045939683
4,0.4,32.0,6.4,1.0,6.106226635438361e-15,1.3231603313013096e-15,0.40162984879684216,1.0,16.148806551758952,0.020036162638699458,16.168040629480736,16.148004466842035,-0.0008020849169142135,0.38025792085012466,0.22772000748032512,0.6087897379122027,0.38106973043187753,0.0008118095817528589,0.016605709034266062,0.023314342734436975,0.03150715590074736,0.008192813166310384,-0.008412895867955678,5.184471922769844e-06,0.020036162638699458,0.020041347110622228,1.000532961455069,0.005301754298431024,16.168040629480736,16.173342383779165,1.0118417409520233,0.0052899084691192455,16.14880655175895,16.154096460228068,0.05533940662344365,0.0008534630449015751,0.22772000748032512,0.2285734705252267,0.9717414263940789,0.0010232772884429691,0.6087897379122027,0.6098130152006456,0.9710497627443743,9.956909305264283e-05,0.38025792085012466,0.3803574899431773,0.009731485680670494,0.326623518895069,0.023314342734436975,0.21854619339860282,0.9999867441778297,0.1747971035209886,0.03150715590074736,1.0314190464399453,0.9999119875129381,0.15184801600579093,0.016605709034266062,0.720165975745328,-0.9999303993851665,1.2776203267651334,0.4253707826665243,0.8522495440986091,0.36118983661743337,0.2555240653530267,0.387498761969343,0.037647863704064644,0.3498508982652786,0.8062506190153286,0.07749975239386858,0.5856495993847999,0.08586274532194342,0.49978685406285667,0.7071752003076002,0.11712991987695996,0.25552406535302663,0.07749975239386858,0.11712991987695996,0.634735107421875,0.7047119140625,0.2555240653530267,0.254910329271142,0.0035308257464777737,0.0030014142290438446,0.07749975239386858,0.05524010760607714,0.028194785964229103,0.028131789167194728,0.11712991987695996,0.0738155171668956,0.0958483789986295,0.031113378421916797,14.7165978759624,11.467874312430181,0.0,0.0,32.0,0.02354712217471615,0.0010282932661954108,0.30329727372956655,0.45839095317748535
4,0.4,64.0,12.8,1.0,1.1102230246251565e-14,1.304512053934559e-15,0.40821211921033884,1.0,63.88339891793623,0.01999705669413987,63.90557911336457,63.88558205667043,0.0021831387341949525,0.37999624373751106,0.22807253049775034,0.6079634816130977,0.3798909511153474,-0.00010529262216367604,0.016479237873623515,0.023567327720761196,0.031482460732363576,0.007915133011602377,-0.008564104862021138,5.505349785708502e-06,0.01999705669413987,0.02000256204392558,1.0000814004926277,0.01769460113812825,63.90557911336457,63.9232737145027,0.9739528508116129,0.01781906380972056,63.88339891793623,63.90121798174595,0.10549356932464801,0.0010419089179865503,0.22807253049775034,0.22911443941573686,0.9683965059901971,0.001112029369903,0.6079634816130977,0.6090755109830006,0.9696557855058356,0.0001301752147811697,0.37999624373751106,0.38012641895229227,0.010577106053011773,0.3267215520370177,0.023567327720761196,0.22079789191750943,0.9999844241881686,0.1748860442021876,0.031482460732363576,1.0295871097113953,0.9998720591046287,0.15186430369888385,0.016479237873623515,0.7145701687471746,-0.999925077791601,1.5659236556447973,0.6234235451200245,0.9425001105247724,0.21703817217760152,0.3131847311289594,0.38969967686616164,0.03808326410093264,0.35161641276522904,0.8051501615669193,0.0779399353732323,0.5858847196689463,0.0859783354335249,0.4999063842354214,0.7070576401655269,0.11717694393378925,0.3131847311289594,0.07793993537323232,0.11717694393378926,0.710601806640625,0.775177001953125,0.3131847311289594,0.3128724810503488,0.005522709351282683,0.0029745323637539013,0.07793993537323231,0.055355129417041446,0.02825139137866791,0.028296170177264292,0.11717694393378925,0.07340227643694938,0.09676618733292412,0.0314085269456975,14.714293719625406,11.726767502303858,0.0,0.0,64.0,0.005948278428729962,0.0002579580634836372,0.2488625007109275,0.3741464135604349
4,0.8,0.5,0.2,1.0,8.244273319579776e-16,1.4275690005116637e-15,1.123939825446199,1.0,0.0006066717368148396,0.08018356638858316,0.08015504202909011,-2.852435949305364e-05,-0.0006351960963078924,0.016499763307248526,0.45798657498360484,0.43938741457031505,-0.01859916041328983,-0.03509892372053832,0.004507273941162284,0.06493085148053146,0.06354701900612106,-0.0013838324744103962,-0.005891106415572677,2.2916352312845397e-05,0.08018356638858316,0.080206482740896,0.9987398681671105,0.10274526635864706,0.08015504202909011,0.18290030838773716,0.929319078473286,0.10189851872678135,0.0006066717368148395,0.10250519046359619,0.2769739943188022,0.0010754937711205431,0.45798657498360484,0.4590620687547254,0.9688456278551676,0.1031016133683398,0.43938741457031505,0.5424890279386548,0.9005504376794364,0.09579344865531253,0.016499763307248522,0.11229321196256103,0.2683180837519077,0.46054787465424796,0.06493085148053146,0.3061672967913008,0.9999676149007181,0.43384613786546905,0.06354701900612106,0.34553817720534585,0.9480806250399232,0.12849796483047463,0.004507273941162284,0.33811195577222697,-0.22405297721123169,0.16529129224753591,0.09486403602751287,0.07042725622002301,0.9173543538762321,0.03305825844950716,0.3957224858517563,0.1057270609882461,0.28999542486351015,0.802138757074122,0.07914449717035123,0.33291738885354627,0.10481657211833503,0.22810081673521115,0.8335413055732269,0.06658347777070923,0.033058258449507175,0.07914449717035124,0.06658347777070925,0.285186767578125,0.18170166015625,0.03305825844950716,0.019657428385464262,0.03315929473323943,0.011869957172752247,0.07914449717035123,0.02299382979015556,0.08418067123632093,0.055968219682297524,0.06658347777070923,0.024846286746224328,0.06816588664309159,0.04351871151754493,15.495483798032149,12.763925506974243,0.0,0.0,0.5,27.197184747514232,7.429510339193427,2.394091548749784,2.0141253923708096
4,0.8,1.0,0.4,1.0,9.688430613330468e-16,1.6028844918025698e-15,1.0751841755749532,1.0,0.006534565424076523,0.07985324190507685,0.07494853682974928,-0.004904705075327578,-0.0114392704994041,0.056086497708672425,0.4540437198443604,0.4909384071733416,0.036894687328981185,-0.019191810379691244,0.012707780590617489,0.06558281723968475,0.07599315856880605,0.010410341329121293,-0.002297439261496199,2.2674509955310334e-05,0.07985324190507685,0.07987591641503217,1.0009720763348184,0.3214967006912668,0.07494853682974928,0.39644523752101607,1.1770529977136832,0.3207828644502152,0.006534565424076523,0.32731742987429174,0.5316694157449906,0.0010504199086865409,0.4540437198443604,0.45509413975304697,0.9688695995222295,0.2980183402273351,0.4909384071733416,0.7889567474006767,1.1401288098208937,0.3022983031761555,0.056086497708672425,0.35838480088482794,0.5161823570088143,0.4588850896865042,0.06558281723968475,0.31146231473034136,0.9999502815533715,0.5259988914446797,0.07599315856880605,0.27973937654843994,0.9210276069693673,0.18449472766558916,0.012707780590617489,2.6874285865825636,0.21996654773654964,0.18885935310157612,0.14001604325389816,0.04884330984767786,0.905570323449212,0.0377718706203152,0.3715408210673118,0.1463856343522425,0.22515518671506923,0.8142295894663442,0.07430816421346234,0.3438189078858608,0.15593153388871095,0.18788737399715005,0.8280905460570697,0.06876378157717214,0.03777187062031522,0.07430816421346235,0.06876378157717214,0.339569091796875,0.250396728515625,0.0377718706203152,0.029217950958361702,0.03917325772901528,0.01177440830985026,0.07430816421346234,0.03544074229329329,0.07873818723999496,0.0555843118092607,0.06876378157717214,0.03658083609338534,0.063856494237686,0.04408009736480606,15.254184732027328,12.291610161199594,0.0,0.0,1.0,8.5830493795383,1.944701715556452,1.9672884343063612,1.8205024121889337
4,0.8,2.0,0.8,1.0,8.16837916750579e-16,1.4346163146328195e-15,0.8240929509995903,1.0,0.057948795322679776,0.0801117633784595,0.141280684450283,0.0611689210718235,0.003220125749143732,0.09309512396996297,0.4563399919877358,0.5533722549693054,0.09703226298156961,0.003937139011606628,0.02749946087298757,0.06482076994135191,0.0800618804220828,0.015241110480730893,-0.012258350392256683,2.223731040142159e-05,0.0801117633784595,0.08013400068886092,1.0011664578924508,0.12475598952136953,0.141280684450283,0.26603667397165254,1.0100144779834372,0.12404140485397387,0.057948795322679776,0.18199020017665363,0.2926384587092692,0.0010190011217486156,0.4563399919877358,0.45735899310948436,0.9693831333599137,0.1189635821031201,0.5533722549693054,0.6723358370724255,0.9759846002940169,0.115979033238291,0.09309512396996299,0.20907415720825398,0.28203703798149404,0.45788014839578517,0.06482076994135191,0.30921382413612597,0.9999636868552296,0.41554188996997654,0.0800618804220828,0.5136726218923976,0.8497657646505146,0.21765956576916393,0.02749946087298757,1.435250001790235,-0.4465848490552102,0.20393610147434427,0.09084348871862563,0.1130926127557187,0.8980319492628279,0.04078722029486883,0.4413547443257047,0.11742940550503428,0.3239253388206707,0.7793226278371477,0.08827094886514092,0.5739210119978654,0.2706766049643359,0.3032444070335297,0.7130394940010674,0.11478420239957306,0.04078722029486884,0.08827094886514093,0.11478420239957307,0.2020263671875,0.220001220703125,0.04078722029486883,0.028086694409431703,0.03038632274758272,0.011851225705670203,0.08827094886514092,0.03361350932825286,0.07740966408953878,0.0559380419548445,0.11478420239957307,0.07888541871478759,0.10711134810685684,0.04400206470091133,14.989814415485405,11.75004128908064,0.0,0.0,2.0,1.6065066314420475,0.4745475849818907,2.1641815310528947,2.814219786730926
4,0.8,4.0,1.6,1.0,9.298117831235686e-16,1.5222198501696482e-15,0.7153990302671878,1.0,0.24944986391980256,0.08031482254797015,0.3303766963847771,0.250061873836807,0.00061200991700441,0.09450418651824652,0.4589586663343536,0.5531923463420516,0.09423368000769797,-0.00027050651054853964,0.027853098662302303,0.06557887453223529,0.08733964837498698,0.021760773842751692,-0.006092324819550615,1.715798330188136e-05,0.08031482254797015,0.08033198053127205,1.0010855217807895,0.0003758155098427022,0.3303766963847771,0.33075251189461985,0.9965057555957353,0.0004289222772669626,0.24944986391980256,0.24987878619706952,0.01959556625194093,0.0010624328251863694,0.4589586663343536,0.46002109915954,0.9698283403590199,0.001774560677037131,0.5531923463420516,0.5549669070190888,0.9631548510649823,0.00035374791080222277,0.09450418651824653,0.09485793442904875,0.016868389374134086,0.45899503788726104,0.06557887453223529,0.31130400426864546,0.9999632126964293,0.3674242905763846,0.08733964837498698,0.6482401552046337,0.9948512423818336,0.09983211083861473,0.027853098662302303,3.1727459141185244,-0.9371061148737372,0.22081440914639613,0.01614007814133797,0.20467433100505805,0.889592795426802,0.04416288182927921,0.3431181766125726,0.02979079927727847,0.3133273773352939,0.8284409116937137,0.0686236353225145,0.4253401267189217,0.05265355781320581,0.37268656890571583,0.7873299366405393,0.08506802534378431,0.04416288182927923,0.0686236353225145,0.08506802534378433,0.280609130859375,0.313232421875,0.04416288182927921,0.03380429175340276,0.012027808368180421,0.01186174064168204,0.0686236353225145,0.015028171883419712,0.05664534739664188,0.055880825395135045,0.08506802534378431,0.03288608011502642,0.06846269207809136,0.044379980293361265,14.696743590290538,11.632510559696437,0.0,0.0,4.0,0.37885042322023216,0.11165810325419538,1.5538758450545282,1.926233565840029
4,0.8,8.0,3.2,1.0,1.7555401576885288e-15,1.53479659537048e-15,0.7544966933280698,1.0,0.9860840122845996,0.07987967292827053,1.065283558990685,0.9854038860624146,-0.0006801262221852386,0.09423315769013255,0.4553738958019254,0.5474887970225628,0.09211490122063742,-0.002118256469495132,0.026552768385478064,0.06525591036748445,0.08537449894427726,0.020118588576792808,-0.006434179808685258,1.612568183951452e-05,0.07987967292827053,0.07989579861011005,1.0002579549100963,0.00019252990415618974,1.065283558990685,1.0654760888948411,0.9986764473937054,0.00020420439610612648,0.9860840122845997,0.9862882166807059,0.010798712770718775,0.0010119937231804427,0.4553738958019254,0.4563858895251058,0.9695885336046237,0.0009540342084098229,0.5474887970225628,0.5484428312309726,0.9709128134133225,2.60019620213036e-05,0.09423315769013255,0.09425915965215385,0.004847917512329989,0.4592668406304607,0.06525591036748445,0.3093929474500719,0.9999708386742987,0.36945793315728515,0.08537449894427726,0.6255397571788455,0.9999479292011593,0.089831728888702,0.026552768385478064,3.2908544012487377,-0.9998109416176282,0.5089838756837741,0.07784022729723235,0.43114364838654157,0.7455080621581129,0.10179677513675481,0.33464627669336366,0.028069172563721982,0.3065771041296418,0.8326768616533182,0.06692925533867272,0.405162293900029,0.04110239189290041,0.36405990200712857,0.7974188530499856,0.08103245878000578,0.10179677513675481,0.06692925533867272,0.08103245878000578,0.45556640625,0.492034912109375,0.10179677513675481,0.0937346841057922,0.0118667963220121,0.011808758650079694,0.06692925533867272,0.014677506383018733,0.0551581383683546,0.05529460989750663,0.08103245878000578,0.029282158767574916,0.06546243319436743,0.044021209642433765,14.599334662974556,11.40867952029122,0.0,0.0,8.0,0.09556301138257918,0.02692749101971497,0.65747913181689,0.7960218648493134
4,0.8,16.0,6.4,1.0,3.0531133177191805e-15,1.4849232954361469e-15,0.7334890544028566,1.0,3.9861595378100145,0.08047691459324116,4.071235507430284,3.9907585928370426,0.004599055027028142,0.09451502297933681,0.4550370983997447,0.5457148470350278,0.0906777486352831,-0.003837274344053734,0.026383066603166666,0.06524470388112105,0.08481534970540583,0.019570645824284777,-0.006812420778881893,2.3747289001361028e-05,0.08047691459324116,0.08050066188224253,1.0006538237867653,0.0012915046995096945,4.071235507430284,4.072527012129793,0.9959042312640745,0.001256108660915962,3.9861595378100145,3.9874156464709305,0.030350680645585694,0.0011139712383187255,0.4550370983997447,0.4561510696380634,0.9690478431776748,0.0011352887378389576,0.5457148470350278,0.5468501357728668,0.9688359371918901,1.9607221654437945e-05,0.09451502297933681,0.09453463020099125,0.004077763779126598,0.4590544589730537,0.06524470388112105,0.30964447824276187,0.9999669278579135,0.36918130757969525,0.08481534970540583,0.6224073862541201,0.9999400744432253,0.08990975239175883,0.026383066603166666,3.2650047923106706,-0.9996701665076432,0.8693065884429079,0.20485511084913147,0.6644514775937764,0.5653467057785461,0.1738613176885816,0.33678957877499727,0.028461493935989686,0.3083280848390073,0.8316052106125015,0.06735791575499944,0.4029269330826365,0.040672253816100054,0.3622546792665366,0.7985365334586818,0.08058538661652727,0.1738613176885816,0.06735791575499944,0.08058538661652728,0.65667724609375,0.691986083984375,0.1738613176885816,0.16952431540940405,0.012123672436316079,0.011835301438174566,0.06735791575499944,0.014807307701569204,0.05587582970520794,0.05585084268497331,0.08058538661652727,0.029091405841385143,0.06565682498855469,0.04408586249148172,14.592085004097665,11.422564661514741,0.0,0.0,16.0,0.02371079784510158,0.00661866800686594,0.3874232442874393,0.4635038298793461
4,0.8,32.0,12.8,1.0,6.217248937900877e-15,1.4504456663511078e-15,0.7298219701627132,1.0,15.87255955600019,0.07999814345341902,15.95509019016638,15.875092046712963,0.002532490712771798,0.09458012939918331,0.4583632085727186,0.552339332157491,0.09397612358477232,-0.0006040058144110167,0.02637805609469363,0.0654848168941386,0.08479034579297595,0.019305528898837358,-0.007072527195856271,1.9414177345773457e-05,0.07999814345341902,0.08001755763076482,1.0002411298210288,0.004481222976587372,15.95509019016638,15.959571413142967,0.9968314338557717,0.0044930545497181675,15.87255955600019,15.877052610549907,0.04542795172394348,0.0011670393792982004,0.4583632085727186,0.45953024795201675,0.9672197701528269,0.001248660646419158,0.552339332157491,0.55358799280391,0.9662077290309962,1.799689779786713e-05,0.09458012939918332,0.0945981262969812,0.003958286705195212,0.4585953978980261,0.0654848168941386,0.31137388700191415,0.999971060895366,0.3682698473914228,0.08479034579297595,0.6252258928992245,0.9999378142831262,0.0903625658318283,0.02637805609469363,3.2309814993985784,-0.9996978454982758,1.2598452279104442,0.4091444796330035,0.8507007482774406,0.37007738604477797,0.2519690455820888,0.3408741275928785,0.0290927464899901,0.3117813811028882,0.8295629362035608,0.06817482551857568,0.4049365014178743,0.04110329442952192,0.3638332069883524,0.7975317492910629,0.08098730028357486,0.25196904558208877,0.06817482551857568,0.08098730028357486,0.74151611328125,0.767669677734375,0.2519690455820888,0.24977227277141328,0.012721644996372173,0.011823033192354757,0.06817482551857568,0.014923278829296213,0.056381285979308665,0.05627040324558005,0.08098730028357486,0.029221741207956904,0.06597128060197895,0.04419589629601529,14.610907928743998,11.26200849138636,0.0,0.0,32.0,0.005958719453248475,0.001661865309223056,0.27056825714873395,0.32141765706371284
4,0.8,64.0,25.6,1.0,1.1546319456101628e-14,1.5057399771478686e-15,0.7410012296513966,1.0,63.93722266723793,0.08061653416728326,64.02889289691878,63.9482763627515,0.011053695513555157,0.09438356788324304,0.4553273923720873,0.5508001921541998,0.09547279978211248,0.0010892318988694318,0.026411982182832167,0.06519631603744491,0.0850224337563899,0.019826117718944998,-0.006585864463887167,1.9553585942004817e-05,0.08061653416728326,0.08063608775322527,1.00040877087168,0.03634308749546831,64.02889289691878,64.06523598441424,1.0036822185242165,0.03585997181037944,63.93722266723793,63.973082639048314,0.17186995560889284,0.0011016995345792368,0.4553273923720873,0.4564290919066666,0.9681467549555007,0.0011545980262455428,0.5508001921541998,0.5519547901804454,0.9674413134912914,1.700678444282406e-05,0.09438356788324304,0.09440057466768587,0.003951912622651846,0.4589805895775036,0.06519631603744491,0.3094775103228192,0.9999831412884848,0.36874628426916983,0.0850224337563899,0.625310186866089,0.9999692540756304,0.09025712601076251,0.026411982182832167,3.2425622365060893,-0.9997868403309955,1.4862570492584841,0.5573885992070299,0.9288684500514541,0.25687147537075794,0.29725140985169685,0.339194212262164,0.028830620002930935,0.31036359225923316,0.8304028938689181,0.0678388424524328,0.4057443179163298,0.041206780098792126,0.3645375378175377,0.7971278410418351,0.08114886358326595,0.29725140985169685,0.0678388424524328,0.08114886358326595,0.87841796875,0.90460205078125,0.29725140985169685,0.2960004702641388,0.01816031245366468,0.011931764765595114,0.0678388424524328,0.01486582437364783,0.055822358928853094,0.0557459889037496,0.08114886358326595,0.029301886548566372,0.06562266884707571,0.043966838876917644,14.59128809965255,11.335395078190576,0.0,0.0,64.0,0.0014761912379970504,0.00041309242223882094,0.22822042286116861,0.27299740520575605
8,0.05,0.5,0.008838834764831844,1.0,5.805902633659876e-16,2.5517782331618832e-15,0.06552326163210644,1.0,2.136223496434143e-06,0.0006278998816338247,0.000632772601288259,4.872719654434342e-06,2.736496158000144e-06,0.038252491961812206,0.2767817407800238,0.3004882594809752,0.023706518700951397,-0.014545973260860802,0.00015805904150770488,0.0013138662965895245,0.0013179166994548288,4.050402865304068e-06,-0.00015400863864240092,1.2302977387581887e-07,0.0006278998816338247,0.0006280229114077005,0.999961091331765,0.1413619825497462,0.000632772601288259,0.14199475515103444,1.038229108363356,0.14139458902106658,2.1362234964341443e-06,0.141396725244563,0.32661406339645577,0.001033648171112746,0.2767817407800238,0.27781538895113655,0.9689478279083911,0.13602225069235796,0.3004882594809752,0.4365105101733331,1.006967895483401,0.13181630383216897,0.0382524919618122,0.1700687957939812,0.315568423089136,0.04773142008008875,0.0013138662965895245,0.5767114386993153,0.9999435087004787,0.04776695313510183,0.0013179166994548288,0.5776247058234493,0.9347489225259035,0.014842965164990575,0.00015805904150770488,0.5704925312223746,-0.1563262026331606,0.12989497820659407,0.12936853072608667,0.0005264474805070642,0.9350525108967029,0.025978995641318788,0.3160553398086018,0.1270136380759935,0.1890417017326081,0.8419723300956992,0.06321106796172034,0.4931620745858839,0.14286713108795127,0.35029494349793266,0.7534189627070581,0.09863241491717675,0.02597899564131881,0.06321106796172035,0.09863241491717677,0.040191650390625,0.0853271484375,0.025978995641318788,0.025880835791853907,0.025977508990472055,0.00010980639714219132,0.06321106796172034,0.03152622954590445,0.06284716455923486,0.03977358202051371,0.09863241491717675,0.035558012467017674,0.09814088253253661,0.07750958827467193,13.767846363745601,9.857538906462938,0.0,0.0,0.5,17906.596395772525,73.98993680742788,2.433160574582995,3.796621558391001
8,0.05,1.0,0.017677669529663688,1.0,5.934922692185651e-16,2.8987229283572447e-15,0.06388364732965207,1.0,3.821836447898266e-05,0.0006238720577184698,0.0006554798831410057,3.160782542253585e-05,-6.610539056446825e-06,0.13736282653357973,0.27493201360275205,0.3749924777560339,0.10006046415328183,-0.037302362380297854,0.00042288971614939003,0.0013139073456858766,0.0013271481348947171,1.3240789208840371e-05,-0.0004096489269405496,1.3349038766469652e-07,0.0006238720577184698,0.0006240055481061344,1.000028824599048,0.503873388211169,0.0006554798831410057,0.50452886809431,1.149328157359728,0.503838852097001,3.8218364478982666e-05,0.50387707046148,0.6564246360848074,0.00116900465419756,0.27493201360275205,0.2761010182569496,0.9666423191879767,0.4793799826346505,0.3749924777560339,0.8543724603906844,1.1119822381516602,0.4737786174092198,0.13736282653357973,0.6111414439427996,0.6364135497777033,0.047641596140849125,0.0013139073456858766,0.5789079218104335,0.9999538426267325,0.04766595949432448,0.0013271481348947171,0.5840900922479824,0.7995077315550665,0.027361297936694333,0.00042288971614939003,0.49919254035492105,-0.28522269942375267,0.39895483951907074,0.39848822904912584,0.0004666104699448633,0.8005225802404647,0.07979096790381413,0.5593575336553038,0.37041249598499404,0.18894503767030996,0.7203212331723481,0.11187150673106075,0.7143069067005201,0.3612248642284793,0.35308204247204045,0.64284654664974,0.142861381340104,0.07979096790381414,0.11187150673106075,0.142861381340104,0.140777587890625,0.194488525390625,0.07979096790381413,0.0797211205629908,0.07978951075368153,0.00010907210917758421,0.11187150673106075,0.09120581404262677,0.10947927175605018,0.03976580373268422,0.142861381340104,0.09583284302810405,0.1417593783742992,0.0777744952477622,13.74979069812634,9.69960037800275,0.0,0.0,1.0,3594.157636157334,11.06509192411802,1.402057271268082,1.79044552401369
8,0.05,2.0,0.035355339059327376,1.0,9.462916561453483e-16,2.7180948464211596e-15,0.06439321088481775,1.0,0.0004848356457771551,0.0006224186945131749,0.0011332846673570913,0.0005108659728439164,2.6030327066761322e-05,0.6607517266051927,0.2770359347091246,0.9941492896645665,0.7171133549554419,0.05636162835024931,0.0007538502365776679,0.0013162102380354646,0.0013575674977137197,4.135725967825506e-05,-0.000712492976899413,1.912743252669317e-07,0.0006224186945131749,0.0006226099688384419,0.9999770991933452,2.4357502218669893,0.0011332846673570913,2.4368835065343464,1.8518491382300428,2.4357154038549926,0.0004848356457771552,2.43620023950077,1.4694853777920551,0.001032792016046976,0.2770359347091246,0.2780687267251716,0.9688871776638877,2.2727134083009046,0.9941492896645665,3.266862697965471,1.7915454254669378,2.2826193254825804,0.6607517266051927,2.943371052087773,1.4223694468370889,0.04775175632223741,0.0013162102380354646,0.5772446526492665,0.9999295679481635,0.04781563110350641,0.0013575674977137197,0.5937732133929734,0.6042068941070777,0.04000568834365267,0.0007538502365776679,0.47752273394574674,-0.41677062692149563,0.8036376810356234,0.8033271198994846,0.000310561136138019,0.5981811594821884,0.16072753620712465,0.921853511869778,0.7348275149304616,0.18702599693931587,0.5390732440651111,0.1843707023739556,1.0326806530420358,0.6759889243218025,0.3566917287202329,0.48365967347898214,0.20653613060840717,0.16072753620712465,0.1843707023739556,0.20653613060840714,0.265594482421875,0.30267333984375,0.16072753620712465,0.1607154847167831,0.1607390572694135,0.00010892347580390954,0.1843707023739556,0.17141225288279183,0.17230655145969145,0.03987783651923664,0.20653613060840717,0.17434606413738735,0.20423906403449946,0.07751864798927878,13.71398085249874,9.83288407297745,0.0,0.0,2.0,1362.8365248311256,1.5548572864713828,1.1471009058233974,1.2850077558723378
8,0.05,4.0,0.07071067811865475,1.0,1.582067810090848e-15,3.6637359812630166e-15,0.06551299195605131,1.0,0.008919285064835756,0.0006250878499627665,0.008849854878638297,0.00822476702867553,-0.0006945180361602257,2.3138213237730816,0.27638597423105904,2.625210855240674,2.348824881009614,0.03500355723653292,0.001059189100078206,0.001314062300204419,0.0014070173511114695,9.295505090705053e-05,-0.0009662340491711557,1.79190114270258e-07,0.0006250878499627665,0.0006252670400770366,1.0000372538587028,8.330369618684614,0.008849854878638297,8.33921947356325,2.923362872068571,8.330250806795735,0.008919285064835754,8.339170091860572,2.663204868604722,0.0009141092818114581,0.27638597423105904,0.27730008351287055,0.9705882936323209,7.841223547690335,2.625210855240674,10.466434402931007,2.8372901987418744,7.8432042054950735,2.3138213237730816,10.157025529268154,2.5839766002533135,0.04770401844875596,0.001314062300204419,0.5774675195796631,0.9999257119698359,0.04737642445255277,0.0014070173511114695,0.6266468624744594,0.40590586536948925,0.04931479273145399,0.001059189100078206,0.45679774528865014,-0.5301127066985425,1.1720345445603573,1.1710946213028364,0.0009399232575210493,0.4139827277198214,0.23440690891207147,1.2565641951039588,1.064186218173532,0.1923779769304276,0.3717179024480206,0.25131283902079177,1.3554745557477257,0.986154306399902,0.36932024934782315,0.32226272212613727,0.2710949111495451,0.23440690891207142,0.2513128390207917,0.2710949111495451,0.333038330078125,0.374755859375,0.23440690891207147,0.23439130334031608,0.23457487284234724,0.00010927996360401609,0.25131283902079177,0.24242827228368896,0.23974934716055923,0.039753878731596345,0.2710949111495451,0.2477055577949565,0.2692875602715462,0.0776153647385098,13.380384231462916,9.593311691946674,0.0,0.0,4.0,259.41780164593155,0.11875269064490994,1.0721221494160904,1.1565141676401514
8,0.05,8.0,0.1414213562373095,1.0,3.2751579226442118e-15,5.093148125467906e-15,0.07288339063944582,1.0,0.12136136403850745,0.0006257000519192335,0.12343702210012635,0.1228113220482071,0.001449958009699666,9.316137119179889,0.2739904966318152,9.262809419064395,8.988818922432579,-0.3273181967473106,0.0013442342103703532,0.001312118959998154,0.0014265562372527889,0.00011443727725463456,-0.0012297969331157188,1.717296662732965e-07,0.0006257000519192335,0.0006258717815855069,0.9999711212612665,33.1004213006006,0.12343702210012635,33.22385832270073,5.280325971617814,33.099917705870546,0.12136136403850745,33.22127906990905,5.169431775227948,0.001088621604241327,0.2739904966318152,0.2750791182360566,0.9680628316301827,31.09348006398185,9.262809419064395,40.35628948304624,5.115904980328271,31.050603100940236,9.316137119179889,40.36674022012012,5.0066913458192985,0.04770778601937619,0.001312118959998154,0.5765103139901685,0.9999317895169735,0.042062179028756114,0.0014265562372527889,1.3555653632447595,0.25881673150467976,0.05493424763092078,0.0013442342103703532,0.5985322076922742,-0.7183021192507066,1.5875698396603868,1.5688291328129338,0.018740706847452857,0.2062150801698066,0.31751396793207737,1.6809096976876075,1.4301995510710743,0.25071014661653224,0.1595451511561962,0.3361819395375215,1.6924416960268212,1.2597285419764788,0.4327131540503425,0.15377915198658954,0.3384883392053642,0.31751396793207737,0.33618193953752146,0.33848833920536414,0.483917236328125,0.4158935546875,0.31751396793207737,0.317607250530929,0.31551689777246705,0.00010960485656412192,0.3361819395375215,0.33131047555681803,0.3200229187668573,0.039569342090566534,0.3384883392053642,0.3198985476332924,0.33470331124695646,0.07749858624065414,14.206700488605751,10.972658117934461,0.0,0.0,8.0,76.7636157766315,0.011076294511190838,1.0587941744012899,1.0660581057579603
8,0.05,16.0,0.282842712474619,1.0,5.88418203051333e-15,8.215650382226158e-15,0.07113765959602485,1.0,1.4829361139961583,0.0006256057972800143,1.4747142493618446,1.4740886435645646,-0.008847470431593833,29.049466178573592,0.2762043649529529,30.636828024303394,30.36062365935044,1.3111574807768507,0.0011543218176374515,0.0013126727875423547,0.0014710551392383257,0.00015838235169597108,-0.0009959394659414806,1.640124255398159e-07,0.0006256057972800143,0.0006257698097055541,1.000063785508416,93.96830867160868,1.4747142493618446,95.44302292097052,9.527496621975924,93.96807738327723,1.4829361139961583,95.45101349727338,9.158114263372596,0.0010016362955901303,0.2762043649529529,0.277206001248543,0.9694930644120754,87.76507423088074,30.636828024303394,118.40190225518414,9.213475601997722,87.93326585772485,29.049466178573592,116.98273203629843,8.855340996266932,0.047665011765667065,0.0013126727875423547,0.5777993561161339,0.9999221683929422,0.04154501008392855,0.0014710551392383257,1.5115781900869238,0.4099195848416593,0.048769108498531576,0.0011543218176374515,0.5290901976231817,-0.6220571524258207,1.163679459082378,1.126773508646445,0.03690595043593267,0.4181602704588111,0.23273589181647558,1.3308213736082273,1.045360487371838,0.2854608862363897,0.33458931319588636,0.2661642747216455,1.432670754740447,0.9818478847790464,0.45082286996140014,0.28366462262977654,0.28653415094808943,0.23273589181647558,0.26616427472164544,0.2865341509480894,0.32098388671875,0.35595703125,0.23273589181647558,0.23277394289640768,0.23144928839818069,0.00010950394447017568,0.2661642747216455,0.26386523211746243,0.23215209122792535,0.03968901747169579,0.28653415094808943,0.2650649839893444,0.2809009128732336,0.07772652942153135,13.996324850722367,10.828254182114765,0.0,0.0,16.0,19.589155530302804,0.0007784029310115256,1.1436322633533893,1.2311558338154245
8,0.05,32.0,0.565685424949238,1.0,6.772360450213455e-15,7.993605777301127e-15,0.07456944971067589,1.0,14.795646150620819,0.0006209885542071841,14.800295370335053,14.799674381780846,0.004028231160028432,45.87751050398426,0.2778135011452011,45.98974273175317,45.711929230607964,-0.1655812733762938,0.0013285965651935192,0.001309153088021485,0.0012614034761306023,-4.7749611890882804e-05,-0.0013763461770844021,1.4139759459840958e-07,0.0006209885542071841,0.0006211299518017826,0.9999896008012008,39.88102767651682,14.800295370335053,54.68132304685188,5.814965574657569,39.88066443819723,14.795646150620819,54.676310588818055,5.704591633531058,0.0009809749035272386,0.2778135011452011,0.2787944760487283,0.9698157940280667,37.3892753781756,45.98974273175317,83.37901810992875,5.631672475021629,37.35793139515695,45.877510503984254,83.23544189914122,5.525222023777236,0.04774579598073563,0.001309153088021485,0.5742902678563523,0.9999522942792725,0.01918768838041522,0.0012614034761306023,5.452193606832283,0.2658052818632981,0.04838072470984585,0.0013285965651935192,0.598554532616929,-0.9236402978082883,1.5562278292790173,1.2376748649816434,0.318552964297374,0.22188608536049148,0.31124556585580343,1.8469748363193808,1.230180298278437,0.6167945380409444,0.0765125818403097,0.3693949672638761,1.833592984874469,1.0762613586355632,0.7573316262389056,0.0832035075627656,0.3667185969748938,0.3112455658558033,0.3693949672638761,0.36671859697489373,0.387603759765625,0.369659423828125,0.31124556585580343,0.31126716410172395,0.3192437183501963,0.00010868895054330516,0.3693949672638761,0.36786685287413673,0.3207936624313649,0.039841575041001435,0.3667185969748938,0.35501098819080934,0.36612158268182887,0.07729763875161333,15.720151777010347,12.74390673458953,0.0,0.0,32.0,3.1007439646060515,8.979645442100357e-05,1.1868280476484367,1.178229145101429
8,0.05,64.0,1.131370849898476,1.0,9.769962616701378e-15,6.050715484207103e-15,0.07067810090438223,1.0,63.78597719679135,0.0006245517676860429,63.786837221848145,63.78621267008046,0.0002354732891071728,48.6515364955639,0.2751043862745939,48.91401970011486,48.63891531384026,-0.01262118172364034,0.0012856261673154182,0.0013114597930214576,0.0012606713719110292,-5.0788421110428364e-05,-0.0013364145884258464,1.3610600411556333e-07,0.0006245517676860429,0.0006246878736901585,1.0000127715517366,0.13027418157056653,63.786837221848145,63.917111403418716,1.0863081841338453,0.13023713827502198,63.78597719679135,63.91621433506637,0.32900310814116096,0.0010439412896590622,0.2751043862745939,0.2761483275642529,0.9687934236139044,0.08684039472922739,48.91401970011486,49.000860094844086,1.0045214845110852,0.085258772168156,48.6515364955639,48.73679526773206,0.27586133654522577,0.04771744951713452,0.0013114597930214576,0.5759786441146721,0.9999483239692251,0.004251590329298772,0.0012606713719110292,70.91097588213746,0.9766228514572486,0.04357173836889536,0.0012856261673154182,0.6772858937641468,-0.9997485166040592,1.4580744423070566,0.5352408946330297,0.922833547674027,0.27096277884647174,0.2916148884614113,1.7415573019225485,0.759985391694409,0.9815719102281397,0.12922134903872573,0.3483114603845098,1.7751437376568664,0.7885388325416351,0.986604905115231,0.11242813117156689,0.35502874753137326,0.29161488846141126,0.34831146038450966,0.3550287475313732,0.3809814453125,0.39215087890625,0.2916148884614113,0.29159644320890976,0.01912341187592057,0.00010923634690184066,0.3483114603845098,0.3465462008408904,0.05329953301925864,0.03968645821586241,0.35502874753137326,0.3447334639907286,0.35600592059285485,0.07747502647385895,15.772044466166044,12.828588656574372,0.0,0.0,64.0,0.7627309109879286,2.0155310364675098e-05,1.1944227615477219,1.2174575495940543
8,0.1,0.5,0.017677669529663688,1.0,6.149594722337781e-16,1.9629480332850058e-15,0.1388685377156336,1.0,1.228598673055695e-05,0.0025038945161532217,0.0024359686645521006,-6.792585160112131e-05,-8.021183833167817e-05,0.025433461142875785,0.2872673210473153,0.34034526123340647,0.05307794018609119,0.02764447904321542,0.00035031902622592885,0.004792307517448678,0.004873683634370699,8.137611692202152e-05,-0.0002689429093039071,4.1847143974786725e-07,0.0025038945161532217,0.00250431298759297,0.9999615165364565,0.0929056179394522,0.0024359686645521006,0.09534158660400432,1.0915473776952727,0.09294537272438813,1.2285986730556948e-05,0.09295765871111869,0.2849613146344344,0.0010278836889351208,0.2872673210473153,0.2882952047362504,0.9690371973824483,0.08525522268307259,0.34034526123340647,0.4256004839164791,1.0577646932538183,0.08762924264032851,0.025433461142875785,0.1130627037832043,0.2765745020409379,0.09409432413687871,0.004792307517448678,0.541279843321812,0.9999585491580635,0.09441343858482716,0.004873683634370699,0.5467510098187345,0.9634543839144102,0.024036291581323387,0.00035031902622592885,0.5477255179926825,-0.11398151072746447,0.07298508029786571,0.07117374126226869,0.0018113390355970513,0.9635074598510672,0.014597016059573123,0.2684969404511593,0.07473021280034817,0.19376672765081118,0.8657515297744204,0.053699388090231844,0.43237958559705403,0.09416874973058628,0.3382108358664676,0.783810207201473,0.08647591711941079,0.01459701605957314,0.05369938809023185,0.0864759171194108,0.013946533203125,0.031524658203125,0.014597016059573123,0.014246544873532907,0.014604667480887942,0.0004383350800450889,0.053699388090231844,0.017596601951247612,0.049458270382972666,0.04122196544723754,0.08647591711941079,0.020915815682618594,0.08546677111034069,0.07409887429550358,13.906311795969199,10.132375652847642,0.0,0.0,0.5,2070.11953542317,28.513707031331634,3.6787921497842233,5.924218810645036
8,0.1,1.0,0.035355339059327376,1.0,6.87817858224804e-16,1.315570916093911e-15,0.12252815755887263,1.0,0.00013696788858208616,0.0025065133173370674,0.002774537472986528,0.0002680241556494604,0.00013105626706737416,0.1517512861988377,0.2879421240892807,0.44937345203647455,0.16143132794719384,0.009680041748356093,0.0013778541125880521,0.004812341936127205,0.0048991680303763436,8.682609424913923e-05,-0.001291028018338913,5.828546148991277e-07,0.0025065133173370674,0.002507096171951967,0.9999503120921418,0.556721549168231,0.002774537472986528,0.5594960866412175,1.2166285185226495,0.5566139924270972,0.00013696788858208619,0.5567509603156793,0.6361501247768672,0.0010187201391825443,0.2879421240892807,0.28896084422846324,0.9692187380345874,0.5241382103654182,0.44937345203647455,0.9735116624018927,1.1803107638363124,0.522489070679949,0.1517512861988377,0.6742403568787867,0.6164260972987581,0.09408218293847716,0.004812341936127205,0.5436893907575392,0.9999526817817374,0.09424947881260946,0.0048991680303763436,0.5511442488013568,0.8205703573539442,0.04667003772245698,0.0013778541125880521,1.8918691361527475,-0.29559620157687083,0.36435277207161954,0.36227408044637666,0.002078691625243179,0.8178236139641903,0.07287055441432388,0.531269093598661,0.33636166669501666,0.19490742690364454,0.7343654532006696,0.10625381871973219,0.6676971011849822,0.3277911271465299,0.33990597403845224,0.6661514494075089,0.13353942023699641,0.0728705544143239,0.10625381871973219,0.13353942023699641,0.137664794921875,0.1654052734375,0.07287055441432388,0.07257669663079619,0.07284204303740477,0.0004376281263309482,0.10625381871973219,0.08270853335606067,0.10184333726410955,0.04121065292139961,0.13353942023699644,0.08451473284574483,0.13212757360350685,0.07425785294191803,13.897565084503224,10.147232998210384,0.0,0.0,1.0,1107.9333102801809,10.059687178154105,1.458117336607587,1.8325566658615553
8,0.1,2.0,0.07071067811865475,1.0,8.001412032943023e-16,1.9290125052862095e-15,0.13046231922091353,1.0,0.002642798388679217,0.0025012980235657933,0.005349814948580675,0.002848516925014882,0.00020571853633566492,0.49192386606602756,0.2869613760082067,0.8476461710900524,0.5606847950818458,0.06876092901581811,0.0021883889760061443,0.004790632617912959,0.005104602257103637,0.00031396963919067694,-0.0018744193368154674,5.478422990608166e-07,0.0025012980235657933,0.0025018458658648537,0.999887771745495,1.763324693828157,0.005349814948580675,1.7686745087767377,1.639753300832639,1.7635485227146699,0.0026427983886792164,1.7661913211033489,1.1646457194002209,0.0010421396820570208,0.2869613760082067,0.2880035156902637,0.9689720588261239,1.646051336671582,0.8476461710900524,2.4936975077616346,1.5868492193627832,1.6554921043192807,0.4919238660660276,2.147415970385308,1.128407371506186,0.0941677892950856,0.004790632617912959,0.5402618338700851,0.9999532349202591,0.09363329395206052,0.005104602257103637,0.5827967774402754,0.7295653281917092,0.06461886870557321,0.0021883889760061443,1.4407603901309445,-0.3812368259085876,0.5706599464763508,0.5680469444559275,0.0026130020204231646,0.7146700267618247,0.11413198929527013,0.7182195299028779,0.5211445445236582,0.19707498537921964,0.6408902350485612,0.14364390598057555,0.8282851080307906,0.4759517472914137,0.3523333607393769,0.5858574459846049,0.1656570216061581,0.11413198929527013,0.14364390598057553,0.16565702160615808,0.239837646484375,0.266448974609375,0.11413198929527013,0.11402083380384759,0.11404492678734197,0.00043705032560108236,0.14364390598057555,0.1271977120194927,0.1344283980280354,0.04127129080611295,0.1656570216061581,0.12810608788349254,0.1622679554317036,0.0739192490881995,13.925135835256935,9.935233342311529,0.0,0.0,2.0,186.1374928080968,0.8280574808053476,1.2585770813908739,1.451451276973609
8,0.1,4.0,0.1414213562373095,1.0,1.1986939218999737e-15,2.099882767669925e-15,0.12271971837340975,1.0,0.0544602377537317,0.0025051315797835604,0.0553498092637084,0.05284467768392484,-0.0016155600698068491,1.1163536508869454,0.2874127564625723,1.3862632205612764,1.098850464098704,-0.017503186788241306,0.0036442794718141024,0.004805328938146605,0.005632305684586433,0.0008269767464398294,-0.0028173027253742726,4.27499641744359e-07,0.0025051315797835604,0.002505559079425305,1.0000465265038876,3.080072157372864,0.0553498092637084,3.135421966636573,1.9246664504644406,3.0803177527379586,0.0544602377537317,3.13477799049169,1.4749107126503758,0.0010217841802799992,0.2874127564625723,0.28843454064285234,0.9691845792696363,2.890744122653505,1.3862632205612764,4.277007343214781,1.8640298955898147,2.8899105565632777,1.1163536508869454,4.006264207450223,1.4291814746883693,0.09399115079705328,0.004805328938146605,0.5439671002027412,0.9999460594011221,0.08477496151390962,0.005632305684586433,0.8126378658593765,0.5951687974340624,0.0734286443016697,0.0036442794718141024,0.9494717559244408,-0.5801814249216071,0.7840532489121451,0.7736899453613583,0.01036330355078669,0.6079733755439274,0.15681064978242903,0.9504188741649178,0.7053608366614665,0.24505803750345168,0.5247905629175412,0.19008377483298353,1.1114688376966677,0.6859441693545133,0.4255246683421544,0.44426558115166614,0.2222937675393335,0.15681064978242903,0.1900837748329835,0.2222937675393335,0.2381591796875,0.24969482421875,0.15681064978242903,0.1567510414552618,0.15679215269353855,0.00043787180709941193,0.19008377483298353,0.17357675620008614,0.17006222020071746,0.0412313736441904,0.2222937675393335,0.1894606155866871,0.21702793300644907,0.07436510671268304,13.463161606389807,10.011966090829137,0.0,0.0,4.0,20.498508580426666,0.06691633423073683,1.2121866410012339,1.4175935617112785
8,0.1,8.0,0.282842712474619,1.0,2.4424906541753444e-15,3.774758283725532e-15,0.13170551970133407,1.0,0.49629645605067557,0.0025096461856147388,0.5068760992288968,0.5043664530432821,0.00806999699260651,5.973081914398263,0.28750214979508293,6.25783674187837,5.970334592083287,-0.002747322314976708,0.004141998169673501,0.0047968068518488335,0.0049935769771256265,0.0001967701252767924,-0.00394522804439671,4.585303626848094e-07,0.0025096461856147388,0.002510104715977424,0.9999524256247758,15.30131663794391,0.5068760992288968,15.808192737172808,3.7841093596764113,15.301261853972633,0.49629645605067557,15.797558310023307,3.620505663765841,0.0011588824370885962,0.28750214979508293,0.28866103223217154,0.9673972288808848,14.380947388052903,6.25783674187837,20.638784129931274,3.664669150446004,14.393351682996144,5.973081914398263,20.36643359739441,3.5100255416490276,0.09397735771654389,0.0047968068518488335,0.5431410690112758,0.999934281261506,0.07243626976355998,0.0049935769771256265,1.0539393518650206,0.4392283019138966,0.09036914547909515,0.004141998169673501,0.5884335143224397,-0.7308120764235179,1.3700567721718169,1.338505362955947,0.031551409215870185,0.3149716139140917,0.27401135443436336,1.5222909879284274,1.1923948755505924,0.3298961123778346,0.23885450603578634,0.3044581975856855,1.4184568333488383,0.9379625627752323,0.4804942705736058,0.2907715833255809,0.2836913666697677,0.2740113544343633,0.3044581975856855,0.2836913666697676,0.506256103515625,0.376953125,0.27401135443436336,0.27414610783108107,0.280444000570212,0.0004391795491713868,0.3044581975856855,0.2997429173602355,0.2835245781243802,0.041241240823989,0.2836913666697677,0.2604829356359294,0.2796171208612578,0.07413530009023078,14.997068976587176,12.079807704862448,0.0,0.0,8.0,12.035310431046817,0.008345814521090539,1.1111152609503099,1.0353270478713796
8,0.1,16.0,0.565685424949238,1.0,3.4416913763379853e-15,4.107825191113079e-15,0.13983816665448026,1.0,3.6474762175998596,0.0024995687427818033,3.6677482985270284,3.6652487297842464,0.017772512184386725,11.511920035596884,0.28705798262528803,11.780475238094922,11.493417255469636,-0.018502780127247626,0.004444824917647762,0.00480090151909875,0.004520200630062348,-0.00028070088903640194,-0.004725525806684163,7.091890912358162e-07,0.0024995687427818033,0.002500277931873039,0.9998420663118476,11.865793411808454,3.6677482985270284,15.53354171033548,3.2551975016292634,11.86563508920253,3.64747621759986,15.51311130680239,3.1851598965982477,0.0010424876280239223,0.28705798262528803,0.288100470253312,0.96907367933593,11.311870960604038,11.780475238094922,23.092346198698962,3.1768185125685884,11.293986630828615,11.511920035596884,22.8059066664255,3.1118869256834145,0.09424822668149842,0.00480090151909875,0.540488694203922,0.9999292028393287,0.04460725532100095,0.004520200630062348,3.264908216374456,0.3429307178369476,0.08922331824015725,0.004444824917647762,0.5979229315242993,-0.8925162305002253,1.436679758215183,1.1948046202279257,0.24187513798725607,0.2816601208924086,0.2873359516430366,1.7301761231898491,1.1715810197628782,0.5585951034269706,0.1349119384050754,0.3460352246379699,1.6643743334011531,0.9716959171947321,0.692678416206421,0.16781283329942354,0.3328748666802306,0.28733595164303655,0.3460352246379698,0.3328748666802306,0.40618896484375,0.361663818359375,0.2873359516430366,0.2872325593713493,0.30269023015796653,0.0004364947162004192,0.3460352246379699,0.3422959679552384,0.310582416129759,0.04124559496774938,0.3328748666802306,0.31656843484561076,0.3334798186993043,0.07398476458598832,15.94454078288891,13.315215289718118,0.0,0.0,16.0,3.156132994109567,0.001218602850979678,1.2042879516443408,1.1584866591764609
8,0.1,32.0,1.131370849898476,1.0,4.884981308350689e-15,3.3861802251067274e-15,0.14238319422966997,1.0,15.873258123546206,0.002507508655525103,15.877107528368189,15.874600019712663,0.00134189616645889,12.093492082882932,0.2871220088874973,12.380321160483978,12.093199151596483,-0.0002929312864510484,0.0044942691719195,0.00480930243965598,0.004953926925298618,0.0001446244856426384,-0.0043496446862768615,5.373072169195158e-07,0.002507508655525103,0.0025080459627420224,1.0000521704185297,0.025313228837046696,15.877107528368189,15.902420757205237,1.0092853475059749,0.025364470406290453,15.873258123546204,15.898622593952496,0.11454463510006824,0.0010415263425461632,0.2871220088874973,0.28816353523004345,0.9690667993738504,0.019168502691892454,12.380321160483978,12.399489663175872,0.9799511901998875,0.01806257360793768,12.093492082882934,12.11155465649087,0.12492619012348424,0.09400236762317399,0.00480930243965598,0.5442913453156217,0.9999201339018009,0.016305232906373417,0.004953926925298618,18.70691884809909,0.9911308839812526,0.07785879025305675,0.0044942691719195,0.7416032239350133,-0.9996853451303365,1.166915820691647,0.34709739072893675,0.81981842996271,0.4165420896541766,0.2333831641383294,1.4918626574596097,0.5578216805527577,0.934040976906852,0.2540686712701952,0.29837253149192194,1.5646438653740058,0.6130930740952408,0.9515507912787649,0.21767806731299713,0.31292877307480116,0.23338316413832935,0.2983725314919219,0.3129287730748011,0.346710205078125,0.371002197265625,0.2333831641383294,0.23331419466987402,0.005280265220470205,0.00043830411235754345,0.29837253149192194,0.29450342738290547,0.04395958671982504,0.04121617921649883,0.31292877307480116,0.296352168805969,0.31115157426356516,0.0743105509115104,15.627772910407035,12.692239854578897,0.0,0.0,32.0,0.7618783735989013,0.00028313463669142716,1.278466390639354,1.3408369632409474
8,0.1,64.0,2.262741699796952,1.0,1.021405182655144e-14,3.191891195797325e-15,0.14029311910878559,1.0,64.03770182835538,0.002504375242802807,64.03886213741333,64.03635776217052,-0.001344066184859759,12.162867500950881,0.28674455017803324,12.448613793460062,12.161869243282029,-0.000998257668853125,0.004507655415644353,0.004795993788561933,0.004993883412105082,0.00019788962354314965,-0.0043097657921012025,6.253230182069516e-07,0.002504375242802807,0.002505000565821014,0.9999840338355066,0.022810385719987288,64.03886213741333,64.06167252313331,1.0341136229041803,0.022760593651620944,64.03770182835538,64.06046242200699,0.13108822743860948,0.0010599717539414807,0.28674455017803324,0.2878045219319747,0.9684235494570769,0.003823226742965929,12.448613793460062,12.452437020203028,0.9821234384932376,0.0034898788426892943,12.162867500950881,12.16635737979357,0.05718903654372695,0.09398851140201618,0.004795993788561933,0.5429459998464491,0.9999453150560585,0.01636016609875284,0.004993883412105082,18.666153641962318,0.9983452323720008,0.07765611542519148,0.004507655415644353,0.747504994574261,-0.9999243319162603,1.4536961603921754,0.5302806151543821,0.9234155452377939,0.2731519198039123,0.2907392320784351,1.4874816318547515,0.5533879944917208,0.9340936373630304,0.25625918407262444,0.29749632637095025,1.5610401303957229,0.6093958452805507,0.9516442851151723,0.21947993480213862,0.31220802607914455,0.2907392320784351,0.2974963263709502,0.31220802607914455,0.473907470703125,0.5020751953125,0.2907392320784351,0.29069326678522867,0.0043697404354163276,0.0004371492564509833,0.29749632637095025,0.29353444908054893,0.04069524252504125,0.04109665317120963,0.31220802607914455,0.29515633946602843,0.3103403935959167,0.07426768859245222,15.62618214107489,12.48873379721488,0.0,0.0,64.0,0.18993291691747222,7.03906493666267e-05,1.0232410818595414,1.0738420950183896
8,0.2,0.5,0.035355339059327376,1.0,5.570088661144279e-16,1.1646499736839289e-15,0.2828217268580736,1.0,4.676813675952358e-05,0.010052121874415627,0.010151858635980868,9.973676156524035e-05,5.296862480571571e-05,0.027041049397607424,0.3295034252068678,0.3614631725690189,0.03195974736215103,0.004918697964543611,0.0013166985032665082,0.016170751758617177,0.01641229990276446,0.00024154814414728424,-0.0010751503591192244,3.1061282789124045e-06,0.010052121874415627,0.010055228002694538,0.9998836634329367,0.09854924761585085,0.010151858635980868,0.10870110625183171,1.0523491244757945,0.09854700496863196,4.676813675952357e-05,0.09859377310539148,0.28635808977010624,0.0010358466428698392,0.3295034252068678,0.3305392718497377,0.9690539883625505,0.09381784068759859,0.3614631725690189,0.4552810132566174,1.0203989203476738,0.09261500055034583,0.027041049397607424,0.11965604994795323,0.27765651539087177,0.17733277635080968,0.016170751758617177,0.5142560836749017,0.9999449512339174,0.17835897488988875,0.01641229990276446,0.5158880104590091,0.9572920242256164,0.04752853851949254,0.0013166985032665082,0.5179250333107168,-0.11612275805351008,0.09255175680743746,0.08441389285337106,0.008137863954066486,0.9537241215962813,0.01851035136148746,0.30624279310407854,0.08849886317957834,0.2177439299245001,0.8468786034479608,0.06124855862081568,0.42757128284598794,0.10198473012353185,0.32558655272245585,0.7862143585770062,0.08551425656919756,0.018510351361487487,0.061248558620815685,0.08551425656919757,0.0321044921875,0.0439453125,0.01851035136148746,0.016954843888554103,0.018488511234432653,0.0017528894115182597,0.06124855862081568,0.0208818309505355,0.05946056373135787,0.046761248315058665,0.08551425656919756,0.023479248441064436,0.0847647551000956,0.07140579313848841,14.266920234426237,10.631696847452021,0.0,0.0,0.5,578.1938574258243,28.153751560315982,3.308881469870373,4.619807312092307
8,0.2,1.0,0.07071067811865475,1.0,6.492202608843201e-16,1.1856834958301476e-15,0.23732824789914952,1.0,0.0006365447468431243,0.010000446416540465,0.011423289479497013,0.0014228430629565478,0.0007862983161134244,0.12786852032943402,0.33010399828298753,0.452081598060724,0.1219775997777365,-0.005890920551697543,0.0042285998341557276,0.01625902892144035,0.016715005905817273,0.00045597698437692315,-0.0037726228497788044,1.9736127181215833e-06,0.010000446416540465,0.010002420029258587,0.999816372628437,0.46185723820873686,0.011423289479497013,0.4732805276882339,1.1682031719375496,0.46208403199830544,0.0006365447468431243,0.46272057674514855,0.5943041268565796,0.0011000647443839564,0.33010399828298753,0.3312040630273715,0.9678944609230993,0.4353751956545491,0.452081598060724,0.8874567937152732,1.1313396944196303,0.4318956036936959,0.12786852032943402,0.5597641240231299,0.574693002425468,0.17732990775752183,0.01625902892144035,0.5170633426782014,0.9999542502764802,0.17869803855108585,0.016715005905817273,0.5230914049840273,0.8469921421499963,0.0871013616474843,0.0042285998341557276,0.603816256736442,-0.2590966006761544,0.3274841611217537,0.3194814305832696,0.008002730538484168,0.8362579194391232,0.06549683222435074,0.5147697235621914,0.2966853354608597,0.21808438810133146,0.7426151382189043,0.10295394471243827,0.6138825471137346,0.284890114156967,0.32899243295676783,0.6930587264431327,0.12277650942274691,0.06549683222435074,0.10295394471243827,0.1227765094227469,0.150146484375,0.16583251953125,0.06549683222435074,0.0642752188385392,0.06538552114435671,0.0017411942323054329,0.10295394471243827,0.07378841096149387,0.09889865498648753,0.04686955306584007,0.12277650942274691,0.07463028468986978,0.12145250451015563,0.07175859037993954,14.255276035991084,10.598051129213939,0.0,0.0,1.0,200.87907560872083,6.643051969444437,1.5718919711992045,1.874541183949053
8,0.2,2.0,0.1414213562373095,1.0,9.462916561453483e-16,1.5890067039947553e-15,0.24150875093899893,1.0,0.006968681134340446,0.00996483254409757,0.01427239046707306,0.004307557922975488,-0.0026611232113649564,0.6115558649026889,0.3312641770584089,0.9020630260414522,0.5707988489830433,-0.040757015919645576,0.01230654876940645,0.01618073935932803,0.019218927825877617,0.0030381884665495905,-0.009268360302856861,2.1932142588714278e-06,0.00996483254409757,0.009967025758356444,0.9999822283048524,2.1732270479247138,0.01427239046707306,2.1874994383917867,1.684029408134044,2.173307603523143,0.006968681134340446,2.1802762846574835,1.3710329709548215,0.0010175156099443772,0.3312641770584089,0.3322816926683533,0.9697923572437628,2.0406615664891943,0.9020630260414522,2.942724592530646,1.6309713077843888,2.04040456980965,0.611555864902689,2.651960434712339,1.327935011786043,0.1774697440041229,0.01618073935932803,0.5137648301469294,0.9999574358527901,0.18092089860247007,0.019218927825877617,0.5926851888133433,0.5497006669884146,0.16210971383783623,0.01230654876940645,0.8760385180774732,-0.46183531483395396,0.8737419300227294,0.867642485782225,0.0060994442405037826,0.5631290349886353,0.17474838600454584,0.9979055463062354,0.7878984449288421,0.21000710137739398,0.5010472268468823,0.1995811092612471,1.1250100663811935,0.769784426666752,0.3552256397144412,0.43749496680940325,0.2250020132762387,0.17474838600454584,0.19958110926124709,0.2250020132762387,0.27459716796875,0.3192138671875,0.17474838600454587,0.174463788085221,0.17486647780081443,0.0017346465938119745,0.1995811092612471,0.1867856269049708,0.19004315364630353,0.04672619264736742,0.2250020132762387,0.20054395406860454,0.21876424941916386,0.07129991455269181,13.90680953005314,10.227126815032872,0.0,0.0,2.0,87.75776264020004,1.7659796067812492,1.1421055943604268,1.287577061057294
8,0.2,4.0,0.282842712474619,1.0,1.5612511283791264e-15,2.1649348980190553e-15,0.24295313925929013,1.0,0.09501854074239269,0.010037721602616066,0.11097658036024925,0.10093885875763318,0.005920318015240504,1.8061079872263117,0.3282540091826301,2.2068563108342074,1.8786023016515774,0.07249431442526566,0.011356150565250099,0.01622015955774179,0.018569674038386354,0.0023495144806445645,-0.009006636084605536,2.0706959372073858e-06,0.010037721602616066,0.010039792298553273,1.0000745756672418,5.834485676115823,0.11097658036024925,5.9454622564760715,2.48079242576716,5.833927081508517,0.09501854074239269,5.92894562225091,2.164204598502784,0.0010880400201887677,0.3282540091826301,0.32934204920281884,0.967872514604416,5.504202270617121,2.2068563108342074,7.7110585814513275,2.4091020730896195,5.503152395960573,1.8061079872263117,7.309260383186885,2.1027432812940985,0.17717422726525767,0.01622015955774179,0.5167378981471302,0.9999510044505515,0.1607089487799075,0.018569674038386354,0.7971368724387206,0.5576174746945745,0.15235546213779477,0.011356150565250099,0.8117813006318215,-0.609745749049581,1.0418409763708634,1.0125827385740154,0.02925823779684929,0.4790795118145684,0.20836819527417264,1.2316499451769296,0.9437846983837852,0.2878652467931443,0.3841750274115352,0.24632998903538594,1.1909433247840941,0.7807984048574782,0.4101449199266162,0.404528337607953,0.23818866495681884,0.20836819527417264,0.24632998903538586,0.23818866495681876,0.399993896484375,0.311676025390625,0.20836819527417264,0.20831268116487456,0.2052398588411266,0.001748379732196603,0.24632998903538594,0.2375003941098726,0.2181680733378123,0.04666050665214018,0.23818866495681884,0.20555298284224843,0.22829027882570643,0.07165549643813254,14.728663193841058,11.79987048517205,0.0,0.0,4.0,19.00795332274045,0.11951510175301537,1.182186123516897,1.1431143061128315
8,0.2,8.0,0.565685424949238,1.0,1.9984014443252818e-15,2.1649348980190553e-15,0.24124505593422813,1.0,0.8856074324775408,0.010061757108663787,0.9114631922962045,0.9014014351875407,0.01579400270999986,2.8730048929640404,0.3299884992350901,3.2919372194197556,2.9619487201846653,0.08894382722062485,0.012477919308775256,0.016301943036371974,0.017062874138701327,0.0007609311023293484,-0.011716988206445907,2.701156408629576e-06,0.010061757108663787,0.010064458265072415,1.0001387509288349,3.897536000354474,0.9114631922962045,4.808999192650679,2.1875698635488297,3.89717278174472,0.8856074324775408,4.78278021422226,1.93099690618833,0.0011451206850922472,0.3299884992350901,0.3311336199201823,0.967553225681097,3.6330471341893045,3.2919372194197556,6.9249843536090605,2.1128372457003244,3.6315100966508944,2.8730048929640404,6.504514989614934,1.862689430199656,0.17714319954200017,0.016301943036371974,0.5195409929411825,0.9999398389863888,0.11131103518598964,0.017062874138701327,1.4610855513509038,0.5674199068964597,0.1448357954142243,0.012477919308775256,0.6156138723075615,-0.7902520485019721,0.9850306676676283,0.8730061510722721,0.11202451659535612,0.507484666166186,0.1970061335335256,1.2999004600547428,0.8765272391015607,0.42337322095318225,0.35004976997262877,0.2599800920109485,1.2839870297794782,0.7122367214589953,0.5717503083204828,0.35800648511026095,0.2567974059558956,0.19700613353352564,0.2599800920109485,0.2567974059558956,0.346954345703125,0.31060791015625,0.1970061335335256,0.19662322800351817,0.21003413700396978,0.001750777449071071,0.2599800920109485,0.25266691063904567,0.21768703063947997,0.046953750352613836,0.2567974059558956,0.22912289729282054,0.2527215330665145,0.07194866017645082,15.504045953292358,12.664116384698755,0.0,0.0,8.0,3.244106573187438,0.01408967320189208,1.3196548114919797,1.3034995477041582
8,0.2,16.0,1.131370849898476,1.0,2.9698465908722937e-15,1.8041124150158794e-15,0.24626323094311894,1.0,4.010574345416327,0.010021093725196651,4.020919442430623,4.010898348705426,0.0003240032890995926,3.017690436778928,0.3310021603090774,3.3451190569780747,3.0141168966689973,-0.003573540109930918,0.013920500974259002,0.01624236935742608,0.018824174937946234,0.0025818055805201497,-0.01133869539373885,2.361968141938751e-06,0.010021093725196651,0.010023455693338588,1.0001726213684385,0.0013398352934783663,4.020919442430623,4.0222592777241015,1.0025304969288418,0.001331276112724033,4.010574345416327,4.011905621529051,0.03018490411827849,0.0009938074438238487,0.3310021603090774,0.3319959677529013,0.9701253400090755,0.005346710392770106,3.3451190569780747,3.350465767370845,0.9734227164168661,0.004266788172617249,3.017690436778928,3.021957224951545,0.05966189920419775,0.17736825230386138,0.01624236935742608,0.5162977679728531,0.9999484711278462,0.058096199998351514,0.018824174937946234,5.583028121181041,0.9980012833433538,0.11944264078867772,0.013920500974259002,0.9758937371086931,-0.9994745083642437,0.800586756583105,0.16702054625171528,0.6335662103313897,0.5997066217084477,0.16011735131662097,1.0801040563134439,0.29278652374690967,0.787317532566534,0.4599479718432782,0.21602081126268874,1.2355829361738024,0.382404916182452,0.8531780199913508,0.3822085319130988,0.2471165872347605,0.16011735131662097,0.21602081126268874,0.2471165872347605,0.302276611328125,0.35333251953125,0.16011735131662097,0.15946881357259565,0.0019867000941277027,0.0017448504429751883,0.21602081126268874,0.2060066441133711,0.0473948871293313,0.046796771256601796,0.2471165872347605,0.21621887799114153,0.23720012430084603,0.07156156123755553,15.222373951739774,12.337222236660338,0.0,0.0,16.0,0.7524334862980006,0.0034709494888602926,1.3491405490184667,1.543346709165233
8,0.2,32.0,2.262741699796952,1.0,5.162537064506978e-15,1.7763568394002505e-15,0.24379876849642995,1.0,16.069173282686535,0.010070611182991428,16.077497779637753,16.06742716845476,-0.001746114231776709,3.044387290999784,0.33190696020031957,3.379970496458238,3.048063536257919,0.0036762452581352834,0.013965655429101121,0.016340908091799528,0.018975907990306733,0.0026349998985072047,-0.011330655530593918,2.1207277827307443e-06,0.010070611182991428,0.010072731910774157,0.9998344274615121,0.0019462316833796706,16.077497779637753,16.07944401132113,1.0026285017688858,0.001953911728067292,16.069173282686535,16.071127194414604,0.038224231853527704,0.0010176999224582087,0.33190696020031957,0.33292466012277777,0.9693198377700969,0.001614658281399573,3.379970496458238,3.381585154739638,0.9699815413088682,0.0006650156056535598,3.044387290999784,3.045052306605437,0.025228363008189297,0.1775657345318158,0.016340908091799528,0.5182970386350392,0.999941907180462,0.058380077567024964,0.018975907990306733,5.56940171317728,0.9995092545582385,0.11921528012527957,0.013965655429101121,0.9826491144212388,-0.9999051331180524,1.164673306902928,0.34360222099691357,0.8210710859060144,0.4176633465485361,0.23293466138058558,1.0850500391701359,0.2944911163546611,0.7905589228154747,0.45747498041493206,0.21701000783402719,1.2344422716462176,0.38114411525120817,0.8532981563950093,0.3827788641768913,0.2468884543292435,0.23293466138058555,0.21701000783402716,0.24688845432924347,0.471588134765625,0.536285400390625,0.23293466138058558,0.23261733780542135,0.002091132295926888,0.0017538215412987793,0.21701000783402719,0.20680248009931523,0.04700431033179359,0.046940691977023746,0.2468884543292435,0.21536004172593662,0.23665046936392709,0.0718103351517895,15.23579047673919,12.21210783825168,0.0,0.0,32.0,0.18945512861448252,0.0008690960750387941,0.9316346762127448,1.0599043219500046
8,0.2,64.0,4.525483399593904,1.0,9.43689570931383e-15,1.7763568394002505e-15,0.23977560212390125,1.0,63.78661665586742,0.010026395519456829,63.792205239140614,63.78217884362117,-0.004437812246245955,3.0357631255154356,0.33033842695559057,3.370601014578501,3.0402625876229106,0.004499462107474803,0.0139037439918435,0.016206632964982096,0.01897312878611417,0.0027664958211320724,-0.011137248170711427,2.6239444687774377e-06,0.010026395519456829,0.010029019463925605,0.9996733960227289,0.010905345643476613,63.792205239140614,63.80311058478409,1.018211107009706,0.010919562371920438,63.78661665586741,63.79753621823933,0.08743213311580254,0.0010805468275201454,0.33033842695559057,0.3314189737831107,0.9680949452309084,0.001939198708488079,3.370601014578501,3.372540213286989,0.9676226902972741,0.0009017991312623107,3.035763125515436,3.036664924646698,0.02969884322732369,0.1775347345522607,0.016206632964982096,0.5141914542401373,0.9999424602409771,0.058204499914633556,0.01897312878611417,5.601705908753537,0.9992995861974991,0.11937432602870053,0.0139037439918435,0.9757316203259618,-0.9998862733283902,1.47620638394983,0.5486197545575009,0.9275866293923292,0.2618968080250851,0.295241276789966,1.0859376782608232,0.29501242522059123,0.790925253040232,0.45703116086958845,0.21718753565216464,1.2355649552599781,0.38188758691974706,0.8536773683402312,0.38221752237001094,0.2471129910519956,0.2952412767899659,0.21718753565216461,0.24711299105199558,0.59539794921875,0.658294677734375,0.295241276789966,0.2950735774102946,0.003529616817650001,0.0017470308764988298,0.21718753565216464,0.20704274797017008,0.04708061797472356,0.04687094389130804,0.24711299105199563,0.21543427997328707,0.23648989105408622,0.0713803461688152,15.23315249215711,12.428917459636686,0.0,0.0,64.0,0.047592477617892134,0.00021797274602061156,0.7356272741181491,0.836986595298432
8,0.4,0.5,0.07071067811865475,1.0,6.124658072370615e-16,1.2067712280849907e-15,0.540808681890556,1.0,0.00014119325387139235,0.03991050144713307,0.040371847525227475,0.0004613460780944073,0.0003201528242230123,0.03563639239084411,0.5024841664513857,0.5072997780802135,0.004815611628827814,-0.030820780762016334,0.004530757082238968,0.050152295178397685,0.05017405434352695,2.1759165129274505e-05,-0.004508997917109693,9.059838645705362e-06,0.03991050144713307,0.039919561285778775,1.0001339594548584,0.12870103319791046,0.040371847525227475,0.16907288072313792,1.0009393478478448,0.128726352126385,0.00014119325387139235,0.12886754538025638,0.32081646321271784,0.0009954732338890218,0.5024841664513857,0.5034796396852748,0.9699983363450856,0.12372638949126073,0.5072997780802135,0.6310261675714743,0.969615335736373,0.12101593319511864,0.03563639239084411,0.15665232558596273,0.3110564590423728,0.2892462621211436,0.050152295178397685,0.5994920559037753,0.9999164841426113,0.2875173644173069,0.05017405434352695,0.6095567924600971,0.9396320188288201,0.09233459982047493,0.004530757082238968,0.5370327997633368,-0.2142615162286897,0.15037247356580094,0.11499707063041853,0.03537540293538257,0.9248137632170996,0.030074494713160163,0.4378762541132747,0.12595098639855895,0.31192526771471574,0.7810618729433627,0.08757525082265491,0.5059259408840251,0.13822546996253685,0.36770047092148833,0.7470370295579876,0.101185188176805,0.030074494713160184,0.08757525082265492,0.101185188176805,0.07611083984375,0.05926513671875,0.030074494713160163,0.02333133830911855,0.029950098741804772,0.006847547923800433,0.08757525082265491,0.02859449702301546,0.0893106486082406,0.06716079403419264,0.101185188176805,0.032097520007622955,0.10146130776374156,0.08104325323225975,14.710119917563372,11.336685032407738,0.0,0.0,0.5,252.39444104959836,32.08904786885827,2.9119442124603094,3.3644850609086983
8,0.4,1.0,0.1414213562373095,1.0,5.883965190078833e-16,1.156193196738542e-15,0.49837742577396116,1.0,0.002604875202047191,0.04010140110130356,0.04069372945894635,0.0005923283576428004,-0.0020125468444043932,0.1118394414114595,0.5027260915947547,0.5138389826480033,0.011112891053248565,-0.10072655035821092,0.014152609059549065,0.0503429467001783,0.05249714122047133,0.0021541945202930334,-0.011998414539256031,9.427969585749755e-06,0.04010140110130356,0.0401108290708893,1.0006524091897195,0.36835766819736965,0.04069372945894635,0.40905139765631604,1.0132253913146823,0.36795943977179046,0.002604875202047191,0.3705643149738376,0.5025990037774115,0.001177501395065134,0.5027260915947547,0.5039035929898198,0.9681130047069093,0.358672529371694,0.5138389826480033,0.8725115120196973,0.9805611757484256,0.34674677663828235,0.1118394414114595,0.45858621804974187,0.48784596400214175,0.28835707911860564,0.0503429467001783,0.605475900045534,0.9999041032605204,0.29251875105203734,0.05249714122047133,0.6176945742901798,0.8049977700756106,0.16204269991213813,0.014152609059549065,0.8159254895143178,-0.20090588858585967,0.3787015921268785,0.34308512869814606,0.03561646342873285,0.8106492039365608,0.0757403184253757,0.6340909532190518,0.3235356582836767,0.31055529493537504,0.682954523390474,0.1268181906438104,0.7214215743989348,0.351353869692761,0.37006770470617395,0.6392892128005326,0.144284314879787,0.07574031842537571,0.12681819064381036,0.144284314879787,0.149566650390625,0.146728515625,0.07574031842537571,0.06994039901426853,0.0753327413570046,0.006885767173032169,0.1268181906438104,0.08217394785606683,0.12911208940871832,0.06730906347611192,0.144284314879787,0.09332135611585672,0.14282784801111903,0.08148486429109446,14.582053070489719,11.091489806587141,0.0,0.0,1.0,42.934663942274106,5.433123647699676,1.6743815352289542,1.9049869063059897
8,0.4,2.0,0.282842712474619,1.0,8.326672684688674e-16,1.3877787807814457e-15,0.4267444156924919,1.0,0.021355147815900033,0.03992392810723089,0.06190831454211772,0.021984386434886836,0.0006292386189868026,0.4730173263639841,0.5049426359096563,0.9658754530809011,0.4609328171712449,-0.012084509192739179,0.030343426430820927,0.050315038953829216,0.05864771330729207,0.008332674353462851,-0.022010752077358073,1.205420040783819e-05,0.03992392810723089,0.03993598230763873,1.000145330996995,1.5974316017479886,0.06190831454211772,1.6593399162901064,1.5759844459913361,1.5984865158391761,0.021355147815900033,1.6198416636550763,1.2392989448510177,0.0010421227029022906,0.5049426359096563,0.5059847586125584,0.9700085803270015,1.4969195799387487,0.9658754530809011,2.46279503301965,1.5248317741359836,1.498154117753221,0.4730173263639841,1.9711714441172048,1.1995881862046684,0.2893371246603247,0.050315038953829216,0.601042348137739,0.9999286290823812,0.3169889916175298,0.05864771330729207,0.5862620584158178,0.6067487770478278,0.2626052466832057,0.030343426430820927,0.44633092921789563,-0.3419611560409521,0.7901577249092575,0.7706420437489057,0.019515681160351968,0.6049211375453714,0.15803154498185149,0.9600106424899464,0.7010231197918206,0.25898752269812564,0.5199946787550268,0.19200212849798926,1.0370090262517921,0.6806041385435696,0.35640488770822265,0.48149548687410393,0.20740180525035842,0.15803154498185149,0.19200212849798926,0.2074018052503584,0.296478271484375,0.303558349609375,0.15803154498185149,0.1563189533918387,0.1588031100834879,0.006854580077749705,0.19200212849798926,0.17339602801596507,0.17922995990247478,0.06734973828106358,0.20740180525035842,0.17771596864491093,0.20083393455365156,0.08098477968027185,14.48235198620069,11.174776432504574,0.0,0.0,2.0,22.150037566670353,1.4208951720872027,1.2149607758377543,1.3124076289589948
8,0.4,4.0,0.565685424949238,1.0,9.159339953157541e-16,1.3461454173580023e-15,0.39170984536202647,1.0,0.22872641756495257,0.040057570062536935,0.26697952643516176,0.22692195637262483,-0.0018044611923277352,0.7227197072115156,0.502040475509718,1.249687365392385,0.7476468898826671,0.024927182671151592,0.03383774783800343,0.0502947473747571,0.06461398024306553,0.014319232868308423,-0.019518514969695006,9.486731321022241e-06,0.040057570062536935,0.040067056793857955,1.0005576213356926,0.6478767989620691,0.26697952643516176,0.9148563253972308,1.3207007684908767,0.6477820141236541,0.22872641756495257,0.8765084316886066,0.7217601130073855,0.0010857780679596207,0.502040475509718,0.5031262535776776,0.9686061362316628,0.6081241062863769,1.249687365392385,1.857811471678762,1.281263929998822,0.6123623265736025,0.7227197072115156,1.3350820337851181,0.7009173417827048,0.28855675026073,0.0502947473747571,0.6040792897344824,0.9999376288201304,0.23274305735918183,0.06461398024306553,1.2919149594470907,0.803881082329696,0.17505885375805957,0.03383774783800343,1.318393422370379,-0.6276022008565381,0.4028434061868882,0.2919670962754573,0.11087630991143096,0.7985782969065559,0.08056868123737762,0.7574341568435395,0.33954812563386566,0.4178860312096738,0.6212829215782303,0.15148683136870789,0.9314898279320314,0.3926511036799705,0.5388387242520609,0.5342550860339843,0.1862979655864063,0.08056868123737762,0.15148683136870789,0.18629796558640627,0.158966064453125,0.1915283203125,0.08056868123737762,0.07714606543382366,0.07247409937827154,0.006882193299328441,0.15148683136870789,0.12518971593704542,0.10966719650092473,0.067155686463882,0.1862979655864063,0.14317071362951267,0.17143199273942186,0.08135751697625972,14.536342779509454,11.430062454996968,0.0,0.0,4.0,3.1597561615561145,0.14793983221633925,1.8802198204335228,2.312287637394994
8,0.4,8.0,1.131370849898476,1.0,1.3183898417423734e-15,1.240327285323417e-15,0.3721457985342679,1.0,0.99564561380765,0.03988356370750683,1.03557891919523,0.9956953554877231,4.97416800730008e-05,0.7555865233972223,0.5004826064779839,1.2551326508962415,0.7546500444182576,-0.0009364789789649301,0.033397509475114176,0.05026140672308282,0.06430675708395922,0.014045350360876403,-0.019352159114237776,1.1628398065595302e-05,0.03988356370750683,0.03989519210557242,0.9998229427067298,0.001484702687381915,1.03557891919523,1.037063621882612,1.001028847798761,0.001475595442904898,0.99564561380765,0.997121209250555,0.034900114025075535,0.0012571470161227357,0.5004826064779839,0.5017397534941066,0.9668475986361427,0.002656970277915941,1.2551326508962415,1.2577896211741573,0.9683349301576161,0.0014928174560481292,0.7555865233972223,0.7570793408532706,0.037225594416014966,0.28934348115652253,0.05026140672308282,0.6003922636965524,0.9999377154546631,0.16979347201027956,0.06430675708395922,2.2339704338987474,0.997148303034102,0.12062082817648162,0.033397509475114176,2.2988646573704865,-0.9949716885142997,0.4513965622104291,0.0546452707220999,0.39675129148832916,0.7743017188947856,0.0902793124420858,0.6755387451291612,0.1148493045018325,0.5606894406273286,0.6622306274354195,0.13510774902583222,0.8955080052219397,0.20264325110900533,0.6928647541129345,0.5522459973890301,0.17910160104438794,0.09027931244208581,0.13510774902583222,0.17910160104438794,0.2244873046875,0.30364990234375,0.0902793124420858,0.08630310275082212,0.0071122617282807716,0.006844680005242023,0.13510774902583222,0.09970229991080695,0.06740545681269278,0.06728974818640629,0.17910160104438794,0.1245870756048054,0.16037178351819095,0.08112729692890988,14.548935143649123,11.201326470390761,0.0,0.0,8.0,0.7588910280110921,0.033543571138120114,1.4965527026194831,1.9838609333592527
8,0.4,16.0,2.262741699796952,1.0,2.3592239273284576e-15,1.326196097384269e-15,0.3839237786523453,1.0,3.967830735650862,0.03997529261494539,4.007706673379163,3.967731380764217,-9.93548866454031e-05,0.7557104228755656,0.501333890109769,1.2570307220573962,0.7556968319476273,-1.3590927938256139e-05,0.033333677625585575,0.05023740782731598,0.06420035940588681,0.013962951578570828,-0.019370726047014744,1.4565223687745908e-05,0.03997529261494539,0.03998985783863313,0.9995155536362729,0.0006056928929866793,4.007706673379163,4.00831236627215,1.0021598289174696,0.0005955926684570755,3.9678307356508626,3.9684263283193193,0.01980378392455524,0.001128509267870944,0.501333890109769,0.50246239937764,0.9680677549362949,0.0012790648871767556,1.2570307220573962,1.2583097869445732,0.9680151965997817,0.0001476152145963429,0.7557104228755656,0.7558580380901619,0.011680198468950138,0.28972288536173907,0.05023740782731598,0.5984979440980225,0.9999286343111274,0.16838923695827046,0.06420035940588681,2.2646851907609724,0.9997445120944766,0.12137466133009732,0.033333677625585575,2.2630212869146207,-0.999846363334705,0.823167487425003,0.17849057020137937,0.6446769172236235,0.5884162562874986,0.16463349748500056,0.6746481481528216,0.11390660448608877,0.5607415436667329,0.6626759259235893,0.13492962963056432,0.8978860587385773,0.2017051920252853,0.696180866713292,0.5510569706307115,0.17957721174771543,0.16463349748500056,0.1349296296305643,0.1795772117477154,0.4156494140625,0.510223388671875,0.16463349748500056,0.1622178838521452,0.0069398031522807,0.006867372079604287,0.13492962963056432,0.09942037174320906,0.06719275286702217,0.0671618390181555,0.17957721174771543,0.1249798244755691,0.1607125452397884,0.080804935406918,14.57177698239909,11.506336524006963,0.0,0.0,16.0,0.19045933993240333,0.00840098276523827,0.8195757952773706,1.0907695851148176
8,0.4,32.0,4.525483399593904,1.0,4.551914400963142e-15,1.2038980923279041e-15,0.38524879223819075,1.0,16.222470800442622,0.04010041207423152,16.26752117588712,16.227420763812887,0.004949963370263504,0.7594176884874901,0.500963348966565,1.265793045219115,0.7648296962525502,0.005412007765059873,0.03333420319311501,0.0500644125407355,0.06407266853160223,0.014008255990866733,-0.019325947202248277,1.0552596529831747e-05,0.04010041207423152,0.040110964670761355,0.9996808240756012,0.0006230969204500431,16.26752117588712,16.268144272807568,1.000831716374845,0.000654174113501401,16.222470800442622,16.223124974556125,0.019132264753382373,0.0011156208880564143,0.500963348966565,0.5020789698546213,0.9683082040760149,0.0012387754243876582,1.265793045219115,1.2670318206435027,0.9692302815433985,0.0001983074246332528,0.7594176884874901,0.7596159959121234,0.013769205022201182,0.2895268492437492,0.0500644125407355,0.5972790713610637,0.9999615327309614,0.16839595766590087,0.06407266853160223,2.2598148492211223,0.9997824673060463,0.12118805600741088,0.03333420319311501,2.2699328676882837,-0.9997381618076902,1.1802658475415975,0.35468858828344463,0.825577259258153,0.40986707622920127,0.2360531695083195,0.6776684692736241,0.11494412523907198,0.5627243440345521,0.6611657653631879,0.1355336938547248,0.8978069518590668,0.20166714872704233,0.6961398031320243,0.5510965240704666,0.17956139037181335,0.23605316950831945,0.1355336938547248,0.17956139037181332,0.601837158203125,0.699310302734375,0.2360531695083195,0.23473223287765244,0.00698192479684892,0.006889251830895412,0.1355336938547248,0.09960068612055047,0.06722249413900996,0.06728686388242763,0.17956139037181335,0.12506258714718602,0.16030247786917093,0.08059822165445851,14.571975310068122,11.344781353518668,0.0,0.0,32.0,0.04681270182756438,0.0020548166554385477,0.5741659564962885,0.7606819715482992
8,0.4,64.0,9.050966799187808,1.0,1.2434497875801753e-14,1.1746246336707955e-15,0.3978788241467273,1.0,64.54214438276924,0.04002674557624043,64.58438647472876,64.54435972915252,0.002215346383270383,0.754947098895546,0.500411136977618,1.2565582424835995,0.7561471055059816,0.0012000066104356415,0.03341033349104704,0.05017955641067001,0.06430529812730168,0.014125741716631668,-0.01928459177441537,8.237591631564883e-06,0.04002674557624043,0.040034983167872,0.9999342649487226,0.0093008307185753,64.58438647472876,64.59368730544733,0.9938782386734581,0.009231887291464427,64.54214438276924,64.5513762700607,0.0819269490144959,0.0012943334379419374,0.500411136977618,0.5017054704155599,0.9657184374700297,0.0016402532519573295,1.2565582424835995,1.2581984957355568,0.9649132217843053,0.00025104968024216694,0.754947098895546,0.755198148575788,0.015291229347181079,0.28866113803883053,0.05017955641067001,0.6022425326050751,0.99994874081235,0.16788033068650465,0.06430529812730168,2.2819165672980026,0.999716183971141,0.12084562535453605,0.03341033349104704,2.288036134969109,-0.9997353515389038,1.4917124622269913,0.561761132274029,0.9299513299529623,0.2541437688865045,0.29834249244539823,0.6787173257784432,0.11533879963943715,0.563378526139006,0.6606413371107784,0.13574346515568864,0.9020216461649203,0.20359344324543144,0.6984282029194891,0.5489891769175399,0.18040432923298408,0.2983424924453982,0.13574346515568864,0.18040432923298405,0.682373046875,0.774932861328125,0.29834249244539823,0.29769101461746605,0.008428392805970063,0.006866710819983697,0.13574346515568864,0.09988758606782971,0.06743808727908585,0.0672900349453185,0.18040432923298408,0.12558821717313812,0.16127784961214758,0.08118220624306514,14.564664420948397,11.182130706766504,0.0,0.0,64.0,0.011696963373548735,0.0005176514324176462,0.45499205977349005,0.6046886843180783
8,0.8,0.5,0.1414213562373095,1.0,7.003946034256359e-16,1.7520707107365752e-15,1.1150637594412274,1.0,0.0005001237359324633,0.15993606297698498,0.1610171493035474,0.0010810863265624214,0.0005809625906299623,0.03507925231362264,1.1967755310891854,1.2263737320184496,0.0295982009292641,-0.00548105138435852,0.006810490497705824,0.1645621897649273,0.1660089770168546,0.0014467872519273034,-0.005363703245778515,3.306673034672161e-05,0.15993606297698498,0.15996912970733168,1.000242343938984,0.12269877764556114,0.1610171493035474,0.2837159269491085,1.0354149784556088,0.12285399284450119,0.0005001237359324633,0.12335411658043365,0.31090969866134743,0.0010512640036739356,1.1967755310891854,1.1978267950928594,0.9710913066555464,0.11613217881883767,1.2263737320184496,1.3425059108372872,1.004553366505486,0.11563353402053375,0.03507925231362264,0.15071278633415638,0.3015822271702835,0.36907859951991173,0.1645621897649273,1.2082825050779644,0.9999090776594246,0.3776579973273989,0.1660089770168546,1.1942165835792156,0.9454541137170023,0.11228100530216104,0.006810490497705824,1.4108934482274815,0.027707822653226397,0.22459371191753547,0.10058348243210122,0.12401022948543435,0.8877031440412324,0.04491874238350706,0.6900991559984814,0.16661773482860573,0.5234814211698757,0.6549504220007594,0.13801983119969627,0.7135785196749502,0.17628712716800066,0.5372913925069496,0.643210740162525,0.14271570393499003,0.044918742383507085,0.13801983119969627,0.14271570393499003,0.09521484375,0.0496826171875,0.04491874238350706,0.02082187762876232,0.04477972381420197,0.02598579546396448,0.13801983119969627,0.026242719785275266,0.13778453477591696,0.12613151295911734,0.14271570393499,0.02920315671837996,0.14208014220144285,0.1300932180363755,14.901054331563245,11.771296091774463,0.0,0.0,0.5,70.14114666687153,13.61761101981673,3.0726557306816633,3.177197231314102
8,0.8,1.0,0.282842712474619,1.0,8.185726402265558e-16,1.8153881176097286e-15,0.9676952762417186,1.0,0.007638356399200177,0.1589587216711722,0.17071285930300975,0.011754137631837545,0.004115781232637377,0.09435829429512295,1.1962772672654212,1.3876630887980572,0.1913858215326361,0.09702752723751326,0.01671011814694979,0.1645708921537304,0.1743428983660094,0.009772006212278982,-0.006938111934670815,3.003875083769526e-05,0.1589587216711722,0.15898876042200993,1.000006873015109,0.24518089829085188,0.17071285930300975,0.41589375759386166,1.2134178135510076,0.24476020042357607,0.007638356399200177,0.25239855682277623,0.46155479536301947,0.0014384660128489153,1.1962772672654212,1.1977157332782697,0.9661163563810504,0.22462843097937335,1.3876630887980572,1.6122915197774306,1.173213533361246,0.22933412863559569,0.09435829429512294,0.32369242293071865,0.44696740345261127,0.36917513116515577,0.1645708921537304,1.2075865560798786,0.9998260807966914,0.4207573968590494,0.1743428983660094,1.036227096439613,0.9223354824992847,0.16492450891335947,0.01671011814694979,0.627714097038846,0.12044163844998582,0.22374518415720676,0.12124300517699664,0.10250217898021002,0.8881274079213967,0.04474903683144135,0.6514404900978574,0.1732832248654572,0.47815726523240054,0.6742797549510713,0.1302880980195715,0.6925235714042649,0.19679088245226722,0.4957326889519976,0.6537382142978676,0.13850471428085298,0.04474903683144135,0.13028809801957147,0.13850471428085295,0.09088134765625,0.058563232421875,0.04474903683144135,0.025846255022529338,0.04346144680604182,0.025867522626638224,0.1302880980195715,0.03601950643501452,0.12217514819879655,0.12697726432053244,0.13850471428085298,0.043492285553364284,0.13492041756830947,0.12999026784485218,14.830952195356895,11.675096998468575,0.0,0.0,1.0,12.353219640943088,2.1876588723589183,2.911528543292112,3.095144031871932
8,0.8,2.0,0.565685424949238,1.0,7.216449660063518e-16,1.5912835285569749e-15,0.8393386907083511,1.0,0.05663231375163928,0.15999484527693056,0.2068652646085063,0.046870419331575736,-0.009761894420063541,0.17947382190123262,1.1914314765496976,1.3049634023706607,0.113531925820963,-0.06594189608026979,0.04779548339125726,0.16461368900386578,0.18676637595504755,0.02215268695118178,-0.025642796440075485,3.245732117606386e-05,0.15999484527693056,0.1600273025981066,1.0009396858691748,0.1940709883301467,0.2068652646085063,0.400936252938653,1.03733506310529,0.19453717352252978,0.05663231375163928,0.25116948727416905,0.3972707732529691,0.0011329425527910656,1.1914314765496976,1.192564419102489,0.9708328207459356,0.18664273127689512,1.3049634023706607,1.491606133647556,1.007887745880268,0.18143081438156144,0.17947382190123262,0.36090463628279407,0.3843419697885956,0.3688468734383761,0.16461368900386578,1.2102037210422747,0.9998677030876613,0.3677587058978675,0.18676637595504755,1.4141484425430781,0.8449228020236413,0.18192469797376587,0.04779548339125726,10.587172387432178,-0.2354064797191453,0.3058688243374741,0.15389574581563456,0.15197307852183967,0.847065587831263,0.06117376486749479,0.7622466444211164,0.22150493569562513,0.5407417087254911,0.6188766777894419,0.1524493288842233,0.9028772261159125,0.32754916311449267,0.5753280630014198,0.5485613869420439,0.18057544522318247,0.06117376486749482,0.15244932888422325,0.18057544522318245,0.101287841796875,0.094757080078125,0.06117376486749479,0.0408414926903937,0.05674634226688623,0.02593468935874308,0.1524493288842233,0.06087851904662245,0.14713823110427718,0.1259462016043189,0.18057544522318247,0.10420785222522111,0.17204240711099156,0.13026253235581683,14.701604042787254,11.230929083662833,0.0,0.0,2.0,3.169106293066431,0.8439613398256004,2.492070403291928,2.951844563013528
8,0.8,4.0,1.131370849898476,1.0,7.840950111415168e-16,1.5178830414797062e-15,0.7982238151633845,1.0,0.24938122616965433,0.160223704291723,0.41053070396464875,0.2503069996729257,0.0009257735032714074,0.1891023586357446,1.2001955669099198,1.3887120725348283,0.1885165056249085,-0.0005858530108359687,0.04388951451785422,0.16497536338248184,0.19040344896511435,0.0254280855826325,-0.01846142893522172,3.3476257474377745e-05,0.160223704291723,0.16025718054919738,1.0004311159494819,0.0003166851663014905,0.41053070396464875,0.4108473891309502,1.000306306888222,0.0002625551088478423,0.24938122616965436,0.2496437812785022,0.014114027995749824,0.0011798300100090086,1.2001955669099198,1.2013753969199288,0.969114793798566,0.0013471927884728587,1.3887120725348283,1.390059265323301,0.9704310767681873,0.0003190605488892253,0.1891023586357446,0.1894214191846338,0.01665107415583355,0.3690457290126997,0.16497536338248184,1.2114637411503595,0.9998698342883943,0.32165581868729487,0.19040344896511435,1.8413727985268373,0.9976120064366011,0.052935649002083536,0.04388951451785422,16.802588929123324,-0.9131260578023127,0.2779876105995725,0.020055311735773462,0.2579322988637991,0.8610061947002139,0.05559752211991448,0.6969413823423637,0.12163721934596755,0.575304162996396,0.6515293088288183,0.13938827646847274,0.8186637945085629,0.1696171068582259,0.6490466876503371,0.5906681027457186,0.16373275890171257,0.05559752211991449,0.1393882764684727,0.16373275890171254,0.118682861328125,0.126617431640625,0.05559752211991448,0.0346596629185675,0.026087711776079044,0.02603078188367053,0.13938827646847274,0.0320787766378278,0.1265336674522949,0.12671359133869242,0.16373275890171257,0.0615306385483443,0.15240377284737203,0.130215178998667,14.430590684907717,11.09359582285657,0.0,0.0,4.0,0.7582862653305668,0.17599365915378143,2.5070951213947223,2.944965039063587
8,0.8,8.0,2.262741699796952,1.0,1.3600232051658168e-15,1.5287250632045613e-15,0.8191246656824263,1.0,1.0058564675329982,0.1596266345998687,1.1643566094004303,1.0047299748005618,-0.001126492732436435,0.18934518502756542,1.1930963514783026,1.384962528455031,0.19186617697672873,0.0025209919491632838,0.044788129370725877,0.16526581143097668,0.19150301473824943,0.02623720330727277,-0.018550926063453127,3.634320486407293e-05,0.1596266345998687,0.1596629778047328,1.0000394713209706,0.00024826267920780503,1.1643566094004303,1.1646048720796385,1.0010931717372746,0.00021397887694592357,1.0058564675329982,1.006070446409944,0.011054350076243008,0.001065857345561153,1.1930963514783026,1.1941622088238637,0.9725706772901499,0.001107753232051892,1.384962528455031,1.3860702816870831,0.9726235797343838,4.2264375213381944e-05,0.18934518502756542,0.18938744940277877,0.006316971219676149,0.3711733700832567,0.16526581143097668,1.199779536205631,0.999863492933345,0.323154094641041,0.19150301473824943,1.8344321953354639,0.9998020759244685,0.0481035970878823,0.044788129370725877,19.374151029304457,-0.9985176493063889,0.5138391320989368,0.07098889089262549,0.4428502412063111,0.7430804339505317,0.10276782641978734,0.6943243043149178,0.1206613794959284,0.5736629248189894,0.6528378478425412,0.13886486086298352,0.8147674725480455,0.16612660021492862,0.6486408723331166,0.5926162637259774,0.16295349450960908,0.10276782641978735,0.13886486086298352,0.16295349450960905,0.2838134765625,0.318634033203125,0.10276782641978734,0.087451651025371,0.025974856297450548,0.025987883383832625,0.13886486086298352,0.03196623471669927,0.12580089529467303,0.1258006298835141,0.16295349450960905,0.06134784661209436,0.1512686601612197,0.12945090276722193,14.456425720670154,11.151294412793563,0.0,0.0,8.0,0.1882427474885762,0.04452735635390897,1.3512483984602979,1.585646988815104
8,0.8,16.0,4.525483399593904,1.0,2.3869795029440866e-15,1.532628191025509e-15,0.8162156186992936,1.0,4.014760529759297,0.15947434426321455,4.172100868663367,4.012626524400153,-0.0021340053591436398,0.1882154301582048,1.1872559600070036,1.372918629816872,0.1856626698098683,-0.002552760348336403,0.04458461529670403,0.16460020313772525,0.19006452872292334,0.025464325585198122,-0.01912028971150591,4.22406378507592e-05,0.15947434426321455,0.15951658490106535,1.0009426800409955,0.0015364758153862301,4.172100868663367,4.173637344478753,0.9948205571021931,0.0015567858248005792,4.014760529759296,4.0163173155840965,0.02646212648816577,0.0009425521045114522,1.1872559600070036,1.1881985121115153,0.9742594209720881,0.0009185769002952412,1.372918629816872,1.3738372067171674,0.9754448241466649,3.8138853450229236e-05,0.1882154301582048,0.18825356901165502,0.006023265231078916,0.36976447332569873,0.16460020313772525,1.2040522987965967,0.9998909872880518,0.32189137433718684,0.19006452872292334,1.834690735959592,0.9998204701820563,0.04801006836226447,0.04458461529670403,19.34717195325009,-0.9975131880518846,0.8476439512505893,0.18645461585175616,0.6611893353988332,0.5761780243747054,0.16952879025011786,0.6879454169851298,0.1184634735271469,0.569481943457983,0.6560272915074351,0.13758908339702597,0.8144775298116456,0.16599098843156507,0.6484865413800807,0.5927612350941772,0.16289550596232913,0.16952879025011786,0.13758908339702594,0.1628955059623291,0.489837646484375,0.552276611328125,0.16952879025011786,0.16032419885895333,0.026438101766403856,0.02587228836582054,0.13758908339702597,0.03162251420613418,0.12504199366223254,0.1252289260306782,0.16289550596232913,0.061358816409583364,0.15156782608397967,0.12973541234861274,14.431517714657144,11.080469433629139,0.0,0.0,16.0,0.04688086095373892,0.011105174260387849,0.8115971522832849,0.9608722254314316
8,0.8,32.0,9.050966799187808,1.0,5.329070518200751e-15,1.5491080640472887e-15,0.7655743367335762,1.0,15.880866567517701,0.1598562895662929,16.028384153573505,15.868527864007211,-0.012338703510490663,0.18905402318647302,1.1915254444692984,1.3800380439489865,0.18851259947968804,-0.0005414237067850216,0.044256104521406166,0.16468610274561837,0.1905263066478566,0.025840203902238224,-0.018415900619167928,4.465181703498323e-05,0.1598562895662929,0.15990094138332783,0.9992538211888308,0.005199695822142505,16.028384153573505,16.033583849395647,0.9897088509497453,0.005356062550700416,15.8808665675177,15.886222630068401,0.062016667381526024,0.0017963648626813048,1.1915254444692984,1.1933218093319797,0.9610422173782238,0.001740511062207903,1.3800380439489865,1.3817785550111943,0.961714682530262,3.98434251458791e-05,0.18905402318647302,0.1890938666116189,0.006095306778219945,0.3684756107546583,0.16468610274561837,1.2130971295341964,0.9998666832815876,0.3211004773982141,0.1905263066478566,1.8481782677741636,0.9998002684788264,0.04749017199047589,0.044256104521406166,19.658013995433087,-0.9978894578490511,1.1996400454529885,0.36665773104240684,0.8329823144105817,0.40017997727350574,0.2399280090905977,0.7018764997290399,0.12328134496784113,0.5785951547611987,0.6490617501354801,0.14037529994580797,0.8186351855464705,0.16769661224010493,0.6509385733063657,0.5906824072267648,0.1637270371092941,0.2399280090905977,0.14037529994580797,0.16372703710929407,0.65142822265625,0.705841064453125,0.2399280090905977,0.23495139985016922,0.027392040307422035,0.0260325142376659,0.14037529994580797,0.032564974662005336,0.12762558769127863,0.12773892817473065,0.1637270371092941,0.06140924585654017,0.1523192922693939,0.1305623253176928,14.435045263784449,11.009415510451944,0.0,0.0,32.0,0.011904515561711163,0.002786756272603311,0.5850725827212685,0.6824006823124605
8,0.8,64.0,18.101933598375616,1.0,1.0658141036401503e-14,1.5894945949723738e-15,0.7918600897614305,1.0,63.73110189061457,0.16073284856279613,63.88299328704417,63.722260438481385,-0.008841452133184803,0.189075055707042,1.193595357109714,1.3850779896704264,0.1914826325607125,0.0024075768536705646,0.04429317730944485,0.16516414439306523,0.19082673795202798,0.02566259355896273,-0.018630583750482117,4.659135325859413e-05,0.16073284856279613,0.16077943991605476,0.9991933651965532,0.011062440551571951,63.88299328704417,63.89405572759575,1.0058507537422299,0.010865078267410708,63.73110189061457,63.74196696888198,0.07493950955590889,0.0010138759311459555,1.193595357109714,1.1946092330408598,0.9712435689243397,0.0010855705623406423,1.3850779896704264,1.386163560232767,0.9703379597788484,4.3965286957962536e-05,0.18907505570704203,0.189119020994,0.006256412140872255,0.37086208282939037,0.16516414439306523,1.2011187220229833,0.9998452423760202,0.3231997537384722,0.19082673795202798,1.827464857030314,0.999758950503371,0.047769694828580636,0.04429317730944485,19.434356055032683,-0.9981853456311145,1.494017083590084,0.5623209530351573,0.9316961305549265,0.2529914582049581,0.2988034167180168,0.6972724058434118,0.12164083005575603,0.5756315757876558,0.6513637970782942,0.13945448116868234,0.813624661899609,0.16570270307722684,0.6479219588223821,0.5931876690501955,0.1627249323799218,0.2988034167180167,0.13945448116868234,0.16272493237992178,0.736358642578125,0.78411865234375,0.2988034167180168,0.29619669073673127,0.027756345007896623,0.02616422756623273,0.13945448116868234,0.03202782509038142,0.1263056538652202,0.12615414761146554,0.1627249323799218,0.06077068471961071,0.15139611710371165,0.12975263304749424,14.43398172734763,10.947606646085765,0.0,0.0,64.0,0.0029667626966745787,0.0006950009649208298,0.4667097943538131,0.5445885932873606
16,0.05,0.5,0.00625,1.0,4.597017211338539e-16,3.2404634531246757e-15,0.0650424302539735,1.0,1.8669557265589022e-06,0.00124971003851393,0.0012375126838559073,-1.2197354658022573e-05,-1.4064310384581385e-05,0.07944842388405451,0.5265918485408663,0.5931714532234802,0.06657960468261387,-0.012868819201440698,0.00032601571094991507,0.0026739740496413275,0.0026894921663631675,1.551811672184021e-05,-0.0003104975942280749,3.8133244862510664e-07,0.00124971003851393,0.001250091370962555,0.999901864794458,0.15518956882365356,0.0012375126838559073,0.15642708150750945,1.0609023595789513,0.1551604769268492,1.866955726558901e-06,0.15516234388257577,0.3773795453372739,0.0011319170858146875,0.5265918485408663,0.5277237656266809,0.9683086504024263,0.14595472359027026,0.5931714532234802,0.7391261768137504,1.0261625597618607,0.14539915262975345,0.07944842388405451,0.22484757651380796,0.3652980741463062,0.04756982383685941,0.0026739740496413275,1.1817235928840404,0.9998236454013736,0.047575624989518187,0.0026894921663631675,1.188285971015885,0.932459692515594,0.01682648811042636,0.00032601571094991507,1.0778007377364731,-0.17441755340782195,0.13735512839772618,0.13630844448565368,0.0010466839120725588,0.9313224358011369,0.027471025679545215,0.4793364113951028,0.144766289823044,0.3345701215720588,0.7603317943024486,0.09586728227902055,0.7304250844340491,0.1937825623768522,0.5366425220571966,0.6347874577829755,0.1460850168868098,0.027471025679545232,0.09586728227902055,0.1460850168868098,0.0010986328125,0.00506591796875,0.027471025679545215,0.027275986156034306,0.027472850303757984,0.00023431929561213756,0.09586728227902055,0.038668240441915205,0.09197199562828226,0.07380266009291642,0.1460850168868098,0.04738184509962777,0.14562841954495437,0.1273950973088141,13.749727120308151,9.745196516963224,0.0,0.0,0.5,42555.065850699444,174.62423254718212,3.4897598436014294,5.3177853128208445
16,0.05,1.0,0.0125,1.0,5.106592232406726e-16,2.856655884064807e-15,0.06265186650111951,1.0,3.993682754350462e-05,0.0012468850088727256,0.0012898291009397521,4.2944092067026746e-05,3.007264523521992e-06,0.25420460863098227,0.5268787123410643,0.842065932582175,0.3151872202411106,0.06098261161012832,0.0006436008242309837,0.0026656956585323667,0.0027045851651090243,3.888950657665764e-05,-0.000604711317654326,3.110542042293385e-07,0.0012468850088727256,0.0012471960630769546,1.0000354664949886,0.4946372996521243,0.0012898291009397521,0.49592712875306405,1.2514184297233963,0.49458373646956066,3.993682754350463e-05,0.4946236732971042,0.6270320490244455,0.0011324300660786272,0.5268787123410643,0.5280111424071431,0.9684297107886104,0.4623279451769335,0.842065932582175,1.3043938777591084,1.213352466745907,0.4615694659361529,0.25420460863098227,0.7157740745671352,0.605849405307783,0.04741846125741792,0.0026656956585323667,1.1856302698280257,0.9998776949722655,0.04756871880345091,0.0027045851651090243,1.1953050688734965,0.8535984675039208,0.022958364031630266,0.0006436008242309837,1.0768360200159055,-0.23697508208415768,0.2967889477639775,0.29598145871626913,0.0008074890477085738,0.8516055261180113,0.0593577895527955,0.6086173288052201,0.2752290994397048,0.3333882293655152,0.69569133559739,0.12172346576104401,0.8400590288273913,0.3018085437883554,0.5382504850390359,0.5799704855863044,0.16801180576547825,0.0593577895527955,0.12172346576104401,0.16801180576547825,0.02178955078125,0.048065185546875,0.0593577895527955,0.05922386676493227,0.05935993989016733,0.0002335313141721183,0.12172346576104401,0.07673071829458486,0.10777592801960648,0.07396279418462436,0.16801180576547825,0.0866579505735983,0.16696523398409008,0.127661441545739,13.738435097789976,9.823287800414061,0.0,0.0,1.0,6365.167797919553,16.115471954548372,2.0506738319960123,2.8304929653089754
16,0.05,2.0,0.025,1.0,6.56308232586944e-16,3.614757148120984e-15,0.06137136856007025,1.0,0.0007240013015191783,0.0012504144113982265,0.001870932282264085,0.0006205178708658585,-0.00010348343065331994,0.8478529601811972,0.5262314865355768,1.3812457168607182,0.8550142303251412,0.0071612701439440485,0.0012630156052510812,0.0026688710426412397,0.0027507587791467817,8.188773650554172e-05,-0.0011811278687455396,3.21927054450053e-07,0.0012504144113982265,0.0012507363384526766,1.0000465088051813,1.6397359057200704,0.001870932282264085,1.6416068380023345,1.5798842501730475,1.6397913258127026,0.0007240013015191783,1.6405153271142217,1.10619794775539,0.0011279173404973107,0.5262314865355768,0.5273594038760742,0.9686423348961462,1.5422017007414206,1.3812457168607182,2.923447417602139,1.5310708304398775,1.5400352497802974,0.8478529601811972,2.3878882099614946,1.0722062303925837,0.04741428064302465,0.0026688710426412397,1.1872202431667889,0.9998830582322913,0.0475554924598849,0.0027507587791467817,1.2164105503066376,0.6821786485749429,0.03298541514426857,0.0012630156052510812,5.495388466102847,-0.3787064085878105,0.6469782644856521,0.6461512395890638,0.0008270248965883303,0.6765108677571741,0.1293956528971304,0.8948728378303961,0.561745558281041,0.3331272795493547,0.552563581084802,0.1789745675660792,1.0779822762759173,0.5355743044970638,0.5424079717788538,0.46100886186204126,0.21559645525518348,0.1293956528971304,0.1789745675660792,0.21559645525518345,0.110107421875,0.15679931640625,0.1293956528971304,0.1293371433914517,0.12938389357140745,0.00023425003054931937,0.1789745675660792,0.14949573076219813,0.1620472689482254,0.07383120109477374,0.21559645525518348,0.15863440921785882,0.21394943146536333,0.12779642537092012,13.72759854574129,9.933931787349849,0.0,0.0,2.0,1171.0655193604484,1.7444935562973223,1.3831574984081116,1.6661800487732208
16,0.05,4.0,0.05,1.0,1.3183898417423734e-15,2.985459102156085e-15,0.06377609430467134,1.0,0.00796901754290907,0.0012522958926448086,0.0097788997730615,0.008526603880416693,0.0005575863375076232,4.792092536664784,0.5262748746752067,5.019999557749649,4.493724683074442,-0.29836785359034207,0.002427158555701854,0.0026757220845578652,0.0027571349177144652,8.141283315659992e-05,-0.002345745722545254,2.3124996515309452e-07,0.0012522958926448086,0.0012525271426099616,1.0000194973599892,9.227502942621648,0.0097788997730615,9.23728184239471,2.9857662361230752,9.227682332787165,0.00796901754290907,9.235651350330075,2.910379029119872,0.0010350495344337118,0.5262748746752067,0.5273099242096404,0.9698166001802961,8.662812422929917,5.019999557749649,13.682811980679567,2.8904466391660493,8.642966896686591,4.792092536664785,13.435059433351375,2.816056748482808,0.047472057971406634,0.0026757220845578652,1.187452879487663,0.9998832696716063,0.0472098265136745,0.0027571349177144652,1.2369139239385585,0.30105920476989656,0.05526529401221052,0.002427158555701854,0.8040410551346311,-0.5913892875727189,1.4760961561972537,1.4746719240599016,0.0014242321373523958,0.26195192190137323,0.2952192312394507,1.5722495462455097,1.23381155365439,0.3384379925911195,0.21387522687724514,0.31444990924910193,1.5980541546814,1.0516516334191417,0.5464025212622583,0.20097292265930006,0.31961083093627995,0.2952192312394507,0.31444990924910193,0.31961083093627995,0.38580322265625,0.377197265625,0.2952192312394507,0.2952346094294729,0.29553401003948043,0.00023461424869086119,0.31444990924910193,0.30914964472279927,0.30149152920428046,0.07367264649021822,0.31961083093627995,0.3032545055280368,0.3187829847024077,0.12768905279429527,13.880506888182804,9.99093383125823,0.0,0.0,4.0,601.3404426407427,0.304574377284634,1.0651403295405688,1.0826219877154457
16,0.05,8.0,0.1,1.0,2.3869795029440866e-15,4.829470157119431e-15,0.06709718362420936,1.0,0.15364210228207828,0.0012511981991459625,0.15860099451416204,0.15734979631501608,0.0037076940329377832,14.4646464950612,0.524637307545984,15.136606698042112,14.611969390496128,0.147322895434929,0.0021279023543830508,0.0026697011793314312,0.002613103896142202,-5.659728318922931e-05,-0.00218449963757228,2.586812471746622e-07,0.0012511981991459625,0.0012514568803931375,0.9999400520110553,25.862723639779063,0.15860099451416204,26.021324634293226,4.8246916183814905,25.862765473406952,0.15364210228207828,26.016407575689033,4.642455044014882,0.0011340338995496195,0.524637307545984,0.5257713414455336,0.9681309752945813,24.21975971888181,15.136606698042112,39.356366416923926,4.667121429798394,24.238182755154437,14.4646464950612,38.702829250215636,4.492725706446682,0.047521188153772924,0.0026697011793314312,1.1822133687560197,0.9998831128027018,0.043292782296838465,0.002613103896142202,1.4402736951282322,0.39873035989765193,0.04796189044847769,0.0021279023543830508,1.3137433113439019,-0.667525027809189,1.4017238357664044,1.3918631626836042,0.009860673082800675,0.29913808211679793,0.2803447671532808,1.5599341956148753,1.1624363002081184,0.3974978954067563,0.22003290219256239,0.3119868391229751,1.5083138617284446,0.9299941680897601,0.5783196936386846,0.24584306913577778,0.30166277234568895,0.2803447671532808,0.31198683912297503,0.3016627723456889,0.40325927734375,0.342071533203125,0.2803447671532808,0.28036574920961116,0.28205704841455925,0.00023475187622589713,0.3119868391229751,0.30520016405506706,0.287664607932441,0.0736420105571646,0.30166277234568895,0.2719436463669913,0.3034378062246842,0.12741429977835877,14.62618804402496,11.256512717885652,0.0,0.0,8.0,94.14507013516985,0.013849734693660605,1.1128684237305335,1.0760421013342913
16,0.05,16.0,0.2,1.0,3.774758283725532e-15,7.327471962526033e-15,0.06731303328886613,1.0,1.9881453575079213,0.0012500729019694823,1.987842821649097,1.9865927487471278,-0.0015526087607936221,46.29759033109353,0.5275680130385818,45.483786314356,44.95621830131742,-1.3413720297761054,0.0030470825092986744,0.002676283338387258,0.0028156879255158765,0.0001394045871286181,-0.0029076779221700565,3.1704831720155036e-07,0.0012500729019694823,0.001250389950286684,0.9999815317154135,62.4668307428157,1.987842821649097,64.4546735644648,6.966267301244765,62.46575187650396,1.9881453575079213,64.45389723401186,7.068018370517706,0.001161980114825701,0.5275680130385818,0.5287299931534076,0.9679750880263575,58.680761012263616,45.483786314356,104.16454732661963,6.745911081481696,58.606065886525144,46.29759033109353,104.90365621761866,6.844794873168442,0.04752018352089002,0.002676283338387258,1.1852576790246714,0.9998539639832061,0.03543347913876493,0.0028156879255158765,3.0963034358881663,0.10599077379553334,0.058282728072622,0.0030470825092986744,0.9895910720008875,-0.821830915460422,1.9435418093521741,1.876868166346279,0.0666736430058952,0.028229095323913087,0.3887083618704348,2.0363229018091262,1.4937169087776105,0.5426059930315158,-0.018161450904562948,0.4072645803618252,1.9542993746032067,1.2616425934725357,0.6926567811306712,0.022850312698396796,0.39085987492064134,0.3887083618704347,0.4072645803618251,0.3908598749206412,0.519256591796875,0.468231201171875,0.3887083618704348,0.3886779227691863,0.40194968394589975,0.00023427028597152176,0.4072645803618252,0.4051908303074979,0.40284306147601334,0.07411887986099679,0.39085987492064134,0.3798887367040512,0.3942406073476604,0.1276597337892056,14.367342629762895,11.203152400424349,0.0,0.0,16.0,23.286823650120898,0.001532625619043317,1.0477381510449102,1.0055350315590168
16,0.05,32.0,0.4,1.0,5.551115123125783e-15,7.327471962526033e-15,0.06858745189670457,1.0,14.782577710524524,0.0012506317017305832,14.799775510649786,14.798524878948056,0.015947168423531947,90.13159146497111,0.5254805272527041,91.54843548877864,91.02295496152594,0.8913634965548098,0.002442654008806684,0.0026625931425629185,0.0024364319390050883,-0.00022616120355783032,-0.0026688152123645146,2.882570288665677e-07,0.0012506317017305832,0.0012509199587594497,0.9999575416454154,35.881663531437546,14.799775510649786,50.681439042087334,5.505278167007669,35.88211023955092,14.782577710524524,50.66468795007544,5.130712611499977,0.0012389858297933306,0.5254805272527041,0.5267195130824973,0.9666888174128468,33.234420363290226,91.54843548877864,124.78285585206888,5.306199078454558,33.28551352048188,90.13159146497111,123.417104985453,4.958611579602415,0.04745590253605944,0.0026625931425629185,1.1823336166751064,0.9998543201089847,0.0176689890732272,0.0024364319390050883,18.49223455902156,0.5189888514558035,0.04362196775758645,0.002442654008806684,1.3100664796197892,-0.921367617579417,1.2376971047666916,0.8973271222987165,0.3403699824679751,0.38115144761665426,0.24753942095333833,1.6883424417517494,0.9308783658328192,0.7574640759189301,0.15582877912412532,0.3376684883503499,1.7169810265938639,0.8479026399772372,0.8690783866166266,0.14150948670306807,0.3433962053187728,0.24753942095333828,0.33766848835034985,0.34339620531877274,0.235260009765625,0.233154296875,0.24753942095333833,0.24749538526667442,0.21813257284888654,0.00023440921823032084,0.3376684883503499,0.3360872343604112,0.23129219036519072,0.07390125274334036,0.3433962053187728,0.3344884753326162,0.3470737096140784,0.12745699132146476,16.02308871189056,13.381300859397165,0.0,0.0,32.0,6.097149849636948,0.00016523870576831977,1.3640998554892843,1.3872384608328856
16,0.05,64.0,0.8,1.0,8.881784197001252e-15,6.661338147750939e-15,0.06952120434586503,1.0,63.561023667459,0.0012485629426627369,63.56207395315114,63.560825390208485,-0.00019827725052199335,96.72879437227944,0.5260861078455032,97.22678543285946,96.70069932501396,-0.028095047265489753,0.002622416857084968,0.0026736479731420838,0.0025213488718092356,-0.00015229910133284815,-0.0027747159584178165,3.390240953639093e-07,0.0012485629426627369,0.0012489019667581008,1.0000259445562834,0.06227976228371881,63.56207395315114,63.624353715434864,1.0088035077099051,0.0622820771090775,63.561023667459,63.62330574456807,0.19723329834280037,0.00106596238642002,0.5260861078455032,0.5271520702319232,0.9692459584922535,0.08633863850780385,97.22678543285946,97.31312407136727,0.9688553457139883,0.083214869791077,96.72879437227944,96.81200924207052,0.27203956703583326,0.04748087211424348,0.0026736479731420838,1.1860038278848815,0.9998593045241543,0.004186757554290103,0.0025213488718092356,148.1876722275066,0.9634146787458486,0.04345349602041483,0.002622416857084968,1.3889115374573657,-0.9996646746991276,1.4635289029049248,0.5398286101280654,0.9237002927768594,0.26823554854753767,0.29270578058098495,1.8200432453112392,0.8289559272464305,0.9910873180648085,0.08997837734438048,0.36400864906224784,1.8424213464083898,0.8491782202028376,0.9932431262055522,0.07878932679580514,0.368484269281678,0.29270578058098495,0.3640086490622478,0.3684842692816779,0.343719482421875,0.35205078125,0.29270578058098495,0.2926818821394063,0.011065819282935409,0.00023404536184423041,0.36400864906224784,0.3627098689973506,0.08875513374926607,0.07368772214106285,0.368484269281678,0.36128932237648415,0.3694950485745464,0.1276617706717278,15.764920094764072,12.874575396890561,0.0,0.0,64.0,1.5218256219149153,4.1258253970310945e-05,1.2435991128693649,1.2588896213470129
16,0.1,0.5,0.0125,1.0,4.72928987638177e-16,1.7992335052396946e-15,0.1330699072474772,1.0,9.762849575964742e-06,0.004992183527142027,0.004922425291282083,-6.975823585994405e-05,-7.952108543590877e-05,0.06409977414806954,0.5627700781228517,0.6380016902501802,0.07523161212732851,0.011131837979258954,0.0009295083588264023,0.009734808910540568,0.009849560863590146,0.00011475195304957802,-0.0008147564057768245,1.2913079987933203e-06,0.004992183527142027,0.0049934748351408206,1.0000531970766229,0.12467829221589384,0.004922425291282083,0.12960071750717592,1.0692810184203216,0.12476935876159084,9.76284957596474e-06,0.1247791216111668,0.312091473852999,0.001049566913810728,0.5627700781228517,0.5638196450366625,0.9691749805794108,0.11733404630649062,0.6380016902501802,0.7553357365566709,1.036004716915802,0.11726307994373607,0.06409977414806954,0.1813628540918056,0.30251930257476856,0.09211289593127923,0.009734808910540568,1.1474444742919017,0.9999075890677218,0.09260931348415882,0.009849560863590146,1.1485276623864458,0.9464588256175435,0.026859688569055573,0.0009295083588264023,1.1154877715119251,-0.12517759070275636,0.10893701952124105,0.10486406391844824,0.004072955602792963,0.9455314902393795,0.0217874039042482,0.46974699058537095,0.12177117654062536,0.34797581404474565,0.7651265047073146,0.09394939811707417,0.7013674309000013,0.17217487309400187,0.5291925578059993,0.6493162845499993,0.14027348618000027,0.021787403904248208,0.09394939811707417,0.14027348618000024,0.0006103515625,0.00299072265625,0.0217874039042482,0.02101316187164078,0.021796926769515855,0.0009332922493324924,0.09394939811707417,0.029799783905426515,0.08894594427958731,0.0776688761984297,0.14027348618000027,0.037052134661971346,0.13942289304164368,0.1255252502793655,13.919734226698722,10.16317097449176,0.0,0.0,0.5,6565.682862294368,95.20871458623806,4.312096958865095,6.438283642992873
16,0.1,1.0,0.025,1.0,5.47766042593989e-16,1.4843811943499041e-15,0.11191766553387492,1.0,0.000127203554914203,0.0049947163382695,0.005294208232134549,0.00029949189386504994,0.00017228833895084698,0.29953555371640206,0.5612863099185297,0.9078431286518004,0.3465568187332706,0.04702126501686852,0.0028151656518119843,0.009760314742947682,0.010080779910644322,0.0003204651676966413,-0.002494700484115343,1.319033826652678e-06,0.0049947163382695,0.004996035372096152,1.0000178985642854,0.5796760932440436,0.005294208232134549,0.5849703014761782,1.2780314769639043,0.5798869501416786,0.000127203554914203,0.5800141536965927,0.6843467674203165,0.0011169696414435291,0.5612863099185297,0.5624032795599733,0.9683524631201471,0.5424242780402009,0.9078431286518004,1.4502674066920012,1.2377419837328378,0.5430173733521336,0.29953555371640206,0.8425529270685357,0.6622238642162257,0.09209368587278921,0.009760314742947682,1.150886568216686,0.9998692698115796,0.09328425148797959,0.010080779910644322,1.1584532439445068,0.8231699237138033,0.049195313895156495,0.0028151656518119843,1.7448049337910116,-0.27643758352652315,0.35603974745828004,0.3528222848039122,0.003217462654368006,0.82198012627086,0.07120794949165599,0.6674206944755299,0.32310826514467883,0.34431242933085116,0.6662896527622351,0.13348413889510596,0.8727527201682082,0.34136957253124717,0.5313831476369608,0.5636236399158959,0.17455054403364162,0.07120794949165599,0.13348413889510596,0.1745505440336416,0.02978515625,0.06195068359375,0.07120794949165599,0.07067531498439679,0.07117579469450283,0.000933457315956214,0.13348413889510596,0.09021944946883026,0.11838727768080323,0.07759382616574045,0.17455054403364162,0.10054626554656718,0.17272511282550995,0.12577087210257057,13.89159628423512,9.95336533475081,0.0,0.0,1.0,2354.773448890124,22.13118692878335,1.874567935855917,2.4512788990517853
16,0.1,2.0,0.05,1.0,6.956241138666996e-16,1.8197249262996706e-15,0.12556963998858384,1.0,0.001975983882068975,0.00501177169232054,0.0067835567132004644,0.0017717850208799244,-0.00020419886118905046,1.1946840476545255,0.5632185894994839,1.476901974192479,0.913683384692995,-0.2810006629615303,0.006831100808288718,0.009815691766139157,0.010457734669149933,0.000642042903010774,-0.006189057905277944,1.280830115877322e-06,0.00501177169232054,0.0050130525224364175,0.9998344449017393,2.2915444129114495,0.0067835567132004644,2.29832796962465,1.599727078090937,2.2916024822246905,0.001975983882068975,2.2935784661067595,1.383606030462484,0.0011891956320694667,0.5632185894994839,0.5644077851315534,0.9676396434188445,2.1694639840614913,1.476901974192479,3.6463659582539703,1.5479821954328492,2.1563877251660264,1.1946840476545253,3.351071772820552,1.3419371111940834,0.09234701881742123,0.009815691766139157,1.1510509070508061,0.999876622664652,0.09311400441090253,0.010457734669149933,1.206720492496544,0.4855445758399139,0.0864922144894224,0.006831100808288718,0.9652777456724456,-0.48046831757958575,1.0290313331389735,1.025641026507186,0.00339030663178757,0.4854843334305132,0.2058062666277947,1.220345517792474,0.8740701361646142,0.34627538162785976,0.389827241103763,0.24406910355849484,1.3444367617696866,0.8036384918849035,0.5407982698847831,0.3277816191151568,0.26888735235393735,0.20580626662779467,0.24406910355849476,0.26888735235393724,0.210357666015625,0.242950439453125,0.2058062666277947,0.20555180456743627,0.2057232181411806,0.0009371105767569988,0.24406910355849482,0.2210059202083156,0.23239841956442753,0.07786297583545304,0.26888735235393735,0.22804321897073282,0.26722640593543767,0.1257950065945525,13.804574259225447,9.913372332718811,0.0,0.0,2.0,604.6021217559826,3.457063020744957,1.1859167728837887,1.3065071183679078
16,0.1,4.0,0.1,1.0,1.4016565685892601e-15,2.5413698923060224e-15,0.11999150613324594,1.0,0.02844025870513183,0.004980897607675953,0.03625765165904073,0.03127675405136478,0.002836495346232949,4.563616593318274,0.5637632233828854,5.382932287966468,4.8191690645835825,0.2555524712653085,0.0074430025607241,0.009755274193368163,0.010298885336118078,0.0005436111427499168,-0.006899391417974184,1.3507035674535433e-06,0.004980897607675953,0.004982248311243406,0.999961368595681,8.578832873807105,0.03625765165904073,8.615090525466146,3.088666753643384,8.57999659110766,0.02844025870513183,8.608436849812792,2.841103727953456,0.0011098503880245907,0.5637632233828854,0.56487307377091,0.9687085482571138,7.978141859505299,5.382932287966468,13.361074147471768,2.9825924801200756,7.991947527399736,4.563616593318274,12.55556412071801,2.7429128752767635,0.09221691919429541,0.009755274193368163,1.1471936271466594,0.9998656447961609,0.09180329209261531,0.010298885336118078,1.2268090770532025,0.452029678900032,0.09541680191649271,0.0074430025607241,0.8136293432778385,-0.5234470955264496,1.1863670563488162,1.184438296770367,0.0019287595784495681,0.406816471825592,0.23727341126976323,1.3451442365737156,0.9965119907127566,0.3486322458609593,0.3274278817131422,0.26902884731474314,1.3942994424108683,0.8510901867638213,0.5432092556470468,0.30285027879456583,0.2788598884821737,0.23727341126976323,0.26902884731474314,0.2788598884821737,0.319671630859375,0.2999267578125,0.23727341126976323,0.23722251686837575,0.23780728429067993,0.0009310584759953182,0.26902884731474314,0.26117870552762,0.24423433728356364,0.07763864342262923,0.2788598884821737,0.2549320962552878,0.27642670265093383,0.12549955083120184,14.40125487460886,11.050742722890893,0.0,0.0,4.0,160.46325881328232,0.2617065701790211,1.1338347852590875,1.1752681726530645
16,0.1,8.0,0.2,1.0,2.3314683517128287e-15,3.9968028886505635e-15,0.12595578306570532,1.0,0.40405428968664936,0.00502150691720964,0.4131285686325131,0.40810706171530353,0.004052772028654124,13.48994538175782,0.5640272839635825,13.804847816507813,13.240820532544232,-0.24912484921358755,0.009680868892316861,0.009783290310020589,0.010421448112146582,0.0006381578021259929,-0.00904271109019087,1.1436543315989842e-06,0.00502150691720964,0.00502265057154124,1.0000810722055602,21.417017236025643,0.4131285686325131,21.83014580465816,4.538326166961447,21.418237222148342,0.40405428968664936,21.82229151183499,4.480467997516907,0.0010815897738859633,0.5640272839635825,0.5651088737374684,0.9686271188292437,20.14707183216249,13.804847816507813,33.9519196486703,4.397758439461336,20.13268997715407,13.48994538175782,33.62263535891189,4.342828898703591,0.09212740375441117,0.009783290310020589,1.152706270352156,0.9998849486468018,0.07867466883945895,0.010421448112146582,1.9627071573321415,0.23140030922471583,0.10549732890243518,0.009680868892316861,0.885603364505983,-0.6954448771261834,1.6299081644401943,1.61577704806376,0.014131116376433175,0.18504591777990298,0.32598163288803883,1.7460311110317668,1.3293661422798047,0.4166649687519618,0.12698444448411672,0.3492062222063533,1.7237047228239941,1.1076828875635996,0.6160218352603943,0.13814763858800297,0.3447409445647988,0.32598163288803883,0.3492062222063533,0.34474094456479876,0.457489013671875,0.3914794921875,0.32598163288803883,0.32590673534401843,0.3298318040334871,0.0009383291404928392,0.3492062222063533,0.3456134924686018,0.33233026796157283,0.07780414816461496,0.3447409445647988,0.32880661237773356,0.3440092475076093,0.12586267584885194,14.97167570710648,12.20538610496883,0.0,0.0,8.0,33.386467427977294,0.023959327098901813,1.0712450855361264,1.0575471431030075
16,0.1,16.0,0.4,1.0,2.9976021664879227e-15,3.7192471324942744e-15,0.1283722890845132,1.0,3.6942025405565952,0.004992719499461287,3.702265623807707,3.6972729043082455,0.0030703637516503223,22.618956635850708,0.5647531878771175,22.969309331802933,22.404556143925817,-0.2144004919248923,0.009621078220208447,0.009767862884268144,0.010074315034252778,0.00030645214998463563,-0.00931462607022381,1.3588682278457692e-06,0.004992719499461287,0.004994078367689133,1.0000048418258212,9.629197949211642,3.702265623807707,13.331463573019349,2.965610277770896,9.629544675545255,3.694202540556595,13.32374721610185,2.7547383536665326,0.0011283429049666854,0.5647531878771175,0.5658815307820841,0.9689044222830272,9.06722531961247,22.969309331802933,32.0365346514154,2.8755501998442243,9.050748688256157,22.618956635850708,31.669705324106864,2.670679034291102,0.09214075757794493,0.009767862884268144,1.1505558193152723,0.9998721530570616,0.04132509562657079,0.010074315034252778,9.374989073397,0.4184874790914236,0.08759736851764044,0.009621078220208447,1.297857650521264,-0.9028990092871928,1.3039418562973277,1.0436311965461345,0.26031065975119305,0.34802907185133614,0.2607883712594656,1.750698132357246,1.0176639550407525,0.7330341773164936,0.1246509338213772,0.35013962647144914,1.7465298836262049,0.8999088312579273,0.8466210523682778,0.1267350581868976,0.349305976725241,0.2607883712594655,0.3501396264714491,0.3493059767252409,0.2939453125,0.2747802734375,0.2607883712594656,0.26059942465556396,0.2555897346273355,0.0009332188311274219,0.35013962647144914,0.34739920253249185,0.27118592295002153,0.07777453436062624,0.349305976725241,0.33752489558985577,0.34965201152285197,0.12568440280933563,15.518602528272208,12.425763318277195,0.0,0.0,16.0,6.1228252613466,0.00260437215192832,1.3426197831615947,1.3394231308638636
16,0.1,32.0,0.8,1.0,3.9968028886505635e-15,3.608224830031759e-15,0.12736795162086575,1.0,15.920288059893558,0.004996510291708128,15.92566921834898,15.920672708057275,0.00038464816371653677,24.20435671364957,0.5655661591302396,24.792933547210495,24.227367388080253,0.02301067443068531,0.009168751881868085,0.009764234134320284,0.009895970824884599,0.00013173669056431507,-0.00903701519130377,1.0365838135258643e-06,0.004996510291708128,0.004997546875521654,0.9999806721361901,0.028590597014924626,15.92566921834898,15.954259815363905,1.024859989354705,0.028539884637836077,15.920288059893558,15.948827944531391,0.1405190386852499,0.0009680854635126355,0.5655661591302396,0.5665342445937522,0.9708338448093605,0.027040928763126068,24.792933547210495,24.819974475973623,0.9890656584192444,0.02643678666725753,24.20435671364957,24.230793500316828,0.15660562097448108,0.09228978474939686,0.009764234134320284,1.1463881552491677,0.999875866890914,0.016446378161044245,0.009895970824884599,36.797805836576934,0.9906770303134251,0.07602572265016244,0.009168751881868085,1.586734843584222,-0.9994613135420094,1.1693568311699147,0.34838851955657024,0.8209683116133444,0.41532158441504274,0.2338713662339829,1.6284499024471557,0.6639986797895925,0.9644512226575631,0.1857750487764222,0.3256899804894311,1.6802658982909278,0.7063726034487481,0.9738932948421797,0.15986705085453626,0.3360531796581855,0.2338713662339829,0.3256899804894311,0.3360531796581855,0.286529541015625,0.30316162109375,0.23387136623398294,0.23369727366010884,0.0051261235163857655,0.0009344175172324408,0.3256899804894311,0.32260033372437,0.08003154784617325,0.07772355122054773,0.3360531796581855,0.3243629251015005,0.336058134642956,0.12543702453477543,15.630373612038902,12.770532683931604,0.0,0.0,32.0,1.5203466559518646,0.0005759162049941819,1.3926030609646578,1.436914595701177
16,0.1,64.0,1.6,1.0,8.659739592076221e-15,3.3861802251067274e-15,0.12914291605344275,1.0,63.674871259717904,0.005005039782855655,63.680308074614445,63.675303034831586,0.00043177511369491776,24.222038482927424,0.5662027259227418,24.794443281782222,24.22824055585948,0.006202072932058342,0.009219297903968724,0.009779930610687635,0.009947767846685298,0.00016783723599766423,-0.00905146066797106,1.2190571059667403e-06,0.005005039782855655,0.005006258839961621,0.9999941271731375,0.0166491996412265,63.680308074614445,63.696957274255674,0.9884932974719502,0.016660336380745478,63.67487125971789,63.69153159609864,0.10206466339447741,0.0009550629468480024,0.5662027259227418,0.5671577888695898,0.9714641988677019,0.006959771729281617,24.794443281782222,24.8014030535115,0.9814422867601883,0.006234778645412805,24.222038482927424,24.228273261572834,0.07858886834760817,0.09226437993972314,0.009779930610687635,1.1489326908311635,0.9998800635614938,0.016268190439804667,0.009947767846685298,37.667404953682464,0.995965501941992,0.07606463229096895,0.009219297903968724,1.5934762233784596,-0.9998236513990689,1.4665676403829002,0.5416474163081848,0.9249202240747154,0.26671617980854995,0.29331352807658007,1.6279306845800467,0.6627909721944999,0.965139712385547,0.18603465770997663,0.32558613691600935,1.683925600468213,0.7091290753880453,0.9747965250801679,0.15803719976589353,0.3367851200936426,0.29331352807658,0.32558613691600935,0.3367851200936426,0.408294677734375,0.42816162109375,0.29331352807658007,0.29321236364437414,0.004207541102578272,0.0009352737145263466,0.32558613691600935,0.3225109161414954,0.077556130197469,0.0776454728531792,0.3367851200936426,0.324864920734519,0.33662188350146893,0.1255753596027846,15.619798868879258,12.74494593015067,0.0,0.0,64.0,0.38040184461669746,0.0001447870678271956,1.1100276862477456,1.1482086158866587
16,0.2,0.5,0.025,1.0,5.130173629658286e-16,1.074661193367632e-15,0.267736485767048,1.0,2.92195893204619e-05,0.02002607612098791,0.019994209856722227,-3.186626426568374e-05,-6.108585358614455e-05,0.08051477252786791,0.7110752673857162,0.8406210003143461,0.12954573292862984,0.049030960400761936,0.0032118647969785648,0.03346970843150771,0.034332394092322784,0.0008626856608150739,-0.0023491791361634896,5.419344771505962e-06,0.02002607612098791,0.020031495465759414,1.00011279668337,0.15544598093612588,0.019994209856722227,0.17544019079284812,1.1133630991114285,0.15527889115482624,2.92195893204619e-05,0.15530811074414672,0.36746141893101875,0.0010044942532393848,0.7110752673857162,0.7120797616389556,0.9708843631154738,0.14513758590637504,0.8406210003143461,0.9857585862207211,1.0809991478093508,0.1468623387928379,0.08051477252786791,0.22737711132070582,0.3572217129057041,0.16533830374941794,0.03346970843150771,1.224380755568066,0.9998753737482269,0.16939884020174978,0.034332394092322784,1.1966942989131217,0.9420649021723895,0.053857198844421625,0.0032118647969785648,1.0041507437154653,-0.10072488025939995,0.12906083990577266,0.11376199401982702,0.015298845885945623,0.9354695800471138,0.025812167981154516,0.5333261248771384,0.1391612576814772,0.39416486719566113,0.7333369375614308,0.10666522497542766,0.7241148900791786,0.18275624037152474,0.5413586497076539,0.6379425549604107,0.1448229780158357,0.02581216798115453,0.10666522497542766,0.1448229780158357,0.00128173828125,0.001922607421875,0.025812167981154516,0.0229111315473298,0.025817453563997422,0.003708415360656087,0.10666522497542766,0.033193363514506954,0.09925949840494132,0.09197044661260446,0.1448229780158357,0.039422999542133665,0.14315679109941787,0.1309604497206036,14.169909984465512,10.5675428296705,0.0,0.0,0.5,2755.5066446976043,109.92162695214061,4.132362111284261,5.6106475876637365
16,0.2,1.0,0.05,1.0,5.266512052848338e-16,1.0581813203458523e-15,0.24855114379660154,1.0,0.0008193615569648161,0.020007439838139948,0.022177841061251168,0.002170401223111223,0.0013510396661464076,0.16757087226659106,0.7078597185669566,0.923467155575824,0.21560743700886745,0.04803656474227646,0.004831196992755332,0.033427108221550025,0.03424844675631174,0.0008213385347617041,-0.004009858457993631,5.449275619147614e-06,0.020007439838139948,0.02001288911375909,0.9999280900378218,0.31232256177041134,0.022177841061251168,0.3345004028316625,1.1643648168036496,0.31222055553338013,0.0008193615569648162,0.31303991709034495,0.4959194266922101,0.0011019960948265017,0.7078597185669566,0.708961714661783,0.9693312813566499,0.2915802299922773,0.923467155575824,1.2150473855681012,1.1282568034974907,0.29177634491593096,0.16757087226659104,0.459347217182522,0.47969268081478544,0.1654691789178667,0.033427108221550025,1.2209416161365452,0.9998290037771074,0.168592909018843,0.03424844675631174,1.2058230140718773,0.9091395165467494,0.06434621720590739,0.004831196992755332,1.2777183002243184,-0.1613041037510155,0.22356724858717492,0.20793261612615338,0.015634632461021376,0.8882163757064125,0.04471344971743496,0.6093370403427163,0.21322834910233346,0.39610869124038306,0.6953314798286419,0.12186740806854326,0.7726263378831376,0.22944053972293194,0.5431857981602056,0.6136868310584311,0.15452526757662755,0.044713449717434975,0.12186740806854324,0.15452526757662752,0.0167236328125,0.022186279296875,0.04471344971743496,0.04204742828578736,0.04458455419291965,0.003707134126007807,0.12186740806854326,0.05728416473248228,0.11180919267506317,0.09197697942460614,0.15452526757662755,0.05752293102209743,0.1529080329983967,0.13074216336188763,14.22782251937171,10.44193788055933,0.0,0.0,1.0,204.51395460549617,5.896294440090246,2.7255201474876123,3.4559012680333194
16,0.2,2.0,0.1,1.0,6.331740687315346e-16,1.2385925618474403e-15,0.2542003962880419,1.0,0.012853431802061726,0.020025268753128444,0.028185687060900542,0.008160418307772095,-0.004693013494289633,0.5985199412506184,0.7103340723673028,1.2815200058484724,0.5711859334811694,-0.027334007769448915,0.016463070471074873,0.03349793109281952,0.03920595539827959,0.005708024305460077,-0.010755046165614793,5.116896285709643e-06,0.020025268753128444,0.020030385649414156,1.0003032138724333,0.9502059633271462,0.028185687060900542,0.9783916503880468,1.3555594346165591,0.950005432057378,0.012853431802061728,0.9628588638594398,0.7893617479770036,0.000997693629489735,0.7103340723673028,0.7113317659967926,0.9712840743115361,0.8866185181460869,1.2815200058484724,2.1681385239945588,1.3120837459470553,0.8887885620920177,0.5985199412506184,1.487308503342636,0.7634310719308728,0.16508597910907885,0.03349793109281952,1.22919239550157,0.9998698958981742,0.16726770280405168,0.03920595539827959,1.4219614464723416,0.7675739993400685,0.09851848419966343,0.016463070471074873,7.853819177025175,-0.4074111751782914,0.45183093024858667,0.4355063711873445,0.016324559061242125,0.7740845348757066,0.09036618604971733,0.7964356163729613,0.39616497504441706,0.40027064132854406,0.6017821918135192,0.1592871232745923,1.0147742322306978,0.4357136103104308,0.5790606219202667,0.4926128838846511,0.2029548464461396,0.09036618604971733,0.15928712327459227,0.20295484644613954,0.083740234375,0.087249755859375,0.09036618604971733,0.08891256132479691,0.0899401187795074,0.003704190532862953,0.1592871232745923,0.11269233753359205,0.1433392994853807,0.0918742233307896,0.2029548464461396,0.13825122300816814,0.1940546128480487,0.1312573899980649,13.763721075393935,9.765002997512067,0.0,0.0,2.0,46.564991394330505,1.2808307325701258,1.762685028965993,2.2459158156180083
16,0.2,4.0,0.2,1.0,9.376180387654642e-16,1.887379141862766e-15,0.22129682291840536,1.0,0.11643309212964707,0.020158091086410656,0.13987353832264252,0.11971544723623184,0.0032823551065847643,3.0594501825488396,0.7070137447243031,3.862095661046906,3.155081916322603,0.0956317337737637,0.02597269369572306,0.03352261720151118,0.03942400958159353,0.005901392380082359,-0.0200713013156407,4.951818143563177e-06,0.020158091086410656,0.020163042904554215,1.0003660089940523,4.449395468303353,0.13987353832264252,4.589269006625996,2.2646341360768676,4.4495268407557536,0.11643309212964707,4.5659599328854,1.9048666886982464,0.0011291884483899894,0.7070137447243031,0.7081429331726932,0.9688883960140947,4.169148783486842,3.862095661046906,8.03124444453375,2.1939907968675767,4.17072548195957,3.0594501825488396,7.230175664508408,1.8455258966951886,0.16483930878713976,0.03352261720151118,1.2337775992054865,0.9998700681276368,0.14999182806200767,0.03942400958159353,2.5122439284837483,0.6099448869197343,0.14367909964016323,0.02597269369572306,1.8150584956202231,-0.6027000624045528,0.9527060703392192,0.9237055584938436,0.029000511845375613,0.5236469648303905,0.1905412140678438,1.251227029936456,0.8041732195142798,0.44705381042217623,0.37438648503177197,0.25024540598729117,1.3172188819948287,0.6915301176597177,0.625688764335111,0.34139055900258575,0.2634437763989657,0.19054121406784377,0.25024540598729117,0.26344377639896566,0.2646484375,0.218902587890625,0.1905412140678438,0.19032721907760447,0.18943297293503752,0.0037330026824862715,0.25024540598729117,0.23699747428853601,0.2120954898754447,0.09197670052713527,0.2634437763989657,0.23003202728928934,0.2561248483933083,0.1315658722518907,14.375068813208483,10.883801238058178,0.0,0.0,4.0,26.276465965038295,0.22306968938695476,1.3133400414788434,1.3826078399246702
16,0.2,8.0,0.4,1.0,1.4988010832439613e-15,1.9012569296705806e-15,0.22333885388429103,1.0,0.898779342087531,0.02000955561074879,0.9342709415533069,0.9142613859425581,0.015482043855027178,5.713898004561619,0.7059124093218314,6.221988341086373,5.516075931764542,-0.19782207279707748,0.028802587576437076,0.03345920747622176,0.03589318136264406,0.002433973886422295,-0.026368613690014784,4.590317004756218e-06,0.02000955561074879,0.020014145927753548,0.9999969001913329,3.06642373488484,0.9342709415533069,4.0006946764381475,1.7960130163437245,3.0672299699883894,0.898779342087531,3.9660093120759203,1.6995432488131679,0.0011320075661107585,0.7059124093218314,0.7070444168879422,0.9694550113838558,2.893349430856238,6.221988341086373,9.115337771942611,1.7396136307498296,2.87131700932668,5.713898004561619,8.585215013888298,1.6442838820831984,0.16534123009102042,0.03345920747622176,1.2239361884417421,0.9998694423775756,0.10114896164960119,0.03589318136264406,3.667428544966156,0.4322717296860301,0.14644516164463042,0.028802587576437076,1.5012266215331131,-0.8222543346030247,1.2215944301510406,1.0537357788866142,0.16785865126442623,0.3892027849244797,0.24431888603020813,1.6299575208500463,0.956108806549131,0.6738487143009155,0.18502123957497682,0.3259915041700093,1.6057238348457799,0.828920859552293,0.7768029752934866,0.19713808257711016,0.32114476696915595,0.2443188860302081,0.3259915041700092,0.32114476696915595,0.318511962890625,0.281890869140625,0.24431888603020813,0.24355800464862915,0.26755326853838485,0.0037079671967023323,0.3259915041700093,0.3185776446471203,0.27992825139246247,0.09169819931307527,0.32114476696915595,0.29620380329468127,0.3173634549366924,0.13086053147841373,15.34796503383999,12.473448343690244,0.0,0.0,8.0,6.35739801416703,0.032046339104255944,1.3342869618753215,1.3144492109768744
16,0.2,16.0,0.8,1.0,1.942890293094024e-15,1.8596235662471372e-15,0.2194378958301617,1.0,4.001209513153078,0.02005229691051642,4.021677433906894,4.001625136996378,0.00041562384329988376,6.062491506735703,0.7084292388225693,6.779401761857136,6.070972523034566,0.008481016298863265,0.02805789379397699,0.03340356827692096,0.03798231547139755,0.004578747194476588,-0.023479146599500397,4.0833888078759535e-06,0.02005229691051642,0.020056380299324293,1.0000620874373634,0.0040091246049209234,4.021677433906894,4.025686558511815,1.013352217751734,0.004013337171366474,4.001209513153078,4.005222850324444,0.0504642230022103,0.0011049863009604303,0.7084292388225693,0.7095342251235298,0.9701313432085421,0.0040471192283531195,6.779401761857136,6.783448881085489,0.9812237043965781,0.0033582256754694467,6.062491506735703,6.065849732411172,0.05568279005847781,0.16509299491274948,0.03340356827692096,1.2256749524869193,0.9998457695669591,0.057989425885403414,0.03798231547139755,11.297962777203997,0.9980605154453532,0.10724133570832561,0.02805789379397699,2.439652840003195,-0.9995268772941324,0.8099423448457306,0.17139930783833057,0.6385430370074001,0.5950288275771347,0.1619884689691461,1.3118456701827017,0.430716594212176,0.8811290759705257,0.34407716490864926,0.2623691340365403,1.4366358899675948,0.5163097158122014,0.9203261741553933,0.2816820550162026,0.287327177993519,0.16198846896914612,0.2623691340365403,0.2873271779935189,0.213592529296875,0.246368408203125,0.1619884689691461,0.16068038582341176,0.004282714751596974,0.0037145473883964985,0.2623691340365403,0.2528036637351898,0.09092768015248182,0.0918569508118145,0.287327177993519,0.26082308037354873,0.28075550555427625,0.131043057377057,15.16018150313735,12.239553665952087,0.0,0.0,16.0,1.5151647237683064,0.007012353065177658,1.6196778431587848,1.7737508096841519
16,0.2,32.0,1.6,1.0,3.941291737419306e-15,1.7763568394002505e-15,0.22689366640202802,1.0,16.154467936214417,0.01993772997998021,16.17489761956199,16.15495988958201,0.0004919533675926073,6.056815711540063,0.7087040059825854,6.761928031452797,6.053224025470211,-0.0035916860698517765,0.02806165612119662,0.03341912054820066,0.037779126182351186,0.0043600056341505265,-0.02370165048704609,5.351310229886876e-06,0.01993772997998021,0.0199430812902101,1.0003063031192063,0.01003797271422835,16.17489761956199,16.18493559227622,1.0027361548419127,0.01002756278861262,16.154467936214417,16.16449549900303,0.08315735396103566,0.001067763393761986,0.7087040059825854,0.7097717693763473,0.9705958358758507,0.002229715694621451,6.761928031452797,6.764157747147419,0.972839940206341,0.0011773808472369585,6.056815711540064,6.0579930923873,0.03409307392372977,0.16515189897577834,0.03341912054820066,1.2253336277624245,0.9998707055128669,0.057403365379868815,0.037779126182351186,11.470549432181976,0.9986000924922802,0.10783813941902846,0.02806165612119662,2.4131743537120958,-0.9997158329630096,1.1721423750188782,0.3491802724039008,0.8229621026149773,0.4139288124905609,0.23442847500377564,1.315565879472755,0.4328743306093169,0.8826915488634381,0.3422170602636225,0.26311317589455097,1.4405214695436066,0.5190188955843937,0.9215025739592129,0.2797392652281968,0.2881042939087213,0.2344284750037756,0.26311317589455097,0.2881042939087213,0.375518798828125,0.425323486328125,0.23442847500377564,0.2337101482853931,0.0054639020135785355,0.003687900514070461,0.26311317589455097,0.2535295065590495,0.09166442415206587,0.09175628540915205,0.2881042939087213,0.2620771126533436,0.2819639682461832,0.13098476396347375,15.164770669925455,12.20972043054116,0.0,0.0,32.0,0.3749313029345983,0.0017370832782606948,1.1223601394425884,1.2289645867639636
16,0.2,64.0,3.2,1.0,7.93809462606987e-15,1.7919693506840417e-15,0.2233729511823881,1.0,64.16619339198998,0.02003104827012752,64.18317445051878,64.16314340224864,-0.003049989741339687,6.051582401154693,0.7048752225741249,6.754781908272213,6.0499066856980885,-0.001675715456604966,0.028257130849341065,0.033491658893601756,0.03802101094655616,0.004529352052954405,-0.023727778796386656,4.591202750041474e-06,0.02003104827012752,0.020035639472877564,1.000045174424986,0.008673019023439104,64.18317445051878,64.19184746954221,0.986321279943148,0.008674208064193141,64.16619339198998,64.17486760005417,0.07189258617111532,0.0012298337949912912,0.7048752225741249,0.7061050563691162,0.9670591082700383,0.002917897537502339,6.754781908272213,6.7576998058097155,0.9607348410036548,0.0013038576102662879,6.051582401154693,6.052886258764961,0.03519941859036693,0.16509789073923625,0.033491658893601756,1.2287358411333096,0.9998938416095788,0.05704494167476094,0.03802101094655616,11.690282164199445,0.9988005597666338,0.10813316851958871,0.028257130849341065,2.41678112166041,-0.9997284224835858,1.4666309624749545,0.5412352399284541,0.9253957225465004,0.2666845187625228,0.2933261924949909,1.3229417619511028,0.43772116979945525,0.8852205921516474,0.3385291190244487,0.2645883523902205,1.4453643573496604,0.5224767877103234,0.9228875696393366,0.2773178213251699,0.289072871469932,0.29332619249499087,0.2645883523902205,0.28907287146993205,0.519073486328125,0.575225830078125,0.2933261924949909,0.29297346635619004,0.005399003284735471,0.003707976637864057,0.2645883523902205,0.25503132885286506,0.09298015015812452,0.09188891809321809,0.28907287146993205,0.2630931348482234,0.28268304949679457,0.1312485346140777,15.166600876988113,12.224960295156446,0.0,0.0,64.0,0.0943110706939665,0.0004403741184507989,0.9020277055372027,0.985499688967832
16,0.4,0.5,0.05,1.0,5.368969158148218e-16,1.1501216645726231e-15,0.5145872226804684,1.0,0.00016621275215680106,0.07995726897407074,0.08111444283286975,0.0011571738587990016,0.0009909611066422023,0.05697059037257442,1.2866544910693345,1.3543915429628135,0.06773705189347909,0.010766461520904609,0.00533657303470738,0.11286326947966807,0.11386633589720374,0.001003066417535687,-0.0043335066171716966,1.904124125751597e-05,0.07995726897407074,0.07997631021532825,1.0002091549413181,0.10811939090899697,0.08111444283286975,0.18923383374186672,1.0522511141618343,0.10819302773004535,0.00016621275215680106,0.10835924048220216,0.3006789228899437,0.0010948372188789106,1.2866544910693345,1.2877493282882133,0.9712543268745258,0.10282579966452934,1.3543915429628135,1.457217342627343,1.0217977289091853,0.10189430610275613,0.05697059037257442,0.15886489647533056,0.2916424313379955,0.24350009803184502,0.11286326947966807,1.9036206969503495,0.9997692321374984,0.24958851470914026,0.11386633589720374,1.8319996573628528,0.9513285675776953,0.06928667119368352,0.00533657303470738,0.9488686901974469,-0.034212249519275754,0.16127617234919855,0.09623222152008977,0.0650439508291089,0.9193619138254008,0.032255234469839675,0.721203734866984,0.17335524573156963,0.5478484891354143,0.6393981325665081,0.14424074697339676,0.8692268928029456,0.22241630580918145,0.6468105869937641,0.5653865535985272,0.1738453785605891,0.0322552344698397,0.14424074697339676,0.1738453785605891,0.00341796875,0.002044677734375,0.032255234469839675,0.01972654152479701,0.032115374811737235,0.014294629076342035,0.14424074697339676,0.028598808064329295,0.14132196088324836,0.13484747294648353,0.1738453785605891,0.032180602089424686,0.1731779935633103,0.16550476022798247,14.437702066128821,10.92847300285323,0.0,0.0,0.5,342.75703658904433,32.10688088283977,4.471855478473405,5.389679579701818
16,0.4,1.0,0.1,1.0,5.251875323519783e-16,1.2152280050303776e-15,0.5004678139533341,1.0,0.0030867545531704397,0.08013075427414013,0.0844829383801135,0.0043521841059733744,0.0012654295528029416,0.15960353894534107,1.2827274654590384,1.4084058072478687,0.12567834178883036,-0.033925197156510635,0.01267768388644942,0.11261988234123352,0.11428628310937704,0.0016664007681435195,-0.011011283118305902,1.7079596169102668e-05,0.08013075427414013,0.08014783387030922,0.9998752583699273,0.25920386805111323,0.0844829383801135,0.34368680643122673,1.064793293759793,0.2589986877620214,0.0030867545531704393,0.2620854423151918,0.43752162026428504,0.0011003018399356325,1.2827274654590384,1.283827767298974,0.9724086695678891,0.24524795415054018,1.4084058072478687,1.653653761398409,1.0338801443747743,0.24279083703035778,0.1596035389453411,0.40239437597569894,0.42341635658204035,0.24371674360571569,0.11261988234123352,1.896112337496452,0.9998218561364477,0.24747427780201442,0.11428628310937704,1.8917760370904215,0.9008868747668038,0.09929636771110623,0.01267768388644942,1.7979264412879032,-0.23504978329385465,0.26116310324131614,0.19195820457227397,0.06920489866904217,0.869418448379342,0.0522326206482632,0.7983612512995438,0.24391373642233682,0.554447514877207,0.6008193743502281,0.15967225025990872,0.9400875547483349,0.28798664954536024,0.6521009052029746,0.5299562226258328,0.18801751094966695,0.052232620648263214,0.15967225025990875,0.18801751094966693,0.017303466796875,0.014495849609375,0.0522326206482632,0.03994547075978897,0.051714955586990435,0.014323855218808412,0.15967225025990875,0.057868933397006106,0.1564109481842102,0.13447968134284438,0.18801751094966695,0.06357120923697539,0.18719442280285228,0.16517521958506104,14.448565479124762,10.79633896173678,0.0,0.0,1.0,51.705937804938365,4.10712405799419,3.0569450331651704,3.599618564340956
16,0.4,2.0,0.2,1.0,6.201636426617085e-16,1.4373268200640332e-15,0.43881944607412743,1.0,0.028136515052053127,0.08002159924237892,0.10017499269169591,0.020153393449317016,-0.00798312160273611,0.782487391784914,1.2858833579642073,2.029930521309841,0.7440471633456334,-0.03844022843928048,0.05649546011364646,0.11277899214111356,0.13130513421762835,0.018526142076514783,-0.03796931803713167,1.569656781977761e-05,0.08002159924237892,0.08003729581019868,1.0001351817366593,1.1575529224046837,0.10017499269169591,1.2577279150963796,1.466389927726328,1.1573363596339181,0.02813651505205313,1.1854728746859715,1.0227704896452334,0.001291575085989567,1.2858833579642073,1.287174933050197,0.9694321293762955,1.0783568699351433,2.029930521309841,3.108287391244984,1.419444729823754,1.0832655845375885,0.782487391784914,1.8657529763225025,0.9906398973002657,0.2434848153900518,0.11277899214111356,1.9024990951463383,0.9997723823831758,0.2890113018588064,0.13130513421762835,1.6361128324066019,0.6676244005697977,0.21621001642747356,0.05649546011364646,1.4452036146103227,-0.258546375300712,0.590082650146122,0.5441913657340071,0.04589128441211479,0.704958674926939,0.1180165300292244,0.9826943386914971,0.49339921856279195,0.4892951201287054,0.5086528306542515,0.19653886773829943,1.1756706835850474,0.5637676839276289,0.6119029996574183,0.41216465820747633,0.2351341367170095,0.11801653002922438,0.19653886773829943,0.23513413671700945,0.069122314453125,0.098541259765625,0.1180165300292244,0.11197981461268458,0.11763176582405396,0.014299415874680092,0.19653886773829943,0.1501139249299714,0.17795934175676797,0.1350389085756023,0.2351341367170095,0.17934916067578252,0.2284165830169658,0.16551650750275138,14.094247015365518,10.50489080128685,0.0,0.0,2.0,27.81038768793137,2.0079053859061333,1.665350334310207,1.9923830725982479
16,0.4,4.0,0.4,1.0,7.537373503119227e-16,1.2836953722228372e-15,0.3775110316093828,1.0,0.2285743332757909,0.08007129344697203,0.3240347341107543,0.24396344066378228,0.01538910738799135,1.4233074881410865,1.2897095788878497,2.831173481531406,1.5414639026435561,0.11815641450246962,0.05650794264648963,0.11277111144594548,0.12628516673723278,0.013514055291287293,-0.04299388735520234,2.136506995493793e-05,0.08007129344697203,0.08009265851692698,0.9996748372434606,0.6820897997476164,0.3240347341107543,1.0061245338583706,1.2538330511477955,0.6811930539246327,0.2285743332757909,0.9097673872004236,0.7399469971200956,0.0012743859953268496,1.2897095788878497,1.2909839648831767,0.9690283302645588,0.6454860153346409,2.831173481531406,3.4766594968660467,1.2169946296750542,0.6419420956573226,1.4233074881410868,2.0652495837984093,0.7171457686790268,0.2437721826903513,0.11277111144594548,1.8979166393646234,0.9997784029218385,0.21450953116224591,0.12628516673723278,2.9771378070498318,0.7515817419369571,0.16501299870920183,0.05650794264648963,2.6515867681311915,-0.566869598069527,0.5130376904346741,0.35640680040370365,0.15663089003097014,0.743481154782663,0.10260753808693478,1.0979154197014631,0.4442369243311295,0.6536784953703338,0.45104229014926844,0.2195830839402926,1.2447265117359527,0.5107224779580217,0.734004033777931,0.3776367441320237,0.24894530234719053,0.10260753808693478,0.2195830839402926,0.24894530234719053,0.08203125,0.0986328125,0.10260753808693478,0.09330536662829372,0.09275661436642652,0.014319631821482257,0.2195830839402926,0.17747781708489685,0.1724797536218958,0.1355093402486287,0.24894530234719053,0.19010538290125997,0.2420330224583354,0.1652425315861631,14.51504657479692,11.122477353310591,0.0,0.0,4.0,6.226891128776767,0.2472191073978059,2.1400287740482544,2.426189215613675
16,0.4,8.0,0.8,1.0,1.1379786002407855e-15,1.3287981825982342e-15,0.37984093414455883,1.0,1.0134384196545234,0.07960409213882706,1.0933453820002614,1.0137412898614344,0.00030287020691086367,1.5132929203961862,1.2807659984481945,2.8034016414650633,1.5226356430168684,0.009342722620682144,0.06400648056464779,0.11262044532090622,0.13355991094280006,0.020939465621893846,-0.04306701494275395,2.022204806391089e-05,0.07960409213882706,0.07962431418689096,0.9999352924334672,0.002659912019378564,1.0933453820002614,1.0960052940196399,1.00094295076816,0.0025784492125253034,1.0134384196545234,1.0160168688670488,0.04459236241718209,0.0013875612794013812,1.2807659984481945,1.282153559727596,0.968189921923465,0.002988023850418128,2.8034016414650633,2.806389665315481,0.968188306183982,0.0014161444406227772,1.5132929203961862,1.514709064836809,0.036446682434426315,0.2434530439524646,0.11262044532090622,1.9003627931323122,0.9997573531747956,0.15714345938989185,0.13355991094280006,5.417189628382339,0.9970401893258376,0.08743602436209874,0.06400648056464779,8.417565411004166,-0.9916684415493494,0.4759805900850171,0.0608992900614629,0.41508130002355415,0.7620097049574915,0.09519611801700342,0.9999609978134986,0.2504903834987876,0.749470614314711,0.5000195010932507,0.1999921995626997,1.2181387765804246,0.372008138841995,0.8461306377384294,0.39093061170978777,0.2436277553160849,0.0951961180170034,0.19999219956269967,0.24362775531608488,0.10791015625,0.151824951171875,0.09519611801700342,0.08689998249779919,0.014699998536796134,0.014243177999961169,0.1999921995626997,0.15192271703544424,0.1353361616629279,0.1351053731666872,0.2436277553160849,0.18231228636346675,0.2321687875338184,0.16538787247085124,14.357647410840002,10.745385800798099,0.0,0.0,8.0,1.49322631848915,0.06315774034545416,2.1008440651642766,2.5592194344791395
16,0.4,16.0,1.6,1.0,2.0261570199409107e-15,1.4103301859691442e-15,0.3919438068472344,1.0,3.97975092748443,0.08002487184842212,4.056849949820757,3.976825077972335,-0.0029258495120947255,1.5099365737882022,1.28250259082186,2.786677687092806,1.5041750962709453,-0.005761477517256916,0.06430857688377271,0.11255013477551978,0.13363957873758991,0.021089443962070138,-0.04321913292170258,1.773986127609004e-05,0.08002487184842212,0.0800426117096982,0.9997975421408807,0.0010748525673382752,4.056849949820757,4.057924802388095,1.002114350071522,0.0010609643141940698,3.97975092748443,3.9808118917986244,0.022960700406366465,0.0012715316551768984,1.28250259082186,1.2837741224770371,0.9684593994100473,0.00153136365245593,2.786677687092806,2.7882090507452615,0.9706428927343826,0.0003935602505465318,1.5099365737882022,1.5103301340387487,0.019588574255372374,0.2434688704461725,0.11255013477551978,1.8988411013203526,0.9997722645776654,0.15777314268720155,0.13363957873758991,5.369307050247682,0.9992616735414417,0.08584734611145145,0.06430857688377271,8.728076361056335,-0.9989437039340873,0.8112911723313052,0.16771410108161308,0.6435770712496922,0.5943544138343475,0.16225823446626103,0.9953452310047082,0.24786739318221035,0.7474778378224975,0.502327384497646,0.1990690462009416,1.214366075023481,0.3689099875958949,0.8454560874275863,0.3928169624882595,0.24287321500469622,0.162258234466261,0.1990690462009416,0.2428732150046962,0.2833251953125,0.3779296875,0.16225823446626103,0.15728388505991345,0.014458812660838458,0.01432126008409472,0.1990690462009416,0.15128703267826948,0.13476230651760723,0.13506012272958667,0.24287321500469622,0.18182473984120534,0.23116417077728543,0.1653394000825391,14.353072674857005,10.850743405320138,0.0,0.0,16.0,0.3794047922347295,0.016158945133890996,1.2268656001081706,1.4968313676258924
16,0.4,32.0,3.2,1.0,4.3298697960381105e-15,1.2732870313669764e-15,0.36590942994161857,1.0,15.852720798912799,0.08001229019427009,15.936295923863955,15.856283633669685,0.0035628347568853296,1.519438344166388,1.2843116867667148,2.8043257115408675,1.5200140247741527,0.000575680607764719,0.06439216921397818,0.11233491642205029,0.1338750920330404,0.021540175610990114,-0.04285199360298807,1.872004324360629e-05,0.08001229019427009,0.08003101023751369,1.000054738037266,0.0020663845780620775,15.936295923863955,15.938362308442018,1.00636724590733,0.002082873699564739,15.8527207989128,15.854803672612364,0.03892618805863504,0.0011919185071969764,1.2843116867667148,1.2855036052739117,0.9706055943792323,0.0018949634410009232,2.8043257115408675,2.8062206749818683,0.9699390045848693,0.0004694508976619308,1.519438344166388,1.5199077950640498,0.021490981278207602,0.24334095761675592,0.11233491642205029,1.8972716072396079,0.9997922063902344,0.15730154050560963,0.1338750920330404,5.4122338498898745,0.9993082208917985,0.08618203290059012,0.06439216921397818,8.671841556663818,-0.9990190590233088,1.1696106524320093,0.34563506687249645,0.8239755855595132,0.4151946737839953,0.2339221304864019,0.9991778575342726,0.24984721325012413,0.7493306442841485,0.5004110712328638,0.1998355715068545,1.2171522220108004,0.3706064107538984,0.8465458112569024,0.39142388899459973,0.2434304444021601,0.23392213048640187,0.19983557150685446,0.2434304444021601,0.473358154296875,0.57861328125,0.2339221304864019,0.23120640803253095,0.014484207612652124,0.014295797848479255,0.1998355715068545,0.15194845641182755,0.13520356176783166,0.13499922380545964,0.2434304444021601,0.18207875290868475,0.2314872790961961,0.16527030102400608,14.357143697303231,10.884629606933641,0.0,0.0,32.0,0.0958471648772489,0.004061900164064851,0.8542824532733602,1.0406473466019963
16,0.4,64.0,6.4,1.0,8.715250743307479e-15,1.3608905669038052e-15,0.3880682523558284,1.0,63.88001667903032,0.08004295638295539,63.96325929393588,63.88321633755293,0.00319965852261572,1.5128734392366188,1.2916899290311166,2.8017278510486205,1.510037922017504,-0.0028355172191146744,0.06449781184341528,0.11275260215595845,0.13368818233312288,0.02093558017716444,-0.04356223166625085,2.1380517723258912e-05,0.08004295638295539,0.08006433690067866,0.9995221160553234,0.012369273876565886,63.96325929393588,63.97562856781245,1.0113149348069497,0.012387618048654226,63.88001667903032,63.89240429707897,0.09883827313004909,0.0013605292141902633,1.2916899290311166,1.2930504582453068,0.9688476881515735,0.0020266381374217063,2.8017278510486205,2.8037544891860424,0.9648740219218505,0.0004017873585508672,1.5128734392366188,1.5132752265951697,0.01987410717443127,0.244133305706203,0.11275260215595845,1.8918715472017475,0.9998035359729449,0.15719605881645865,0.13368818233312288,5.411426707436406,0.9993887986248584,0.08708693939204146,0.06449781184341528,8.509818474647727,-0.9988345772027238,1.4553860815720043,0.5309820724737229,0.9244040090982814,0.27230695921399795,0.29107721631440087,1.0024730410302953,0.25143141792747953,0.7510416231028155,0.4987634794848524,0.20049460820605908,1.216744875527814,0.37031856757670223,0.8464263079511116,0.3916275622360931,0.2433489751055628,0.2910772163144008,0.20049460820605908,0.24334897510556275,0.640655517578125,0.7501220703125,0.29107721631440087,0.28968062506198455,0.016289006237187487,0.014318242077018439,0.20049460820605908,0.1523731458170912,0.13641829593071464,0.13570275845762092,0.24334897510556278,0.18240537879865143,0.23181979194620894,0.16508006861194097,14.352458461651032,10.978578923169303,0.0,0.0,64.0,0.023683047029216645,0.0010096711803863345,0.6888021355457072,0.8360289348195311
16,0.8,0.5,0.1,1.0,6.858120842057058e-16,1.84596261887382e-15,1.0918057346560432,1.0,0.0006390369296788983,0.32051174361743784,0.3225046113826222,0.0019928677651843626,0.001353830835505469,0.05250218859411076,3.598264884833935,3.696233158161804,0.097968273327869,0.04546608473375813,0.0065848166032040824,0.4110484549736516,0.41352730420789846,0.0024788492342468216,-0.004105967368957256,6.865009173575277e-05,0.32051174361743784,0.3205803937091736,1.00023563713538,0.09204220243988702,0.3225046113826222,0.41454681382250924,1.0733752914664902,0.09202777664676046,0.0006390369296788983,0.09266681357643936,0.2683158953557399,0.0015386105554296644,3.598264884833935,3.5998034953893647,0.9697917693821794,0.08424548200742799,3.696233158161804,3.780478640169232,1.0395509045677418,0.08612272408840788,0.05250218859411075,0.13862491268251864,0.25979264693396276,0.2854548985977079,0.4110484549736516,5.045770279514574,0.999442826800148,0.3020150979908856,0.41352730420789846,4.558327363431223,0.9617107374089509,0.07403591677659194,0.0065848166032040824,1.5213004398137884,0.09036415647589546,0.29310307247148376,0.08058733061778688,0.21251574185369676,0.8534484637642581,0.05862061449429673,1.0740994324184927,0.3058782226977556,0.7682212097207368,0.4629502837907537,0.21481988648369854,1.187845764970891,0.366461715629139,0.8213840493417517,0.40607711751455466,0.23756915299417813,0.058620614494296744,0.21481988648369854,0.23756915299417813,0.01043701171875,0.004241943359375,0.05862061449429673,0.015382006749046932,0.05849936795333845,0.050242740565487665,0.21481988648369854,0.022761901766718277,0.21299298047592208,0.21587919852075627,0.23756915299417813,0.025858749034732807,0.23716371045508075,0.2384754274205311,14.506454452646521,10.95697900486815,0.0,0.0,0.5,82.15830127453187,10.3042817987261,3.6645792326963518,4.052655453096479
16,0.8,1.0,0.2,1.0,6.85649453879833e-16,1.871007689058235e-15,0.9460404718685527,1.0,0.008684528282800042,0.3199801507703223,0.33287783409442484,0.012897683324102543,0.004213155041302503,0.1546885979209559,3.5873472098821013,3.85727545827534,0.26992824839323853,0.11523965047228277,0.017624858367707056,0.40902636406285325,0.4156821577347883,0.0066557936719350355,-0.010969064695772038,7.2402861877884e-05,0.3199801507703223,0.3200525536322002,1.0004389396731463,0.1691705559314641,0.33287783409442484,0.502048390025889,1.136401710442276,0.16906378129039115,0.00868452828280004,0.1777483095731912,0.35263057792238695,0.001915075999348081,3.5873472098821013,3.58926228588145,0.966085977303798,0.15710677650515487,3.85727545827534,4.014382234780495,1.0983425346301932,0.1586733363432743,0.1546885979209559,0.3133619342642302,0.34142003355254824,0.28538137372751643,0.40902636406285325,5.023680033022066,0.9993961775724924,0.31275789288791267,0.4156821577347883,4.392803748701081,0.941823071113804,0.09882508700643454,0.017624858367707056,5.547505942624879,-0.03981300181479201,0.30731562838795773,0.10382301224049265,0.20349261614746506,0.8463421858060213,0.06146312567759152,1.0696617370652994,0.31316345993476163,0.756498277130538,0.4651691314673502,0.21393234741305991,1.186311639163585,0.3753021659414374,0.8110094732221476,0.40684418041820763,0.23726232783271697,0.06146312567759153,0.2139323474130599,0.23726232783271695,0.011322021484375,0.004669189453125,0.06146312567759152,0.021529626395401055,0.060494345951272524,0.05013850762865399,0.21393234741305991,0.04022379434734362,0.208961492992853,0.2162783491908738,0.23726232783271697,0.047363958756577174,0.23626799047438402,0.23819967796357072,14.502769135152594,11.053454465065107,0.0,0.0,1.0,17.81197468460332,2.0294548873326366,3.480661698450788,3.860238561203194
16,0.8,2.0,0.4,1.0,6.97853504583873e-16,1.8301332671555315e-15,0.8822147106062694,1.0,0.06003704246853901,0.32073360162524,0.3723631525007293,0.05162955087548935,-0.008407491593049658,0.3483559605182361,3.59815850203363,3.9027191800648753,0.30456067803124565,-0.0437952824869905,0.05730535254905359,0.41023704799932387,0.433775966873466,0.023538918874142098,-0.03376643367491149,8.430193768354979e-05,0.32073360162524,0.3208179035629235,0.9999987717818011,0.09582236730094244,0.3723631525007293,0.4681855198016718,1.0697084757366402,0.09467801596365151,0.06003704246853901,0.15471505843219052,0.2745742356655735,0.001827306716926249,3.59815850203363,3.599985808750556,0.9704175466501195,0.09373093688890516,3.9027191800648753,3.9964501169537803,1.0400289704779389,0.09043846780121667,0.34835596051823614,0.43879442831945276,0.26742979333872813,0.28660855545329583,0.41023704799932387,4.994879191908925,0.9993691206406752,0.30851665090028624,0.433775966873466,4.76537597031625,0.9252283353549426,0.1162172945556946,0.05730535254905359,8.105721185328603,-0.13216653435623765,0.3195933018405311,0.08094542096290278,0.23864788087762837,0.8402033490797345,0.06391866036810619,1.0986102536878493,0.3214409700464952,0.7771692836413537,0.45069487315607554,0.21972205073756979,1.2269868136394368,0.404767859765706,0.822218953873731,0.3865065931802817,0.24539736272788737,0.0639186603681062,0.21972205073756979,0.24539736272788737,0.0145263671875,0.0074462890625,0.06391866036810619,0.022625689629462008,0.0589828595134866,0.05026095808683634,0.21972205073756979,0.06444416148204761,0.21375048507168945,0.2158838001490262,0.24539736272788737,0.10011734277171394,0.24183094191270416,0.23806197733400747,14.37044828539818,10.884804005159129,0.0,0.0,2.0,5.802350452235947,0.9544999252600276,3.437525903581133,3.839213170530315
16,0.8,4.0,0.8,1.0,7.298849025172416e-16,1.8604909279851256e-15,0.8506684151488644,1.0,0.24948854083925767,0.3199322800498851,0.568894079870317,0.24896179982043187,-0.0005267410188257423,0.3789637633046049,3.5860905459235055,3.9642282031703435,0.3781376572468382,-0.0008261060577666656,0.06400408106692058,0.40959903103689194,0.4373517352358356,0.027752704198943635,-0.03625137686797698,8.589222024780324e-05,0.3199322800498851,0.32001817227013285,1.0003601371501234,0.00024306078297776403,0.568894079870317,0.5691371406532948,1.001145784504401,0.00014034114870931018,0.24948854083925764,0.24962888198796696,0.00992794218726252,0.0020730714013083946,3.5860905459235055,3.588163617324814,0.9672914170446589,0.002353546925387065,3.9642282031703435,3.966581750095731,0.9673128906968839,0.00022753512315469338,0.3789637633046049,0.3791912984277596,0.013747749213854417,0.28634729736559306,0.40959903103689194,4.9964031564040265,0.9994260444022971,0.26460073586729416,0.4373517352358356,6.251788590332096,0.9985772499285317,0.02419035770326721,0.06400408106692058,126.5972193702444,-0.9199840813823404,0.3746210476377912,0.0354891666091932,0.33913188102859804,0.8126894761811044,0.07492420952755822,1.1192723567609342,0.31343985500792804,0.8058325017530062,0.44036382161953297,0.22385447135218683,1.2648675192112337,0.40041010775779184,0.8644574114534416,0.36756624039438324,0.2529735038422467,0.07492420952755824,0.2238544713521868,0.2529735038422467,0.02935791015625,0.0267333984375,0.07492420952755822,0.03459247524035465,0.05004789225531359,0.05008694191446984,0.22385447135218683,0.060856590891691736,0.21600317588199153,0.21597777785525996,0.2529735038422467,0.10546790470987871,0.24872773271571247,0.23801187874259225,14.303408747839642,10.781055043801242,0.0,0.0,4.0,1.5189626025700576,0.2565411655846655,2.9877455199557343,3.3763920291905025
16,0.8,8.0,1.6,1.0,1.1379786002407855e-15,1.9489618252599428e-15,0.8247007188647946,1.0,1.0018969794656845,0.31903121266079665,1.3207453548543353,1.0017141421935387,-0.00018283727214603963,0.37836577325521104,3.597578082830031,3.9763246495106728,0.37874656668064155,0.0003807934254305924,0.06429294839891884,0.4087047848152997,0.4366412547224162,0.027936469907116485,-0.036356478491802374,6.607119025256855e-05,0.31903121266079665,0.3190972838510492,0.9995697637080908,0.00025506765641672766,1.3207453548543353,1.3210004225107521,0.9997181932842045,0.00019097715403961846,1.0018969794656845,1.0020879566197243,0.01257320897934517,0.0021727945519500022,3.597578082830031,3.599750877381981,0.9654420080554709,0.0021709409696769105,3.9763246495106728,3.9784955904803496,0.9662956544687307,9.585140093364388e-05,0.37836577325521104,0.3784616246561447,0.009690670692966526,0.2862585784321484,0.4087047848152997,4.988249852720267,0.9993666097085738,0.2651629214168241,0.4366412547224162,6.2110253988286415,0.999276845985272,0.021392844540933306,0.06429294839891884,141.63312730500786,-0.9865510205959395,0.5756629258683638,0.08446047410563742,0.49120245176272626,0.7121685370658182,0.11513258517367275,1.1218382854151656,0.31482771616836724,0.8070105692467984,0.43908085729241725,0.2243676570830331,1.2626389216929543,0.39877677547651674,0.863862146216438,0.3686805391535228,0.25252778433859085,0.11513258517367272,0.22436765708303305,0.25252778433859085,0.117706298828125,0.131927490234375,0.11513258517367275,0.0854840001365281,0.050070607812694484,0.05005029391202402,0.2243676570830331,0.060821367204802176,0.21647916264938183,0.21661021584635204,0.25252778433859085,0.10521560226118254,0.24816055570941992,0.23787288666028977,14.285654180805125,10.840012435440682,0.0,0.0,8.0,0.37764938013586485,0.06417121691813715,1.948776332474284,2.1933650144106736
16,0.8,16.0,3.2,1.0,2.1094237467877974e-15,1.9109063290057016e-15,0.8160309201254902,1.0,4.026253452061836,0.32048156896798125,4.345046756334241,4.02456518736626,-0.0016882646955758067,0.3792559434774544,3.584934271215791,3.9587079436039696,0.3737736723881791,-0.005482271089275239,0.06449282378755922,0.4094353100472803,0.43798419835183466,0.028548888304554362,-0.035943935483004855,8.264271539831792e-05,0.32048156896798125,0.32056421168337956,1.0004103480091073,0.0013935596853213834,4.345046756334241,4.346440316019564,1.0017122918793024,0.001307306819762796,4.026253452061836,4.027560758881599,0.03397399182627095,0.0019453194275331532,3.584934271215791,3.586879590643324,0.9689646577194703,0.0021183878629769813,3.9587079436039696,3.9608263314669467,0.9680488275950807,8.328488429125814e-05,0.3792559434774544,0.37933922836174566,0.008891122467302146,0.28584015578252864,0.4094353100472803,5.011594117360168,0.9994346273309698,0.26390580907793676,0.43798419835183466,6.289135343469614,0.9992325814015995,0.022280729085780826,0.06449282378755922,130.2919710223251,-0.9862388508153368,0.8872575540025767,0.20132994461568163,0.6859276093868951,0.5563712229987118,0.17745151080051533,1.1187399336085766,0.3131217874840243,0.8056181461245523,0.4406300331957117,0.22374798672171534,1.2668149428498658,0.4014171683679312,0.8653977744819348,0.3665925285750671,0.2533629885699732,0.1774515108005153,0.22374798672171528,0.25336298856997314,0.284423828125,0.330474853515625,0.17745151080051533,0.15930081978199695,0.05028972518015022,0.05018021798477429,0.2237479867217153,0.060792804807031024,0.2160134476184998,0.21585675139532381,0.2533629885699732,0.10593448833240898,0.24892276406502267,0.23820470069659883,14.293889247217553,10.792315144160412,0.0,0.0,16.0,0.09419574500041428,0.016018073515598624,1.2608964877917825,1.4277871595852167
16,0.8,32.0,6.4,1.0,4.496403249731884e-15,1.7121720707891086e-15,0.8232586403462118,1.0,15.925513786217083,0.31831935437096187,16.240118820903636,15.921799466532674,-0.003714319684409079,0.3766283228359622,3.583269591037304,3.963984071897822,0.3807144808605178,0.004086158024555713,0.06407320486963852,0.40804523647105323,0.4354877328226666,0.027442496351613388,-0.036630708518025114,8.393283344695492e-05,0.31831935437096187,0.3184032872044088,1.0001980561581232,0.0024647472712473507,16.240118820903636,16.24258356817488,1.0002874040000127,0.0024061629128966982,15.925513786217085,15.927919949129981,0.04051126624610726,0.0019903039604400917,3.583269591037304,3.585259894997744,0.9694805840622586,0.002042240262567461,3.963984071897822,3.9660263121603894,0.9694417842254384,9.334795886011641e-05,0.3766283228359622,0.3767216707948223,0.009562295557492186,0.28618360972235546,0.40804523647105323,4.983064238410124,0.9994630028168098,0.2644903568976395,0.4354877328226666,6.226721276591693,0.9992889187021002,0.022050927174910383,0.06407320486963852,132.3358320184248,-0.9852085743125587,1.1991018363579213,0.361733926684362,0.8373679096735593,0.40044908182103933,0.2398203672715843,1.1185847960012163,0.3130255194222771,0.805559276578939,0.44070760199939196,0.22371695920024323,1.2628594767998556,0.3989095965009293,0.8639498802989263,0.3685702616000723,0.2525718953599711,0.23982036727158426,0.2237169592002432,0.25257189535997104,0.477294921875,0.5509033203125,0.2398203672715843,0.22992553432099713,0.05031342337440881,0.0499135188559273,0.22371695920024323,0.060318482004058274,0.21583846288275646,0.2158281089863287,0.2525718953599711,0.10523791207409819,0.24831245490445164,0.2377265044520821,14.287028284166015,10.614116885469826,0.0,0.0,32.0,0.02364936716590704,0.004023305353268503,0.932852208281773,1.053171164040235
16,0.8,64.0,12.8,1.0,8.770761894538737e-15,2.016399200388541e-15,0.8182403782500269,0.9999999999999999,64.11376867108447,0.3196450536505389,64.42625273470293,64.1066076810524,-0.0071609900320874845,0.37802982252239486,3.5873445311536614,3.9529295242867435,0.36558499313308224,-0.012444829389312557,0.06445169513924494,0.40919395923172075,0.4366500913148035,0.02745613208308282,-0.03699556305616212,8.275874694343269e-05,0.3196450536505389,0.3197278123974824,1.0014429519184436,0.002769500778860653,64.42625273470293,64.4290222354818,1.0040880507266956,0.0027676046574927693,64.11376867108449,64.11653627574198,0.045527441657427246,0.0019177096464741159,3.5873445311536614,3.589262240800135,0.9688185528896626,0.0020191847888366148,3.9529295242867435,3.95494870907558,0.9682051192770065,8.930749393748399e-05,0.37802982252239486,0.37811913001633235,0.009221170728628277,0.2852788451274016,0.40919395923172075,5.0293274321942265,0.9995350228931865,0.2634940052463779,0.4366500913148035,6.290640999547078,0.9994779904614806,0.022177670747460604,0.06445169513924494,131.56199551928162,-0.9825710700785946,1.471949745183628,0.5431739021566903,0.9287758430269378,0.264025127408186,0.2943899490367256,1.1182662544354143,0.3128360180129468,0.805430236422467,0.440866872782293,0.22365325088708282,1.2672762756600813,0.4016518446739458,0.8656244309861356,0.36636186216995936,0.2534552551320163,0.2943899490367256,0.2236532508870828,0.2534552551320162,0.61968994140625,0.69378662109375,0.2943899490367256,0.28921895370193357,0.050229241784239945,0.04998489249054416,0.22365325088708282,0.06059345956042668,0.21606404835232007,0.21595906794940029,0.2534552551320163,0.10607486858023871,0.24914297017760986,0.23850426972073363,14.306116118468681,10.69964131869634,0.0,0.0,64.0,0.005896234621018116,0.0010052707316254344,0.7597176860789555,0.8609507762114438
32,0.05,0.5,0.004419417382415922,1.0,3.5863374986747076e-16,3.3857736492920454e-15,0.06518882894166905,1.0,2.884236218366944e-06,0.0025003656354051153,0.002505881050352316,5.515414947200668e-06,2.6311787288337475e-06,0.10301090204763336,1.0430320608988806,1.1635676672160054,0.12053560631712476,0.017524704269491428,0.00041633310069479404,0.005379999730574365,0.005403736402978122,2.3736672403757353e-05,-0.0003925964282910369,6.917182307698034e-07,0.0025003656354051153,0.0025010573536358854,0.9999948038617603,0.1031736251302103,0.002505881050352316,0.10567950618056263,1.0572430264222685,0.10318213672787599,2.884236218366946e-06,0.10318502096409436,0.2614822949416592,0.0012396916194028552,1.0430320608988806,1.0442717525182834,0.9694959659084103,0.09747445876804854,1.1635676672160054,1.2610421259840539,1.0248957480297065,0.09679852671742167,0.10301090204763336,0.19980942876505503,0.2533363696498451,0.047013086449748526,0.005379999730574365,2.4342497645334547,0.9996968837854231,0.047105706084779944,0.005403736402978122,2.4353334826007735,0.9555648224988147,0.011440039842215049,0.00041633310069479404,2.397389062077419,-0.11758152166337764,0.08975880606216964,0.08756882044634985,0.002189985615819825,0.9551205969689153,0.017951761212433914,0.6664676668924272,0.15297102198731535,0.5134966449051119,0.6667661665537864,0.13329353337848546,0.9659254535320254,0.258685896878035,0.7072395566539904,0.5170372732339874,0.1931850907064051,0.017951761212433928,0.13329353337848543,0.19318509070640505,0.0,0.0,0.01795176121243391,0.017531823398877766,0.01795044950079805,0.00048366103933209767,0.13329353337848546,0.03176059394669384,0.12699249051894473,0.12137496785620011,0.1931850907064051,0.042456986327786404,0.1928800136279206,0.18361889114849153,13.754128354143322,9.846567271424787,0.0,0.0,0.5,35715.140594815144,144.34778193393674,7.425095053412501,10.761344718232964
32,0.05,1.0,0.008838834764831844,1.0,3.642919299551295e-16,3.1377895073902984e-15,0.059918603079033905,1.0,3.639002297603888e-05,0.002497594588950713,0.0025433127096342514,4.571812068353834e-05,9.32809770749947e-06,0.5303522125978941,1.0439611316463306,1.537412720041531,0.49345158839520054,-0.03690062420269367,0.0015667883670830347,0.005387896778901251,0.005477564710702302,8.96679318010509e-05,-0.0014771204352819838,6.068907030901972e-07,0.002497594588950713,0.0024982014796538035,1.0000008293921625,0.5303977252530062,0.0025433127096342514,0.5329410379626405,1.2132347396063,0.5304943023151552,3.639002297603887e-05,0.5305306923381312,0.6820870643214301,0.00126339119479755,1.0439611316463306,1.045224522841128,0.9680192370230687,0.49927126840142955,1.537412720041531,2.036683988442961,1.173934538873614,0.4985231581385768,0.5303522125978941,1.028875370736471,0.6613041242267158,0.04699880892892383,0.005387896778901251,2.439241849963584,0.999715268071327,0.04729269325728401,0.005477564710702302,2.44894234995816,0.8189058127348638,0.027052040204266548,0.0015667883670830347,2.0068683636951685,-0.2780402086266004,0.36336912937627447,0.3616214166265706,0.0017477127497038687,0.8183154353118628,0.07267382587525488,0.8566560287362033,0.3444581421264681,0.5121978866097353,0.5716719856318984,0.17133120574724064,1.1154815289385096,0.4071054189108025,0.7083761100277072,0.4422592355307452,0.22309630578770193,0.0726738258752549,0.17133120574724064,0.2230963057877019,0.0009765625,0.004730224609375,0.07267382587525488,0.07238651529994505,0.07267148591455846,0.0004830776306280228,0.17133120574724064,0.11062138132159553,0.15456702479392145,0.12160425125668817,0.22309630578770193,0.1315018230821442,0.22218468775712036,0.1838024038950976,13.719616291674406,9.787675959705183,0.0,0.0,1.0,14574.110407874876,43.05543769825843,2.3575366190481266,3.0698302050403714
32,0.05,2.0,0.017677669529663688,1.0,5.516420653606247e-16,3.4191399711502868e-15,0.062371013867394645,1.0,0.0006363432662410204,0.0024985038052853276,0.0031089366720023267,0.0006104328667169988,-2.5910399524021553e-05,1.9560510994289892,1.0428150634141429,3.1684659309369296,2.125650867522787,0.16959976809379743,0.002514962328911007,0.0053871604489160625,0.005558840727198115,0.00017168027828205203,-0.002343282050628955,5.817466194764539e-07,0.0024985038052853276,0.0024990855519048043,0.9999381197000691,1.9474105752788706,0.0031089366720023267,1.9505195119508731,1.69692255551893,1.947432933004443,0.0006363432662410205,1.948069276270684,1.2383069093466343,0.0011390931808089155,1.0428150634141429,1.043954156594952,0.9697196897820269,1.8327891164065389,3.1684659309369296,5.001255047343468,1.646972843911089,1.8351875054904614,1.9560510994289892,3.7912386049194504,1.202113443587876,0.047124297779631286,0.0053871604489160625,2.425983374619036,0.9997201795431971,0.04752772402249755,0.005558840727198115,2.4606823661670347,0.6862265367335981,0.035032196000239796,0.002514962328911007,1.910932105209877,-0.36392556139380844,0.6230106381237772,0.621658564806177,0.0013520733176000345,0.6884946809381115,0.12460212762475543,1.0366864282518375,0.5270783971441195,0.5096080311077182,0.48165678587408123,0.20733728565036752,1.2596471705680032,0.5506478542581399,0.7089993163098636,0.3701764147159984,0.2519294341136007,0.12460212762475543,0.20733728565036746,0.25192943411360064,0.03021240234375,0.051055908203125,0.12460212762475543,0.12442999121034447,0.12458633832487223,0.0004835164740847049,0.20733728565036752,0.16524420339578305,0.17690020911979254,0.121303748627698,0.2519294341136007,0.18431075193494098,0.2506806766818153,0.18332650318856147,13.68313780571592,9.7844283394469,0.0,0.0,2.0,3073.892980723581,3.9522101707263824,1.6639947455373516,2.0218710459928646
32,0.05,4.0,0.035355339059327376,1.0,1.0200174038743626e-15,3.202299536653186e-15,0.056855652418614275,1.0,0.010443308008099318,0.0024981103205159805,0.01391009924161065,0.01141198892109467,0.0009686809129953499,7.249532348630225,1.045619505963939,9.41778266660785,8.372163160643911,1.1226308120136863,0.0031213591091571328,0.005374889078829416,0.005463065773720069,8.817669489065362e-05,-0.0030331824142664785,6.728742049371441e-07,0.0024981103205159805,0.0024987831947209174,0.9999329576413796,7.10302378442966,0.01391009924161065,7.116933883671271,2.9187810062396293,7.102906373760426,0.010443308008099322,7.113349681768526,2.531809522565424,0.0011655279860954956,1.045619505963939,1.0467850339500346,0.9700180049809666,6.618951903841655,9.41778266660785,16.036734570449504,2.8260073300156527,6.65374125707382,7.2495323486302246,13.903273605704044,2.451171442098505,0.047077395724790375,0.005374889078829416,2.42531836488012,0.9996696149922937,0.04702093354226764,0.005463065773720069,2.469216955834292,0.5922936255985007,0.04178444120684591,0.0031213591091571328,1.7441828263566324,-0.4462040619873616,0.9180076900931102,0.9171815598383661,0.0008261302547447039,0.5409961549534448,0.18360153801862206,1.2445998760466215,0.7313755697969189,0.5132243062497026,0.3777000619766893,0.2489199752093243,1.3628144442364678,0.6533150430987654,0.7094994011377023,0.3185927778817661,0.27256288884729357,0.18360153801862206,0.24891997520932427,0.2725628888472935,0.071044921875,0.08856201171875,0.18360153801862206,0.18358444163054632,0.18381754140698525,0.0004834838426676118,0.2489199752093243,0.23317482802889122,0.1999894787484628,0.12144361118753325,0.27256288884729357,0.22922520033121044,0.27210410338120183,0.1833239225338812,14.102063168333485,10.520968982641174,0.0,0.0,4.0,694.1796931592789,0.29888605284229475,1.3557619282256623,1.4845348889160639
32,0.05,8.0,0.07071067811865475,1.0,2.220446049250313e-15,4.78089789979208e-15,0.06372021571924369,1.0,0.1143444046218152,0.0025005211365024373,0.11841442614990225,0.11591390501339978,0.0015695003915846054,35.87354903646374,1.0431933465538537,36.494513740640926,35.45132039408707,-0.4222286423766754,0.005270316543609363,0.005392424219797517,0.0056154619487610545,0.0002230377289635366,-0.005047278814645825,5.748740510914413e-07,0.0025005211365024373,0.0025010960105535285,0.9999566930239672,34.2705464236417,0.11841442614990225,34.3889608497916,5.544966575232026,34.27029582872495,0.11434440462181518,34.38464023334676,5.421583617957435,0.0011810257007398408,1.0431933465538537,1.0443743722545937,0.9688893073967675,32.15072742255595,36.494513740640926,68.64524116319689,5.370583637283833,32.13714040428613,35.87354903646375,68.01068944074987,5.252560998272292,0.04705678566530731,0.005392424219797517,2.435248242395388,0.9997592089765917,0.043698520568770854,0.0056154619487610545,3.3953283710718924,0.263938160611884,0.05545783417035817,0.005270316543609363,1.9750424160198121,-0.6688518600029023,1.5521406983585904,1.5413128006738832,0.010827897684706692,0.2239296508207049,0.31042813967171806,1.7362025306450124,1.182899629822145,0.5533029008228674,0.13189873467749394,0.3472405061290025,1.7643231146175375,1.0248074020641977,0.7395157125533398,0.11783844269123124,0.3528646229235075,0.310428139671718,0.34724050612900237,0.3528646229235075,0.37103271484375,0.327880859375,0.31042813967171806,0.31044555382090117,0.31040300208282634,0.00048385322733527736,0.3472405061290025,0.34279793804574155,0.3205531080160454,0.12147496409854569,0.3528646229235075,0.3403161189813444,0.3518863510170661,0.18365288498364604,14.230768384769537,10.876185893345843,0.0,0.0,8.0,313.7324397736171,0.046091599856070836,1.1185857908893633,1.1367030814173824
32,0.05,16.0,0.1414213562373095,1.0,3.1086244689504383e-15,7.327471962526033e-15,0.06670793583914794,1.0,1.797752182456378,0.0025019179004608276,1.8038681441382185,1.8013662262377577,0.003614043781379627,97.02709347401142,1.0435687038690942,97.76463047189615,96.72106176802706,-0.3060317059843582,0.005476318048155127,0.005400986147306061,0.005391208818402186,-9.77732890387569e-06,-0.005486095377059003,6.186409096378989e-07,0.0025019179004608276,0.0025025365413704655,1.0000468210761442,72.32573494853618,1.8038681441382185,74.1296030926744,7.896486532304281,72.32483269896613,1.797752182456378,74.12258488142251,7.856705060176153,0.0012055738240853476,1.0435687038690942,1.0447742776931794,0.9693664032057794,68.09772329155916,97.76463047189615,165.8623537634553,7.654718794799473,68.0844919749308,97.02709347401141,165.1115854489422,7.618006855417503,0.04703000470346093,0.005400986147306061,2.4420453396994004,0.9997206296648906,0.03528249697345918,0.005391208818402186,8.023148708272744,0.20570798237436838,0.054125325900992435,0.005476318048155127,1.989329342793893,-0.7635521692517409,1.7186625230620673,1.6603474353331151,0.058315087728951664,0.14066873846896633,0.34373250461241345,1.8816438645956386,1.2416123099900722,0.6400315546055663,0.05917806770218075,0.37632877291912775,1.8476838327928853,1.0491778286928906,0.798506004099995,0.07615808360355739,0.36953676655857703,0.34373250461241345,0.37632877291912764,0.369536766558577,0.4407958984375,0.37750244140625,0.34373250461241345,0.34377703012959343,0.3493636375257478,0.0004839774193022882,0.37632877291912775,0.37485804025501007,0.35374720889480327,0.12143599840391048,0.36953676655857703,0.3614369244199973,0.37013766847820934,0.18382047719319228,15.005629055957055,12.27726563492849,0.0,0.0,16.0,53.971339554396984,0.0030462029759143446,1.0948303342550314,1.0750707646204714
32,0.05,32.0,0.282842712474619,1.0,4.218847493575595e-15,7.438494264988549e-15,0.0663850020864829,1.0,14.968250928650448,0.0025022165505454684,14.963160480340512,14.960658263789966,-0.007592664860482875,178.66024443150016,1.0411990938073972,179.61148986948672,178.57029077567933,-0.0899536558208387,0.005441006855108231,0.005392008943856183,0.005258296655453968,-0.00013371228840221446,-0.005574719143510445,5.779494337161436e-07,0.0025022165505454684,0.002502794499979185,1.0000129113425196,34.86773045634982,14.963160480340512,49.83089093669033,5.531578762062022,34.868488384569346,14.968250928650448,49.8367393132198,5.439075283211386,0.0012657294508090057,1.0411990938073972,1.0424648232582063,0.9688840221648962,32.76029910849652,179.61148986948672,212.37178897798321,5.35708245145597,32.755174427120075,178.66024443150016,211.41541885862023,5.277317667443273,0.047003938210360016,0.005392008943856183,2.4405500011337478,0.9996708566984114,0.018905269007475318,0.005258296655453968,33.149104653840105,0.2395440746622189,0.04679772954349738,0.005441006855108231,2.4961634970041358,-0.9106044301552669,1.4663349446829597,1.1367764905097615,0.3295584541731986,0.2668325276585203,0.2932669889365919,1.8710166991517307,1.0152287405371494,0.8557879586145815,0.0644916504241347,0.37420333983034615,1.882557264737367,0.9545972125051135,0.9279600522322532,0.05872136763131668,0.37651145294747335,0.29326698893659187,0.37420333983034604,0.37651145294747324,0.25396728515625,0.249969482421875,0.2932669889365919,0.2932425786517838,0.3170182307125502,0.00048413818768140195,0.37420333983034615,0.37322837057009123,0.32492318754802385,0.12129590467925636,0.37651145294747335,0.37080639045670627,0.3774262573855002,0.18374146842625583,15.388538706263127,12.32248742301951,0.0,0.0,32.0,11.935946643540692,0.0003635031829065413,1.2759817979760883,1.2838521454894467
32,0.05,64.0,0.565685424949238,1.0,5.995204332975845e-15,7.438494264988549e-15,0.06676995727130204,1.0,63.76760074434696,0.002502906151516721,63.77029865384018,63.767795747688666,0.00019500334170959466,193.8907574012961,1.041762916293985,194.8925280933821,193.85076517708814,-0.039992224207973714,0.00530086256285063,0.005402405211178153,0.005061395006184732,-0.0003410102049934212,-0.0056418727678440505,6.803827165408128e-07,0.002502906151516721,0.002503586534233262,0.9999959727569319,0.0982400261870231,63.77029865384018,63.8685386800272,1.0334611945540768,0.09820293776426664,63.76760074434696,63.86580368211122,0.2724906583855513,0.0012560656054241628,1.041762916293985,1.0430189818994091,0.9679433171643799,0.12097445261820537,194.8925280933821,195.0135025460003,1.0202585924080692,0.12002446575627974,193.8907574012961,194.0107818670524,0.33844147409890285,0.047020928198527955,0.005402405211178153,2.4435299583603207,0.9996637210210677,0.0043616124397422885,0.005061395006184732,268.2959694243119,0.9471794270562173,0.04290011173865198,0.00530086256285063,2.880268201406076,-0.9993829902676422,1.442926945613666,0.5226153625314178,0.9203115830822484,0.2785365271931671,0.2885853891227331,1.867499703555437,0.8725061689398145,0.9949935346156227,0.06625014822228145,0.37349994071108744,1.8851616605991879,0.888858937606382,0.9963027229928058,0.057419169700406204,0.37703233211983755,0.2885853891227331,0.3734999407110874,0.3770323321198375,0.253204345703125,0.26177978515625,0.2885853891227331,0.2885380576343567,0.018632707001113007,0.0004841486291123626,0.37349994071108744,0.3725606451293072,0.1314659526426429,0.12147886264374048,0.3770323321198375,0.37187884804018134,0.37834172625447693,0.1839286643489208,15.760239591011185,12.868294836143672,0.0,0.0,64.0,3.04058417030038,8.3127834526855e-05,1.294244112103128,1.3064844802641364
32,0.1,0.5,0.008838834764831844,1.0,3.648882411499965e-16,1.4567340389515238e-15,0.13266650831203727,1.0,1.0771314140000817e-05,0.010010276885203513,0.010084700079558074,7.442319435456164e-05,6.365188021456111e-05,0.11113970432649048,1.1665063957145048,1.2851333384332473,0.11862694271874241,0.007487238392251934,0.0015222532798717285,0.019798911538754523,0.019945274599354114,0.00014636306059959093,-0.0013758902192721367,2.9085774622880803e-06,0.010010276885203513,0.0100131854626658,1.0000601202014165,0.11107195146130683,0.010084700079558074,0.12115665154086491,1.0537413533274151,0.11105877836622945,1.0771314140000815e-05,0.11106954968036944,0.28157355162956016,0.0014194889824580398,1.1665063957145048,1.167925884696963,0.9664693483588229,0.10620392981012457,1.2851333384332473,1.3913372682433718,1.0189004842012475,0.10432393356714964,0.11113970432649048,0.2154636378936401,0.272781871446805,0.08864155797613776,0.019798911538754523,2.5198863125640485,0.9995995259188999,0.08920500715429969,0.019945274599354114,2.5069506951410663,0.9523761138314616,0.0232526886307702,0.0015222532798717285,2.1155606493144967,-0.11741884523742428,0.1029989823130584,0.0941680746017182,0.008830907711340192,0.9485005088434708,0.020599796462611654,0.7112051074498162,0.16917631208561465,0.5420287953642016,0.6443974462750919,0.14224102148996323,0.9817126326192679,0.26762716256001584,0.7140854700592518,0.5091436836903662,0.19634252652385353,0.020599796462611675,0.1422410214899632,0.19634252652385353,0.0,0.0,0.020599796462611654,0.01891123627807209,0.020589372045951074,0.0019259058727624937,0.14224102148996323,0.034186589865855044,0.13684486537849888,0.13022593824560164,0.19634252652385353,0.04385634171052395,0.19585157270762615,0.18663710478445034,13.90700257292208,10.113799337707423,0.0,0.0,0.5,10318.119301131259,141.3247501731124,6.904972180095504,9.53128478139153
32,0.1,1.0,0.017677669529663688,1.0,3.8906594959642327e-16,1.6701727891324514e-15,0.12197255662067619,1.0,0.000228814068466405,0.01001166245333731,0.010211983817826419,0.00020032136448910908,-2.849270397729576e-05,0.2612523847463234,1.1731537780666597,1.3793707790299863,0.20621700096332668,-0.0550353837829967,0.0030841228075399432,0.019815911217563445,0.020093789689821777,0.0002778784722583371,-0.0028062443352816057,2.758092996346112e-06,0.01001166245333731,0.010014420546333655,0.999931473722466,0.25685009025365957,0.010211983817826419,0.26706207407148597,1.0921329483423154,0.2569900072246796,0.000228814068466405,0.257218821293146,0.39121350420059264,0.0012035158929379708,1.1731537780666597,1.1743572939595974,0.9697643921422471,0.24567824309593522,1.3793707790299863,1.6250490221259213,1.0598650951597026,0.24231667532524387,0.2612523847463234,0.5035690600715672,0.37988631581048315,0.08888283153203286,0.019815911217563445,2.5083772151026764,0.9996861877836951,0.08984047943705821,0.020093789689821777,2.4899981191050533,0.9001437422297072,0.031171778691066247,0.0030841228075399432,5.181770666086993,-0.18081699363773426,0.20667893333915485,0.1982550103168908,0.008423923022264022,0.8966605333304226,0.04133578666783095,0.7793758474638771,0.2398576063829297,0.5395182410809474,0.6103120762680615,0.15587516949277538,1.0355649929662885,0.3229079067120099,0.7126570862542785,0.4822175035168559,0.20711299859325766,0.04133578666783097,0.15587516949277538,0.20711299859325763,0.000518798828125,0.0013427734375,0.04133578666783095,0.03982294288359287,0.041312743651486385,0.0019268187919929377,0.15587516949277538,0.06222439115547477,0.1484640249688013,0.13008178289263486,0.20711299859325766,0.07433244359060168,0.20634469976781364,0.1862735879112764,13.8961069223196,10.053263958243733,0.0,0.0,1.0,1141.7671408813792,13.478728944469431,3.770949631257006,5.010500955445484
32,0.1,2.0,0.035355339059327376,1.0,5.890470403113746e-16,1.8127860323957634e-15,0.12198599033115784,1.0,0.001869367902143662,0.00999407308956517,0.01196173135469087,0.001967658265125699,9.829036298203718e-05,2.4314842823755525,1.1742698639619304,3.6051130647418956,2.4308432007799645,-0.0006410815955882887,0.011847293485180953,0.0198021843575821,0.0211448233800827,0.0013426390225006026,-0.01050465446268035,2.163742620032345e-06,0.00999407308956517,0.009996236832185205,0.9998761853265291,2.398238081633532,0.01196173135469087,2.410199812988223,1.7866054346204367,2.398335449138436,0.0018693679021436625,2.400204817040579,1.4546760833546784,0.0013891957753796825,1.1742698639619304,1.1756590597373102,0.9679126953634181,2.261050748250196,3.6051130647418956,5.866163812992092,1.7345132356494068,2.253593584843629,2.4314842823755525,4.685077867219182,1.4095212311558285,0.0888488921794588,0.0198021843575821,2.5085736160497323,0.9997472745280428,0.09250732087923494,0.0211448233800827,2.471382452795864,0.591260092589291,0.07933933962274546,0.011847293485180953,1.8729174901549652,-0.40673679894432,0.84136158573208,0.8369396874680031,0.004421898264077016,0.57931920713396,0.168272317146416,1.2023285529416956,0.6779164497448383,0.5244121031968575,0.3988357235291522,0.24046571058833913,1.3660350149424039,0.6555517037743994,0.7104833111680042,0.3169824925287982,0.2732070029884807,0.16827231714641597,0.2404657105883391,0.2732070029884807,0.070159912109375,0.0858154296875,0.168272317146416,0.1678145116261886,0.1683100686543826,0.0019233211082164195,0.24046571058833913,0.21136729816743283,0.21079672874303657,0.1304637584761657,0.2732070029884807,0.22686667321841827,0.27057063460961794,0.1862836094397926,13.815592035572228,10.002663046564493,0.0,0.0,2.0,1300.6986370030716,6.33759329642672,1.4290271547108173,1.623600409274448
32,0.1,4.0,0.07071067811865475,1.0,1.0269562977782698e-15,2.2776919239575477e-15,0.12118217665797495,1.0,0.03372786879741649,0.009991256871760865,0.04298743532517321,0.032996178453412336,-0.0007316903440041408,7.944090477136553,1.171220697295214,9.142006454729579,7.9707857574343635,0.02669528029781104,0.01720885148411718,0.019838898169537707,0.022099339450894605,0.0022604412813568985,-0.014948410202760283,2.3906574046354165e-06,0.009991256871760865,0.009993647529165501,0.9999556961874786,7.414472599580747,0.04298743532517321,7.457460034905921,2.818614467465122,7.41469603256264,0.03372786879741649,7.448423901360056,2.5898533136094763,0.0013693110315888789,1.171220697295214,1.1725900083268028,0.9671040137137445,6.991313158192313,9.142006454729579,16.13331961292189,2.7317947910976326,7.000379940505999,7.944090477136553,14.944470417642552,2.514186946090883,0.08880063204910202,0.019838898169537707,2.5159629786065283,0.9997124416362531,0.09159447895459914,0.022099339450894605,2.637214887566828,0.3936902470233123,0.0968672749855423,0.01720885148411718,1.8533170292884793,-0.5310590820519445,1.2004239021280885,1.1975749131406794,0.0028489889874082847,0.3997880489359559,0.24008478042561765,1.4601591471578967,0.928299036427858,0.5318601107300389,0.26992042642105163,0.2920318294315794,1.588013085684767,0.8661042749993244,0.7219088106854424,0.20599345715761658,0.31760261713695337,0.24008478042561765,0.2920318294315793,0.3176026171369533,0.140472412109375,0.176971435546875,0.24008478042561765,0.23989319545053184,0.24075858027049324,0.0019226692409476914,0.2920318294315794,0.28068777078485324,0.2565435646050188,0.13036871836405428,0.31760261713695337,0.2907210382933992,0.315782960424686,0.18649050355104946,13.741594334992596,10.091093437574104,0.0,0.0,4.0,235.53490808601165,0.5102264713931571,1.2163696045783121,1.3228769294493121
32,0.1,8.0,0.1414213562373095,1.0,1.5543122344752192e-15,3.164135620181696e-15,0.11573937523721334,1.0,0.5187437946497424,0.01002343984829188,0.5359565562363104,0.5259331163880185,0.007189321738276102,21.526079011234863,1.1704941731334744,22.316316836590875,21.145822663457402,-0.3802563477774663,0.017768965705987783,0.019798088197277047,0.020664875329487763,0.000866787132210718,-0.016902178573777064,2.5660029959493897e-06,0.01002343984829188,0.01002600585128783,1.0000336404179282,14.121016542319492,0.5359565562363104,14.656973098555799,3.457058892087351,14.120980208498962,0.5187437946497424,14.639724003148704,3.371284476062895,0.0013262301440714365,1.1704941731334744,1.1718204032775459,0.9683854986225149,13.310297094220681,22.316316836590875,35.62661393081155,3.357960832126108,13.294111032869473,21.526079011234867,34.820190044104336,3.2738140032604024,0.08879845774115326,0.019798088197277047,2.5108760987360714,0.999680104336825,0.07228851748330203,0.020664875329487763,4.4964185207822265,0.40591291361795334,0.09060313193957517,0.017768965705987783,2.5329175010322613,-0.7369261235508909,1.4453350224910289,1.3840462571495673,0.06128876534146125,0.2773324887544857,0.28906700449820577,1.7437349968937643,1.0649482139485622,0.6787867829452022,0.12813250155311792,0.34874699937875286,1.6800183595639993,0.8820827038413092,0.79793565572269,0.15999082021800043,0.33600367191279984,0.2890670044982057,0.34874699937875275,0.3360036719127998,0.32415771484375,0.272979736328125,0.28906700449820577,0.2888374121340582,0.29394756364562324,0.001928234358851403,0.34874699937875286,0.3448486496990888,0.3095550473835862,0.13020047964386322,0.33600367191279984,0.31571657103717876,0.33714500990779217,0.18636480736749458,14.688340714758938,11.437730142309782,0.0,0.0,8.0,41.49655231205097,0.034253837615513934,1.2064573055791898,1.1623729678040282
32,0.1,16.0,0.282842712474619,1.0,2.248201624865942e-15,3.7192471324942744e-15,0.12168806739530613,1.0,3.591947147400287,0.009999355989222074,3.6063340646114512,3.5963347086222295,0.004387561221942118,45.64879445708635,1.175813434010312,46.491194177194146,45.31538074318384,-0.33341371390252506,0.01892223642534758,0.019781146112571025,0.019914457419125814,0.00013331130655478947,-0.018788925118792793,2.2605306360163706e-06,0.009999355989222074,0.010001616519858088,1.0000562349129272,12.107274354984025,3.6063340646114512,15.713608419595477,3.4141351201542114,12.106065464728992,3.5919471474002878,15.698012612129277,3.301315362186282,0.0012106890798664965,1.175813434010312,1.1770241230901786,0.9699688576072358,11.37306759773327,46.491194177194146,57.864261774927414,3.306217282325219,11.355923621442265,45.64879445708635,57.004718078528626,3.1971572567902387,0.08877834866046552,0.019781146112571025,2.5098155468041794,0.9996632643069809,0.046423831743923595,0.019914457419125814,11.766004367333322,0.3558306635405639,0.08642387679603682,0.01892223642534758,2.6088959235141003,-0.864780625770396,1.3665221159026717,1.1709092601765478,0.19561285572612422,0.31673894204866415,0.2733044231805344,1.8084851971468994,1.001316458553979,0.8071687385929199,0.0957574014265504,0.36169703942937986,1.8056738531391217,0.9077448549501282,0.8979289981889933,0.0971630734304392,0.36113477062782434,0.2733044231805343,0.3616970394293798,0.3611347706278243,0.2509765625,0.234466552734375,0.2733044231805344,0.27305856684508856,0.2928102522205127,0.0019247686410065958,0.36169703942937986,0.35956295285246304,0.30343653401930437,0.13027004800137781,0.36113477062782434,0.3519853103007933,0.36150166379161297,0.1862850735085128,15.569743677394833,12.494357995126519,0.0,0.0,16.0,12.70864870328763,0.005267960704556237,1.3234218283780088,1.3213645297985996
32,0.1,32.0,0.565685424949238,1.0,3.3306690738754696e-15,3.635980405647388e-15,0.12100318991118048,1.0,15.94884968116227,0.009989932720831474,15.96002090729377,15.95003097457294,0.0011812934106691796,48.39686819791977,1.1746439231065726,49.56888472327994,48.39424080017337,-0.0026273977463999107,0.018440763897233578,0.019773396949202757,0.019866931368894544,9.353441969178668e-05,-0.018347229477541794,2.850745507702052e-06,0.009989932720831474,0.009992783466339177,0.9999387250624641,0.023355190149205757,15.96002090729377,15.983376097442976,1.0277818123048752,0.02333195880071979,15.948849681162269,15.97218163996299,0.1337071252110332,0.0010465427780779045,1.1746439231065726,1.1756904658846503,0.9717686329885636,0.02729061173370724,49.56888472327994,49.59617533501365,0.9887698291791271,0.02583928505617081,48.39686819791977,48.42270748297594,0.15796427392482246,0.08905777755523973,0.019773396949202757,2.4932003094972472,0.9996992771443235,0.016602341793561355,0.019866931368894544,72.50267494586893,0.9846463462432796,0.07272854944919839,0.018440763897233578,3.4866891762279195,-0.9993951434790691,1.1515233531698796,0.335235390099173,0.8162879630707067,0.42423832341506024,0.23030467063397592,1.7335233376967305,0.7518043091253793,0.9817190285713512,0.1332383311516348,0.34670466753934615,1.7710180795133772,0.7845790410036408,0.9864390385097362,0.11449096024331147,0.3542036159026754,0.2303046706339759,0.34670466753934603,0.35420361590267535,0.21246337890625,0.22576904296875,0.23030467063397592,0.22994297300030841,0.006036936460898866,0.0019226783655481347,0.34670466753934615,0.34440858381079076,0.13109639539842916,0.1298857271455359,0.35420361590267546,0.3456210342180854,0.3545232831830327,0.18579724834308736,15.607430185765187,12.776992327326713,0.0,0.0,32.0,3.0345052568325954,0.0011562441345857432,1.5054174393638988,1.5379784306051376
32,0.1,64.0,1.131370849898476,1.0,6.994405055138486e-15,3.608224830031759e-15,0.1280523577490119,1.0,64.69509944844441,0.010003362753209549,64.70518539339922,64.69518203064601,8.258220159372879e-05,48.53374841746406,1.1732478729617641,49.735542019290776,48.562294146329016,0.028545728864958077,0.018504818195792572,0.019804734901859723,0.01994658866141273,0.00014185375955300984,-0.01836296443623956,2.2479799447681047e-06,0.010003362753209549,0.010005610733154315,0.9999921177329218,0.008948724071879445,64.70518539339922,64.7141341174711,1.0076649888004594,0.008970351725912644,64.69509944844441,64.70406980017033,0.06990786689699614,0.0012737529692502607,1.1732478729617641,1.1745216259310143,0.969155983024939,0.012672574498773773,49.735542019290776,49.748214593789555,0.9826818744744038,0.011691973651821508,48.533748417464054,48.545440391115875,0.1075544606220134,0.08881093312667947,0.019804734901859723,2.5110169816176517,0.9996750731467143,0.01635313005365508,0.01994658866141273,74.72984565922536,0.9908980814517554,0.0726102261652185,0.018504818195792572,3.509994707373415,-0.9995572098860334,1.4377633703668133,0.5171447630518726,0.9206186073149408,0.2811183148165932,0.2875526740733627,1.7342136128260246,0.7521123431034167,0.9821012697226079,0.1328931935869877,0.34684272256520493,1.7735957136545348,0.78666463530342,0.9869310783511149,0.11320214317273261,0.354719142730907,0.28755267407336266,0.3468427225652049,0.35471914273090693,0.32550048828125,0.3497314453125,0.2875526740733627,0.2873786163139237,0.0036024720199353743,0.0019251552371569636,0.34684272256520493,0.3445439107390401,0.12982162327679247,0.13020507026072492,0.354719142730907,0.3462812072074998,0.35501309273078085,0.18632982355506628,15.613514635791073,12.743995875658806,0.0,0.0,64.0,0.7501920366648582,0.00028603121957543445,1.2061884789731279,1.23357970456713
32,0.2,0.5,0.017677669529663688,1.0,3.5672284353846506e-16,1.366555523255042e-15,0.278262581345172,1.0,5.452764990669996e-05,0.040050300600234956,0.04023179775328678,0.00018149715305182217,0.00012696950314512403,0.07511200405510342,1.694576271463296,1.7750612728966515,0.08048500143335569,0.0053729973782522394,0.0028425634387909036,0.07012047723793863,0.07049861887903383,0.0003781416410951928,-0.0024644217976957103,1.001237868499976e-05,0.040050300600234956,0.04006031297891996,1.0001577929217254,0.07447341326124485,0.04023179775328678,0.11470521101453163,1.0363661029834548,0.07437141064536035,5.452764990669996e-05,0.07442593829526706,0.22535435620325356,0.001413373637604589,1.694576271463296,1.6959896451009004,0.9684004340286769,0.07213665705777611,1.7750612728966515,1.8471979299544277,1.0040612076024433,0.06995736717673537,0.07511200405510342,0.14506937123183877,0.2184558777093546,0.14706827885582108,0.07012047723793863,3.2422798658476104,0.9995929637409855,0.14894664155814913,0.07049861887903383,3.1801313224920666,0.9665054301885602,0.031278969016530496,0.0028425634387909036,40.744796970364746,0.05495724756171318,0.10060674193750302,0.06529501347019098,0.03531172846731198,0.9496966290312485,0.020121348387500584,0.8249906654111623,0.194846908947656,0.6301437564635064,0.5875046672944189,0.16499813308223243,1.0559699326935312,0.29455429579901093,0.7614156368945203,0.47201503365323444,0.21119398653870625,0.0201213483875006,0.16499813308223243,0.21119398653870622,0.0,0.0,0.020121348387500584,0.013237668863991983,0.020102219076900515,0.007552206524387289,0.16499813308223243,0.02530045355518897,0.16211676639614128,0.15880614333306944,0.21119398653870625,0.03203866662496296,0.21085620543735012,0.2062256193554372,14.097143786768441,10.35531508375198,0.0,0.0,0.5,1377.5030499870159,52.130679456288654,8.200152887603176,10.49601559853217
32,0.2,1.0,0.035355339059327376,1.0,4.438723694155655e-16,1.3136193521834372e-15,0.2383917601397138,1.0,0.0005247900333971418,0.039922107695298456,0.04051465759580678,0.0005925499005083245,6.775986711118312e-05,0.5540093240925368,1.6967518393210002,2.331298550972432,0.6345467116514321,0.08053738755889538,0.01637795198929582,0.06988136043245269,0.07299588779092524,0.0031145273584725595,-0.013263424630823256,1.0705662044550165e-05,0.039922107695298456,0.03993281335734301,1.0003735291589515,0.5453240150719707,0.04051465759580678,0.5858386726677776,1.2580714879269808,0.5455068145011611,0.0005247900333971418,0.5460316045345582,0.6919899625940493,0.0012748524101081058,1.6967518393210002,1.698026691731108,0.9700199813569421,0.5093351856017095,2.331298550972432,2.8406337365741416,1.2191714725476883,0.5121242428719939,0.5540093240925368,1.0661335669645307,0.6706886827951415,0.14708844650578087,0.06988136043245269,3.230140863728873,0.9996061079578082,0.1583016036376321,0.07299588779092524,2.9365539593845704,0.8295639875798593,0.08692859798387959,0.01637795198929582,2.1600523733121815,-0.19184786031106088,0.3560272015815868,0.3294778723138988,0.026549329267688188,0.8219863992092067,0.07120544031631733,0.9525316030502181,0.34972218568967417,0.602809417360544,0.523734198474891,0.1905063206100436,1.1645415149703635,0.41943000938342734,0.7451115055869362,0.41772924251481824,0.23290830299407267,0.07120544031631734,0.1905063206100436,0.23290830299407267,0.00152587890625,0.00244140625,0.07120544031631733,0.06671600525610846,0.0711100259968225,0.007525762092366238,0.1905063206100436,0.10574050806572434,0.17450950502700796,0.15867446782189237,0.23290830299407267,0.12609480191956474,0.23042217596040238,0.20599294276035618,14.0310110412547,10.28822324986778,0.0,0.0,1.0,1055.6780594826632,31.208580474129523,2.675446142369932,3.2709341022177454
32,0.2,2.0,0.07071067811865475,1.0,5.551115123125783e-16,1.5161483180037294e-15,0.2272855556758861,1.0,0.008948560429422797,0.03990115890346184,0.046000102972223705,0.006098944068761871,-0.0028496163606609288,1.9117124403702668,1.6961731234505055,3.6088791973598044,1.912706073909299,0.0009936335390320974,0.0413435870456194,0.06995136209911396,0.07925737470844613,0.009306012609332169,-0.03203757443628723,9.142709847387113e-06,0.03990115890346184,0.039910301613309225,1.0004465424472562,1.7709132855963547,0.046000102972223705,1.8169133885685786,1.6522088779739543,1.7708905143669,0.008948560429422797,1.7798390747963229,1.2773786505210174,0.0013319816722357338,1.6961731234505055,1.6975051051227412,0.9703777624788146,1.6689802436170007,3.6088791973598044,5.277859440976805,1.6034662906598967,1.6688344528973587,1.9117124403702668,3.580546893267625,1.2400924784667504,0.1471546390361837,0.06995136209911396,3.2304564942478713,0.9996340979132763,0.1698286773467416,0.07925737470844613,2.7684221665057076,0.6008197052994138,0.1413234764176507,0.0413435870456194,2.0558325594458777,-0.31877464150610807,0.7380434680828479,0.7207002959736737,0.01734317210917429,0.6309782659585761,0.1476086936165696,1.176487918385504,0.6015355623200693,0.5749523560654347,0.41175604080724804,0.2352975836771008,1.3827527112198577,0.6497248121248593,0.7330278990949983,0.3086236443900712,0.2765505422439716,0.1476086936165696,0.2352975836771008,0.2765505422439715,0.030487060546875,0.041473388671875,0.1476086936165696,0.14540026006768192,0.14769335665514027,0.007515934692811893,0.2352975836771008,0.1968543047430046,0.20728244687388656,0.15856598950884582,0.2765505422439716,0.22889533606724344,0.27157543746771196,0.20592040341204498,13.714512166488863,9.977549731982915,0.0,0.0,2.0,213.63351741857508,4.620138330818218,1.5940631809147576,1.8735383090805149
32,0.2,4.0,0.1414213562373095,1.0,7.7021722333370235e-16,1.7937040741600185e-15,0.21882862750204685,1.0,0.1283041698970262,0.03998720550878605,0.16650620308337247,0.1265189975745864,-0.0017851723224397687,5.360635998709262,1.6932416219818451,7.170190173866937,5.476948551885091,0.11631255317582896,0.05312894767075911,0.07007418464067997,0.08201767878673735,0.011943494146057389,-0.04118545352470172,9.56727152588315e-06,0.03998720550878605,0.03999677278031194,0.9997485126490562,3.4868017630669073,0.16650620308337247,3.6533079661502805,2.0585623579690324,3.488395996284315,0.1283041698970262,3.6167001661813414,1.6731573057256175,0.0014898470613308075,1.6932416219818451,1.6947314690431758,0.9680632572021,3.307143272574554,7.170190173866937,10.477333446441492,2.002537144575066,3.3134631182840337,5.360635998709263,8.674099116993297,1.6317572049508877,0.14764816209510764,0.07007418464067997,3.2144931324006936,0.9996003287051279,0.15106016987421578,0.08201767878673735,3.866908613874716,0.5744563887378296,0.134643336792092,0.05312894767075911,4.20959406939528,-0.5380844751240066,0.8395908831902827,0.7981622260529415,0.04142865713734127,0.5802045584048587,0.16791817663805653,1.3423417701942018,0.6964361039236542,0.6459056662705478,0.32882911490289923,0.2684683540388403,1.4889545783274851,0.7077944214323109,0.7811601568951743,0.2555227108362575,0.297790915665497,0.16791817663805653,0.2684683540388403,0.297790915665497,0.0618896484375,0.08319091796875,0.16791817663805653,0.16562988605466486,0.1668697101250684,0.007545384255873939,0.2684683540388403,0.24812538456976788,0.21796905810642514,0.15881450001102082,0.297790915665497,0.2560334832090776,0.29333630714471093,0.20561506421337505,13.886429672785312,10.365431905086883,0.0,0.0,4.0,41.78068415867994,0.4140859000404984,1.5988046048017612,1.7734287116955654
32,0.2,8.0,0.282842712474619,1.0,1.1657341758564144e-15,2.123301534595612e-15,0.21958986643562944,1.0,0.9403566084588053,0.04004392451314064,0.9566692880440741,0.9166253635309335,-0.023731244927871858,11.220742735097149,1.689688986964606,12.534892963147684,10.845203976183079,-0.37553875891407207,0.06559135871179636,0.07015948412331346,0.08237198933872819,0.012212505215414721,-0.05337885349638165,1.0373649520677169e-05,0.04004392451314064,0.040054298162661324,0.9997459547125493,2.3557292615247856,0.9566692880440741,3.3123985495688597,1.7688482109012764,2.3560600508285408,0.9403566084588053,3.2964166592873463,1.3845296104916378,0.0014584662983438837,1.689688986964606,1.6911474532629498,0.9682261050980032,2.2090983221647273,12.534892963147684,14.743991285312411,1.7117583872326474,2.205236530890331,11.220742735097149,13.425979265987479,1.3390241297052758,0.1475753852668954,0.07015948412331346,3.2216543247141853,0.9995487958680958,0.09647688311589463,0.08237198933872819,10.536451897301884,0.5874275573621256,0.12285965699546214,0.06559135871179636,4.769480680142481,-0.7761974331414707,0.8039791817394484,0.60888180870335,0.1950973730360986,0.5980104091302759,0.16079583634788963,1.5175364712050583,0.7061980238295329,0.8113384473755253,0.2412317643974709,0.30350729424101164,1.6477398179006482,0.7531567617245202,0.8945830561761281,0.17613009104967603,0.3295479635801296,0.16079583634788963,0.30350729424101164,0.32954796358012955,0.068267822265625,0.088409423828125,0.16079583634788963,0.15886467396215342,0.15768727582114203,0.007557914629982785,0.30350729424101164,0.2963847424521743,0.21634640454808612,0.1585960791143744,0.3295479635801296,0.3135051512458916,0.32471216935086555,0.2058316007003212,14.508181991626419,10.94126292294352,0.0,0.0,8.0,11.932433540811026,0.06975157947716996,1.8875320476853568,2.0494807021441557
32,0.2,16.0,0.565685424949238,1.0,1.6375789613221059e-15,1.887379141862766e-15,0.21314451765504805,1.0,4.085923373393513,0.040076564521157605,4.128302062995088,4.08822549847393,0.00230212508041708,12.129781821702235,1.6945088277088942,13.849530792665783,12.155021964956891,0.025240143254655706,0.05572709719541467,0.06997058654876606,0.07652096560148253,0.006550379052716474,-0.049176718142698195,9.46958458050806e-06,0.040076564521157605,0.040086034105738105,1.0002460668717796,0.004716427866529574,4.128302062995088,4.133018490861617,1.0054169538332722,0.004696396349138462,4.085923373393513,4.090619769742652,0.052730602438259715,0.0013397324110400472,1.6945088277088942,1.695848560119934,0.968959910760013,0.008085759397604114,13.849530792665783,13.857616552063387,0.9763594140286542,0.007170399932600419,12.129781821702235,12.136952221634834,0.08255962057948069,0.14710191725395427,0.06997058654876606,3.233723899161756,0.9995747297909094,0.056362818741744425,0.07652096560148253,24.093458296643288,0.9952645480715343,0.09108698710564614,0.05572709719541467,6.716949673104146,-0.9984187820554897,0.7957121490343996,0.1600460617770263,0.6356660872573732,0.6021439254828004,0.15914242980687987,1.5057599826181576,0.567326212826034,0.9384337697921235,0.24712000869092127,0.3011519965236315,1.605263473628797,0.6446050365607403,0.9606584370680569,0.19736826318560158,0.32105269472575937,0.15914242980687987,0.30115199652363145,0.32105269472575937,0.10797119140625,0.13275146484375,0.15914242980687987,0.1564688221123539,0.008375622316208989,0.007554541230299134,0.3011519965236315,0.2923971506563262,0.15841061197265155,0.15870838950187696,0.32105269472575937,0.29958947105516565,0.3179140179925669,0.2060531143692404,15.072205730995165,11.715659546758333,0.0,0.0,16.0,2.9686757957058787,0.013638801343729367,1.892342581981945,2.0173921883394543
32,0.2,32.0,1.131370849898476,1.0,3.4139358007223564e-15,1.8735013540549517e-15,0.21052260493759958,1.0,16.014281459214292,0.0399022857500441,16.055110032366635,16.01520774661659,0.0009262874022984041,12.114995767703743,1.692769569735394,13.7942496544951,12.101480084759705,-0.013515682944036423,0.056127377936096026,0.06995096341010118,0.07660216283503124,0.006651199424930074,-0.04947617851116595,1.0687873872309872e-05,0.0399022857500441,0.03991297362391641,0.9999101978775373,0.0036845673473327846,16.055110032366635,16.058794599713966,1.0014066418064123,0.0037037593875073587,16.014281459214292,16.017985218601797,0.056021483391776206,0.0013411080807730644,1.692769569735394,1.694110677816167,0.9693369069320263,0.003965935169908197,13.7942496544951,13.798215589665007,0.9686619047587708,0.0028831924494616785,12.114995767703743,12.117878960153202,0.053362189682518144,0.1474921516714857,0.06995096341010118,3.2156321915942865,0.9996142706706745,0.05639545407325584,0.07660216283503124,24.094980283470928,0.997250610099948,0.09127678605100333,0.056127377936096026,6.737299369371907,-0.9991035603555707,1.1507261761114407,0.3329620391986664,0.817764136912774,0.42463691194427977,0.23014523522228808,1.5073590904119123,0.5682258672822298,0.9391332231296826,0.24632045479404388,0.30147181808238244,1.6043699371851434,0.6437264087152981,0.9606435284698451,0.19781503140742843,0.32087398743702866,0.23014523522228802,0.30147181808238244,0.32087398743702855,0.2734375,0.320159912109375,0.23014523522228808,0.2286722062115092,0.008217134992425329,0.007530878656835492,0.30147181808238244,0.2929134479562515,0.159074325442554,0.15862170908802836,0.32087398743702866,0.29973183657199354,0.3176133125085639,0.2055751323748085,15.061947868152963,11.920348793581066,0.0,0.0,32.0,0.7565119795451716,0.0035048327381433323,1.3099198764258702,1.3942239000825254
32,0.2,64.0,2.262741699796952,1.0,6.8833827526759706e-15,2.0816681711721685e-15,0.2159456323803711,1.0,64.51968931912302,0.04003613122465272,64.56127830086464,64.52124216964,0.0015528505169714142,12.128258667771364,1.6918682777258836,13.828488307366895,12.136620029641012,0.008361361869647218,0.05602592278752105,0.07015757803927028,0.07675316402717902,0.006595585987908742,-0.0494303367996123,1.0383165620788579e-05,0.04003613122465272,0.04004651439027351,1.0002457675936478,0.01949432106152252,64.56127830086464,64.58077262192617,1.0104608975022658,0.019561509964221575,64.51968931912303,64.53925082908725,0.12497818522049876,0.0014720491742046763,1.6918682777258836,1.693340326900088,0.9667582518893063,0.004058211154072222,13.828488307366895,13.832546518520967,0.9713938697318909,0.0028476843861709447,12.128258667771364,12.131106352157534,0.05324813006587307,0.14711811895175225,0.07015757803927028,3.2417118408050873,0.9996556303974709,0.056227428201308535,0.07675316402717902,24.289758469435824,0.9972182991576803,0.09106666123454325,0.05602592278752105,6.756271117075258,-0.9992296023961017,1.4518250858975974,0.5283285903226537,0.9234964955749434,0.2740874570512014,0.29036501717951946,1.506885494501356,0.567890392637199,0.9389951018641569,0.24655725274932208,0.3013770989002712,1.6059526272286369,0.6449962968501469,0.96095633037849,0.19702368638568163,0.32119052544572735,0.2903650171795194,0.30137709890027115,0.3211905254457273,0.434661865234375,0.489501953125,0.29036501717951946,0.28961751753836534,0.01099456284530386,0.007544591342239241,0.3013770989002712,0.29270496811579927,0.1585190694013391,0.15891717192808497,0.32119052544572735,0.2998893396246158,0.3180034881876066,0.20614598047575397,15.056003493614407,11.922189320705659,0.0,0.0,64.0,0.18797763590868166,0.0008683538835782258,1.0379249602025697,1.10616123307702
32,0.4,0.5,0.035355339059327376,1.0,4.570996359198887e-16,1.5971382202883966e-15,0.5356785075637802,1.0,0.00018259202106315952,0.1598948868012472,0.16081581884392737,0.0009209320426801955,0.0007383400216170359,0.09981036297661383,3.7763397215523664,3.9484662125475016,0.17212649099513544,0.07231612801852177,0.0065241288153380875,0.25408316313018586,0.255953093504671,0.0018699303744851292,-0.00465419844085293,3.934343223852475e-05,0.1598948868012472,0.15993423023348569,0.9999873763058692,0.09673706791860696,0.16081581884392737,0.25755288676253435,1.0718434323714108,0.09704769004287263,0.0001825920210631595,0.09723028206393579,0.29364023395273936,0.0019692814454928508,3.7763397215523664,3.778309002997859,0.9686398714517006,0.09193285361205887,3.9484662125475016,4.04039906615956,1.0384313281911939,0.09098594846683829,0.09981036297661383,0.1907963114434521,0.28442348839486115,0.19444521313692792,0.25408316313018586,6.72080867063918,0.9993030608219077,0.20419995281281772,0.255953093504671,6.191501728973881,0.9598375690866235,0.05474586216804618,0.0065241288153380875,1.9681573464657074,-0.000767500358000937,0.1986933001607163,0.0774365377628933,0.12125676239782304,0.900653349919642,0.03973866003214324,1.106910678621413,0.3238375476158459,0.7830731310055671,0.44654466068929366,0.22138213572428256,1.2863603954384908,0.4251649547940046,0.8611954406444863,0.3568198022807546,0.25727207908769817,0.039738660032143255,0.2213821357242825,0.2572720790876981,0.0,0.0,0.03973866003214324,0.015656469814032608,0.039623114870519865,0.02795708080379548,0.22138213572428256,0.030355989832889452,0.21834916181319805,0.22067950687499388,0.25727207908769817,0.03818955702750543,0.25682464700491425,0.25694043519492427,14.206480390647627,10.547766262618651,0.0,0.0,0.5,546.6304737493919,35.73063476350567,5.570951198284344,6.4741005076567655
32,0.4,1.0,0.07071067811865475,1.0,4.575333167888829e-16,1.6638166538962551e-15,0.5349589685629335,1.0,0.0018299578654245813,0.1595557339005741,0.1592624503528413,-0.0002932835477328054,-0.0021232414131573873,0.5547609162260463,3.7812621439855505,4.268784287314174,0.48752214332862465,-0.06723877289742161,0.036641244787417745,0.25346904695475747,0.26091731279537445,0.007448265840616954,-0.029192978946800792,4.0464559882222186e-05,0.1595557339005741,0.1595961984604563,0.9994883826954397,0.5280156035472395,0.1592624503528413,0.6872780539000809,1.2175131771233179,0.5288837293299826,0.0018299578654245815,0.5307136871954072,0.7072659070370642,0.0016570228123673585,3.7812621439855505,3.7829191667979174,0.9722412249796207,0.4969466734216071,4.268784287314174,4.765730960735782,1.1821965239065073,0.4980818544116795,0.5547609162260463,1.0528427706377257,0.6863260984412529,0.19539625175650688,0.25346904695475747,6.6396394642602665,0.9993113149123213,0.22629820538837883,0.26091731279537445,5.193009045127495,0.8029322748630021,0.13324505552244012,0.036641244787417745,2.0285907634777818,-0.11094394252857484,0.45801361677527164,0.360767918340294,0.09724569843497768,0.7709931916123642,0.09160272335505432,1.1915676323969069,0.441038594341026,0.7505290380558809,0.40421618380154656,0.2383135264793814,1.3554243701969004,0.5182829362783052,0.837141433918595,0.3222878149015499,0.27108487403938003,0.09160272335505432,0.23831352647938137,0.27108487403938003,0.00274658203125,0.001434326171875,0.09160272335505432,0.07533186115492276,0.09164570354588461,0.02792766938469924,0.2383135264793814,0.11847058106395061,0.23176863194776426,0.22022009730565728,0.27108487403938003,0.1385742081685914,0.26960630777274525,0.2561208062869425,14.155503194683149,10.414940483327614,0.0,0.0,1.0,303.15502160337024,20.02299915190471,2.6015987052663547,2.9593538719220023
32,0.4,2.0,0.1414213562373095,1.0,5.0111824412280015e-16,1.6245685352522798e-15,0.5033887447470154,1.0,0.0313015525832055,0.16016392448555455,0.1824272634828527,0.02226333899729814,-0.009038213585907364,1.3763576447919657,3.768362859351172,4.946091658132483,1.17772879878131,-0.19862884601065572,0.08112120108307735,0.2538766942403993,0.2746917102654761,0.020815016025076793,-0.060306185058000554,4.169881769311857e-05,0.16016392448555455,0.16020562330324767,1.000382065365275,0.9310783479950288,0.1824272634828527,1.1135056114778814,1.3439713301222693,0.9301904128123824,0.03130155258320551,0.9614919653955879,0.814471314987526,0.0019063908399410663,3.768362859351172,3.770269250191113,0.9679395547732486,0.8762954561082155,4.946091658132483,5.822387114240698,1.300909395324438,0.8661798874730834,1.3763576447919657,2.2425375322650494,0.7860883341925327,0.1942224018080272,0.2538766942403993,6.731449244741338,0.9992433178518283,0.22998611347851972,0.2746917102654761,5.514701384762297,0.7398427608033404,0.14662515252219738,0.08112120108307735,14.261513905871736,-0.1780653151753558,0.570156798970442,0.4749847656403869,0.09517203333005492,0.714921600514779,0.1140313597940884,1.2599595554099419,0.5164016374613284,0.7435579179486135,0.3700202222950291,0.2519919110819884,1.4267057111458419,0.5880893660527475,0.8386163450930941,0.28664714442707917,0.2853411422291683,0.1140313597940884,0.2519919110819884,0.2853411422291683,0.0262451171875,0.027008056640625,0.1140313597940884,0.10090059113032304,0.11365779102433811,0.027980364683760955,0.2519919110819884,0.16872914025687774,0.2391894862907763,0.22067477375493205,0.2853411422291683,0.19886952942115488,0.2814817945042356,0.25705957105048094,14.048886030029117,10.32345280348383,0.0,0.0,2.0,43.97090659108184,2.5916031119364358,2.209847462461393,2.502304127078917
32,0.4,4.0,0.282842712474619,1.0,5.759281940243e-16,1.6202317265623378e-15,0.4125939281926294,1.0,0.23414977983906154,0.15998904380795792,0.3910971642637016,0.2311081204557437,-0.00304165938331789,2.7930435866651826,3.7775155836199024,6.5709528862335835,2.7934373026136807,0.0003937159484982966,0.11573607693713261,0.25405776252639883,0.2822186371061612,0.02816087457976235,-0.08757520235737024,3.733482958129085e-05,0.15998904380795792,0.16002637863753924,1.0005440264004366,0.5521471500554089,0.3910971642637016,0.9432443143191107,1.2417852717573292,0.5522400932419298,0.2341497798390616,0.7863898730809913,0.6575386536233467,0.0019205067990967937,3.7775155836199024,3.7794360904189994,0.970799617144862,0.5208197492245992,6.5709528862335835,7.091772635458183,1.2046239352292127,0.5203008517223069,2.7930435866651826,3.3133444383874897,0.6411846258961968,0.19429785340594452,0.25405776252639883,6.730382098041575,0.9992060570142474,0.18319754713183883,0.2822186371061612,9.217250871048892,0.8157365360824325,0.11384362170727008,0.11573607693713261,16.72084190649129,-0.5254628646109873,0.4706131021465616,0.2826616743636363,0.18795142778292526,0.7646934489267192,0.09412262042931231,1.308869669619699,0.4909700893100492,0.8178995803096499,0.3455651651901505,0.26177393392393977,1.4858335712422437,0.5937542335495569,0.8920793376926865,0.25708321437887827,0.2971667142484487,0.0941226204293123,0.26177393392393977,0.29716671424844865,0.010040283203125,0.016937255859375,0.09412262042931231,0.07812613835251163,0.0845228330660566,0.027947343336987895,0.26177393392393977,0.20774271816431022,0.227943597709345,0.22032366069543563,0.2971667142484487,0.2352409020062431,0.292460738371062,0.2570220257034787,14.119531224774745,10.515094014826857,0.0,0.0,4.0,11.928448485345273,0.4942822368514787,2.7812010835433174,3.157229504374307
32,0.4,8.0,0.565685424949238,1.0,8.049116928532385e-16,1.4849232954361469e-15,0.3856763644898998,1.0,0.9946661976868667,0.15938596283966433,1.1530420195607463,0.9936560567210819,-0.0010101409657846069,3.0354195893002682,3.7729923199031,6.810252770331898,3.037260450428798,0.0018408611285296319,0.11565524736914379,0.2528473321363988,0.28100693754580447,0.028159605409405687,-0.0874956419597381,3.7793081076924575e-05,0.15938596283966433,0.15942375592074123,0.9993738146358762,0.002363786791724664,1.1530420195607463,1.155405806352471,0.9992302173671033,0.0023772257066660505,0.9946661976868667,0.9970434233935327,0.04635780753565791,0.0020094161704048777,3.7729923199031,3.7750017360735044,0.9670551088707526,0.004384238455299139,6.810252770331898,6.814637008787196,0.9683522467166259,0.0022282928666953537,3.0354195893002687,3.0376478821669637,0.04595482978024743,0.19481800769846663,0.2528473321363988,6.662698932242307,0.9992475875550128,0.1419825592421256,0.28100693754580447,13.94804327323668,0.9954495224155913,0.05455085898674609,0.11565524736914379,38.984904362070246,-0.9777845645295737,0.5067118856488781,0.06645096626624387,0.44026091938263423,0.746644057175561,0.1013423771297756,1.3097601419509068,0.42929258672480664,0.8804675552261001,0.34511992902454663,0.2619520283901814,1.4889214199491811,0.5548593377580816,0.9340620821910994,0.2555392900254095,0.29778428398983625,0.1013423771297756,0.26195202839018134,0.29778428398983614,0.03143310546875,0.05035400390625,0.1013423771297756,0.08527523910862453,0.0283282557603593,0.027895579045107706,0.2619520283901814,0.20559354974851507,0.22083536515032354,0.22080058388970808,0.29778428398983625,0.23656949227216936,0.2926759245329891,0.2564489275839008,14.138629988771502,10.64203912474731,0.0,0.0,8.0,3.0516967364119236,0.11627543756699923,2.5848222215543113,2.938398451108995
32,0.4,16.0,1.131370849898476,1.0,1.7208456881689926e-15,1.6792123247455493e-15,0.38860265992245385,1.0,3.9940657872412957,0.16034860302877593,4.154375110811046,3.9940265077822703,-3.9279459025810554e-05,3.022500951028005,3.781084059686589,6.814481748012457,3.0333976883258678,0.010896737297862887,0.11490223280273557,0.2540622473416048,0.28225953477707066,0.028197287435465852,-0.08670494536726975,3.80167896036062e-05,0.16034860302877593,0.1603866198183795,1.0001143814249813,0.0017933177008559367,4.154375110811046,4.1561684285119025,0.9979157590282941,0.0017252839029747332,3.9940657872412957,3.9957910711442706,0.033538801534064244,0.0018456298768901214,3.781084059686589,3.7829296895634794,0.9698693966433212,0.0023893089041059296,6.814481748012457,6.816871056916563,0.9711653712543132,0.000619573692050532,3.022500951028005,3.0231205247200554,0.024753334751838635,0.19500317603330392,0.2540622473416048,6.681729119253337,0.9992985691321865,0.14140377418605676,0.28225953477707066,14.119458664191349,0.9985604038346884,0.05390070986067703,0.11490223280273557,39.562524949011575,-0.9956362627330011,0.8321014319263205,0.1758163548316144,0.6562850770947062,0.5839492840368399,0.16642028638526407,1.3075201895967683,0.42760159132770437,0.879918598269064,0.3462399052016159,0.2615040379193536,1.4904857480526321,0.5555837303211473,0.9349020177314848,0.25475712597368394,0.29809714961052647,0.16642028638526407,0.2615040379193536,0.29809714961052636,0.149688720703125,0.213104248046875,0.16642028638526407,0.1565508500382503,0.028455605933921664,0.02802188728412188,0.2615040379193536,0.2046269922778491,0.22052402654281295,0.220665421431649,0.29809714961052647,0.23626369038680994,0.292971147286599,0.2565918692449443,14.129892111466805,10.563764657858599,0.0,0.0,16.0,0.7567479135379112,0.028768237411056424,1.5713471211915238,1.791230841415749
32,0.4,32.0,2.262741699796952,1.0,3.4416913763379853e-15,1.5942108744226857e-15,0.3998202814258101,1.0,16.152712743130557,0.16005848960791813,16.31579564020754,16.15573715059962,0.003024407469063433,3.025884956951212,3.7823329565331085,6.788539979177438,3.006207022644329,-0.019677934306882437,0.11517694731270411,0.25424631457958746,0.28215778129029545,0.027911466710707995,-0.08726548060199613,3.9252941549681554e-05,0.16005848960791813,0.16009774254946782,1.0000517492013667,0.0028756614367375925,16.31579564020754,16.318671301644276,1.005936808257509,0.002853954917688823,16.152712743130557,16.155566698048247,0.03961923305008479,0.001943754584030107,3.7823329565331085,3.7842767111171387,0.9682543303838048,0.002871854800571916,6.788539979177438,6.79141183397801,0.9680314035098596,0.0007772053607518685,3.025884956951212,3.026662162311964,0.027621751705559472,0.19485148753789844,0.25424631457958746,6.698092812519447,0.9992021247026563,0.14130383361542115,0.28215778129029545,14.139435851360187,0.9983212464461725,0.053908392040420985,0.11517694731270411,39.644539221897745,-0.9948241472474146,1.1730000183268263,0.34490588933890887,0.8280941289879175,0.41349999083658695,0.23460000366536526,1.3085871711148522,0.42833225468659086,0.8802549164282615,0.3457064144425739,0.26171743422297045,1.490898660073893,0.5559253273240623,0.9349733327498306,0.2545506699630536,0.29817973201477854,0.2346000036653652,0.2617174342229704,0.29817973201477854,0.339080810546875,0.441864013671875,0.23460000366536526,0.22924745647414946,0.028180424712399354,0.02797901903552624,0.26171743422297045,0.20527820517564146,0.22090068221619164,0.2207771777577651,0.29817973201477854,0.23656282197930203,0.2931298397710287,0.2567692288246086,14.123450226633665,10.540124845037674,0.0,0.0,32.0,0.18732983153173843,0.007130501801419498,1.1155900687720604,1.2710133305884503
32,0.4,64.0,4.525483399593904,1.0,7.327471962526033e-15,1.6479873021779667e-15,0.4004769192967541,1.0,64.02307663383779,0.16000995509198282,64.1841752461736,64.02416529108163,0.0010886572438410032,3.0223050460513794,3.7718234753872992,6.804022235707364,3.0321987603200644,0.009893714268684885,0.11491167001696646,0.2536496626747997,0.28115309268719757,0.027503430012397877,-0.08740824000456858,4.3305995110128406e-05,0.16000995509198282,0.16005326108709295,0.9997539304260532,0.0050509064354636556,64.1841752461736,64.18922615260907,1.0047030794212355,0.005038878430659204,64.02307663383779,64.02811551226846,0.0606572380909404,0.001992465464040934,3.7718234753872992,3.77381594085134,0.9692848571041823,0.0026162386312270454,6.804022235707364,6.806638474338591,0.9707783668622604,0.0006375503040007913,3.02230504605138,3.02294259635538,0.025018749730491008,0.19492282550274556,0.2536496626747997,6.677244368641751,0.9991627937199873,0.14156350670585474,0.28115309268719757,14.032103850606601,0.998257249712059,0.053686968569167964,0.11491167001696646,39.891741550123555,-0.9954473515906849,1.4550749598036403,0.5305060326829383,0.924568927120702,0.2724625200981799,0.29101499196072805,1.3076021817934198,0.4276800282507951,0.8799221535426249,0.3461989091032901,0.261520436358684,1.489066527890994,0.5545679700420496,0.9344985578489444,0.2554667360545031,0.2978133055781988,0.291014991960728,0.26152043635868394,0.29781330557819874,0.52423095703125,0.64117431640625,0.29101499196072805,0.28814276435598896,0.028637646075038818,0.027978562301952888,0.261520436358684,0.20474538437110323,0.2203249926716151,0.22048732424176384,0.2978133055781988,0.2361810561678011,0.29282438610362704,0.25660469910629685,14.131864943015543,10.428619213839452,0.0,0.0,64.0,0.04720649498518501,0.0017948476714758938,0.8986493602844203,1.0233606989511665
32,0.8,0.5,0.07071067811865475,1.0,5.509915440571334e-16,2.8493917295091542e-15,1.0806141068374537,1.0,0.0005435831867743001,0.6396988459744591,0.6397885568482977,8.971087383863319e-05,-0.00045387231293568357,0.12343137609607147,12.093681190896003,12.219936560288915,0.12625536939291315,0.0028239932968414996,0.01061703774642184,0.9757545825772416,0.9777957463774449,0.002041163800203402,-0.008575873946218497,0.00014569695787864994,0.6396988459744591,0.6398445429323378,1.000321690315285,0.11589577315535758,0.6397885568482977,0.7556843300036553,1.0604918453367382,0.11603676994911523,0.0005435831867743001,0.11658035313588952,0.3086825837461189,0.003725273236762015,12.093681190896003,12.097406464132764,0.9692629179929224,0.11079401377115469,12.219936560288915,12.33073057406007,1.0271141164029762,0.10827949543229168,0.12343137609607147,0.23171087152836317,0.29838705377617125,0.21467642318237196,0.9757545825772416,21.17788081172555,0.9977955172564745,0.22679012256262332,0.9777957463774449,19.171425842881128,0.9471542711539463,0.06647184096412904,0.01061703774642184,2.352381543552658,0.00025265384373598584,0.48134906978404907,0.12088444951873954,0.3604646202653095,0.7593254651079755,0.0962698139568098,1.465020159136196,0.5446981692027784,0.9203219899334178,0.26748992043190206,0.2930040318272392,1.5803513069098216,0.6297134909619828,0.9506378159478387,0.20982434654508925,0.3160702613819643,0.09626981395680981,0.29300403182723916,0.31607026138196426,0.001953125,0.000274658203125,0.0962698139568098,0.020017620214866805,0.09627198256587273,0.08680423323127041,0.2930040318272392,0.037830105125889954,0.29251898510943664,0.29270607930759684,0.3160702613819643,0.04782108112174015,0.31599485953807416,0.31588437224772803,14.228102656372599,10.57864375866781,0.0,0.0,0.5,227.0698930710694,19.53157861527111,3.0435711858619743,3.2831710002448444
32,0.8,1.0,0.1414213562373095,1.0,5.97015926279143e-16,2.8356223619185883e-15,1.0111911220470802,1.0,0.008344177821500872,0.6396033926368421,0.6482544834973216,0.00865109086047959,0.00030691303897870115,0.3171424193007863,12.132334298323855,12.420669035342758,0.2883347370189051,-0.02880768228188095,0.028218300932926557,0.9743457557099141,0.9801934476339766,0.00584769192406244,-0.022370609008864145,0.0001519694936356491,0.6396033926368421,0.6397553621304777,1.0011050310997045,0.19403613938004485,0.6482544834973216,0.8422906228773663,1.0766787269745701,0.1938096250464595,0.008344177821500872,0.20215380286796036,0.3946921195466403,0.0035247878920719455,12.132334298323855,12.135859086215927,0.9714282035673478,0.189478787661145,12.420669035342758,12.610147823003905,1.0464573419183505,0.18184090997093372,0.3171424193007863,0.49898332927171996,0.38186852066428534,0.21476439803691746,0.9743457557099141,21.133814909587095,0.997787454202586,0.23174411522578642,0.9801934476339766,18.475034163026027,0.9021801167408753,0.09102908937239036,0.028218300932926557,12.521733868066844,-0.07909371981647527,0.5324106069131451,0.17620653710888395,0.3562040698042613,0.7337946965434274,0.106482121382629,1.4807042048806487,0.5620850830954436,0.918619121785205,0.25964789755967577,0.2961408409761297,1.5932206694009436,0.6445425200595859,0.9486781493413579,0.20338966529952815,0.31864413388018875,0.10648212138262901,0.2961408409761297,0.31864413388018875,0.004913330078125,0.001190185546875,0.106482121382629,0.03493271948522034,0.1058274334907878,0.08673431054194977,0.2961408409761297,0.07442171755558254,0.29515187004785,0.2926475159044649,0.31864413388018875,0.09364103068691633,0.31839611902274756,0.31582832834157276,14.200068922157918,10.345977655232568,0.0,0.0,1.0,38.007629521459755,3.3817952513206286,2.7811320541970415,2.9924660566742887
32,0.8,2.0,0.282842712474619,1.0,5.804818431487391e-16,2.985459102156085e-15,0.9191526788528195,1.0,0.05778926221428611,0.6409619210670872,0.6938997169778973,0.052937795910810145,-0.00485146630347593,0.7010222635899364,12.136043925980495,12.669449732777593,0.5334058067970988,-0.16761645679283746,0.07065116424330123,0.9760391763393216,0.9910132109266857,0.01497403458736414,-0.055677129655937074,0.00016039188746937158,0.6409619210670872,0.6411223129545565,1.0015668270153422,0.14549120047155234,0.6938997169778973,0.8393909174494496,1.0192689192553614,0.1444673415587916,0.05778926221428611,0.2022566037730777,0.35716749133132897,0.004041360548155895,12.136043925980495,12.14008528652865,0.9727998777841571,0.14255635035394484,12.669449732777593,12.812006083131537,0.9889891991452072,0.13672120340231783,0.7010222635899364,0.8377434669922541,0.34780614025050693,0.21375522644228107,0.9760391763393216,21.370291119970048,0.9974150102275565,0.21557178687052603,0.9910132109266857,21.754560760843745,0.8973660940886553,0.09304087796507296,0.07065116424330123,13.26950944097793,-0.1676477211061458,0.5532857029545127,0.15396316547298425,0.39932253748152846,0.7233571485227437,0.11065714059090254,1.5024861132035001,0.5743372524451442,0.9281488607583557,0.24875694339825008,0.3004972226407,1.622457635104891,0.6667748048471032,0.9556828302577878,0.1887711824475546,0.32449152702097817,0.11065714059090254,0.30049722264069995,0.3244915270209781,0.006439208984375,0.002532958984375,0.11065714059090254,0.035441505511309396,0.10700100806044821,0.08679831993599121,0.3004972226407,0.11501097340976708,0.29856727298244023,0.2926840690547088,0.32449152702097817,0.16166260902454138,0.32395198272372816,0.3163634320161032,14.19807591115715,10.35459996674523,0.0,0.0,2.0,12.13066643748631,1.2225656036466153,2.7155701027160357,2.9324047710632386
32,0.8,4.0,0.565685424949238,1.0,5.84601811404184e-16,2.7924711154536652e-15,0.8463558020539503,1.0,0.2540879910753401,0.6422661710035851,0.8978628340559678,0.2555966630523828,0.0015086719770425927,0.7592801046828477,12.1334324666057,12.896068862869804,0.7626363962641014,0.00335629158125365,0.07916029671125588,0.9758066193434272,1.0006852520629579,0.02487863271953053,-0.054281663991725355,0.00014060872182201044,0.6422661710035851,0.642406779725407,0.9984683198158801,0.000700295238800576,0.8978628340559678,0.8985631292947684,0.998915861723725,0.0005182488031077281,0.2540879910753401,0.2546062398784479,0.021359020597063988,0.0038883986083352784,12.1334324666057,12.137320865214036,0.9697301245170533,0.004668786137993616,12.896068862869804,12.900737649007796,0.9709156761998837,0.0005653577190516269,0.7592801046828477,0.7598454624018993,0.023704184558390268,0.21651094893576867,0.9758066193434272,20.818650141501944,0.9972546469199624,0.20819146806339098,1.0006852520629579,23.094313743383047,0.9957405368076294,0.013468656067899244,0.07916029671125588,447.12070304940227,-0.6399874654669113,0.5319174316414914,0.07117061907919607,0.4607468125622953,0.7340412841792544,0.10638348632829825,1.47939975711091,0.5474231399518337,0.9319766171590764,0.260300121444545,0.295879951422182,1.5978093228552843,0.6386073668252465,0.9592019560300379,0.2010953385723579,0.31956186457105684,0.10638348632829825,0.295879951422182,0.31956186457105684,0.006011962890625,0.003387451171875,0.10638348632829825,0.035345748080581094,0.08731650392412865,0.08728419402435036,0.295879951422182,0.10179034847412927,0.29273864934190497,0.29281796649400205,0.31956186457105684,0.15375452683031945,0.31857432118843476,0.3153240932261402,14.132862981428843,10.364843832826551,0.0,0.0,4.0,2.988256554233262,0.3115467849394894,2.7812582726335906,3.0038671940576616
32,0.8,8.0,1.131370849898476,1.0,8.743006318923108e-16,2.8943861196673026e-15,0.8577307310219762,1.0,1.0168464644543218,0.6389771521360459,1.6551523604365275,1.0161752083004818,-0.0006712561538402612,0.7557293570128191,12.152041361317659,12.90605988515512,0.7540185238374615,-0.0017108331753573178,0.07933904925558621,0.9725021381133967,0.9963213002021891,0.023819162088792478,-0.05551988716679372,0.0001545701293096863,0.6389771521360459,0.6391317222653555,1.0005228777092068,0.00048167279729846525,1.6551523604365275,1.655634033233826,1.0008780324711877,0.0003087226429084949,1.0168464644543218,1.0171551870972304,0.015029879369864232,0.0034347075178049087,12.152041361317659,12.155476068835465,0.9777779108111467,0.003608088745288323,12.90605988515512,12.909667973900408,0.9758378033879891,0.00019550865821307565,0.7557293570128191,0.7559248656710321,0.013913396616005894,0.2165110836823564,0.9725021381133967,20.753269036199598,0.9974046454637784,0.20764784995547353,0.9963213002021891,23.117143116521678,0.9972420836243823,0.00980923393608299,0.07933904925558621,836.2510710007338,-0.9035714626011242,0.6955977148686707,0.12271763392782233,0.5728800809408483,0.6522011425656647,0.13911954297373413,1.4777460754999416,0.5461411877013915,0.9316048877985503,0.2611269622500292,0.2955492150999883,1.5969125495565124,0.6377710993439543,0.9591414502125581,0.20154372522174385,0.31938250991130246,0.13911954297373413,0.2955492150999883,0.31938250991130246,0.0501708984375,0.0518798828125,0.13911954297373413,0.08654166287046991,0.08669178421658191,0.08668565345262899,0.2955492150999883,0.10071234188586088,0.292457539796004,0.29224652546335483,0.31938250991130246,0.15416870694799306,0.31842391036225487,0.31507625444805465,14.146250125881066,10.402816896306476,0.0,0.0,8.0,0.7432089144533457,0.0780246104294246,2.1244262939807688,2.2957415118277242
32,0.8,16.0,2.262741699796952,1.0,1.8318679906315083e-15,2.9325500361387924e-15,0.8821915018373898,1.0,4.004721156243951,0.6393113724237913,4.642284976960955,4.002973604537163,-0.0017475517067877472,0.7571838857934469,12.10463295170049,12.866151208400655,0.7615182567001639,0.0043343709067161455,0.08014947654277058,0.9753403396479678,0.9999085643395955,0.0245682246916277,-0.05558125185114293,0.00015656380145287116,0.6393113724237913,0.6394679362252442,1.000471404191503,0.0017100333250874727,4.642284976960955,4.643995010286043,1.000651345480644,0.001546558888579145,4.004721156243951,4.00626771513253,0.03145822391561167,0.0035335099438928127,12.10463295170049,12.108166461644384,0.9723685258279211,0.0037280498720596825,12.866151208400655,12.869879258272714,0.9736855435477731,0.00017862459052211564,0.7571838857934468,0.757362510383969,0.013296555272860243,0.2154087775762833,0.9753403396479678,21.02520790299831,0.9976310424051453,0.20699176356707377,0.9999085643395955,23.34376502504319,0.9971524152830491,0.009563370804247014,0.08014947654277058,879.3491854771914,-0.8879828555850868,0.9413059352859908,0.2223728711957425,0.7189330640902483,0.5293470323570046,0.18826118705719816,1.478402531020439,0.5466266981846227,0.9317758328358163,0.2607987344897805,0.2956805062040878,1.5994656059618646,0.6398124592905083,0.9596531466713564,0.2002671970190677,0.31989312119237295,0.18826118705719813,0.29568050620408776,0.3198931211923729,0.130035400390625,0.1514892578125,0.18826118705719816,0.15567424149070408,0.08698283054275179,0.08676071465510052,0.2956805062040878,0.10113848663960776,0.29254481109699504,0.29267105452939735,0.31989312119237295,0.15510769821249568,0.31889080269641357,0.3156862582924475,14.13746967729761,10.241476781961243,0.0,0.0,16.0,0.18907281087795225,0.020013747128887042,1.5705866452135626,1.6991984709794798
32,0.8,32.0,4.525483399593904,1.0,2.942091015256665e-15,2.7807617319908218e-15,0.8555159142878603,1.0,15.960871739290027,0.6390441356854745,16.589708902622114,15.950664766936642,-0.010206972353384311,0.7566636391931774,12.145253186006741,12.896862768796609,0.7516095827898699,-0.005054056403307951,0.07888536085867418,0.9752140225609833,1.000580975565954,0.025366953004970827,-0.05351840785370325,0.00014950895710907604,0.6390441356854745,0.6391936446425834,1.0000822598849561,0.004866818338059115,16.589708902622114,16.594575720960176,1.003637828370997,0.004634365568679501,15.960871739290026,15.965506104858704,0.06279513621828986,0.0035813238256166904,12.145253186006741,12.148834509832357,0.971716960213804,0.0036777181739232265,12.896862768796609,12.900540486970533,0.9714971176279061,0.00015349970350827277,0.7566636391931774,0.7568171388966857,0.012275637444156341,0.21571572101351738,0.9752140225609833,20.968013753085554,0.9973567634617975,0.20735911004413954,1.000580975565954,23.28489429493885,0.9971046454435606,0.009189059816868895,0.07888536085867418,937.9236578110554,-0.9128129182948539,1.2351398138964598,0.3829960485452628,0.852143765351197,0.38243009305177017,0.24702796277929195,1.4791423425725065,0.5471590749087525,0.9319832676637541,0.26042882871374673,0.29582846851450134,1.5988217325548528,0.6392971453573482,0.9595245871975047,0.2005891337225736,0.3197643465109706,0.2470279627792919,0.2958284685145013,0.3197643465109705,0.29681396484375,0.347015380859375,0.24702796277929195,0.22894419026731716,0.08706723124621255,0.08678055515249536,0.29582846851450134,0.10135953881854826,0.29276837539046024,0.292740618374575,0.3197643465109706,0.15378656513347785,0.3187862764740591,0.3156241032567272,14.132144876033134,10.448591354887705,0.0,0.0,32.0,0.047407413050663066,0.004942421826778188,1.1975505330900955,1.2944459522449498
32,0.8,64.0,9.050966799187808,1.0,6.217248937900877e-15,3.1433189384699745e-15,0.8490688055985703,1.0,64.0193333166109,0.6386896618308548,64.64224821028039,64.00355854844953,-0.015774768161370425,0.7573304967295421,12.142390135510242,12.893194998750038,0.7508048632397963,-0.006525633489745613,0.07905369943162631,0.9714618199345868,0.9954449680356363,0.02398314810104958,-0.05507055133057672,0.000138534917565414,0.6386896618308548,0.6388281967484204,0.9990975649826611,0.023406855319516747,64.64224821028039,64.6656550655999,1.0091364816338195,0.02329115227549508,64.0193333166109,64.0426244688864,0.12682410749439926,0.004043662043335162,12.142390135510242,12.146433797553577,0.9716349812205388,0.004124837368938295,12.893194998750038,12.897319836118978,0.9709450781808256,0.00019647880432034512,0.757330496729542,0.7575269755338624,0.013952142825050477,0.2161214052171473,0.9714618199345868,20.80442000722313,0.9972854210472979,0.2073667875322186,0.9954449680356363,23.158389576230306,0.9969301979352005,0.009950570854017779,0.07905369943162631,807.2426754876326,-0.8840059839758897,1.4806584837696817,0.5486687609200436,0.9319897228496382,0.2596707581151593,0.2961316967539363,1.4804118512229896,0.5481459367835042,0.9322659144394854,0.2597940743885053,0.2960823702445979,1.597702403268135,0.6384205846902224,0.9592818185779126,0.20114879836593258,0.31954048065362695,0.29613169675393625,0.2960823702445979,0.31954048065362695,0.465484619140625,0.55712890625,0.2961316967539363,0.2865141523712349,0.08919068733358249,0.0868638315055009,0.2960823702445979,0.10154737266200804,0.293007878243107,0.2929320383997186,0.31954048065362695,0.15405542965263963,0.3186037741858748,0.31527974796252367,14.132261111238268,10.341428968702724,0.0,0.0,64.0,0.011829715454613145,0.0012348410290476189,0.9998334304977173,1.0790485589900956
64,0.05,0.5,0.003125,1.0,2.870425251655373e-16,3.5388358909926865e-15,0.06351309737621975,1.0,1.9170398484683408e-06,0.004995785076118342,0.004985772399137484,-1.001267698085798e-05,-1.1929716829326078e-05,0.298477132898913,2.138337172948364,2.4572959294803525,0.31895875653198863,0.020481623633075673,0.0011679868137547305,0.010850885535161708,0.010905066094825257,5.418055966355012e-05,-0.0011138062540911803,1.0856517273868562e-06,0.004995785076118342,0.004996870727845729,0.9999623198005445,0.15123390107334517,0.004985772399137484,0.15621967347248267,1.0757855380019496,0.15126891124330488,1.9170398484683416e-06,0.15127082828315336,0.35620505808268843,0.0013959573937444652,2.138337172948364,2.1397331303421083,0.9716906336988176,0.14497885083382167,2.4572959294803525,2.602274780314174,1.0460433506575286,0.14264745376744833,0.298477132898913,0.4411245866663613,0.3457406275783706,0.04624120249574159,0.010850885535161708,5.075212299651156,0.9994156131495069,0.04646605296693126,0.010905066094825257,5.051566015154581,0.9344411595355276,0.015289129528067252,0.0011679868137547305,4.563980708509609,-0.15017495351592217,0.13440433384457268,0.1301496777426876,0.004254656101885008,0.9327978330777137,0.026880866768914522,0.9568470541895853,0.26845929666612445,0.6883877575234609,0.5215764729052074,0.19136941083791703,1.239638972475358,0.4051817815293276,0.8344571909460303,0.380180513762321,0.2479277944950716,0.026880866768914533,0.19136941083791703,0.24792779449507157,0.0,0.0,0.026880866768914522,0.026082923924228008,0.02688250811804328,0.0009797592095170025,0.19136941083791703,0.06339881557060806,0.18218909488906376,0.177596044952321,0.2479277944950716,0.08502244189140884,0.24764159351519638,0.23768143623058288,13.748734769617773,9.852878991075762,0.0,0.0,0.5,155696.8850373077,609.2657983546445,7.119168160872691,9.223206849184617
64,0.05,1.0,0.00625,1.0,2.9967348047499343e-16,3.704935663817466e-15,0.06274393757718406,1.0,3.877270636289366e-05,0.004999752966561563,0.0050063631117995685,6.610145238004233e-06,-3.216256112488937e-05,0.9879024030355799,2.135577592342563,2.8832498221143243,0.7476722297717613,-0.24023017326381865,0.0031794492841930406,0.010845196501191978,0.010994412226281053,0.00014921572508907652,-0.003030233559103965,1.3135724549899202e-06,0.004999752966561563,0.005001066539016554,1.0000034397378952,0.5023360649760034,0.0050063631117995685,0.5073424280878029,1.1704796695822188,0.5023174072043047,3.877270636289366e-05,0.5023561799106676,0.6743734514488168,0.0014279239777335146,2.135577592342563,2.1370055163202966,0.9707169734231331,0.4761067376569077,2.8832498221143243,3.359356559771232,1.1353229232117386,0.4707473307016692,0.9879024030355799,1.458649733737249,0.653341607572161,0.046167752387762225,0.010845196501191978,5.088347562595253,0.999345287246536,0.046611530669913345,0.010994412226281053,5.0609368557065535,0.8091917744207385,0.02763669519266031,0.0031794492841930406,3.983937386861749,-0.2845576477818039,0.38504246754218474,0.38139688301182517,0.003645584530359801,0.8074787662289076,0.07700849350843694,1.0944440437547267,0.4076498304509694,0.6867942133037572,0.45277797812263665,0.21888880875094535,1.3422364015169148,0.5075694778964842,0.8346669236204306,0.32888179924154265,0.26844728030338294,0.07700849350843694,0.21888880875094535,0.26844728030338294,0.0,0.0,0.07700849350843694,0.07641244126202079,0.07701268443336007,0.0009806879790270348,0.21888880875094535,0.14256144205924604,0.20314423956911176,0.17763518258635755,0.26844728030338294,0.17186824808661272,0.26780087767422395,0.23788655670631312,13.724214693691756,9.763773273431147,0.0,0.0,1.0,25479.325425191993,82.00225319416558,2.8423982703539603,3.4859437975367253
64,0.05,2.0,0.0125,1.0,4.185020385794047e-16,3.1470594359650494e-15,0.05714766798866147,1.0,0.0005190162942235052,0.004999534127209531,0.005696403234953594,0.000696869107744063,0.00017785281352055782,4.59341111503441,2.1300472606523084,6.623983981293193,4.4939367206408845,-0.0994743943935267,0.006143482691864464,0.010839228978550696,0.01119504470780096,0.0003558157292502637,-0.0057876669626142,1.2510926719868819e-06,0.004999534127209531,0.005000785219881518,0.9999484142354724,2.3148998079335446,0.005696403234953594,2.3205962111684983,1.7581218058115917,2.3147760390000265,0.0005190162942235051,2.31529505529425,1.4136948687396083,0.0016034191816400793,2.1300472606523084,2.1316506798339487,0.96789511067058,2.1992960897809617,6.623983981293193,8.823280071074155,1.710496652365247,2.1888126207378527,4.593411115034411,6.782223735772265,1.3740765902956082,0.046135772855668014,0.010839228978550696,5.092546865831607,0.9993360768918533,0.047178143900246924,0.01119504470780096,5.029509974796113,0.5993908089298408,0.03976867779688411,0.006143482691864464,3.6890898498477123,-0.41048461309318324,0.8210076691542973,0.8187725282610957,0.0022351408932017062,0.5894961654228514,0.16420153383085945,1.3366407522362795,0.6552297543148242,0.681410997921455,0.33167962388186034,0.2673281504472559,1.5117592004715477,0.6780617581541397,0.8336974423174079,0.24412039976422623,0.30235184009430954,0.16420153383085942,0.2673281504472559,0.3023518400943095,0.0091552734375,0.01751708984375,0.16420153383085945,0.16392941862903834,0.16419202658048757,0.000980804675274252,0.2673281504472559,0.23043324115929603,0.23107837157996922,0.1779366716521646,0.30235184009430954,0.24800672111203337,0.3014520455690576,0.23795297624101502,13.73021027979506,9.894443606419035,0.0,0.0,2.0,8850.225255271733,11.83678192811974,1.628049045647923,1.8413460157184391
64,0.05,4.0,0.025,1.0,7.216449660063518e-16,3.3324037973514464e-15,0.06011379021522235,1.0,0.008536655256365714,0.004998841433751318,0.013871791076739396,0.008872949642988077,0.00033629438662236325,17.380906164101624,2.134938798726057,19.13957922807804,17.004640429351983,-0.37626573474964264,0.008928819830036325,0.010832627489855105,0.01135401570589182,0.0005213882160367135,-0.008407431613999612,1.2778112921888339e-06,0.004998841433751318,0.005000119245043507,0.9999950537222053,8.702834969562046,0.013871791076739396,8.716706760638786,2.939582307004855,8.702989174156524,0.008536655256365714,8.711525829412892,2.733785342710018,0.0013892773413415674,2.134938798726057,2.136328076067398,0.9705372229253539,8.187000966181017,19.13957922807804,27.32658019425906,2.8517331184201438,8.174374120768604,17.380906164101628,25.555280284870232,2.650887153341888,0.04616790381522573,0.010832627489855105,5.082382932406132,0.9993756643913527,0.046969269398232434,0.01135401570589182,5.156538718599721,0.3842743773147874,0.04958322470792997,0.008928819830036325,4.471364973336316,-0.5542498216860297,1.2549287517330932,1.2516718912033622,0.0032568605297308376,0.37253562413345354,0.25098575034661863,1.5895451283821704,0.903448794268085,0.6860963341140853,0.20522743580891487,0.31790902567643403,1.6931669377654663,0.8565537257963216,0.8366132119691447,0.15341653111726686,0.33863338755309325,0.2509857503466186,0.31790902567643403,0.33863338755309325,0.090972900390625,0.114776611328125,0.25098575034661863,0.25081835794173774,0.2507859071700961,0.0009805314216231732,0.31790902567643403,0.30104769352505645,0.28251035839688976,0.17765196741962103,0.33863338755309325,0.3090010730483539,0.33822481985944497,0.23784501045116055,13.7414544105966,9.925300790147919,0.0,0.0,4.0,2036.0323384431888,1.0459389025201853,1.266641732597936,1.349213599120391
64,0.05,8.0,0.05,1.0,1.2906342661267445e-15,3.840677775812651e-15,0.06041186074340081,1.0,0.16765170640549285,0.005004213307642201,0.1793246179261921,0.1743204046185499,0.006668698213057045,50.46750148641329,2.132375896155396,51.843847200835754,49.71147130468036,-0.7560301817329348,0.00806660293622609,0.010864579117127099,0.010219811550703,-0.0006447675664241002,-0.008711370502650192,1.1276999722261325e-06,0.005004213307642201,0.005005341007614428,0.9999772460318852,23.024006808460413,0.1793246179261921,23.203331426386605,4.3981923345335705,23.02411056244648,0.16765170640549285,23.191762268851974,4.240013658226379,0.0014219824600681915,2.132375896155396,2.1337978786154643,0.9700732013541999,21.60255791390439,51.843847200835754,73.44640511474014,4.260774676056286,21.578711083604567,50.46750148641329,72.04621257001786,4.1076674916436104,0.04620020563273808,0.010864579117127099,5.090371599898771,0.9993751324151289,0.04185825289224375,0.010219811550703,6.1475504892058055,0.4292307737415063,0.04560533571153054,0.00806660293622609,6.147031653694207,-0.691562232838442,1.4051854228193548,1.3819704534551394,0.02321496936421526,0.29740728859032267,0.28103708456387094,1.7431685206785161,1.0042634765092904,0.7389050441692261,0.1284157396607419,0.34863370413570327,1.7012128552105592,0.8488115793361803,0.8524012758743789,0.14939357239472043,0.34024257104211186,0.2810370845638709,0.3486337041357032,0.34024257104211175,0.27911376953125,0.22430419921875,0.28103708456387094,0.2809029325499293,0.2815757855932388,0.0009815600715782071,0.34863370413570327,0.342622372791202,0.30842349855687917,0.17762186565892668,0.34024257104211186,0.313018221399889,0.3421525814430523,0.2379301676070552,15.134179942498445,11.903528870602756,0.0,0.0,8.0,301.025874227307,0.04811524504686939,1.2405256220072611,1.2106678788321452
64,0.05,16.0,0.1,1.0,2.3592239273284576e-15,6.8833827526759706e-15,0.06543934809452057,1.0,1.7813373649293465,0.005001261814186968,1.785323961817376,1.780322700003189,-0.001014664926157815,194.57507443289836,2.1344691307734256,197.4194152625767,195.28494613180328,0.709871698904939,0.010807777762699028,0.01084008449331696,0.011060716707016707,0.00022063221369974704,-0.010587145548999281,1.2140804734581035e-06,0.005001261814186968,0.005002475894660426,1.0000416612682743,74.25453227259433,1.785323961817376,76.03985623441173,8.047760243773405,74.25503862180125,1.7813373649293467,76.03637598673059,7.926056854866126,0.001457289354748713,2.1344691307734256,2.1359264201281745,0.9693382637000072,69.8001277720659,197.4194152625767,267.21954303464264,7.798895905271982,69.78357879459367,194.57507443289836,264.358653227492,7.6768869393099255,0.04608639034073589,0.01084008449331696,5.103837418809767,0.9994211089348067,0.03826705567004768,0.011060716707016707,9.744219764992527,0.2756865170965703,0.05277717538366812,0.010807777762699028,4.197479762346111,-0.7314400502247912,1.5647147848147585,1.5173482339371975,0.04736655087756101,0.2176426075926208,0.3129429569629517,1.8368316241656553,1.0662306217177484,0.770601002447907,0.08158418791717245,0.36736632483313103,1.8496206822795105,0.9706684288963485,0.8789522533831622,0.0751896588602447,0.36992413645590216,0.31294295696295166,0.367366324833131,0.36992413645590205,0.242279052734375,0.231048583984375,0.3129429569629517,0.3128745506770843,0.31816590823390634,0.000980928300771745,0.36736632483313103,0.3660192942749936,0.32355287429751395,0.1778039221240468,0.36992413645590216,0.362351782437772,0.3704766360999992,0.2380817783361199,14.55144646121795,11.687664462316206,0.0,0.0,16.0,109.22977211597188,0.006067226778868864,1.1739082687731563,1.1820816804632426
64,0.05,32.0,0.2,1.0,3.3861802251067274e-15,7.327471962526033e-15,0.06517339011426945,1.0,14.686356206800834,0.005005482493148181,14.714052013764661,14.709046531271513,0.02269032447067957,360.75782507977584,2.138345504165957,362.72426856233415,360.5859230581682,-0.17190202160764978,0.010198794911698108,0.010856256754457949,0.009724986508603126,-0.0011312702458548222,-0.011330065157552933,1.2901189290040997e-06,0.005005482493148181,0.005006772612077185,1.0000587344493423,42.64368005052263,14.714052013764661,57.35773206428729,6.064858888155555,42.64389292408522,14.686356206800834,57.33024913088606,5.997313896531535,0.0014274855705993233,2.138345504165957,2.1397729897365556,0.9701522084257055,40.02994309129727,362.72426856233415,402.7542116536314,5.864910329855571,40.033502116158346,360.75782507977584,400.7913271959342,5.798023610401333,0.04612034995772688,0.010856256754457949,5.104125798883912,0.9993922315168489,0.019671296638992242,0.009724986508603126,49.52879307091773,0.31008616588428406,0.04630555209203348,0.010198794911698108,4.82900683853273,-0.9039399070903047,1.5716513620277004,1.29041654696896,0.2812348150587405,0.21417431898614986,0.31433027240554007,1.9262588298861845,1.0205352989421876,0.905723530943997,0.03687058505690773,0.3852517659772369,1.911869933672148,0.9549899007480707,0.9568800329240774,0.044065033163926015,0.38237398673442957,0.31433027240554,0.38525176597723687,0.38237398673442957,0.269927978515625,0.252349853515625,0.3143302724055401,0.3142534172142435,0.32911848816863254,0.0009819161559681136,0.3852517659772369,0.3845162679879446,0.3373545160691497,0.17782768735957616,0.38237398673442957,0.37812518923124794,0.38367948978673116,0.23809380037557362,16.191679313776575,13.535292044982082,0.0,0.0,32.0,24.564147838979906,0.0006944401162607874,1.2256273092277792,1.2164720369061413
64,0.05,64.0,0.4,1.0,4.9404924595819466e-15,8.049116928532385e-15,0.06697401319185801,1.0,64.7251565811867,0.005001184170060879,64.73028999749052,64.72528881332045,0.00013223213375982996,387.28241710953307,2.1307263370259633,389.40137952734665,387.2706531903207,-0.011763919212363427,0.01060292280477544,0.010846610540399454,0.010113458441409047,-0.0007331520989904085,-0.011336074903765848,1.3192829264952016e-06,0.005001184170060879,0.0050025034529873735,1.0000550581190475,0.06223682158283045,64.73028999749052,64.79252681907334,1.026734188290463,0.062214699208716966,64.72515658118668,64.7873712803954,0.22056722341985224,0.0015832695955993253,2.1307263370259633,2.1323096066215625,0.9681075501991494,0.1655415047690727,389.40137952734665,389.5669210321157,1.057772979309876,0.16573586696743658,387.28241710953307,387.4481529765005,0.3984141601871415,0.046039753194875216,0.010846610540399454,5.1172879083460785,0.9993335702355641,0.004527846433866429,0.010113458441409047,497.79658655466636,0.921555170449492,0.04188073471924121,0.01060292280477544,6.045201834447353,-0.9989824188746094,1.444348205975072,0.5226122446790492,0.921735961296023,0.277825897012464,0.2888696411950144,1.9036609964120157,0.9064023701750857,0.9972586262369298,0.04816950179399224,0.3807321992824031,1.9172559319015967,0.9192825754709231,0.9979733564306738,0.0413720340492016,0.3834511863803194,0.28886964119501435,0.3807321992824031,0.38345118638031933,0.210723876953125,0.217681884765625,0.2888696411950144,0.2887768230945713,0.01223604405961751,0.0009808099733986286,0.3807321992824031,0.38004838794652873,0.18224346310844908,0.1778534405940712,0.3834511863803194,0.37989789620686504,0.38446865588240176,0.23832342559603029,15.746838630414995,12.760760861144544,0.0,0.0,64.0,5.9834913898393305,0.000163814556268796,1.3180069657280904,1.3274194712675031
64,0.1,0.5,0.00625,1.0,3.0769657655138616e-16,1.6736828936658732e-15,0.1333254390792952,1.0,1.0706810641147477e-05,0.01999554824854729,0.020008656405417442,1.3108156870155277e-05,2.4013462290069813e-06,0.22400377960908668,2.614348682575583,2.8693351061077363,0.2549864235321539,0.030982643923067273,0.0028669538971043086,0.040185544661305736,0.04049434222237674,0.00030879756107100344,-0.0025581563360333043,4.944950654460189e-06,0.01999554824854729,0.020000493199201747,1.0001406079475548,0.11379557914643376,0.020008656405417442,0.1338042355518512,1.062284858368367,0.11375612069341473,1.0706810641147476e-05,0.11376682750405587,0.29654836321574374,0.0017361749363974882,2.614348682575583,2.6160848575119804,0.9675090425683366,0.10686134613341353,2.8693351061077363,2.97619645224115,1.0267369483443378,0.1067058836933666,0.22400377960908674,0.3307096633024533,0.2871644485616177,0.08281232403122378,0.040185544661305736,5.860094462579719,0.9993319882177664,0.08398993589854814,0.04049434222237674,5.7416622045718615,0.9499587431813381,0.023300048161059947,0.0028669538971043086,4.267444732570766,-0.09499876738805925,0.1152298602703426,0.09797479552881608,0.017255064741526625,0.9423850698648287,0.02304597205406851,1.010388734390955,0.2813674482813337,0.7290212861096214,0.49480563280452255,0.202077746878191,1.2692894271616404,0.4172738609694837,0.8520155661921565,0.3653552864191799,0.25385788543232807,0.023045972054068515,0.20207774687819097,0.253857885432328,0.0,0.0,0.02304597205406851,0.019744071533064487,0.023044795481581302,0.003879961248988657,0.202077746878191,0.04866181144969464,0.19581722101013657,0.193873273776438,0.25385788543232807,0.06579460154447617,0.25341599124172,0.2475928915805851,13.864919665401171,9.96384111335198,0.0,0.0,0.5,20921.61588701447,267.76917918827127,8.768462723294695,11.0152821862644
64,0.1,1.0,0.0125,1.0,3.135512682828079e-16,2.3223610534639505e-15,0.1251990353807436,1.0,0.0002020963369593927,0.02002829311145873,0.019927313259624366,-0.00010097985183436277,-0.0003030761887937568,0.6915735012304249,2.6226762657020335,3.2868827991423,0.6642065334402665,-0.027366967790158337,0.008087778827189255,0.04022584581431555,0.04112748407544404,0.0009016382611284858,-0.007186140566060767,4.847324831041065e-06,0.02002829311145873,0.020033140436289773,1.000025422366673,0.34797282691291864,0.019927313259624366,0.367900140172543,1.15187081819766,0.3479784195609156,0.0002020963369593927,0.348180515897875,0.5549861167492396,0.0017313006429337968,2.6226762657020335,2.6244075663449675,0.9688934486887688,0.33132514450246403,3.2868827991423,3.618207943644764,1.118291337100637,0.32649405976703716,0.6915735012304249,1.018067560997462,0.5376483372856653,0.08300278103897529,0.04022584581431555,5.839074859225317,0.9992467508879829,0.08586609572679893,0.04112748407544404,5.580495940764649,0.8587765363109259,0.04269680996572918,0.008087778827189255,4.1222149680546885,-0.19362608774680523,0.2777117076557606,0.26286231197705406,0.014849395678706457,0.8611441461721198,0.055542341531152103,1.0865424768285727,0.3649462796079668,0.7215961972206061,0.4567287615857135,0.2173084953657146,1.3309560717296316,0.4827546543059821,0.8482014174236499,0.3345219641351841,0.2661912143459264,0.05554234153115211,0.21730849536571456,0.2661912143459263,3.0517578125e-05,3.0517578125e-05,0.055542341531152103,0.05293197588238058,0.055541275636070864,0.0038872483556007275,0.2173084953657146,0.10964240774515585,0.20393238134694072,0.19385914158469825,0.2661912143459264,0.14078318365120812,0.26509002832277684,0.24732663198528765,13.827995049819837,10.037207875768601,0.0,0.0,1.0,3421.9991892746825,40.019423156661844,3.912483510329367,4.792581785494718
64,0.1,2.0,0.025,1.0,4.124305064134859e-16,2.0044729764912006e-15,0.11521324987224818,1.0,0.0027359229273279544,0.019995427370647405,0.022632831819877006,0.0026374044492296035,-9.851847809835154e-05,3.399567120948012,2.62069096181784,5.8701550771442195,3.2494641153263792,-0.15010300562163228,0.018662192121219875,0.04024082763822309,0.042365397872714386,0.0021245702344912867,-0.016537621886728592,4.905721841860183e-06,0.019995427370647405,0.02000033309248926,1.0000157414438755,1.680019687927952,0.022632831819877006,1.702652519747829,1.5537624031073536,1.6802174862944959,0.002735922927327955,1.682953409221824,1.0679275854815322,0.0017793313624762373,2.62069096181784,2.622470293180316,0.9674759277797579,1.577124809546019,5.8701550771442195,7.447279886690238,1.502134634434288,1.5777698373281699,3.399567120948012,4.977336958276182,1.0347960016290703,0.08293064620975842,0.04024082763822309,5.851260407634916,0.9993224533584465,0.08762014946337182,0.042365397872714386,5.556067699538168,0.6753863878122626,0.058722547369930066,0.018662192121219875,105.50968640930442,-0.45629638923151217,0.6427684395889515,0.6303211225301805,0.012447317058771036,0.6786157802055244,0.12855368791779026,1.2817311538809109,0.5673197777550126,0.7144113761258984,0.3591344230595445,0.25634623077618224,1.4783823653663255,0.6317511765185857,0.8466311888477397,0.2608088173168373,0.29567647307326506,0.12855368791779026,0.2563462307761822,0.29567647307326506,0.002960205078125,0.007781982421875,0.12855368791779026,0.12676252267579102,0.12824747710380013,0.0038803002608211153,0.2563462307761822,0.18449899848777623,0.23041995216109154,0.19406891862650294,0.29567647307326506,0.20487407416494552,0.29413994008041766,0.24746719493053376,13.7567923483899,9.842413735708783,0.0,0.0,2.0,1242.566845356352,6.821168803701042,1.994079165897714,2.300023265472939
64,0.1,4.0,0.05,1.0,8.402566836762659e-16,2.1267709815475655e-15,0.1137301974709562,1.0,0.034607210143415515,0.020023840551440807,0.057875762853675974,0.037851922302235164,0.0032447121588196483,15.13176320279372,2.6312347733611277,17.971450639279528,15.340215865918399,0.20845266312467992,0.027590157021715245,0.040266835048814495,0.04197472245601786,0.00170788740720337,-0.02588226961451188,5.305821836299355e-06,0.020023840551440807,0.020029146373277105,0.9999676152051997,7.138501177580797,0.057875762853675974,7.196376940434473,2.7165188772241415,7.138706630154437,0.034607210143415515,7.173313840297852,2.4260699517540836,0.0015800834329768787,2.6312347733611277,2.6328148567941048,0.9698364869845467,6.722115615472283,17.971450639279528,24.69356625475181,2.635375219688764,6.726506621277291,15.13176320279372,21.858269824071016,2.356823795355795,0.0830951448331747,0.040266835048814495,5.831940353043301,0.9993191954824414,0.08724443420229033,0.04197472245601786,5.618784582105885,0.49642476344020225,0.08167981797673815,0.027590157021715245,7.935715925362064,-0.5406906053684967,1.1239245283388537,1.110000836334549,0.013923692004304718,0.43803773583057315,0.22478490566777073,1.555793465460562,0.8396530666821905,0.7161403987783715,0.22210326726971896,0.3111586930921124,1.623712889282686,0.7778196918697117,0.8458931974129743,0.188143555358657,0.3247425778565372,0.2247849056677707,0.3111586930921124,0.32474257785653715,0.079071044921875,0.089263916015625,0.22478490566777076,0.22400838314590893,0.22370819084150262,0.003886954260817482,0.3111586930921124,0.2941562975522579,0.2681540736672923,0.19397184959957645,0.3247425778565372,0.28446832590581367,0.32442446721602003,0.24724598916730006,14.251150629869409,10.719979124110225,0.0,0.0,4.0,437.2430814297448,0.7972372493298089,1.384250833781522,1.4446814250797724
64,0.1,8.0,0.1,1.0,1.1934897514720433e-15,3.3861802251067274e-15,0.11394865851140777,1.0,0.47951766904175874,0.020008799990092134,0.49930273080783283,0.47929393081774074,-0.0002237382240180743,45.38267058004325,2.6306954873019412,48.936087577580324,46.305392090278374,0.9227215102351278,0.03589345170203995,0.040252924218001314,0.04387261800037716,0.0036196937823758484,-0.032273757919664095,5.125382951740991e-06,0.020008799990092134,0.020013925373043875,1.00021912511639,16.164975465149748,0.49930273080783283,16.664278195957582,3.712561851495586,16.16500154625349,0.4795176690417588,16.644519215295247,3.4303851968906716,0.001467295674500607,2.6306954873019412,2.6321627829764416,0.9706790377842889,15.189994258818547,48.936087577580324,64.12608183639887,3.5965971449824017,15.198089281600001,45.382670580043246,60.58075986164325,3.3231929969159912,0.08289118728688685,0.040252924218001314,5.858942789686946,0.9993246057313214,0.07022847038963376,0.04387261800037716,13.92841532651802,0.48410732209735774,0.08203788182968744,0.03589345170203995,6.716121687444143,-0.7007584835280822,1.119396347590988,1.0442935738609993,0.07510277372998872,0.440301826204506,0.22387926951819764,1.6782469529004518,0.8775365431185491,0.8007104097819024,0.16087652354977416,0.33564939058009036,1.7319923563394792,0.8414074217882199,0.8905849345512593,0.13400382183026044,0.34639847126789586,0.22387926951819762,0.33564939058009036,0.3463984712678958,0.07818603515625,0.081756591796875,0.22387926951819764,0.22326856613271034,0.22283304710028912,0.0038819361086392624,0.33564939058009036,0.33108744444825333,0.26534722341683303,0.1938607863302375,0.34639847126789586,0.3294255483408139,0.3456330409053808,0.24759098012755243,14.272954867857681,11.056239232951015,0.0,0.0,8.0,94.64233230598873,0.07485324111990996,1.4992428343295432,1.5472556794265377
64,0.1,16.0,0.2,1.0,1.887379141862766e-15,4.107825191113079e-15,0.11994955483394165,1.0,3.5182786895892226,0.019986077072734268,3.5421129432871856,3.5221268662144514,0.0038481766252286514,93.3983606697919,2.6271544397687183,95.02692982524579,92.39977538547708,-0.998585284314816,0.03817581853755144,0.04018306214352393,0.03971610686873464,-0.000466955274789284,-0.03864277381234073,4.653578176381008e-06,0.019986077072734268,0.01999073065091065,1.0001222074614882,16.04814647878463,3.5421129432871856,19.590259422071817,3.986532840903541,16.04792160153709,3.5182786895892226,19.566200291126314,3.929870226597096,0.0015304891895713542,2.6271544397687183,2.6286849289582896,0.970413870169649,15.024870475013545,95.02692982524579,110.05180030025934,3.8538597693278174,15.024893544068023,93.3983606697919,108.42325421385992,3.802792239882021,0.08296993108487233,0.04018306214352393,5.837276892800322,0.9992781400505282,0.05184198917351876,0.03971610686873464,16.640977750655512,0.25275303406455474,0.08631959626533019,0.03817581853755144,5.18759873557996,-0.8092990334900827,1.509788491166844,1.3955265192169106,0.11426197194993373,0.24510575441657806,0.3019576982333688,1.874589743170685,1.0111732852012392,0.8634164579694458,0.06270512841465753,0.37491794863413697,1.8742846092071892,0.9400335391747533,0.9342510700324359,0.0628576953964054,0.3748569218414379,0.3019576982333688,0.37491794863413697,0.3748569218414378,0.24151611328125,0.222320556640625,0.3019576982333688,0.3017385283511226,0.32554611962911856,0.0038785447827448354,0.37491794863413697,0.37345687485813933,0.33412047451309224,0.19375531030226537,0.3748569218414379,0.36926969355984474,0.3751882306702685,0.24730083343961434,15.597873283741393,12.464930085598363,0.0,0.0,16.0,26.54660671031056,0.01085070908410859,1.2416240779010728,1.2414219741194632
64,0.1,32.0,0.4,1.0,2.3869795029440866e-15,3.885780586188048e-15,0.1185767326141296,1.0,16.042782600719285,0.02002604765136024,16.062988675388148,16.04296262773679,0.00018002701750804116,96.67927505574735,2.62160339416691,99.27290364086807,96.65130024670114,-0.027974809046195447,0.037136521050533826,0.040240917947007855,0.039981067382139995,-0.0002598505648678589,-0.037396371615401686,5.301224885244779e-06,0.02002604765136024,0.020031348876245487,1.0001060200547665,0.015480746249273165,16.062988675388148,16.078469421637422,1.003773874618565,0.015474807871752962,16.042782600719285,16.058257408591036,0.11085287122681431,0.001694775492227427,2.62160339416691,2.6232981696591375,0.9672176848386418,0.04464425624984658,99.27290364086807,99.3175478971179,0.980368564174321,0.04271828776792032,96.67927505574735,96.72199334351527,0.20300619245685636,0.08281676002399119,0.040240917947007855,5.86748907403833,0.9992634424039608,0.016317861676314282,0.039981067382139995,150.38587790030354,0.9724864210525919,0.0669827733991059,0.037136521050533826,8.277651170532987,-0.9985523863050918,1.150713518217003,0.33385083704360496,0.8168626811733979,0.42464324089149863,0.23014270364340056,1.8134720278540089,0.8225985441552084,0.9908734836988007,0.09326398607299553,0.3626944055708018,1.842265297330171,0.8488493020966613,0.9934159952335098,0.0788673513349146,0.3684530594660341,0.23014270364340053,0.3626944055708018,0.3684530594660341,0.14532470703125,0.158203125,0.23014270364340056,0.22942114138231667,0.006824080800342352,0.003886673007249597,0.3626944055708018,0.3610026398645738,0.1968038739655768,0.19413689646396023,0.3684530594660341,0.36245761070120935,0.3689115878221232,0.24763680069215355,15.577292665366617,12.40856688332443,0.0,0.0,32.0,6.026340782764999,0.00231484287824662,1.5759543962461928,1.6009764968996865
64,0.1,64.0,0.8,1.0,4.773959005888173e-15,3.9968028886505635e-15,0.11780655973886112,1.0,64.13355127253983,0.019997931496037406,64.15619999845029,64.13620206695427,0.00265079441443075,96.93368293282656,2.62376796260771,99.63330167774124,97.00953371513353,0.07585078230697588,0.03706745436147642,0.04026033819143105,0.03999042868859656,-0.0002699095028344794,-0.0373373638643109,4.910586281937117e-06,0.019997931496037406,0.020002842082319342,0.9999678954104179,0.009997852577196282,64.15619999845029,64.16619785102749,1.0119996201228427,0.010020037566814643,64.13355127253983,64.14357131010664,0.07884189295873145,0.001619743471749115,2.62376796260771,2.625387706079459,0.969934861268181,0.023482479577446445,99.63330167774124,99.65678415731868,0.9932349070634983,0.023377750488509735,96.93368293282657,96.95706068331506,0.15241981282739953,0.083308093667124,0.04026033819143105,5.8011044638239575,0.9993340356909268,0.01660241351415208,0.03999042868859656,145.2328292510988,0.9839989633704347,0.06699061759573434,0.03706745436147642,8.260228542904443,-0.9988869459028976,1.4403063234577926,0.5191216750737445,0.9211846483840481,0.2798468382711038,0.28806126469155857,1.8097324321821326,0.8190123826955226,0.9907200494866103,0.09513378390893364,0.3619464864364266,1.8378205137143446,0.8446137430281291,0.9932067706862153,0.0810897431428279,0.3675641027428689,0.28806126469155846,0.3619464864364265,0.3675641027428688,0.268341064453125,0.28564453125,0.2880612646915585,0.28768146032806646,0.0056520248270213735,0.00388228027821287,0.3619464864364266,0.3602134683359283,0.19251850987391755,0.19378237296958117,0.3675641027428689,0.361555994463301,0.3680389188876836,0.24691456484073224,15.582770698470966,12.65073594019881,0.0,0.0,64.0,1.5114348263812862,0.0005779728960268515,1.2564913468111742,1.2759928105447913
64,0.2,0.5,0.0125,1.0,3.3077653029817133e-16,1.5004815966113139e-15,0.2603056173338575,1.0,2.3019434542063076e-05,0.080117281146666,0.0802421185294978,0.00012483738283179321,0.00010181794828973232,0.34480987612797087,4.595195278032,5.06265994164341,0.4674646636114095,0.12265478748343867,0.009427593061553836,0.1481311626184555,0.14971403623419338,0.0015828736157378863,-0.007844719445815954,1.8573191326389776e-05,0.080117281146666,0.08013585433799239,0.9998149873205262,0.17465220796135053,0.0802421185294978,0.2548943264908483,1.1077056193927217,0.17472176729150962,2.301943454206307e-05,0.17474478672605168,0.3741282366651761,0.0020930848735612973,4.595195278032,4.597288362905561,0.9674606545221266,0.16515898068427112,5.06265994164341,5.227818922327681,1.0728900560965982,0.16416908643792016,0.34480987612797087,0.508978962565891,0.3626268122438724,0.12464309833902143,0.1481311626184555,9.53508279061933,0.9989601581446175,0.131751583834557,0.14971403623419338,8.659386159973156,0.9302865251402687,0.04325530850630825,0.009427593061553836,15.745334522175309,-0.04652429465224153,0.1970465625889251,0.13566589540502227,0.06138066718390288,0.9014767187055375,0.03940931251778501,1.1996006037463034,0.3853148197258065,0.8142857840204967,0.4001996981268484,0.23992012074926067,1.402881064189147,0.5061181702146963,0.8967628939744505,0.2985594679054266,0.2805762128378294,0.03940931251778502,0.23992012074926064,0.2805762128378293,0.0,0.0,0.03940931251778501,0.02777800980676243,0.03939970309539122,0.01492618091548454,0.23992012074926067,0.06708233892515891,0.23371973604124854,0.23532511132820327,0.2805762128378294,0.084721712816827,0.2800321876466655,0.277358875763545,13.972802188953043,10.095215796991749,0.0,0.0,0.5,14979.076723101292,409.549289506957,6.087904239410094,7.1195409133617416
64,0.2,1.0,0.025,1.0,3.872770160118222e-16,1.7876325419940997e-15,0.2485384732263231,1.0,0.0004691147920523639,0.08009685511139336,0.08054801147681676,0.000451156365423375,-1.7958426628987556e-05,1.2058714670860142,4.598962346763013,5.77819496183821,1.1792326150751975,-0.026638852010816873,0.030141559579876256,0.1481355830820421,0.15206262780539853,0.003927044723356463,-0.026214514856519787,1.9022497932551265e-05,0.08009685511139336,0.08011587760932593,0.9999867495488555,0.6052840799785979,0.08054801147681676,0.6858320914554147,1.2550541381362863,0.6051399087141225,0.00046911479205236393,0.6056090235061748,0.7555513051071993,0.0023023454983134733,4.598962346763013,4.601264692261326,0.9683908592505404,0.5754107306762617,5.77819496183821,6.353605692514472,1.2176418023274378,0.5695143554168256,1.2058714670860142,1.7753858225028396,0.732873620930174,0.12438914446767346,0.1481355830820421,9.575251450680174,0.9988315204540281,0.14002503091856627,0.15206262780539853,7.797902138688432,0.7896298399329423,0.0850515029796772,0.030141559579876256,3.9697493340116696,-0.1510093036820132,0.4511274045820586,0.40211416265093525,0.049013241931123344,0.7744362977089707,0.09022548091641171,1.2843799889727543,0.4893795466177157,0.7950004423550385,0.3578100055136229,0.25687599779455084,1.4691988112598482,0.5828737767698753,0.8863250344899729,0.265400594370076,0.2938397622519696,0.09022548091641171,0.25687599779455084,0.2938397622519696,0.0,3.0517578125e-05,0.09022548091641171,0.0822701040249246,0.09019039992300691,0.014918544157438169,0.25687599779455084,0.1551831107528308,0.24470811915185192,0.23528823931917942,0.2938397622519696,0.1802902296018331,0.2927526817030429,0.2775600231116305,13.959869639653363,10.076266411807579,0.0,0.0,1.0,2570.525354381517,64.25199139001307,2.8470449277242476,3.256727027303893
64,0.2,2.0,0.05,1.0,4.465828748467793e-16,2.0174834025610267e-15,0.23021252269154094,1.0,0.009048128887391791,0.0800553495561824,0.08799473080556464,0.007939381249382232,-0.0011087476380095555,3.7263546386922553,4.588716793536624,8.389283378962869,3.8005665854262443,0.0742119467339893,0.0614298292023665,0.14800392087485525,0.15866320203172946,0.010659281156874197,-0.0507705480454923,1.9142982271852582e-05,0.0800553495561824,0.08007449253845425,0.9998048326036862,1.757689613732366,0.08799473080556464,1.845684344537931,1.6299418710151947,1.7569423171690084,0.009048128887391791,1.7659904460564002,1.1868763335997903,0.0023345054490677753,4.588716793536624,4.5910512989856915,0.9671728408970344,1.6482320065051796,8.389283378962869,10.037515385468048,1.5771481166771846,1.6498914924463557,3.7263546386922553,5.376246131138611,1.150138801519137,0.1247294417787087,0.14800392087485525,9.514884387162693,0.9988970088516433,0.15083423018871012,0.15866320203172946,7.2863397606752045,0.6668696511666741,0.10965002711883647,0.0614298292023665,6.679591955747085,-0.22205743617338336,0.6821882427706976,0.6442365248768683,0.037951717893829146,0.6589058786146513,0.13643764855413948,1.3757655267257392,0.6040277659724282,0.7717377607533109,0.31211723663713054,0.2751531053451478,1.543674585001033,0.6690082743306089,0.8746663106704238,0.2281627074994836,0.30873491700020655,0.13643764855413948,0.27515310534514775,0.30873491700020655,0.005401611328125,0.00738525390625,0.13643764855413948,0.1311416246348141,0.13624555886403023,0.014918348559311222,0.2751531053451478,0.20876196777588288,0.25094447791536856,0.23528396388396491,0.30873491700020655,0.23065128320864503,0.3064097454971956,0.27721615875295874,13.826469034852867,10.155207617628482,0.0,0.0,2.0,411.83704222922626,6.78923012336468,2.0166948658307096,2.262827894440721
64,0.2,4.0,0.1,1.0,6.591949208711867e-16,2.2620794126737565e-15,0.21240225804640633,1.0,0.11411574243883185,0.07994436849241177,0.1967013715764405,0.11675700308402874,0.002641260645196885,11.814550157134807,4.585320884689588,16.734385698676025,12.149064813986438,0.3345146568516319,0.09364093864750035,0.14785789542245242,0.16139408436680258,0.013536188944350151,-0.08010474970315018,1.9978233345724346e-05,0.07994436849241177,0.0799643467257575,0.9997282457948744,4.398554794480785,0.1967013715764405,4.595256166057226,2.242253367891207,4.398390684235155,0.11411574243883185,4.512506426673987,1.922311373770556,0.0025507931368053947,4.585320884689588,4.587871677826393,0.964939696681876,4.148977350482142,16.734385698676025,20.88336304915817,2.1761026442236333,4.143683251970091,11.814550157134807,15.9582334091049,1.865505931399195,0.12449426540020204,0.14785789542245242,9.540450794111386,0.9988928287508771,0.14863093713558156,0.16139408436680258,8.191907068885497,0.551476040865537,0.1297992510377369,0.09364093864750035,8.949752413088483,-0.4286829313653623,0.9626109627152961,0.9158786644645922,0.04673229825070373,0.5186945186423519,0.19252219254305922,1.5470940351062101,0.765188289817057,0.7819057452891529,0.22645298244689493,0.309418807021242,1.6474276565084467,0.7690223373992288,0.878405319109218,0.17628617174577663,0.32948553130168934,0.1925221925430592,0.309418807021242,0.32948553130168934,0.021270751953125,0.0294189453125,0.19252219254305922,0.18904986983122946,0.19210120016436955,0.014899154306461621,0.309418807021242,0.28965378882407045,0.26578226839628627,0.23560307252406015,0.32948553130168934,0.28955640443066866,0.32752805764409215,0.2774150951664421,14.076387625402788,10.491108826213178,0.0,0.0,4.0,103.53129116666462,0.8205786217242869,1.6071851402379904,1.7114158474379368
64,0.2,8.0,0.2,1.0,8.465450562766819e-16,2.1510571102112408e-15,0.21638799361612748,1.0,0.932456380791298,0.07998318382997013,0.9909897456332408,0.9110065618032707,-0.021449818988027357,22.167894745871422,4.581908941253378,25.83535681821264,21.253447876959264,-0.9144468689121583,0.12686834783898362,0.14805548967956184,0.16433710969379112,0.0162816200142293,-0.11058672782475434,1.882530954341399e-05,0.07998318382997013,0.08000200913951355,0.9999689153757438,2.167037542549105,0.9909897456332408,3.1580272881823452,1.692716237718339,2.166113111477596,0.932456380791298,3.098569492268894,1.3272964019225364,0.002415958389620809,4.581908941253378,4.584324899642998,0.9641031192656664,2.059171689962143,25.83535681821264,27.894528508174787,1.6431295122411724,2.051933863181725,22.167894745871422,24.21982860905315,1.2966803233554143,0.12427969609764511,0.14805548967956184,9.586352588720768,0.9989407974877523,0.09144939584198566,0.16433710969379112,24.587691443737942,0.5832812680157758,0.10707911408788791,0.12686834783898362,12.64024816449806,-0.721672735303162,0.8267915856393653,0.606764323795437,0.2200272618439284,0.5866042071803174,0.16535831712787308,1.6655299542573045,0.7612591655291635,0.9042707887281409,0.16723502287134773,0.333105990851461,1.7630388968492512,0.813955120299243,0.949083776550008,0.11848055157537454,0.3526077793698502,0.16535831712787305,0.33310599085146086,0.3526077793698501,0.0283203125,0.037628173828125,0.16535831712787308,0.1606529037219932,0.16260987962575596,0.014898565873479616,0.333105990851461,0.3262167623613644,0.2651518588257482,0.23559687611946445,0.3526077793698502,0.3399879058930618,0.35048810028995897,0.2776190077933141,14.370700809586577,10.85313254013485,0.0,0.0,8.0,23.77365333385287,0.13605821189332312,2.0144495701045817,2.132386114556158
64,0.2,16.0,0.4,1.0,1.5265566588595902e-15,2.123301534595612e-15,0.21317361676168062,1.0,3.99308484091162,0.08002330517670987,4.073649639207563,3.9936263340308535,0.0005414931192339534,24.240286105881843,4.596004614548406,28.807094882613914,24.21109026806551,-0.02919583781633319,0.10963350687289525,0.14774988784865264,0.15620333832538735,0.008453450476734709,-0.10118005639616054,2.0540643634507612e-05,0.08002330517670987,0.08004384582034438,0.9999871659424118,0.002389849768503614,4.073649639207563,4.076039488976067,1.0024873747192276,0.002380969280982865,3.99308484091162,3.9954658101926026,0.03821971127268198,0.0021868377884629083,4.596004614548406,4.598191452336868,0.9691279212409588,0.011716069006751895,28.807094882613914,28.81881095162067,0.9726069222858748,0.009240673552169142,24.240286105881843,24.24952677943401,0.09488946849451044,0.12458093791582604,0.14774988784865264,9.52112278286592,0.9987012500439016,0.05436676100878504,0.15620333832538735,52.88523504592561,0.990931169571275,0.07082219803970882,0.10963350687289525,21.85867113751894,-0.9960785744773928,0.7999142946395431,0.16041202538149413,0.639502269258049,0.6000428526802286,0.1599828589279086,1.6529999946875942,0.6834515159975925,0.9695484786900017,0.1735000026562029,0.33059999893751885,1.7310566249564154,0.7494814539524357,0.9815751710039797,0.13447168752179234,0.34621132499128304,0.1599828589279086,0.3305999989375188,0.34621132499128304,0.0382080078125,0.04937744140625,0.1599828589279086,0.15475886398016486,0.015289170377267724,0.014908017618399341,0.33059999893751885,0.3226736625647142,0.23546034512444736,0.235115658608961,0.34621132499128304,0.32934291328948084,0.34494264268428076,0.27727457175377507,14.874888239685745,11.56846035470701,0.0,0.0,16.0,6.070566259330416,0.027455842097225753,2.0664713779523947,2.1640526198328076
64,0.2,32.0,0.8,1.0,2.7755575615628914e-15,2.0539125955565396e-15,0.21856466840751854,1.0,15.801099056964935,0.08004570837415403,15.879368818076534,15.79932310970238,-0.001775947262554528,24.20344525117121,4.6027836256019,28.80482673379979,24.20204310819789,-0.001402142973324862,0.10931409459980046,0.14812878445756678,0.15619034776337154,0.008061563305804782,-0.10125253129399568,2.0770315702325372e-05,0.08004570837415403,0.08006647868985638,0.9999730163048429,0.002785665949264493,15.879368818076534,15.882154484025799,0.9992502156012925,0.0027372420058780177,15.801099056964935,15.803836298970813,0.04894455742242893,0.002055286249337054,4.6027836256019,4.604838911851237,0.9709306690755387,0.007988393865917974,28.80482673379979,28.812815127665708,0.9787519090249035,0.005625561682688353,24.203445251171214,24.209070812853902,0.07469746243155267,0.12484776646735762,0.14812878445756678,9.503812214456778,0.9987935488036896,0.05467298215866043,0.15619034776337154,52.26673082547544,0.9937888076911114,0.0705494294354211,0.10931409459980046,21.963997559494793,-0.997367313245571,1.156972181114298,0.33622263163655225,0.8207495494777457,0.42151390944285105,0.2313944362228596,1.6503260533135604,0.6811428927269565,0.9691831605866041,0.17483697334321968,0.3300652106627121,1.7289307071784918,0.7475332855212877,0.981397421657204,0.13553464641075413,0.34578614143569836,0.23139443622285955,0.3300652106627121,0.3457861414356983,0.194580078125,0.230682373046875,0.2313944362228596,0.22855760577153963,0.015446386352673008,0.014909846351314412,0.3300652106627121,0.32199441254086436,0.23435133858722568,0.23494594728329013,0.34578614143569836,0.32851893257238773,0.3445375156176623,0.2771437120735919,14.879478367049186,11.452860725039468,0.0,0.0,32.0,1.5317570736006887,0.006918132353054019,1.4264180939286766,1.4943580627092794
64,0.2,64.0,1.6,1.0,4.773959005888173e-15,2.005340338229189e-15,0.21805380077312547,1.0,63.99863347575261,0.08001908984969802,64.073524017322,63.993504927472294,-0.00512854828030794,24.204405646797856,4.592848844578574,28.755216881345238,24.162368036766665,-0.04203761003119024,0.109621240877501,0.14813383312371214,0.1564032213225587,0.008269388198846553,-0.10135185267865446,2.0037240905413004e-05,0.08001908984969802,0.08003912709060343,1.0002243495631475,0.016527925807634757,64.073524017322,64.09005194312962,1.015454344013711,0.016464098808212146,63.998633475752605,64.01509757456083,0.1013992783533284,0.002103982404028454,4.592848844578574,4.5949528269826025,0.9688664881776542,0.008419279598196444,28.755216881345238,28.763636160943435,0.9689816607887172,0.006177946782746562,24.204405646797856,24.2105835935806,0.07823863976611423,0.12444773328322234,0.14813383312371214,9.565090958077876,0.9987204501245386,0.05410266821753512,0.1564032213225587,53.45298825768623,0.9933316311651077,0.07074616207128637,0.109621240877501,21.90419272880309,-0.9971833112707128,1.449764405360375,0.5260006706200087,0.9237637347403664,0.27511779731981245,0.28995288107207506,1.653396557451244,0.6836747845529403,0.9697217728983036,0.1733017212743781,0.33067931149024876,1.7317857710814568,0.7500147636804423,0.9817710074010144,0.13410711445927165,0.3463571542162913,0.28995288107207495,0.33067931149024876,0.3463571542162913,0.347137451171875,0.40472412109375,0.28995288107207506,0.288489104044159,0.017429479583519366,0.014898019905014003,0.33067931149024876,0.3227821099673691,0.23563806778466706,0.23509597605651394,0.3463571542162913,0.3294723082131765,0.34511197733694565,0.27750925438602037,14.870218508996665,11.620042092394755,0.0,0.0,64.0,0.37820191357629945,0.0017128684617779156,1.1404587885714097,1.1945291005064909
64,0.4,0.5,0.025,1.0,3.4748679628160417e-16,2.7613545131033312e-15,0.5912797394279505,1.0,0.00013448733634235872,0.3199766399565189,0.31926978403057393,-0.0007068559259449797,-0.0008413432622873559,0.2726880767596422,12.513996935584716,12.735053364657553,0.22105642907283696,-0.051631647686805095,0.011904218628382798,0.5651025006013001,0.566680257694262,0.001577757092961929,-0.01032646153542082,8.336479166146842e-05,0.3199766399565189,0.32006000474818036,1.0000996861314246,0.13658305635116574,0.31926978403057393,0.4558528403817397,1.0593247366931626,0.13619137520960334,0.00013448733634235872,0.1363258625459457,0.33327028028788797,0.003880604947933545,12.513996935584716,12.517877540532648,0.9744646553371965,0.1329177993803886,12.735053364657553,12.86797116403794,1.0318408856341623,0.12849732657803065,0.2726880767596422,0.40118540333767283,0.3237105425067484,0.15077256995767563,0.5651025006013001,24.86679325732645,0.9965201156346648,0.15833848428726738,0.566680257694262,22.66614660273718,0.9362533547274696,0.049631605045918965,0.011904218628382798,5.6366304077920235,-0.024358848815916996,0.34127935603915815,0.12094032404760865,0.22033903199154958,0.829360321980421,0.06825587120783161,1.480632872923029,0.5574891310143724,0.9231437419086566,0.25968356353848554,0.2961265745846058,1.6169500514213826,0.658908736240183,0.9580413151811996,0.1915249742893088,0.3233900102842765,0.06825587120783162,0.29612657458460573,0.3233900102842765,0.0,0.0,0.06825587120783161,0.0241718294742052,0.06834815101092943,0.0514148070827343,0.2961265745846058,0.05990248309851154,0.2953658384951433,0.2941913083328519,0.3233900102842765,0.07741854924843733,0.32329155107136803,0.3220321488230926,14.01947878541279,10.291793823291895,0.0,0.0,0.5,2027.611551956622,88.51553575333466,4.338477692020558,4.7379075903901295
64,0.4,1.0,0.05,1.0,4.0554582261820293e-16,2.841693894084507e-15,0.5173782868366834,1.0,0.0017948029789313423,0.3201735429693413,0.3225407316425015,0.0023671886731602212,0.0005723856942288912,1.106621956962265,12.480028630333013,13.521746836108775,1.0417182057757621,-0.06490375118650346,0.044908790908010005,0.5634567590064723,0.5690057679441631,0.005549008937690836,-0.0393597819703191,8.080219614268788e-05,0.3201735429693413,0.320254345165484,0.9997715584456203,0.537070892445652,0.3225407316425015,0.8596116240881535,1.2167949073730284,0.5363805481311212,0.0017948029789313423,0.5381753511100527,0.6932640677087969,0.003906663897795087,12.480028630333013,12.483935294230808,0.9722559836009377,0.5062809442245306,13.521746836108775,14.028027780333307,1.1813820262931816,0.5014125918719391,1.106621956962265,1.6080345488342043,0.6702462778239998,0.15037816987254132,0.5634567590064723,24.924983182937737,0.9970139004743837,0.17522044982935847,0.5690057679441631,18.81459963959124,0.8095254643684345,0.09942037003283014,0.044908790908010005,4.489286419718384,-0.05644509856025242,0.5371329216116669,0.35738896541748005,0.17974395619418682,0.7314335391941666,0.10742658432233335,1.508942538134875,0.602297511710652,0.9066450264242228,0.2455287309325626,0.30178850762697496,1.6374627090753053,0.6882955542535657,0.9491671548217396,0.1812686454623474,0.3274925418150611,0.10742658432233335,0.30178850762697496,0.32749254181506104,0.000152587890625,6.103515625e-05,0.10742658432233335,0.07676395616079155,0.1073337763085627,0.05147265304825725,0.30178850762697496,0.1458578689526968,0.2984052176575163,0.2942977755560515,0.3274925418150611,0.16717732084406095,0.3271666384893194,0.32213216478771567,14.010032318110493,10.159193456308113,0.0,0.0,1.0,616.570158369788,25.021571412116497,2.8092534965224147,3.0485241979994457
64,0.4,2.0,0.1,1.0,4.2348936857283803e-16,2.9715813143482706e-15,0.45677596192876263,1.0,0.02840754674731831,0.32013225868438555,0.3481641152702083,0.028031856585822752,-0.00037569016149556055,2.9212818311340243,12.46305706624186,15.10584799600134,2.6427909297594807,-0.27849090137454435,0.11868473097143502,0.5636195736439233,0.5832598207132624,0.019640247069339076,-0.09904448390209601,7.34698164865901e-05,0.32013225868438555,0.32020572850087214,0.9997973700432013,1.0823938779080549,0.3481641152702083,1.430557993178263,1.3807568021990653,1.0814229478224933,0.02840754674731831,1.1098304945698114,1.004196932808663,0.004097138156622708,12.46305706624186,12.467154204398483,0.9684971830561506,1.0128561862081338,15.10584799600134,16.118704182209473,1.3329250492367235,1.0126924699721862,2.9212818311340243,3.9339743011062107,0.9721939674824298,0.1494349515687086,0.5636195736439233,25.24303966212739,0.9973397691675548,0.19561235844589933,0.5832598207132624,16.798065657168465,0.6626867795907996,0.14818906199031334,0.11868473097143502,5.858363426815224,-0.17501600285242286,0.7377103280833363,0.5771469654685142,0.16056336261482185,0.6311448359583318,0.14754206561666722,1.5628962049150612,0.6691912053447414,0.8937049995703198,0.21855189754246945,0.31257924098301226,1.6840325568943662,0.7460493618531459,0.9379831950412204,0.15798372155281692,0.33680651137887324,0.14754206561666722,0.3125792409830122,0.3368065113788732,0.0010986328125,0.0008544921875,0.14754206561666725,0.12457517430676067,0.14699023505535194,0.05146170306145535,0.31257924098301226,0.22521837088789784,0.30524241669405827,0.29464117190622585,0.33680651137887324,0.24813252143034645,0.3358567665802009,0.3225701456155937,13.93578430633647,10.161169672340701,0.0,0.0,2.0,102.83470998458517,4.177929619446598,2.1185770964813,2.2827829471625996
64,0.4,4.0,0.2,1.0,4.891920202254596e-16,3.153293598456841e-15,0.4196767603118815,1.0,0.22908660585872864,0.3199481778394589,0.5666524026904548,0.24670422485099588,0.01761761899226723,5.609304162597576,12.460220302306002,18.517191707436396,6.056971405130394,0.44766724253281825,0.1570298297671407,0.5635804982679361,0.5864623140125671,0.02288181574463098,-0.13414801402250973,9.138066284381392e-05,0.3199481778394589,0.3200395585023027,0.999960189360996,0.6442018375282921,0.5666524026904548,1.2108542402187468,1.2514863282430972,0.6444342914654446,0.22908660585872864,0.8735208973241733,0.7328693658911661,0.004201178639330075,12.460220302306002,12.464421480945331,0.970525668897783,0.607969657004211,18.517191707436396,19.125161364440604,1.2116767126377026,0.6036301511942563,5.609304162597575,6.212934313791832,0.7109689015469515,0.14987747130442622,0.5635804982679361,25.091546233172352,0.99691242180782,0.1592531855350809,0.5864623140125671,25.07012547818487,0.7731218199240018,0.1022713729668537,0.1570298297671407,25.95810709772509,-0.3533156397643431,0.5994838357089369,0.34033438831554463,0.2591494473933923,0.7002580821455315,0.11989676714178739,1.5803875221463266,0.654823424603174,0.9255640975431525,0.20980623892683678,0.3160775044292653,1.6961963485079363,0.7381976196762864,0.9579987288316499,0.1519018257460319,0.33923926970158724,0.11989676714178739,0.3160775044292653,0.33923926970158724,0.003997802734375,0.004425048828125,0.11989676714178739,0.08934464838638871,0.11160334740297975,0.05142815772347947,0.3160775044292653,0.2564898878273467,0.2991141775723889,0.2944133545209531,0.33923926970158724,0.2723465308043849,0.3380775647240195,0.32235514261748555,14.045666043214062,10.259369918756375,0.0,0.0,4.0,24.48551778735016,0.6854605452750766,2.6362470979344983,2.829427997006875
64,0.4,8.0,0.4,1.0,7.216449660063518e-16,2.7478019859472624e-15,0.403794104633453,1.0,1.0072756921782062,0.32001519402293904,1.3276071569420842,1.0075919629191452,0.00031627074093880744,6.0561441344862725,12.502791634410503,18.581029604871826,6.0782379704613225,0.022093835975050196,0.18575351447195654,0.5641697200320701,0.5976443028277428,0.033474582795672725,-0.1522789316762838,7.365302410761968e-05,0.32001519402293904,0.32008884704704665,0.999253388256349,0.0018871101871161969,1.3276071569420842,1.3294942671292003,1.0017169742721577,0.0017983659694587658,1.0072756921782062,1.009074058147665,0.03873472126296602,0.0037384806950754904,12.502791634410503,12.50653011510558,0.9708642198440447,0.006797100060656358,18.581029604871826,18.587826704932485,0.97307533646855,0.0026788728736832717,6.0561441344862725,6.058823007359955,0.05126977716161436,0.15072456874130447,0.5641697200320701,24.83554787473974,0.99703830661416,0.12199313887448068,0.5976443028277428,40.175630996269305,0.9932038771286313,0.03063039618959805,0.18575351447195654,199.45303171053288,-0.9511343727412173,0.5776957997939982,0.0844499689133075,0.49324583088069074,0.711152100103001,0.11553915995879963,1.5648176052449791,0.6124658865741721,0.9523517186708068,0.21759119737751054,0.31296352104899583,1.692271253863816,0.7162759283399208,0.9759953255238953,0.15386437306809192,0.33845425077276325,0.11553915995879961,0.3129635210489957,0.3384542507727632,0.008575439453125,0.011962890625,0.11553915995879963,0.08546459621202995,0.051594519089429663,0.0514885871353352,0.31296352104899583,0.2529174057995557,0.29454759987627255,0.29460539855154266,0.33845425077276325,0.2812491276791794,0.3367002929772055,0.3219574597264716,13.949697017325907,10.115924640473306,0.0,0.0,8.0,6.012399764547109,0.18441179104627217,2.7087224899384434,2.9293466465694697
64,0.4,16.0,0.8,1.0,1.3877787807814457e-15,2.7807617319908218e-15,0.4208288636983093,1.0,4.03658250723996,0.31962013283233337,4.357569415998889,4.037949283166556,0.0013667759265953887,6.053299688834201,12.496737028091882,18.536418876039832,6.03968184794795,-0.013617840886250995,0.18552927846328907,0.5641561187555713,0.5973092122513934,0.03315309349582217,-0.1523761849674669,8.556770252346989e-05,0.31962013283233337,0.3197057005348568,0.9998784772924791,0.001444358325988423,4.357569415998889,4.359013774324877,1.0004479253828993,0.0014061672576391685,4.036582507239961,4.0379886744975995,0.03222033482370394,0.0039785029544746366,12.496737028091882,12.500715531046357,0.9713658706518681,0.005512596256558394,18.536418876039832,18.54193147229639,0.9727073762277509,0.0015384941317511248,6.053299688834201,6.054838182965952,0.03920961242608299,0.15023653649542779,0.5641561187555713,25.00030199208223,0.9967730000455177,0.12193597235096641,0.5973092122513934,40.18458409014313,0.9946085517196911,0.029252332246881296,0.18552927846328907,217.22527124370046,-0.9733373903833014,0.8745642448564072,0.19207224576163062,0.6824919990947768,0.5627178775717964,0.17491284897128145,1.5637275540975435,0.6115510805603285,0.9521764735372149,0.21813622295122836,0.31274551081950863,1.6920167094101368,0.7159923776198361,0.9760243317903006,0.15399164529493164,0.33840334188202736,0.17491284897128143,0.31274551081950863,0.33840334188202725,0.059234619140625,0.089080810546875,0.17491284897128145,0.15634597589358828,0.051573646992545644,0.051387384672414646,0.31274551081950863,0.25282299578647843,0.29438514504516333,0.29443552912248927,0.33840334188202736,0.2813970731257839,0.3366672899789158,0.32224431219489547,13.957200831930955,10.153301092598898,0.0,0.0,16.0,1.4996100483458679,0.045961968603521974,1.7880076429997296,1.9346968725984737
64,0.4,32.0,1.6,1.0,2.525757381022231e-15,2.7504040711612276e-15,0.4069938271151061,1.0,16.04641291665537,0.3199090305754404,16.367627530720043,16.047718500144605,0.0013055834892362179,6.04156469616824,12.483304677314415,18.50734192319935,6.024037245884936,-0.017527450283302277,0.1852472700497046,0.5647104804612242,0.5975383773501165,0.03282789688889237,-0.15241937316081217,7.190665915914006e-05,0.3199090305754404,0.3199809372345995,1.00076030967952,0.003314562040509059,16.367627530720043,16.370942092760554,1.0026129246307622,0.003222820805569634,16.04641291665537,16.04963573746094,0.048548996586801965,0.004142522919269437,12.483304677314415,12.487447200233683,0.9711720043078025,0.005928055928702039,18.50734192319935,18.513269979128054,0.971106982416818,0.0015500575403043291,6.0415646961682405,6.043114753708544,0.03926231090499465,0.14913830570589487,0.5647104804612242,25.392629216823686,0.9968128562379488,0.1206624851997403,0.5975383773501165,41.0464894701489,0.994666016329264,0.02938446921142181,0.1852472700497046,214.94457612797027,-0.9748298170471645,1.1945146628021603,0.3572110162879401,0.8373036465142203,0.40274266859891983,0.23890293256043205,1.5643164446761906,0.6120299107609893,0.9522865339152012,0.21784177766190482,0.31286328893523807,1.6950669581716369,0.7185663447274693,0.9765006134441678,0.1524665209141815,0.3390133916343274,0.23890293256043205,0.31286328893523807,0.33901339163432737,0.189117431640625,0.271575927734375,0.23890293256043205,0.2288671616317186,0.051757715541780366,0.05135246471891764,0.31286328893523807,0.25294023001208316,0.29457805781813634,0.2944714124406689,0.3390133916343274,0.2823835467790832,0.337355147766157,0.32284371046872806,13.956098746352424,10.212365761276816,0.0,0.0,32.0,0.37650562325349357,0.011544466106654107,1.3095832921854036,1.4190424035442586
64,0.4,64.0,3.2,1.0,5.10702591327572e-15,2.8622937353617317e-15,0.40953758793538025,1.0,64.03039127710574,0.3194195485145408,64.34805952015658,64.02863997164204,-0.0017513054636921809,6.067890564815623,12.455734877177608,18.54635269291017,6.090617815732559,0.022727250916936073,0.18620975211032503,0.5642374415188366,0.5978077989140012,0.033570357395164535,-0.15263939471516047,7.178346157876478e-05,0.3194195485145408,0.31949133197611956,0.9996022459664923,0.018783523600301145,64.34805952015658,64.36684304375689,1.0136368854979547,0.018711278611580298,64.03039127710574,64.04910255571731,0.10693222916950604,0.004566612471642561,12.455734877177608,12.46030148964925,0.9664679964573091,0.006073746658651303,18.54635269291017,18.55242643956882,0.968724026252235,0.0014409821702299605,6.067890564815623,6.069331546985852,0.03763939552736073,0.1497826472179078,0.5642374415188366,25.151880708246612,0.996796467292157,0.12126828081370943,0.5978077989140012,40.657196133645265,0.995080077288123,0.029317729087188417,0.18620975211032503,216.9267303504534,-0.97659301906355,1.4593037720035598,0.5326283991844225,0.9266753728191375,0.2703481139982201,0.2918607544007119,1.5655543743084737,0.6129957115347777,0.9525586627736959,0.21722281284576328,0.31311087486169475,1.6934412934880183,0.7171728164215005,0.976268477066518,0.15327935325599085,0.33868825869760366,0.2918607544007119,0.31311087486169464,0.33868825869760366,0.379364013671875,0.49713134765625,0.2918607544007119,0.28644016060606586,0.053324442919962335,0.05138783890217616,0.31311087486169475,0.253515646936758,0.2946794006682495,0.29482385860041666,0.33868825869760366,0.2820134874822618,0.33693628864852043,0.32243421825941143,13.949772012658954,10.241510347540569,0.0,0.0,64.0,0.09476578924147877,0.0029081464035486055,1.0728091055086062,1.1604446764109972
64,0.8,0.5,0.05,1.0,5.47576307213804e-16,5.438303887078666e-15,0.9929864304820639,1.0,0.0006823815428441732,1.2796341844818326,1.284626218677528,0.004992034195695577,0.004309652652851367,0.18681473402629828,43.97794403147324,44.34082275325797,0.362878721784722,0.17606398775842047,0.00899784652255721,2.217743838966305,2.2189001788710008,0.0011563399046959355,-0.007841506617861503,0.00030896661541027475,1.2796341844818326,1.2799431510972425,1.0002148284840273,0.08431374224264312,1.284626218677528,1.3689399609201711,1.0481096990233367,0.0844982931673986,0.0006823815428441732,0.08518067471024278,0.2521178250860958,0.012123629518565424,43.97794403147324,43.99006766099181,0.9673921133378862,0.09411784939767003,44.34082275325797,44.434940602655644,1.0158888887957098,0.0789040392881745,0.18681473402629828,0.26571877331447274,0.24385259037020646,0.15854534473726187,2.217743838966305,88.3351265884713,0.9894783180766131,0.1658712791926127,2.2189001788710008,81.07805966963882,0.9509473385114893,0.03940053938430647,0.00899784652255721,6.929697645453727,0.02686070999865423,0.6928665550779538,0.15410927658944934,0.5387572784885045,0.6535667224610231,0.13857331101559073,1.7135729474283774,0.7361132451394603,0.9774597022889171,0.14321352628581133,0.3427145894856755,1.791090443587608,0.8032148482380148,0.9878755953495931,0.10445477820619613,0.3582180887175216,0.13857331101559073,0.34271458948567546,0.3582180887175215,0.00030517578125,0.0,0.13857331101559073,0.014861849810406268,0.1383183829081963,0.13488995959560054,0.3427145894856755,0.04431813910155478,0.3424855147960365,0.3429110229988355,0.3582180887175216,0.058363707511387856,0.3582090285496865,0.35836733253118247,14.026339622808617,10.204078775425169,0.0,0.0,0.5,273.76873830387115,13.185946508831547,2.4731644713830723,2.5850438738323778
64,0.8,1.0,0.1,1.0,5.386841553335284e-16,5.579900690805273e-15,1.0006835325986876,1.0,0.010007027700451674,1.2804691629468898,1.2917009454684134,0.011231782521523709,0.0012247548210720053,0.4766008947662183,44.024632318869244,44.525191343652004,0.5005590247827572,0.023958130016539014,0.022892471988055118,2.2207302630042873,2.2248022317710925,0.004071968766805267,-0.018820503221249715,0.00029881598671148164,1.2804691629468898,1.2807679789336013,1.0015084207486602,0.08981078171446769,1.2917009454684134,1.3815117271828812,1.0420341339717534,0.08987994466967902,0.010007027700451674,0.09988697237013068,0.2487242621028668,0.010662407460432847,44.024632318869244,44.03529472632968,0.9754909287545181,0.09571192136679454,44.525191343652004,44.620903265018796,1.0155876944858984,0.08366917310796965,0.4766008947662183,0.560270067874188,0.2409425437678371,0.15882658093440283,2.2207302630042873,88.13412475987904,0.9905197011743256,0.16537931041572895,2.2248022317710925,82.03381385018761,0.9465447319291906,0.041133450017898344,0.022892471988055118,184.40568718883324,0.01813644041841078,0.702585034025194,0.1597923276408136,0.5427927063843805,0.648707482987403,0.1405170068050388,1.7145585455829548,0.7369950374213221,0.977563508161633,0.1427207272085226,0.34291170911659097,1.7932006675273204,0.8052250337823904,0.9879756337449301,0.10339966623633978,0.3586401335054641,0.1405170068050388,0.34291170911659097,0.35864013350546403,0.000640869140625,0.0,0.1405170068050388,0.01733549631417014,0.13995683745166052,0.13474305965327898,0.34291170911659097,0.07941521840520288,0.34261033764350934,0.34243688407395345,0.3586401335054641,0.10250087186409612,0.358602780972084,0.35827674880906996,14.030446196431393,10.077265212733415,0.0,0.0,1.0,47.62661891549542,2.287639514280734,2.440357341174837,2.5522898733749826
64,0.8,2.0,0.2,1.0,5.465463151499428e-16,5.5077470362263625e-15,0.8998656958513538,1.0,0.055383224980395385,1.280253877719,1.3514698126463682,0.0712159349273683,0.015832709946972848,1.4347835539385414,44.11532368038715,46.1730550494737,2.0577313690865537,0.622947815148014,0.07795042551369732,2.2207771964942125,2.2368186806609667,0.016041484166754383,-0.061908941346943025,0.0003266904954887255,1.280253877719,1.2805805682144886,0.9996219046318465,0.20462372700978954,1.3514698126463682,1.5560935396561577,1.1190602890883128,0.20395704056060726,0.055383224980395385,0.25934026554100265,0.4385703368255812,0.012226457174218842,44.11532368038715,44.12755013756137,0.9777759598736662,0.21248441988741656,46.1730550494737,46.38553946936112,1.097342075445472,0.1942182872601244,1.4347835539385416,1.629001841198666,0.42843140424995585,0.16055064276003334,2.2207771964942125,86.23461434312995,0.9895509557493907,0.17996368692113662,2.2368186806609667,70.46005499466384,0.8876855608952439,0.07877535976699035,0.07795042551369732,15.148919617793881,-0.00907146697197751,0.7243315748229346,0.20451731728817873,0.519814257534756,0.6378342125885327,0.14486631496458693,1.7115199419793568,0.7368163699979446,0.9747035719814122,0.14424002901032157,0.3423039883958714,1.7895525689979874,0.803760972211061,0.9857915967869265,0.10522371550100626,0.3579105137995975,0.1448663149645869,0.3423039883958713,0.35791051379959743,0.000762939453125,3.0517578125e-05,0.14486631496458693,0.037084111229241795,0.1419987242833284,0.13500587012234452,0.3423039883958714,0.15319377986293337,0.34094478068587186,0.3423645423763109,0.3579105137995975,0.1937322694469941,0.35776314025082984,0.35783953155963333,13.993975391530913,10.043858634281507,0.0,0.0,2.0,25.90646453770844,1.407473572391104,2.362895670256738,2.4706262038010003
64,0.8,4.0,0.4,1.0,5.177607474704526e-16,5.1235057862975e-15,0.9019325339943287,1.0,0.24969929021993664,1.2794219098488235,1.5283983911732508,0.24897648132442732,-0.0007228088955093707,1.51556288021774,44.10888249440363,45.62335310990834,1.5144706155047025,-0.0010922647130404556,0.08949102120040113,2.2185672545079083,2.2380499796891735,0.019482725181265093,-0.07000829601913608,0.0003118135267740181,1.2794219098488235,1.2797337233755974,1.0004434772187556,0.0006369639583435861,1.5283983911732508,1.5290353551315943,1.0011667544390723,0.00029547970185340116,0.24969929021993664,0.24999476992179,0.014226346476176096,0.010566546575397788,44.10888249440363,44.11944904097903,0.9762093380071084,0.011209099626393021,45.62335310990834,45.63456220953473,0.9771573287155066,0.0006150990327432283,1.51556288021774,1.5161779792504835,0.02460137901311202,0.1598773277730787,2.2185672545079083,86.87932370589319,0.9896230067784051,0.1567427228738436,2.2380499796891735,91.25177037199174,0.9888519069220888,0.007286941245556589,0.08949102120040113,1853.7173853777863,-0.44710389674490514,0.7338258933119466,0.1348391532261456,0.598986740085801,0.6330870533440267,0.1467651786623893,1.716637925359458,0.7369347868112182,0.97970313854824,0.14168103732027099,0.3433275850718916,1.7953537446689705,0.8060690082573387,0.9892847364116317,0.1023231276655148,0.3590707489337941,0.1467651786623893,0.3433275850718916,0.3590707489337941,0.0013427734375,0.000152587890625,0.1467651786623893,0.034756092956180304,0.13478771079916702,0.13485264505926814,0.3433275850718916,0.1519611044253157,0.3423535093920844,0.3423903314862488,0.3590707489337941,0.2045158891352112,0.3588926961419449,0.3580445227067709,13.995566377564451,10.176087355600595,0.0,0.0,4.0,6.069552215718447,0.3583951765404575,2.3392986551780366,2.4465663599932044
64,0.8,8.0,0.8,1.0,6.999609225566417e-16,5.33665993340815e-15,0.9024370386846093,1.0,1.0038384677614869,1.279478010622145,2.2840617269809274,1.0045837163587823,0.0007452485972955705,1.5170183967329738,43.932766494538164,45.43595863024784,1.5031921357096758,-0.013826261023296694,0.09006778341750676,2.21587090158826,2.2370620486400834,0.021191147051823844,-0.068876636365683,0.00034711784742610073,1.279478010622145,1.2798251284695712,0.999726277494468,0.0007680674175891946,2.2840617269809274,2.284829794398517,0.9992005630056515,0.00037929666792048356,1.0038384677614869,1.0042177644294072,0.015745927919138522,0.01296137561082612,43.932766494538164,43.94572787014899,0.972139586713394,0.013517512906454343,45.43595863024784,45.4494761431543,0.971317190803275,0.000349014399336841,1.5170183967329738,1.5173674111323106,0.018595275734684953,0.15984461952146614,2.21587090158826,86.77059441430036,0.9877624829043636,0.156537172764814,2.2370620486400834,91.33457346142947,0.9867023685839715,0.005607260953035199,0.09006778341750676,2933.1842520735117,-0.6132102294505017,0.8472123119701691,0.17978197912440658,0.6674303328457626,0.5763938440149156,0.16944246239403382,1.7182029932375413,0.7383192636622096,0.9798837295753318,0.1408985033812294,0.3436405986475083,1.7958980739870738,0.8065988476157623,0.9892992263713116,0.10205096300646316,0.3591796147974148,0.16944246239403377,0.3436405986475082,0.3591796147974147,0.006683349609375,0.00384521484375,0.16944246239403382,0.08492948056695356,0.13508199975299767,0.13494797592173807,0.3436405986475083,0.15318043801770087,0.3426735175660395,0.34260842616129755,0.3591796147974148,0.2055007917722963,0.35899155467492827,0.3580869872693103,14.001473782117662,10.085268684332522,0.0,0.0,8.0,1.511217636554469,0.08972338310401048,2.0280666002621084,2.119773342069076
64,0.8,16.0,1.6,1.0,1.4155343563970746e-15,5.500374461453461e-15,0.8905970571037417,1.0,3.9864867289544756,1.2807168486825193,5.267164702178681,3.986447853496161,-3.8875458314970945e-05,1.5138882319683729,44.039932657375985,45.570940124883236,1.5310074675072514,0.01711923553887819,0.08979215879347181,2.214133686512895,2.2344422541676687,0.020308567654773735,-0.06948359113869823,0.00033079489645239184,1.2807168486825193,1.2810476435789717,1.0001823728849413,0.0018366922328492915,5.267164702178681,5.2690013944115295,0.9989872159316115,0.0015788113740619945,3.9864867289544756,3.9880655403285377,0.028890453522310483,0.01339546894548284,44.039932657375985,44.05332812632147,0.9646623878704029,0.01386868194008438,45.570940124883236,45.58480880682332,0.9641231591137609,0.0004005157273856795,1.5138882319683729,1.5142887476957585,0.019862816360429345,0.1574953659285545,2.214133686512895,89.38896184533311,0.9891622406647467,0.154116074261358,2.2344422541676687,94.18950711999213,0.9886055260416181,0.005801022429158665,0.08979215879347181,2751.5356580497896,-0.5892648507471077,1.047921074201325,0.2754762000860176,0.7724448741153075,0.4760394628993375,0.209584214840265,1.7206421308397961,0.740413053917881,0.9802290769219149,0.1396789345801021,0.3441284261679592,1.7983343527326405,0.808746102897179,0.9895882498354616,0.10083282363367979,0.35966687054652813,0.20958421484026496,0.34412842616795913,0.359666870546528,0.0576171875,0.063140869140625,0.209584214840265,0.15573353806873874,0.13533903508882578,0.1349616224126555,0.3441284261679592,0.15416378159133035,0.3431672486229622,0.3431223354233035,0.35966687054652813,0.207215586765162,0.3594911009226625,0.3585875848544423,14.010021575580234,10.337660613715137,0.0,0.0,16.0,0.3797549910232401,0.02252413337821931,1.641957751590392,1.7160971346083909
64,0.8,32.0,3.2,1.0,2.8033131371785203e-15,5.370487041189698e-15,0.9117372715171295,1.0,16.080425911119228,1.277858655643377,17.364291573205684,16.08643291756231,0.00600700644308123,1.512563922015206,44.051503717348496,45.56454598275165,1.5130422654031674,0.0004783433879591119,0.08991983731407494,2.2189304308715307,2.2387584014033686,0.019827970531837935,-0.07009186678223712,0.00031931977644190544,1.277858655643377,1.278177975419819,1.0001326733834404,0.006277277317110721,17.364291573205684,17.370568850522794,1.0077325801991632,0.0059848878817680366,16.080425911119228,16.086410799000994,0.0673308004282668,0.01307112825600191,44.051503717348496,44.0645748456045,0.973926014199229,0.013159004686823121,45.56454598275165,45.57770498743848,0.9731563071299139,0.00034795135586587154,1.512563922015206,1.5129118733710718,0.018612257207493065,0.16045937161847112,2.2189304308715307,86.19453324298084,0.9888541508217028,0.15691880529809013,2.2387584014033686,90.93014855505197,0.9883760536113297,0.005851932108358109,0.08991983731407494,2660.078047773696,-0.6117279140621583,1.296069488642447,0.4207975364926978,0.8752719521497494,0.35196525567877646,0.2592138977284894,1.7178623993693671,0.7380204283105651,0.979841971058802,0.14106880031531652,0.3435724798738734,1.7952392038419012,0.805973518891363,0.9892656849505382,0.10238039807904945,0.35904784076838026,0.2592138977284894,0.3435724798738734,0.3590478407683802,0.181396484375,0.209228515625,0.2592138977284894,0.22923073594853632,0.13443793625219755,0.13480411884268306,0.3435724798738734,0.1526527545576806,0.342602345816133,0.3425543026107035,0.35904784076838026,0.20472293209991993,0.35885225972922574,0.3579112713940368,13.987860452580716,10.248203378010937,0.0,0.0,32.0,0.09406242909084295,0.005591881571488572,1.3254400434723004,1.385141166869304
64,0.8,64.0,6.4,1.0,5.329070518200751e-15,5.499940780584467e-15,0.8859501881474345,1.0,63.712595787216436,1.28169514809372,64.98240814968483,63.70071300159112,-0.011882785625318939,1.5117803077017031,44.03365530535141,45.53482478893246,1.5011694835810552,-0.010610824120646928,0.0895609017385604,2.218185057662491,2.239041649589307,0.020856591926815993,-0.0687043098117443,0.0003117140286367616,1.28169514809372,1.2820068621223566,1.000558595265061,0.008391143678342898,64.98240814968483,64.99079929336318,1.0080284722496748,0.007915467516924669,63.712595787216436,63.72051125473337,0.07846743292289622,0.011853688694897748,44.03365530535141,44.0455089940463,0.9794320557143086,0.012039194051562173,45.53482478893246,45.54686398298403,0.9803943261874595,0.0003797075840980282,1.5117803077017031,1.5121600152858012,0.019397545509307813,0.15930156456146777,2.218185057662491,87.46269737086955,0.9885578580433283,0.15604097974219838,2.239041649589307,91.99754697335905,0.9879166178775928,0.005765433771619727,0.0895609017385604,2836.2424885385453,-0.5685562447109348,1.5168460894456288,0.5756521380552393,0.9411939513903895,0.24157695527718562,0.30336921788912574,1.7157820486724427,0.7362213074515007,0.9795607412209419,0.14210897566377878,0.34315640973448847,1.7965775419051373,0.8071832790680762,0.9893942628370612,0.1017112290474314,0.35931550838102744,0.30336921788912574,0.34315640973448847,0.3593155083810274,0.309295654296875,0.363128662109375,0.30336921788912574,0.2874112023500122,0.13489669133948992,0.13495200530274698,0.34315640973448847,0.15137327181844176,0.3421827128166274,0.3422333768917423,0.35931550838102744,0.20537077064890527,0.3591372889104324,0.358262429680659,13.997678921262931,10.117755905188012,0.0,0.0,64.0,0.02372812297195766,0.0014057016612173613,1.1311510512576264,1.1844165036953378
