d,sigma,omega,r,amplitude,lin_resid_pw,lin_resid_zo,lin_resid_wml,gstar_norm,var_pw_e,var_pw_clean,var_pw_tot,var_pw_e_sub,cross_pw,var_zo_e,var_zo_clean,var_zo_tot,var_zo_e_sub,cross_zo,var_wml_e,var_wml_clean,var_wml_tot,var_wml_e_sub,cross_wml,pre_pw_clean_bias2,pre_pw_clean_var,pre_pw_clean_mse,pre_pw_clean_meannorm,pre_pw_tot_bias2,pre_pw_tot_var,pre_pw_tot_mse,pre_pw_tot_meannorm,pre_pw_err_bias2,pre_pw_err_var,pre_pw_err_mse,pre_pw_err_meannorm,pre_zo_clean_bias2,pre_zo_clean_var,pre_zo_clean_mse,pre_zo_clean_meannorm,pre_zo_tot_bias2,pre_zo_tot_var,pre_zo_tot_mse,pre_zo_tot_meannorm,pre_zo_err_bias2,pre_zo_err_var,pre_zo_err_mse,pre_zo_err_meannorm,pre_wml_clean_meannorm,pre_wml_clean_var,pre_wml_clean_nsr,pre_wml_clean_cosmean,pre_wml_tot_meannorm,pre_wml_tot_var,pre_wml_tot_nsr,pre_wml_tot_cosmean,pre_wml_err_meannorm,pre_wml_err_var,pre_wml_err_nsr,pre_wml_err_cosmean,post_pw_sphere,post_pw_bias2,post_pw_var,cos_pw,mse_pw,post_zo_sphere,post_zo_bias2,post_zo_var,cos_zo,mse_zo,post_wml_sphere,post_wml_bias2,post_wml_var,cos_wml,mse_wml,mse_pw_committed,mse_zo_committed,mse_wml_committed,win_wml_vs_pw,win_zo_vs_pw,err_pw_total,err_pw_cleanoff,err_pw_erroroff,err_pw_baseline,err_zo_total,err_zo_cleanoff,err_zo_erroroff,err_zo_baseline,err_wml_total,err_wml_cleanoff,err_wml_erroroff,err_wml_baseline,ess_med,ess_min,eta_at_bound,nonfinite,om_supnorm,ratio_e,ratio_e_wml,mse_ratio_zo_pw,mse_ratio_wml_pw
4,0.4,2.5,0.5,0.25,5.84605199535973e-16,8.90875372604183e-16,0.4254731647978577,1.0,0.003823273247814204,0.02005228005776196,0.0237994470434495,0.0037471669856875387,-7.610626212666509e-05,0.017283530851973844,0.225820984002864,0.23411207817072566,0.008291094167861668,-0.008992436684112181,0.0028873844457576454,0.023425387959104697,0.024109346325938908,0.0006839583668342111,-0.0022034260789234347,4.3679666058234716e-05,0.02005228005776196,0.020095959723820195,1.0005610262676052,0.0758661491582264,0.0237994470434495,0.09966559620167591,0.9945983561057419,0.07597570712282334,0.003823273247814204,0.07979898037063754,0.2576148565161179,0.0016715222904037724,0.225820984002864,0.22749250629326778,0.965746369096375,0.07547940034834702,0.23411207817072566,0.3095914785190727,0.9606816090299741,0.07103966946221497,0.017283530851973844,0.08832320031418882,0.248859814078195,0.32629166054274455,0.023425387959104697,0.22010898494979395,0.999846757607549,0.31995484292468396,0.024109346325938908,0.23564163611052644,0.9574979014261437,0.08792417636770955,0.0028873844457576454,1.3899892354424246,-0.19216325719218602,0.08040020322817586,0.06166279349173943,0.01873740973643645,0.9597998983859122,0.016080040645635153,0.20951592921039058,0.06513168360640981,0.1443842456039808,0.8952420353948047,0.0419031858420781,0.24625810634638995,0.086098875473834,0.16015923087255593,0.8768709468268051,0.04925162126927797,0.016080040645635167,0.04190318584207811,0.049251621269277984,0.18798828125,0.1749267578125,0.016080040645635153,0.013046474165480267,0.015475144309616827,0.0029932608699477824,0.0419031858420781,0.015386381944071485,0.042471190657159846,0.028182955712110557,0.04925162126927797,0.02150345938355241,0.048755644647421804,0.03129805770561679,14.923523315908984,12.351220682631219,0.0,0.0,2.5,4.520610935107758,0.7552126825903397,2.6059129305405397,3.062904028333229
4,0.4,2.5,0.5,1.0,8.184506674821512e-16,1.1184426323453123e-15,0.3790748556558624,1.0,0.06117237196502726,0.02005228005776196,0.08092022697428256,0.060867946916520595,-0.0003044250485066617,0.2765364936315815,0.225820984002864,0.4663877308979968,0.2405667468951328,-0.035969746736448725,0.019745360054729096,0.023425387959104697,0.03167031272821803,0.008244924769113331,-0.011500435285615769,4.3679666058234716e-05,0.02005228005776196,0.020095959723820195,1.0005610262676052,1.2150420431086113,0.08092022697428256,1.2959622700828939,1.322232762646816,1.2156113139651734,0.06117237196502726,1.2767836859302006,1.0304594260644715,0.0016715222904037724,0.225820984002864,0.22749250629326778,0.965746369096375,1.1493790680687566,0.4663877308979968,1.6157667989667535,1.2796102886739218,1.1366347113954396,0.2765364936315815,1.413171205027021,0.99543925631278,0.32629166054274455,0.023425387959104697,0.22010898494979395,0.999846757607549,0.2884595959278665,0.03167031272821803,0.44996349115403983,0.5924356172143539,0.26443242018027896,0.019745360054729096,0.40083676020676184,-0.5748480549785079,0.7651741946645957,0.7189763341878691,0.046197860476726624,0.6174129026677022,0.15303483893291914,0.8893070136996969,0.6956173930434931,0.1936896206562038,0.5553464931501516,0.17786140273993936,0.9795908483244494,0.7269202504052269,0.25267059791922264,0.5102045758377753,0.19591816966488987,0.1530348389329191,0.17786140273993936,0.19591816966488984,0.356964111328125,0.376007080078125,0.15303483893291914,0.15112839803026246,0.15144588455713967,0.0029932608699477824,0.17786140273993936,0.16588529734923768,0.167010092771268,0.028182955712110557,0.19591816966488987,0.1792414548976312,0.18987344706313283,0.03129805770561679,14.490933091974716,11.783154326412152,0.0,0.0,2.5,4.520610935107758,0.32278231856070055,1.1622281826813476,1.28021939991565
4,0.4,2.5,0.5,4.0,3.0010716134398763e-15,3.6290415117434804e-15,0.43732189055874615,1.0,0.9787579514404362,0.02005228005776196,0.9975925313041716,0.9775402512464095,-0.0012177001940266454,4.424583898105304,0.225820984002864,4.5065258951623735,4.28070491115951,-0.1438789869457949,0.03250106434318548,0.023425387959104697,0.03785770467671182,0.014432316717607118,-0.018068747625578363,4.3679666058234716e-05,0.02005228005776196,0.020095959723820195,1.0005610262676052,19.447372901018355,0.9975925313041716,20.444965432322526,4.10535048604161,19.449781023442775,0.9787579514404362,20.42853897488321,4.121837704257886,0.0016715222904037724,0.225820984002864,0.22749250629326778,0.965746369096375,18.23211824214909,4.5065258951623735,22.738644137311468,3.9687646774086853,18.186155382327033,4.424583898105304,22.610739280432337,3.98175702525112,0.32629166054274455,0.023425387959104697,0.22010898494979395,0.999846757607549,0.27157527830265626,0.03785770467671182,1.2664563574774852,0.17570586989988324,0.38430118845530226,0.03250106434318548,0.258682824734401,-0.7345830454467833,1.7514634666026296,1.691349835067128,0.06011363153550145,0.12426826669868525,0.3502926933205259,1.8260300827690163,1.5770463244240882,0.2489837583449278,0.08698495861549192,0.36520601655380325,1.7574089816216052,1.4191818832872602,0.3382270983343449,0.12129550918919746,0.351481796324321,0.35029269332052587,0.3652060165538032,0.35148179632432097,0.50372314453125,0.45440673828125,0.3502926933205259,0.3501807961469339,0.35927893823925156,0.0029932608699477824,0.36520601655380325,0.3610423111919832,0.3590427847196612,0.028182955712110557,0.351481796324321,0.3373214443905599,0.347261755888773,0.03129805770561679,14.875499281688189,12.436465927056693,0.0,0.0,2.5,4.520610935107758,0.033206437092392176,1.0425738918271734,1.0033945983643657
4,0.4,3.75,0.75,0.25,5.8075289369186045e-16,9.29493298735401e-16,0.360489774895346,1.0,0.012232546890837678,0.019999935002510117,0.03434562321587655,0.014345688213366436,0.0021131413225287565,0.022486929925337292,0.22872146838015736,0.2522808305555227,0.02355936217536532,0.0010724322500280357,0.004044933662761112,0.02321049839704893,0.02417695462367811,0.0009664562266291764,-0.0030784774361319353,4.579750685099694e-05,0.019999935002510117,0.020045732509361112,1.000832621671018,0.05008412373717285,0.03434562321587655,0.0844297469530494,0.993919678896912,0.05021572624919379,0.012232546890837678,0.06244827314003147,0.2043156103548742,0.001245887170418134,0.22872146838015736,0.22996735555057551,0.9721145510093286,0.05135749622347264,0.2522808305555227,0.3036383267789953,0.966713567483474,0.047612344430934365,0.022486929925337292,0.07009927435627165,0.2000125899278658,0.32628880197595017,0.02321049839704893,0.21809495401322146,0.9998418592970078,0.30515296965699235,0.02417695462367811,0.26042197657194005,0.9577545811620289,0.08812741119208059,0.004044933662761112,7.773055282079746,-0.402304566942712,0.06707955162010952,0.040027673656405104,0.027051877963704417,0.9664602241899453,0.013415910324021882,0.201251055992543,0.04655023934003991,0.1547008166525031,0.8993744720037286,0.040250211198508586,0.2622809192439675,0.08739465542463247,0.17488626381933509,0.8688595403780163,0.05245618384879349,0.013415910324021901,0.0402502111985086,0.0524561838487935,0.14617919921875,0.158599853515625,0.013415910324021882,0.010000095376740875,0.01109504101426403,0.0029880877349874307,0.040250211198508586,0.01197546047107189,0.037725477059880656,0.028189139488339336,0.05245618384879349,0.024054679145414638,0.05156215040749073,0.03105920239051989,14.8414949095741,12.17225002689311,0.0,0.0,3.75,1.838286836421634,0.3306697860108605,3.0001848720200894,3.9099980979201967
4,0.4,3.75,0.75,1.0,8.570889224041034e-16,1.0314015266854604e-15,0.3722520412147214,1.0,0.19572075025340285,0.019999935002510117,0.224173250546028,0.20417331554351786,0.008452565290115026,0.3597908788053967,0.22872146838015736,0.5928020761856662,0.36408060780550877,0.004289729000112146,0.01801309384589669,0.02321049839704893,0.0296736141635281,0.006463115766479169,-0.011549978079417522,4.579750685099694e-05,0.019999935002510117,0.020045732509361112,1.000832621671018,0.8027878174184637,0.224173250546028,1.0269610679644918,1.2096335039106028,0.8034516199871007,0.19572075025340285,0.9991723702405035,0.8172624414194968,0.001245887170418134,0.22872146838015736,0.22996735555057551,0.9721145510093286,0.7730404565538487,0.5928020761856662,1.3658425327395147,1.1798161030575232,0.7617975108949498,0.3597908788053967,1.1215883897003465,0.8000503597114632,0.32628880197595017,0.02321049839704893,0.21809495401322146,0.9998418592970078,0.23358418431257652,0.0296736141635281,0.6696109787005571,0.6654537422097243,0.23017356631781,0.01801309384589669,0.42821710509706845,-0.7250655003502021,0.6122887574093121,0.4882793721837068,0.12400938522560528,0.6938556212953441,0.1224577514818624,0.8009401639831223,0.514054706479179,0.2868854575039434,0.5995299180084389,0.16018803279662444,0.9180213291466217,0.5790651413852153,0.3389561877614065,0.5409893354266891,0.18360426582932432,0.12245775148186239,0.16018803279662444,0.18360426582932432,0.314544677734375,0.3427734375,0.1224577514818624,0.1201066148899777,0.11737882611305969,0.0029880877349874307,0.16018803279662444,0.1451287296841654,0.1354650510766304,0.028189139488339336,0.18360426582932432,0.16182199070566392,0.17471893431878488,0.03105920239051989,14.853131608763409,12.282974191226284,0.0,0.0,3.75,1.838286836421634,0.0920346658316752,1.3081085587330123,1.4993274301342903
4,0.4,3.75,0.75,4.0,3.164135620181696e-15,3.337607967779377e-15,0.4427119590526776,1.0,3.1315320040544457,0.019999935002510117,3.185342200217416,3.1653422652149055,0.033810261160460105,5.756654060886347,0.22872146838015736,6.002534445266952,5.773812976886795,0.01715891600044859,0.028209318801595835,0.02321049839704893,0.034238685714117194,0.011028187317068262,-0.017181131484527573,4.579750685099694e-05,0.019999935002510117,0.020045732509361112,1.000832621671018,12.85243331699851,3.185342200217416,16.037775517215927,3.3485112293751755,12.855225919793611,3.1315320040544457,15.986757923848057,3.269049765677987,0.001245887170418134,0.22872146838015736,0.22996735555057551,0.9721145510093286,12.229994295443538,6.002534445266952,18.232528740710492,3.2751893393475044,12.188760174319198,5.756654060886347,17.945414235205543,3.200201438845853,0.32628880197595017,0.02321049839704893,0.21809495401322146,0.9998418592970078,0.18692281154348214,0.034238685714117194,2.2555249976283025,0.28407808834211595,0.3322051187769074,0.028209318801595835,0.28951000416503136,-0.8480588343334381,1.5343945478041745,1.3260970071985476,0.20829754060562686,0.2328027260979128,0.30687890956083486,1.745610214322096,1.347408960086289,0.39820125423580705,0.12719489283895208,0.34912204286441917,1.6844204177869804,1.1885517622795227,0.4958686555074574,0.1577897911065099,0.3368840835573961,0.30687890956083486,0.34912204286441917,0.336884083557396,0.458587646484375,0.415863037109375,0.3068789095608349,0.306483518506974,0.31412633748738855,0.0029880877349874307,0.34912204286441917,0.3454367539151139,0.31870092865329464,0.028189139488339336,0.3368840835573961,0.3186492662048434,0.3281995158955247,0.03105920239051989,15.669640876107092,13.431645734900341,0.0,0.0,3.75,1.838286836421634,0.009008152803507283,1.1376540778381845,1.0977752887596632
4,0.4,5.0,1.0,0.25,5.790410401054595e-16,8.956865197445874e-16,0.3492261623055779,1.0,0.02407262853123172,0.019942441702626965,0.04404192179627563,0.02409948009364866,2.6851562416944936e-05,0.023728159072883975,0.22720143154285763,0.25037787716150905,0.02317644561865143,-0.0005517134542325386,0.004156976240507996,0.02338201503229972,0.025288800523931638,0.001906785491631917,-0.002250190748876079,3.945403381037637e-05,0.019942441702626965,0.01998189573643734,1.0005431297238156,0.015073147399731665,0.04404192179627563,0.05911506919600729,1.0067957535373937,0.015137943582886507,0.02407262853123172,0.03921057211411823,0.11000982756776509,0.0012976697999343301,0.22720143154285763,0.22849910134279194,0.9709976735736083,0.01529671354943873,0.25037787716150905,0.2656745907109478,0.976984078023849,0.014376546375010023,0.023728159072883975,0.038104705447893995,0.10702440611055797,0.32635307206588027,0.02338201503229972,0.21960521090151713,0.9998295222530481,0.3007409205093193,0.025288800523931638,0.27959663748029134,0.9822424131680741,0.06310395618290954,0.004156976240507996,2.303388767154974,-0.4791841945416443,0.04468136232120604,0.011979482970018182,0.03270187935118787,0.977659318839397,0.008936272464241184,0.16778943568157684,0.018212999079707914,0.14957643660186895,0.9161052821592116,0.03355788713631535,0.23120575603183588,0.043333107473018655,0.18787264855881722,0.8843971219840822,0.046241151206367154,0.008936272464241208,0.03355788713631536,0.04624115120636717,0.111297607421875,0.135894775390625,0.008936272464241184,0.005976453276185787,0.005364792972241055,0.002985946985272428,0.03355788713631535,0.006158126739133492,0.030338185861271634,0.028029249648004812,0.046241151206367154,0.014902736998202852,0.04346546261854996,0.03129254403937965,14.609644142889632,11.944950384863544,0.0,0.0,5.0,0.985690409424927,0.17268476664751228,3.755244400906356,5.174545806588013
4,0.4,5.0,1.0,1.0,8.79071121451247e-16,1.0870210981339667e-15,0.37106939017012325,1.0,0.38516205649970753,0.019942441702626965,0.4052119044520023,0.3852694627493753,0.00010740624966777836,0.3796505451661436,0.22720143154285763,0.6046451228920711,0.37744369134921346,-0.0022068538169301493,0.016865767952444922,0.02338201503229972,0.031537453884112755,0.00815543885181303,-0.008710329100631893,3.945403381037637e-05,0.019942441702626965,0.01998189573643734,1.0005431297238156,0.24182955049213367,0.4052119044520023,0.647041454944136,1.0956509723887853,0.24220709732618412,0.38516205649970753,0.6273691538258916,0.44003931027106036,0.0012976697999343301,0.22720143154285763,0.22849910134279194,0.9709976735736083,0.22981240129807212,0.6046451228920711,0.8344575241901432,1.0639426089574509,0.23002474200016038,0.3796505451661436,0.6096752871663039,0.42809762444223187,0.32635307206588027,0.02338201503229972,0.21960521090151713,0.9998295222530481,0.20250992684156693,0.031537453884112755,0.8421377145379405,0.8744687769853202,0.17496380385916327,0.016865767952444922,0.6283813684703631,-0.8518682218771736,0.35350130750582537,0.1453799507591173,0.2081213567467081,0.8232493462470873,0.07070026150116505,0.506864001090015,0.1877482355437224,0.31911576554629256,0.7465679994549925,0.10137280021800298,0.6792394040089031,0.2597451918719121,0.4194942121369911,0.6603802979955484,0.13584788080178062,0.07070026150116507,0.10137280021800298,0.13584788080178062,0.266510009765625,0.329986572265625,0.07070026150116505,0.06867102809718985,0.0380953207333707,0.002985946985272428,0.10137280021800298,0.0824781718909112,0.06197766301644025,0.028029249648004812,0.13584788080178062,0.1025467055014447,0.1190209228692321,0.03129254403937965,14.705304800789815,12.12078301107957,0.0,0.0,5.0,0.985690409424927,0.04378875766143316,1.4338391126931331,1.9214622112754423
4,0.4,5.0,1.0,4.0,3.2612801348363973e-15,2.744332538995309e-15,0.44300542604758625,1.0,6.1625929039953204,0.019942441702626965,6.182964970696618,6.1630225289939915,0.00042962499867111334,6.074408722658298,0.22720143154285763,6.292782738933434,6.065581307390577,-0.00882741526772061,0.027858956237132262,0.02338201503229972,0.03681322240427078,0.013431207371971062,-0.0144277488651612,3.945403381037637e-05,0.019942441702626965,0.01998189573643734,1.0005431297238156,3.8736850077813125,6.182964970696618,10.056649978477932,2.0621077347941843,3.875313557218946,6.1625929039953204,10.037906461214266,1.7601572410842414,0.0012976697999343301,0.22720143154285763,0.22849910134279194,0.9709976735736083,3.6756534997944086,6.292782738933434,9.968436238727843,2.003468628898016,3.680395872002566,6.074408722658298,9.754804594660863,1.7123904977689275,0.32635307206588027,0.02338201503229972,0.21960521090151713,0.9998295222530481,0.1165438761003407,0.03681322240427078,9.4835185368398,0.5554060042537005,0.2809689885031569,0.027858956237132262,0.3697640800187957,-0.9390863249444376,1.1252013333947792,0.5857488811294537,0.5394524522653256,0.43739933330261044,0.22504026667895582,1.439177262150926,0.8172805502253762,0.62189671192555,0.28041136892453705,0.2878354524301852,1.467179830700633,0.7519183932864681,0.7152614374141649,0.2664100846496836,0.29343596614012657,0.2250402666789558,0.28783545243018516,0.29343596614012657,0.378936767578125,0.381103515625,0.22504026667895582,0.2244002600957161,0.19561075182870571,0.002985946985272428,0.2878354524301852,0.28429447968853044,0.20389061919810042,0.028029249648004812,0.29343596614012657,0.2720128199272237,0.27635171342938303,0.03129254403937965,15.588964350977774,13.19090207191419,0.0,0.0,5.0,0.985690409424927,0.004520654969610405,1.279039776649454,1.3039264948914435
4,0.4,6.25,1.25,0.25,5.821826853068257e-16,9.291578736882883e-16,0.3421402111950828,1.0,0.038033141388349574,0.020083597901078026,0.05732739282098785,0.037243794919909826,-0.0007893464684397551,0.023702724146890248,0.22857676173851965,0.25161109785547775,0.023034336116958074,-0.000668388029932162,0.004354170890059755,0.023382732496187653,0.02595734067522623,0.0025746081790385795,-0.001779562711021177,3.879843255375495e-05,0.020083597901078026,0.02012239633363178,1.0007965636884961,0.002697901249179215,0.05732739282098785,0.060025294070167066,0.9998854997760838,0.0026942438241635285,0.038033141388349574,0.0407273852125131,0.04724908802302216,0.0013205164386267429,0.22857676173851965,0.2298972781771464,0.9698076147579183,0.0038579717396311102,0.25161109785547775,0.25546906959510884,0.9691827114306923,0.002470585689701907,0.023702724146890248,0.026173309836592155,0.04594791444128921,0.32588859037045387,0.023382732496187653,0.2203093329625591,0.9998588360064982,0.2953006969967405,0.02595734067522623,0.29783124022787527,0.9938257133090956,0.045200345866719366,0.004354170890059755,2.959342137120231,-0.728065543017983,0.04570968938728548,0.002725842592288907,0.04298384679499657,0.9771451553063574,0.009141937877457072,0.1604030101983705,0.008685685520917908,0.15171732467745258,0.9197984949008148,0.032080602039674076,0.22160392628831688,0.023481570221262682,0.1981223560670542,0.8891980368558416,0.04432078525766335,0.009141937877457094,0.03208060203967409,0.04432078525766337,0.1226806640625,0.152740478515625,0.009141937877457072,0.006316319962129437,0.0034209658238540885,0.002999159113852593,0.032080602039674076,0.00425739762469212,0.028758210820997564,0.02824894243402508,0.04432078525766335,0.011015654787892404,0.04028360719463118,0.03131573466430409,14.57579974801263,11.693897063795628,0.0,0.0,6.25,0.62321236904588,0.11448359854370425,3.5091686762366887,4.8480733354088
4,0.4,6.25,1.25,1.0,9.848892534858322e-16,1.0590757871381529e-15,0.3688772131242889,1.0,0.6085302622135932,0.020083597901078026,0.6254564742409122,0.6053728763398343,-0.0031573858737590204,0.37924358635024397,0.22857676173851965,0.605146795969035,0.3765700342305153,-0.0026735521197286433,0.017127701118643788,0.023382732496187653,0.03223860190505092,0.00885586940886327,-0.008271831709780518,3.879843255375495e-05,0.020083597901078026,0.02012239633363178,1.0007965636884961,0.04300613558901793,0.6254564742409122,0.6684626098299302,1.009565043576563,0.043107901186616455,0.6085302622135932,0.6516381634002096,0.18899635209208865,0.0013205164386267429,0.22857676173851965,0.2298972781771464,0.9698076147579183,0.04111736591906707,0.605146795969035,0.6462641618881021,0.9793416159576815,0.039529371035230514,0.37924358635024397,0.4187729573854745,0.18379165776515685,0.32588859037045387,0.023382732496187653,0.2203093329625591,0.9998588360064982,0.18019129431633024,0.03223860190505092,1.0448852675675353,0.9621721477917727,0.16001435267239664,0.017127701118643788,0.6892507963187278,-0.9516647526470493,0.3613276709791434,0.05942270745746728,0.3019049635216762,0.8193361645104283,0.07226553419582867,0.4168675870681664,0.06852992735083258,0.3483376597173338,0.7915662064659168,0.08337351741363326,0.6359968352987991,0.1469138352255911,0.4890830000732081,0.6820015823506005,0.12719936705975982,0.07226553419582868,0.08337351741363327,0.12719936705975982,0.30328369140625,0.38702392578125,0.07226553419582867,0.07030170273287786,0.009629063197499312,0.002999159113852593,0.08337351741363326,0.06120882890747486,0.03519046623048206,0.02824894243402508,0.12719936705975982,0.0861555604026278,0.10496770179777334,0.03131573466430409,14.710921489426667,12.132232116801994,0.0,0.0,6.25,0.62321236904588,0.02814601373535634,1.1537106636159866,1.7601664261564687
4,0.4,6.25,1.25,4.0,3.5006719745211967e-15,2.499736528882579e-15,0.43872087636339085,1.0,9.736484195417491,0.020083597901078026,9.743938249823534,9.723854651922457,-0.012629543495036082,6.0678973816039035,0.22857676173851965,6.285779934863509,6.057203173124989,-0.010694208478914571,0.028207018518373626,0.023382732496187653,0.037214934504189515,0.013832202008001867,-0.01437481651037176,3.879843255375495e-05,0.020083597901078026,0.02012239633363178,1.0007965636884961,0.6892029612978079,9.743938249823534,10.433141211121342,1.2296242535808712,0.6897264189858633,9.736484195417491,10.426210614403354,0.7559854083683546,0.0013205164386267429,0.22857676173851965,0.2298972781771464,0.9698076147579183,0.6348603667831543,6.285779934863509,6.920640301646663,1.1927266065432627,0.6324699365636882,6.0678973816039035,6.700367318167592,0.7351666310606274,0.32588859037045387,0.023382732496187653,0.2203093329625591,0.9998588360064982,0.07483668523405917,0.037214934504189515,8.535094709251148,0.7778524910510686,0.2696819227447148,0.028207018518373626,0.3941134466631646,-0.9867215261037631,1.1193702937414678,0.3673084266025886,0.7520618671388792,0.4403148531292661,0.22387405874829355,1.361125661081486,0.5391379923564443,0.8219876687250417,0.3194371694592571,0.2722251322162972,1.4504538848861968,0.5827039094079276,0.867749975478269,0.27477305755690173,0.29009077697723934,0.22387405874829355,0.2722251322162971,0.2900907769772393,0.39300537109375,0.414581298828125,0.22387405874829355,0.2232126459363148,0.09479632309514271,0.002999159113852593,0.2722251322162972,0.2676843038411526,0.11206489727309693,0.02824894243402508,0.2900907769772393,0.2660584255778276,0.2670954277265026,0.03131573466430409,15.5939125254088,13.178060483562552,0.0,0.0,6.25,0.62321236904588,0.0028970435274418,1.2159744355301378,1.2957766460266604
4,0.4,7.5,1.5,0.25,5.929806613184235e-16,9.09781147986899e-16,0.3358278743516629,1.0,0.05510196738044129,0.019927490133802246,0.07518839709269096,0.0552609069588887,0.00015893957844741977,0.02364296633594748,0.22793040650335997,0.25163504853217994,0.02370464202881996,6.16756928724735e-05,0.004181726768654664,0.02335175566444199,0.025557518539477377,0.00220576287503539,-0.001975963893619275,4.108697283347763e-05,0.019927490133802246,0.019968577106635726,1.0006079159273908,0.0003354309971639161,0.07518839709269096,0.07552382808985487,1.0002148473363457,0.0003067345616123316,0.05510196738044129,0.05540870194205362,0.015106706334090527,0.0015772624103497627,0.22793040650335997,0.22950766891370974,0.967176112602599,0.0017672806826221801,0.25163504853217994,0.2534023292148021,0.9677311952689397,0.0002495518557425212,0.02364296633594748,0.023892518191690002,0.014593809624416114,0.3262160268306936,0.02335175566444199,0.21949562944863674,0.9998311740002154,0.29174753277665394,0.025557518539477377,0.3002722377320739,0.9985695465476304,0.03763416452263852,0.004181726768654664,3.3038784038789104,-0.9264938361035021,0.055625140203746544,0.001362743698759944,0.0542623965049866,0.9721874298981268,0.01112502804074929,0.15906587790295892,0.0068139904911849285,0.152251887411774,0.9204670610485206,0.03181317558059177,0.2135825171433749,0.014119478007402353,0.19946303913597255,0.8932087414283126,0.042716503428674966,0.011125028040749307,0.03181317558059178,0.04271650342867497,0.151580810546875,0.18609619140625,0.01112502804074929,0.008196873074465833,0.003024676091907678,0.0029769797480046745,0.03181317558059177,0.0038763573286877333,0.028391031328074825,0.028381278465245217,0.04271650342867496,0.008918392129279121,0.03929975703373958,0.03123741350958581,14.58347563793611,11.853623963639215,0.0,0.0,7.5,0.42907662756774206,0.07589069805407689,2.8596040804629825,3.839676023486044
4,0.4,7.5,1.5,1.0,1.1336417915508434e-15,1.0090263043507908e-15,0.36558674868935886,1.0,0.8816314780870605,0.019927490133802246,0.9021947265346526,0.8822672364008504,0.000635758313789678,0.3782874613751597,0.22793040650335997,0.6064645706500096,0.3785341641466496,0.0002467027714898929,0.016457579638280845,0.02335175566444199,0.03135879749032864,0.008007041825886654,-0.008450537812394193,4.108697283347763e-05,0.019927490133802246,0.019968577106635726,1.0006079159273908,0.00489927780950321,0.9021947265346526,0.9070940043441558,1.0004314868253774,0.004907752985797305,0.8816314780870607,0.8865392310728579,0.06042682533636211,0.0015772624103497627,0.22793040650335997,0.22950766891370974,0.967176112602599,0.005331957768349687,0.6064645706500096,0.6117965284183593,0.970596811597697,0.003992829691880339,0.3782874613751597,0.38228029106704003,0.058375238497664454,0.3262160268306936,0.02335175566444199,0.21949562944863674,0.9998311740002154,0.1749657032791873,0.03135879749032864,1.0308188268698142,0.9942912898851479,0.15325122008528422,0.016457579638280845,0.7059915395423793,-0.9930969178250126,0.43410608287272756,0.0607063092133988,0.37339977365932875,0.7829469585636363,0.0868212165745455,0.39100449212817606,0.041124412055803534,0.34988008007237253,0.804497753935912,0.0782008984256352,0.5926406478622328,0.0954689526861325,0.4971716951761003,0.7036796760688836,0.11852812957244654,0.0868212165745455,0.0782008984256352,0.11852812957244654,0.357513427734375,0.437896728515625,0.0868212165745455,0.08481410728697515,0.0037206173763309094,0.0029769797480046745,0.0782008984256352,0.05574009428896795,0.028910203708274705,0.028381278465245217,0.11852812957244654,0.07519597879227569,0.09777393489108115,0.03123741350958581,14.727812452612072,12.173971563378807,0.0,0.0,7.5,0.4290766275677421,0.018667186967949514,0.9007118479904181,1.3651977506060076
4,0.4,7.5,1.5,4.0,4.184153024056059e-15,2.4216739724636227e-15,0.42966088685337456,1.0,14.106103649392969,0.019927490133802246,14.12857417278193,14.108646682648128,0.0025430332551587124,6.052599382002555,0.22793040650335997,6.281516599591875,6.053586193088515,0.0009868110859595704,0.027497063506357902,0.02335175566444199,0.03634262190690997,0.012990866242467983,-0.01450619726388992,4.108697283347763e-05,0.019927490133802246,0.019968577106635726,1.0006079159273908,0.07836688614908006,14.12857417278193,14.20694105893101,1.022017418644072,0.07852404777275689,14.10610364939297,14.184627697165727,0.24170730134544843,0.0015772624103497627,0.22793040650335997,0.22950766891370974,0.967176112602599,0.06451000014491358,6.281516599591875,6.346026599736788,0.9995642731917131,0.06388527507008543,6.052599382002555,6.1164846570726406,0.23350095399065782,0.3262160268306936,0.02335175566444199,0.21949562944863674,0.9998311740002154,0.06334052677197201,0.03634262190690997,9.539794038558032,0.9708080384320524,0.26508082390745213,0.027497063506357902,0.39227604368722857,-0.9984738944030138,1.2071191776250987,0.3833018088776109,0.8238173687474878,0.3964404111874507,0.24142383552501973,1.3169609890747764,0.4423153838841814,0.874645605190595,0.34151950546261184,0.26339219781495526,1.4143013822495243,0.5079228624029893,0.9063785198465351,0.2928493088752379,0.28286027644990486,0.2414238355250197,0.26339219781495526,0.2828602764499048,0.42584228515625,0.448028564453125,0.24142383552501973,0.2407830071994939,0.014543679038904397,0.0029769797480046745,0.26339219781495526,0.2582691310390068,0.037952094274042454,0.028381278465245217,0.28286027644990486,0.25746226283498336,0.2587212523019768,0.03123741350958581,15.620084617993854,13.167452194308629,0.0,0.0,7.5,0.4290766275677421,0.0019493025281677404,1.0909950015588203,1.1716335954764951
4,0.4,8.75,1.75,0.25,6.061727759554356e-16,9.033470857195552e-16,0.3446216790194423,1.0,0.07365834640900296,0.02007069119500199,0.09365303372325672,0.07358234252825473,-7.600388074822389e-05,0.023622743490654564,0.22663000505049202,0.2500287670384728,0.02339876198798077,-0.00022398150267377695,0.004147530348160636,0.02344793055197146,0.025586094339970583,0.0021381637879991245,-0.002009366560161512,3.542636150042625e-05,0.02007069119500199,0.020106117556502413,1.000323443513563,0.0002135101047248137,0.09365303372325672,0.09386654382798153,0.9991520223740842,0.0001877203304054739,0.07365834640900296,0.07384606673940843,0.010784384713697066,0.0014278906947901336,0.22663000505049202,0.22805789574528215,0.9686529428336965,0.001475423524929584,0.2500287670384728,0.2515041905634024,0.9692525083430251,5.4166053341329424e-05,0.023622743490654564,0.023676909543995893,0.006937344218579251,0.3268745172930599,0.02344793055197146,0.21956696862209923,0.9998509840076742,0.2924489937893279,0.025586094339970583,0.2993336827198859,0.9996132477073175,0.034938498156084616,0.004147530348160636,3.451831204377275,-0.9872020128461,0.06963532780033337,0.001971000706316956,0.06766432709401642,0.9651823360998334,0.013927065560066655,0.15675475092006966,0.006461625974212964,0.1502931249458567,0.9216226245399652,0.03135095018401391,0.21070791420539073,0.011879078255408583,0.19882883594998213,0.8946460428973046,0.04214158284107813,0.013927065560066672,0.031350950184013925,0.04214158284107814,0.189483642578125,0.2298583984375,0.013927065560066655,0.011060700093535098,0.0030327222068672233,0.0029958625701105475,0.03135095018401391,0.0038139869776774573,0.028011062586075285,0.028032655928016646,0.04214158284107813,0.008406500044210088,0.03879624127257714,0.03117302132979852,14.564218280462411,11.8289721773531,0.0,0.0,8.75,0.32070694825925733,0.05630767659554329,2.2510808216417892,3.0258766758384126
4,0.4,8.75,1.75,1.0,1.3192572034803618e-15,9.999596636833807e-16,0.37790421281498104,1.0,1.1785335425440473,0.02007069119500199,1.1983002182160563,1.1782295270210543,-0.0003040155229928942,0.377963895850473,0.22663000505049202,0.6036979748902699,0.3770679698397779,-0.0008959260106951058,0.016429313055627014,0.02344793055197146,0.03135668133895653,0.007908750786985068,-0.008520562268641946,3.542636150042625e-05,0.02007069119500199,0.020106117556502413,1.000323443513563,0.0030004052992636658,1.1983002182160563,1.20130062351532,0.9965572396395669,0.0030035252864875823,1.1785335425440473,1.1815370678305348,0.043137538854788264,0.0014278906947901336,0.22663000505049202,0.22805789574528215,0.9686529428336965,0.0022680146554438824,0.6036979748902699,0.6059659895457138,0.9712876953564915,0.0008666568534612708,0.377963895850473,0.3788305527039343,0.027749376874317003,0.3268745172930599,0.02344793055197146,0.21956696862209923,0.9998509840076742,0.1753013967882702,0.03135668133895653,1.0230902181410133,0.9987697298086103,0.15189989468419496,0.016429313055627014,0.7128984838610088,-0.9989408045407058,0.5085911043619089,0.07809035913245216,0.4305007452294568,0.7457044478190455,0.10171822087238178,0.3850993416947619,0.03787492887596549,0.3472244128187964,0.8074503291526192,0.07701986833895236,0.582983914156709,0.0867581356630742,0.49622577849363486,0.7085080429216455,0.1165967828313418,0.10171822087238178,0.07701986833895237,0.1165967828313418,0.404571533203125,0.491912841796875,0.10171822087238178,0.09999841215265111,0.0035112989809783675,0.0029958625701105475,0.07701986833895236,0.05511054915611357,0.028049447749112423,0.028032655928016646,0.1165967828313418,0.07346312581305207,0.09651680548431663,0.03117302132979852,14.714315588245304,12.127312966185578,0.0,0.0,8.75,0.32070694825925733,0.013940471325204538,0.7571885123274366,1.1462723377518276
4,0.4,8.75,1.75,4.0,4.7253867485608225e-15,2.4130003550837387e-15,0.4437865445890359,1.0,18.856536680704757,0.02007069119500199,18.875391309807785,18.855320618612783,-0.0012160620919715783,6.047422333607568,0.22663000505049202,6.27046863461528,6.043838629564788,-0.0035837040427804234,0.02757798252153894,0.02344793055197146,0.03658610965207772,0.013138179100106258,-0.014439803421432687,3.542636150042625e-05,0.02007069119500199,0.020106117556502413,1.000323443513563,0.04793764555040437,18.875391309807785,18.92332895535819,1.0003733407532232,0.04805640458380132,18.856536680704757,18.904593085288557,0.17255015541915306,0.0014278906947901336,0.22663000505049202,0.22805789574528215,0.9686529428336965,0.015188268778940361,6.27046863461528,6.28565690339422,0.982924799108947,0.013866509655380332,6.047422333607568,6.061288843262949,0.11099750749726801,0.3268745172930599,0.02344793055197146,0.21956696862209923,0.9998509840076742,0.06246937168547372,0.03658610965207772,9.570528325296717,0.9921318200321516,0.2649277643960544,0.02757798252153894,0.39319075201439413,-0.9996763109264677,1.2677191823492102,0.41605539378676815,0.8516637885624421,0.36614040882539495,0.253543836469842,1.3118712236288816,0.43225212417886294,0.8796190994500186,0.3440643881855593,0.2623742447257763,1.4115731193411882,0.5003482120311474,0.9112249073100409,0.2942134403294059,0.28231462386823764,0.253543836469842,0.26237424472577625,0.28231462386823764,0.4500732421875,0.47686767578125,0.253543836469842,0.25296571475027196,0.011152726455909647,0.0029958625701105475,0.2623742447257763,0.25697147588619423,0.029701318695329885,0.028032655928016646,0.28231462386823764,0.25610109159387784,0.2572139513218519,0.03117302132979852,15.619461636389335,13.191444466790992,0.0,0.0,8.75,0.32070694825925733,0.001462515783704785,1.034827934998864,1.1134746077797784
4,0.4,10.0,2.0,0.25,6.394827701226846e-16,9.152292639036386e-16,0.33624181206535303,1.0,0.09727689871666632,0.01996938790659209,0.11774134262067407,0.09777195471408198,0.0004950559974156643,0.023725001667888417,0.22704673368571238,0.25062740071702866,0.02358066703131628,-0.00014433463657213661,0.004146593266402081,0.02344054414287726,0.025515044730846523,0.002074500587969264,-0.0020720926784328166,4.629091031625912e-05,0.01996938790659209,0.02001567881690835,0.9999582223614092,0.00023708922112968076,0.11774134262067407,0.11797843184180375,0.9988321739885819,0.0001992017637051256,0.09727689871666632,0.09747610048037145,0.011303570819142744,0.001444572888926944,0.22704673368571238,0.2284913065746393,0.968145966885831,0.0015485691433712685,0.25062740071702866,0.2521759698603999,0.9678693246446431,4.5397935100506175e-05,0.023725001667888417,0.023770399602988924,0.006348845987978325,0.32679713126458254,0.02344054414287726,0.21953193332996115,0.9998284263653641,0.291954879744294,0.025515044730846523,0.2994152187710772,0.9997702905471693,0.03500762187617489,0.004146593266402081,3.395505162663522,-0.9956001945327346,0.08453493305247467,0.0030010040327065894,0.08153392901976808,0.9577325334737627,0.01690698661049491,0.15711279383195545,0.00645227616855071,0.15066051766340474,0.9214436030840223,0.031422558766391065,0.21074616578119437,0.011513725902802734,0.19923243987839168,0.8946269171094029,0.042149233156238856,0.01690698661049493,0.031422558766391086,0.04214923315623887,0.222442626953125,0.26458740234375,0.01690698661049491,0.013933293192843728,0.0030161715959766302,0.0029817558476797072,0.031422558766391065,0.0038525035124853967,0.028034076505531812,0.028007654913423684,0.042149233156238856,0.008379796184613968,0.038871602499576885,0.03122043714189498,14.551633210292035,11.755353437459217,0.0,0.0,10.0,0.2438914272646692,0.042626700903363096,1.8585546608811827,2.493006833640891
4,0.4,10.0,2.0,1.0,1.4727802311043092e-15,9.999596636833807e-16,0.37227840213181507,1.0,1.556430379466661,0.01996938790659209,1.5783799913629157,1.5584106034563237,0.001980223989662658,0.3796000266862147,0.22704673368571238,0.6060694218256385,0.3790226881399261,-0.0005773385462885504,0.016572074662076507,0.02344054414287726,0.03138676047965668,0.007946216336779425,-0.008625858325297085,4.629091031625912e-05,0.01996938790659209,0.02001567881690835,0.9999582223614092,0.003199905318031453,1.5783799913629157,1.5815798966809473,0.996343502386214,0.0031872282192820095,1.5564303794666612,1.5596176076859432,0.045214283276570975,0.001444572888926944,0.22704673368571238,0.2284913065746393,0.968145966885831,0.0024053331279103155,0.6060694218256385,0.6084747549535487,0.9672672580838524,0.0007263669616080988,0.3796000266862147,0.3803263936478228,0.0253953839519133,0.32679713126458254,0.02344054414287726,0.21953193332996115,0.9998284263653641,0.17482793679544695,0.03138676047965668,1.0282383847840342,0.9992262715933927,0.15214501436274036,0.016572074662076507,0.7162368574857593,-0.9993623386299296,0.5958401552823038,0.10651397110074522,0.4893261841815586,0.7020799223588482,0.11916803105646075,0.3885185530227344,0.03852306258563114,0.3499954904371033,0.8057407234886328,0.07770371060454687,0.5844201665745004,0.08636438324135912,0.49805578333314127,0.7077899167127498,0.11688403331490006,0.11916803105646075,0.07770371060454688,0.11688403331490006,0.4342041015625,0.518707275390625,0.11916803105646075,0.11749109435349751,0.0034736482373474826,0.0029817558476797072,0.07770371060454687,0.055634671411419076,0.028206332790116678,0.028007654913423684,0.11688403331490006,0.07374660946178554,0.09661793662289242,0.03122043714189498,14.702479312232759,12.203202608637502,0.0,0.0,10.0,0.24389142726466922,0.010647488561457679,0.6520516443519281,0.980833804827416
4,0.4,10.0,2.0,4.0,5.440092820663267e-15,2.4945323584546486e-15,0.44167003001652116,1.0,24.90288607146658,0.01996938790659209,24.93077635533182,24.910806967425227,0.00792089595865063,6.073600426979435,0.22704673368571238,6.298337806479993,6.07129107279428,-0.0023093541851542023,0.02773178088157059,0.02344054414287726,0.03652886432802459,0.013088320185147329,-0.014643460696423262,4.629091031625912e-05,0.01996938790659209,0.02001567881690835,0.9999582223614092,0.05090748717256117,24.93077635533182,24.98168384250438,0.999762143330471,0.05099565150851215,24.90288607146658,24.95388172297509,0.1808571331062839,0.001444572888926944,0.22704673368571238,0.2284913065746393,0.968145966885831,0.01400401738415764,6.298337806479993,6.312341823864151,0.9682763311060151,0.01162187138572958,6.073600426979435,6.0852222983651645,0.1015815358076532,0.32679713126458254,0.02344054414287726,0.21953193332996115,0.9998284263653641,0.06207422254449471,0.03652886432802459,9.601149132194015,0.9929923688404518,0.26517754469576776,0.02773178088157059,0.3944625960678562,-0.9997054580509944,1.3455254296888126,0.46793687539898493,0.8775885542898277,0.32723728515559375,0.2691050859377625,1.3242233002820358,0.4401773594658208,0.884045940816215,0.33788834985898214,0.26484466005640717,1.4178115695742024,0.504331257035064,0.9134803125391384,0.2910942152128988,0.2835623139148405,0.2691050859377625,0.2648446600564071,0.28356231391484044,0.465850830078125,0.48828125,0.26910508593776256,0.2686201629017824,0.010625925763435313,0.0029817558476797072,0.26484466005640717,0.25945156091638255,0.030283323147101776,0.028007654913423684,0.2835623139148405,0.2572736452005056,0.2581002270803608,0.03122043714189498,15.603279924196837,13.205647579649623,0.0,0.0,10.0,0.2438914272646692,0.001113597066700848,0.9841681703394463,1.0537233546764762
4,0.4,15.0,3.0,0.25,7.232627989356075e-16,9.265405418812725e-16,0.33585478095063076,0.9999999999999999,0.22001401839576268,0.01988618461379108,0.23973182324794962,0.21984563863415854,-0.00016837976160411722,0.023596548682665138,0.22709071613573983,0.25044743039824585,0.02335671426250602,-0.0002398344201591215,0.004142297220299369,0.02332118987406441,0.02550503421981723,0.002183844345752817,-0.001958452874546552,3.97386232637133e-05,0.01988618461379108,0.019925923237054794,0.9998352878271234,0.0005183449978125319,0.23973182324794962,0.24025016824576215,0.9998016572622206,0.0004975317685511151,0.22001401839576268,0.22051155016431379,0.01834247582213003,0.0015030169258136521,0.22709071613573983,0.22859373306155348,0.9681307263295077,0.0015336597461369568,0.25044743039824585,0.2519810901443828,0.9684422951143882,5.218944119233231e-05,0.023596548682665138,0.023648738123857472,0.006834701385659765,0.32698980002480726,0.02332118987406441,0.21820212327845348,0.9998408273119765,0.29218429246491484,0.02550503421981723,0.2988592017063287,0.9997848717845103,0.034901387285768276,0.004142297220299369,3.4110418735763957,-0.9975781270421149,0.16200872869457253,0.010062191822467079,0.15194653687210544,0.9189956356527138,0.03240174573891449,0.1567174326407819,0.0064185782716929506,0.15029885436908894,0.9216412836796091,0.031343486528156356,0.2100696666182183,0.011405541194590188,0.19866412542362807,0.8949651666908909,0.042013933323643636,0.0324017457389145,0.03134348652815638,0.04201393332364365,0.337677001953125,0.39111328125,0.03240174573891449,0.029619770129096685,0.0030504530673250395,0.002979307626121509,0.031343486528156356,0.0038210290652564358,0.027977566261362087,0.027987249314818115,0.042013933323643636,0.008339926882196135,0.03857547149873186,0.03100229541447834,14.555323962578143,11.801801805996464,0.0,0.0,15.0,0.10725020548563187,0.01882742404553594,0.9673394384584914,1.2966564722216467
4,0.4,15.0,3.0,1.0,2.2499363483419188e-15,9.931834001053463e-16,0.3719859270150621,0.9999999999999999,3.520224294332203,0.01988618461379108,3.5394369598995774,3.5195507752857864,-0.0006735190464164701,0.3775447789226422,0.22709071613573983,0.6036761573777456,0.3765854412420057,-0.0009593376806364872,0.01641688680916244,0.02332118987406441,0.03128747549730949,0.007966285623245074,-0.008450601185917369,3.97386232637133e-05,0.01988618461379108,0.019925923237054794,0.9998352878271234,0.007924545344072362,3.5394369598995774,3.5473615052436496,1.0018760226495234,0.007960508296817841,3.520224294332203,3.5281848026290206,0.07336990328852012,0.0015030169258136521,0.22709071613573983,0.22859373306155348,0.9681307263295077,0.0022518615014148536,0.6036761573777456,0.6059280188791604,0.9696214818913839,0.000835031059077317,0.3775447789226422,0.37837980998171955,0.02733880554263906,0.32698980002480726,0.02332118987406441,0.21820212327845348,0.9998408273119765,0.17542020830006622,0.03128747549730949,1.0178992236145845,0.999301685912372,0.1517211976681452,0.01641688680916244,0.7135585848060447,-0.999464623264273,0.8424911144616403,0.19631674998424378,0.6461743644773965,0.57875444276918,0.16849822289232805,0.3869523419895958,0.038140353346030095,0.3488119886435658,0.8065238290052021,0.07739046839791915,0.5795083512838678,0.0848320569839612,0.4946762942999066,0.7102458243580662,0.11590167025677355,0.16849822289232802,0.07739046839791915,0.11590167025677355,0.5350341796875,0.61541748046875,0.16849822289232805,0.16733365368892528,0.004108378476915791,0.002979307626121509,0.07739046839791915,0.05520188883362015,0.028051414874222472,0.027987249314818115,0.11590167025677355,0.07292873018270533,0.09535346706096484,0.03100229541447834,14.71869478024674,12.132928321120145,0.0,0.0,15.0,0.10725020548563187,0.004663591134120269,0.45929545765816404,0.6878509949083309
4,0.4,15.0,3.0,4.0,8.243405957841787e-15,2.4216739724636227e-15,0.4392075333808281,0.9999999999999999,56.323588709315246,0.01988618461379108,56.34078081774337,56.320894633129576,-0.0026940761856658817,6.040716462762275,0.22709071613573983,6.263969828175469,6.036879112039729,-0.003837350722545947,0.027469871365255395,0.02332118987406441,0.03631719557436085,0.012996005700296435,-0.014473865664958957,3.97386232637133e-05,0.01988618461379108,0.019925923237054794,0.9998352878271234,0.1271050650683124,56.34078081774337,56.46788588281168,1.0406457550124875,0.12736813274908546,56.323588709315246,56.45095684206433,0.2934796131540805,0.0015030169258136521,0.22709071613573983,0.22859373306155348,0.9681307263295077,0.014518767937146244,6.263969828175469,6.278488596112616,0.9780138556876758,0.013360496945237072,6.040716462762275,6.054076959707513,0.10935522217055624,0.32698980002480726,0.02332118987406441,0.21820212327845348,0.9998408273119765,0.06292220094670721,0.03631719557436085,9.281574489799358,0.9933057773604421,0.2645149921235253,0.027469871365255395,0.39271456030303464,-0.9996851067561208,1.497265058647679,0.5693719581813438,0.9278931004663353,0.2513674706761605,0.2994530117295358,1.314367119466881,0.43381075526423246,0.8805563642026485,0.3428164402665596,0.2628734238933762,1.405273137525041,0.49539336789722527,0.9098797696278157,0.2973634312374796,0.2810546275050082,0.29945301172953576,0.26287342389337615,0.28105462750500815,0.510040283203125,0.53668212890625,0.2994530117295358,0.29919179773662674,0.0195548553376285,0.002979307626121509,0.2628734238933762,0.25738613209964656,0.02988475162443087,0.027987249314818115,0.2810546275050082,0.25471873814427404,0.2559214765324197,0.03100229541447834,15.61272730035785,13.353020189517457,0.0,0.0,15.0,0.10725020548563187,0.0004877152183435394,0.8778453166161572,0.9385600294407961
16,0.2,10.0,0.5,0.25,4.166453423590233e-16,7.981354292752041e-16,0.1774887545466649,1.0,0.09690115466930582,0.020079294584434214,0.11661398587908821,0.096534691294654,-0.00036646337465182294,0.3735750877092266,0.7043950098431601,1.0664688352766445,0.3620738254334844,-0.011501262275742219,0.012678105537700435,0.0334810910982789,0.03658874136084547,0.0031076502625665705,-0.009570455275133864,4.1096931658609256e-05,0.020079294584434214,0.020120391516092823,1.000025813671046,0.05605562772729444,0.11661398587908821,0.17266961360638264,1.0130712684193308,0.05593398539234334,0.09690115466930582,0.15283514006164917,0.20793736265861945,0.0024261189182199247,0.7043950098431601,0.7068211287613799,0.9674776206116741,0.0555047569855653,1.0664688352766445,1.1219735922622096,0.9800233460952136,0.052145242542208335,0.3735750877092266,0.42572033025143496,0.20285813050872126,0.16521141938193254,0.0334810910982789,1.2270729185405551,0.9988155535446954,0.13238501674501613,0.03658874136084547,2.0959879656635128,0.9630087869766204,0.05061264109436869,0.012678105537700435,5.629881143306161,-0.765666740180832,0.1394440092253946,0.048042440911883456,0.09140156831351115,0.9302779953873027,0.0278888018450789,0.6413016618294084,0.1295010795371579,0.5118005822922506,0.6793491690852959,0.1282603323658817,0.9043426510786359,0.22941307491108784,0.674929576167548,0.5478286744606821,0.18086853021572716,0.027888801845078914,0.12826033236588166,0.18086853021572716,0.0108642578125,0.02655029296875,0.0278888018450789,0.02474574586610471,0.013904278962130538,0.003717631381133192,0.1282603323658817,0.06795499250271479,0.09914866933378658,0.09190811983832359,0.18086853021572716,0.10170116090356264,0.17421830706999195,0.13129751996275316,14.06887932714044,10.908292693960771,0.0,0.0,10.0,3.8552181239132266,0.1308354434058805,4.598990414803846,6.485346025994379
16,0.2,10.0,0.5,1.0,1.1657341758564144e-15,1.536964999715451e-15,0.19623426937640742,1.0,1.5504184747088932,0.020079294584434214,1.5690319157947201,1.5489526212102858,-0.0014658534986072913,5.9772014033476255,0.7043950098431601,6.635591364087817,5.931196354244657,-0.04600504910296888,0.029225871881895047,0.0334810910982789,0.038527638115950336,0.005046547017671432,-0.024179324864223615,4.1096931658609256e-05,0.020079294584434214,0.020120391516092823,1.000025813671046,0.895307044822322,1.5690319157947201,2.464338960617042,1.3073073807256543,0.8949437662774934,1.5504184747088932,2.4453622409863867,0.8317494506344778,0.0024261189182199247,0.7043950098431601,0.7068211287613799,0.9674776206116741,0.8404835816941015,6.635591364087817,7.476074945781918,1.2648395328388995,0.8343238806753334,5.9772014033476255,6.811525284022959,0.811432522034885,0.16521141938193254,0.0334810910982789,1.2270729185405551,0.9988155535446954,0.07278275826172785,0.038527638115950336,8.100938559635152,0.7691394355611346,0.11986098043798739,0.029225871881895047,2.0672025761421393,-0.9204901342014213,0.7102310126639566,0.3231366914984102,0.3870943211655464,0.6448844936680217,0.14204620253279132,1.3799360814985242,0.5721252772457869,0.8078108042527373,0.31003195925073795,0.2759872162997048,1.4800820269833148,0.6033768875414649,0.8767051394418499,0.25995898650834265,0.29601640539666296,0.1420462025327913,0.2759872162997048,0.2960164053966629,0.142425537109375,0.16497802734375,0.14204620253279132,0.14052163603186363,0.10472406816201625,0.003717631381133192,0.27598721629970485,0.2676730274518423,0.15638251738241718,0.09190811983832359,0.29601640539666296,0.2720911571820177,0.289875038486795,0.13129751996275316,15.1166581888907,12.60051652780629,0.0,0.0,10.0,3.8552181239132266,0.0188503119374803,1.9429397715577312,2.083944520293161
16,0.2,10.0,0.5,4.0,4.711508960753008e-15,5.689893001203927e-15,0.2199160620987068,1.0,24.80669559534229,0.020079294584434214,24.820911475932295,24.80083218134786,-0.005863413994429162,95.63522245356201,0.7043950098431601,96.1555972669933,95.45120225715013,-0.1840201964118755,0.037572529217975104,0.0334810910982789,0.03998027704758772,0.006499185949308819,-0.031073343268666287,4.1096931658609256e-05,0.020079294584434214,0.020120391516092823,1.000025813671046,14.320430083824233,24.820911475932295,39.141341559756526,3.506179624573459,14.319100260439894,24.80669559534229,39.12579585578219,3.326997802537911,0.0024261189182199247,0.7043950098431601,0.7068211287613799,0.9674776206116741,13.366542538125747,96.1555972669933,109.52213980511904,3.398461813893781,13.349182090805334,95.63522245356201,108.98440454436735,3.24573008813954,0.16521141938193254,0.0334810910982789,1.2270729185405551,0.9988155535446954,0.048190855449379504,0.03998027704758772,36.71189399335845,0.37260454847392466,0.15866920379651453,0.037572529217975104,1.5074861456300124,-0.9532070763978091,1.4284823430909845,0.788608901658392,0.6398734414325926,0.28575882845450773,0.2856964686181969,1.8613348889491748,0.9791335119890688,0.882201376960106,0.06933255552541266,0.372266977789835,1.8665347517314514,0.9292658095786214,0.9372689421528301,0.06673262413427433,0.3733069503462903,0.28569646861819686,0.3722669777898349,0.37330695034629024,0.310943603515625,0.30938720703125,0.2856964686181969,0.2852507160696349,0.26807010099730805,0.003717631381133192,0.372266977789835,0.37098789576837055,0.2868615891228427,0.09190811983832359,0.3733069503462903,0.36530219307012257,0.371654360286724,0.13129751996275316,15.690841906607389,13.224098113764606,0.0,0.0,10.0,3.8552181239132266,0.0015146124187950985,1.3030156781088196,1.3066558090543832
16,0.2,15.0,0.75,0.25,4.63659059063426e-16,8.032582845401981e-16,0.18089020727840854,1.0,0.21835067905521044,0.02003288154146956,0.2384281263099045,0.21839524476843497,4.456571322452635e-05,0.3777131504928312,0.7056574821621978,1.0857470535367195,0.38008957137452165,0.0023764208816904582,0.012219769609555575,0.03344904196880465,0.03628951424582988,0.002840472277025223,-0.009379297332530352,4.135675804705285e-05,0.02003288154146956,0.02007423829951661,0.9997888860874483,0.001182536664134946,0.2384281263099045,0.23961066297403946,0.9998518707206735,0.00111246679925746,0.2183506790552104,0.21946314585446788,0.027527348378008864,0.0024202329861027624,0.7056574821621978,0.7080777151483005,0.9667387713102502,0.004087023619303505,1.0857470535367195,1.0898340771560229,0.9668162277180807,0.0015727405253247182,0.3777131504928312,0.37928589101815596,0.0385393366633082,0.16562105134476582,0.03344904196880465,1.2198003468774363,0.9988868675225141,0.12827766734594676,0.03628951424582988,2.20682322693914,0.9969719090617337,0.03825417413866119,0.012219769609555575,8.36801701298245,-0.9816352426403986,0.1723970594584131,0.009199667083556233,0.16319739237485686,0.9138014702707935,0.034479411891682604,0.6222280276006957,0.09822202590475888,0.5240060016959369,0.6888859861996522,0.12444560552013913,0.8856129257073594,0.19810208699184143,0.687510838715518,0.5571935371463204,0.17712258514147186,0.03447941189168262,0.12444560552013913,0.17712258514147186,0.025848388671875,0.05841064453125,0.034479411891682604,0.03144025342970434,0.003926109732716309,0.003714180675177287,0.12444560552013913,0.060980990928688375,0.09242458319373983,0.09215228597534157,0.17712258514147186,0.09372896891413975,0.17085723604510922,0.13073934508022667,14.068196804231516,10.919847872894879,0.0,0.0,15.0,1.7298464659105806,0.055963964309292485,3.609272858570969,5.13705354656002
16,0.2,15.0,0.75,1.0,1.4346163146328195e-15,1.4708286671938353e-15,0.20077165497214924,1.0,3.493610864883367,0.02003288154146956,3.5138220092777344,3.493789127736265,0.0001782628528981049,6.0434104078852995,0.7056574821621978,6.758573573574259,6.052916091412062,0.00950568352676183,0.028178695057672325,0.03344904196880465,0.03801485990511403,0.004565817936309379,-0.02361287712136295,4.135675804705285e-05,0.02003288154146956,0.02007423829951661,0.9997888860874483,0.017955677973488137,3.5138220092777344,3.5317776872512225,1.0062285705459535,0.01779946878811936,3.4936108648833666,3.511410333671486,0.11010939351203546,0.0024202329861027624,0.7056574821621978,0.7080777151483005,0.9667387713102502,0.02796028182280237,6.758573573574259,6.786533855397062,0.9762247314329477,0.02516384840519549,6.0434104078852995,6.068574256290495,0.1541573466532328,0.16562105134476582,0.03344904196880465,1.2198003468774363,0.9988868675225141,0.058445903293025445,0.03801485990511403,11.194112861622932,0.9825515337564648,0.1084541130925875,0.028178695057672325,2.396957808105885,-0.9959231318242273,0.7682986441504107,0.15520304396499504,0.6130956001854156,0.6158506779247946,0.15365972883008214,1.322025031334948,0.4404244278262418,0.8816006035087063,0.338987484332526,0.2644050062669896,1.4412376848167618,0.5223799835631987,0.918857701253563,0.2793811575916192,0.28824753696335237,0.1536597288300821,0.2644050062669896,0.2882475369633523,0.18603515625,0.216583251953125,0.15365972883008214,0.1522859763243899,0.006926062800138918,0.003714180675177287,0.2644050062669896,0.25470930378863943,0.09524775070284769,0.09215228597534157,0.28824753696335237,0.2622562633570833,0.2817698729132481,0.13073934508022667,15.179512165859512,12.690805562199094,0.0,0.0,15.0,1.7298464659105806,0.008065779546576108,1.7207176420268857,1.8758821140579927
16,0.2,15.0,0.75,4.0,5.710709682915649e-15,5.582340145693365e-15,0.22133598466863805,1.0,55.89777383813387,0.02003288154146956,55.918519771086935,55.89848688954547,0.0007130514115924199,96.69456652616479,0.7056574821621978,97.43824674243405,96.73258926027184,0.038022734107047304,0.03661429116987236,0.03344904196880465,0.039523579420562845,0.006074537451758195,-0.030539753718114165,4.135675804705285e-05,0.02003288154146956,0.02007423829951661,0.9997888860874483,0.28529226707724364,55.918519771086935,56.20381203816418,1.1130824332600466,0.28479150060990976,55.897773838133865,56.18256533874378,0.4404375740481418,0.0024202329861027624,0.7056574821621978,0.7080777151483005,0.9667387713102502,0.4065466091952471,97.43824674243405,97.84479335162929,1.138511950823302,0.40262157448312785,96.69456652616479,97.09718810064793,0.6166293866129312,0.16562105134476582,0.03344904196880465,1.2198003468774363,0.9988868675225141,0.019819418120255214,0.039523579420562845,105.0857848971999,0.8373654182869421,0.14919463791474172,0.03661429116987236,1.6456441927250367,-0.9976278553627217,1.4362211801954807,0.5220788486315587,0.9141423315639219,0.28188940990225975,0.2872442360390961,1.8146424899353868,0.8273187130891599,0.9873237768462269,0.09267875503230669,0.3629284979870773,1.835292260320395,0.8452124730687925,0.9900797872516025,0.08235386983980254,0.367058452064079,0.2872442360390961,0.36292849798707727,0.36705845206407894,0.32427978515625,0.336669921875,0.2872442360390961,0.2868703506870971,0.04312163521166015,0.003714180675177287,0.3629284979870773,0.3615547986396244,0.12910905059978697,0.09215228597534157,0.367058452064079,0.3592376243521588,0.3649504691366262,0.13073934508022667,15.762910569841765,13.370154058409378,0.0,0.0,15.0,1.7298464659105806,0.0006550223498327194,1.2634840057771604,1.2778618541683098
16,0.2,20.0,1.0,0.25,5.609119939353757e-16,7.909932474639558e-16,0.17247435048190426,1.0,0.38860844473070144,0.019973576532276778,0.4083490510051861,0.3883754744729093,-0.00023297025779211972,0.3785456976996571,0.707641695466874,1.0885825555821977,0.38094086011532374,0.002395162415666644,0.012213540437060265,0.03348748338544818,0.03632967332659072,0.00284218994114254,-0.009371350495917726,3.529477432278039e-05,0.019973576532276778,0.02000887130659956,1.0003204889037172,0.0006852811144002833,0.4083490510051861,0.4090343321195864,1.0003886054695785,0.0006619900650609443,0.38860844473070144,0.3892704347957624,0.019358754691557026,0.002439646393836937,0.707641695466874,0.710081341860711,0.9688636778738685,0.0032301820100895033,1.0885825555821977,1.0918127375922873,0.9689789605648532,0.0006733734900338811,0.3785456976996571,0.379219071189691,0.025538780627410683,0.1651034485428943,0.03348748338544818,1.2288725251135573,0.9988462185666803,0.1277918085149742,0.03632967332659072,2.2259443376162715,0.9978429118655678,0.03768970936921655,0.012213540437060265,8.607518154277617,-0.9922269462409797,0.25311090520558155,0.01850775713683718,0.23460314806874435,0.8734445473972092,0.0506221810411163,0.6203702000104782,0.09727231679957225,0.5230978832109059,0.689814899994761,0.12407404000209563,0.8882540772876101,0.19867616151859152,0.6895779157690185,0.555872961356195,0.177650815457522,0.05062218104111631,0.12407404000209561,0.17765081545752198,0.064788818359375,0.128082275390625,0.0506221810411163,0.04787954522683348,0.003814260471754158,0.00369767482174744,0.12407404000209561,0.060712394536664334,0.09211513279786875,0.09199306181008285,0.177650815457522,0.09393986978390066,0.17139188492954768,0.13134209457494772,14.047675703958047,10.898771699791032,0.0,0.0,20.0,0.974105691300616,0.0314289115500926,2.4509817129633418,3.509347321744803
16,0.2,20.0,1.0,1.0,2.0261570199409107e-15,1.4641066137244252e-15,0.19893870727472085,1.0,6.217735115691223,0.019973576532276778,6.236776811192332,6.216803234660055,-0.000931881031168478,6.056731163194514,0.707641695466874,6.7739535083240545,6.0663118128571805,0.009580649662666578,0.0282060624762806,0.03348748338544818,0.037986360208849504,0.004498876823401319,-0.02370718565287928,3.529477432278039e-05,0.019973576532276778,0.02000887130659956,1.0003204889037172,0.010579120915364127,6.236776811192332,6.247355932107696,1.004181963628236,0.010591841040975108,6.217735115691223,6.228326956732198,0.0774350187662281,0.002439646393836937,0.707641695466874,0.710081341860711,0.9688636778738685,0.013682270739253767,6.7739535083240545,6.787635779063309,0.9732031705796165,0.010773975840542098,6.056731163194514,6.067505139035056,0.10215512250964273,0.1651034485428943,0.03348748338544818,1.2288725251135573,0.9988462185666803,0.05764842592702915,0.037986360208849504,11.472116706665615,0.9895840675863168,0.1080900152923227,0.0282060624762806,2.4152613936956264,-0.997906450609988,0.9255343146215185,0.2210475103030349,0.7044868043184835,0.5372328426892408,0.18510686292430367,1.3186964604180835,0.43636452795141606,0.8823319324666676,0.34065176979095824,0.26373929208361674,1.4443271175613992,0.5233158432990813,0.9210112742623178,0.27783644121930046,0.28886542351227984,0.18510686292430367,0.2637392920836167,0.2888654235122798,0.2572021484375,0.300445556640625,0.18510686292430367,0.18402263892513418,0.005548105715294898,0.00369767482174744,0.26373929208361674,0.2541828588374227,0.09334344135498278,0.09199306181008285,0.28886542351227984,0.26285714439727503,0.28252537337047917,0.13134209457494772,15.161970615966844,12.823266413093181,0.0,0.0,20.0,0.974105691300616,0.004536388564559323,1.4247947802533312,1.5605332992456713
16,0.2,20.0,1.0,4.0,8.056055822436292e-15,5.4817261840867104e-15,0.22254451386355245,1.0,99.48376185105957,0.019973576532276778,99.50000790346718,99.4800343269349,-0.003727524124673912,96.90769861111222,0.707641695466874,97.65366290522977,96.94602120976289,0.03832259865066629,0.03666958853535334,0.03348748338544818,0.039480839018989425,0.005993355633541243,-0.0306762329018121,3.529477432278039e-05,0.019973576532276778,0.02000887130659956,1.0003204889037172,0.16931269183018943,99.50000790346718,99.66932059529736,1.0671870115993052,0.16946945665560173,99.48376185105957,99.65323130771517,0.3097400750649124,0.002439646393836937,0.707641695466874,0.710081341860711,0.9688636778738685,0.17669785386200937,97.65366290522977,97.83036075909177,1.0455240629809133,0.17238361344867356,96.90769861111222,97.0800822245609,0.4086204900385709,0.1651034485428943,0.03348748338544818,1.2288725251135573,0.9988462185666803,0.018189823466007844,0.039480839018989425,124.00224691234924,0.8864518828537507,0.14897933980176778,0.03666958853535334,1.6528019168684114,-0.9985547778339489,1.5360526411594815,0.5932981050610943,0.9427545360983873,0.23197367942025923,0.3072105282318963,1.8128912076185235,0.8234104756177262,0.9894807320007972,0.0935543961907383,0.3625782415237047,1.8398271731269573,0.8481502189976703,0.991676954129287,0.08008641343652136,0.3679654346253915,0.30721052823189626,0.36257824152370466,0.36796543462539144,0.36798095703125,0.38165283203125,0.3072105282318963,0.306930631575289,0.027016429711349994,0.00369767482174744,0.3625782415237047,0.3612595647235677,0.10965997769203609,0.09199306181008285,0.3679654346253915,0.36011168692943357,0.3659145545507925,0.13134209457494772,15.745278287818467,13.389370949455394,0.0,0.0,20.0,0.974105691300616,0.00036859873262786943,1.1802272650304952,1.1977630999274693
16,0.2,25.0,1.25,0.25,6.580022984814526e-16,7.847048748635399e-16,0.17662282345761854,1.0,0.6119940485974278,0.02005876076244541,0.632207392030866,0.6121486312684205,0.00015458267099268297,0.3802993005761962,0.7076443368798012,1.0865117001918763,0.37886736331207493,-0.0014319372641212564,0.01222920097445445,0.0335249544169253,0.03634224679305915,0.0028172923761338444,-0.009411908598320608,3.7358516088402595e-05,0.02005876076244541,0.020096119278533813,1.0000013503593286,0.0010438947497435464,0.632207392030866,0.6332512867806095,1.0011414812439001,0.001007746084434158,0.6119940485974278,0.613001794681862,0.02524701723085607,0.002385812977258554,0.7076443368798012,0.7100301498570598,0.9701359538767211,0.0032026612498561357,1.0865117001918763,1.0897143614417324,0.9693066527630777,0.0007576266222805265,0.3802993005761962,0.3810569271984767,0.027226206707750226,0.16556084059720105,0.0335249544169253,1.2236763654169658,0.9989224363249086,0.1279631473686084,0.03634224679305915,2.2210483578903673,0.9979685965940266,0.03799515378185989,0.01222920097445445,8.478560917890865,-0.9916977747811655,0.33414365307706084,0.03027854626079928,0.30386510681626155,0.8329281734614696,0.06682873061541215,0.6197915385494592,0.09706961068543749,0.5227219278640217,0.6901042307252705,0.12395830770989183,0.8870899851789409,0.19808006435026376,0.6890099208286772,0.5564550074105296,0.17741799703578817,0.06682873061541215,0.12395830770989182,0.17741799703578814,0.1116943359375,0.206329345703125,0.06682873061541215,0.0643802377765341,0.0038924915117278416,0.0037125290133094508,0.12395830770989183,0.06084038128395517,0.09207918809714452,0.09183143211982561,0.17741799703578817,0.09386838483964532,0.1712148069024202,0.1310002353231575,14.044523980180891,10.947742307412435,0.0,0.0,25.0,0.6214101288203191,0.019982548853998527,1.8548655132064464,2.654816205574788
16,0.2,25.0,1.25,1.0,2.4702462297909733e-15,1.4953316362920077e-15,0.19841450964194585,1.0,9.791904777558845,0.02005876076244541,9.81258186900526,9.792523108242817,0.0006183306839707317,6.084788809219139,0.7076443368798012,6.786705397042455,6.079061060162654,-0.005727749056485032,0.028273314927218438,0.0335249544169253,0.03804464140159599,0.0045196869846706855,-0.023753627942547755,3.7358516088402595e-05,0.02005876076244541,0.020096119278533813,1.0000013503593286,0.016156456463918882,9.81258186900526,9.82873832546918,1.010191721164924,0.016123937350946527,9.791904777558845,9.808028714909792,0.10098806892342428,0.002385812977258554,0.7076443368798012,0.7100301498570598,0.9701359538767211,0.014744725535015189,6.786705397042455,6.80145012257747,0.971250327523006,0.012122025956488425,6.084788809219139,6.096910835175628,0.1089048268310009,0.16556084059720105,0.0335249544169253,1.2236763654169658,0.9989224363249086,0.05775122671688044,0.03804464140159599,11.447980124405724,0.9894534876294008,0.10848571506501146,0.028273314927218438,2.403464657174006,-0.9977317642353064,1.0359294317010392,0.2731598806551437,0.7627695510458956,0.4820352841494804,0.20718588634020785,1.3210987754485672,0.43808715671643683,0.8830116187321304,0.3394506122757164,0.26421975508971346,1.443652796011336,0.5228264858357955,0.9208263101755404,0.2781736019943321,0.2887305592022672,0.20718588634020782,0.2642197550897134,0.28873055920226715,0.30963134765625,0.363311767578125,0.20718588634020785,0.2063119430729744,0.006579585289380505,0.0037125290133094508,0.26421975508971346,0.254777527747797,0.09379526400973677,0.09183143211982561,0.2887305592022672,0.2628743673327501,0.28232316576713157,0.1310002353231575,15.160696840445215,12.724459922415674,0.0,0.0,25.0,0.6214101288203191,0.002887417266558333,1.275278735231287,1.3935821802463881
16,0.2,25.0,1.25,4.0,9.555290586549248e-15,5.509481759702339e-15,0.2213145191852045,1.0,156.6704764409415,0.02005876076244541,156.69300852443985,156.67294976367742,0.0024733227358829275,97.35662094750623,0.7076443368798012,98.0413542881601,97.33370995128028,-0.022910996225940138,0.03678956126027252,0.0335249544169253,0.03959707817935983,0.006072123762434535,-0.030717437497837983,3.7358516088402595e-05,0.02005876076244541,0.020096119278533813,1.0000013503593286,0.2580009985187686,156.69300852443985,156.95100952295863,1.1180205997387564,0.2579829976151444,156.6704764409415,156.92845943855667,0.4039522756936971,0.002385812977258554,0.7076443368798012,0.7100301498570598,0.9701359538767211,0.1972857746861462,98.0413542881601,98.23864006284623,1.0431980545426907,0.1939524153038148,97.35662094750623,97.55057336281004,0.4356193073240036,0.16556084059720105,0.0335249544169253,1.2236763654169658,0.9989224363249086,0.018338091988519833,0.03959707817935983,121.66179834835066,0.885455034839035,0.14935284192275508,0.03678956126027252,1.6501087655324682,-0.998466239293201,1.5983965307014039,0.6415265291539098,0.9568700015474939,0.20080173464929812,0.3196793061402808,1.8167935537078839,0.8271412610689419,0.9896522926389418,0.09160322314605814,0.3633587107415768,1.8395932698644515,0.8479255725936784,0.9916676972707732,0.08020336506777423,0.3679186539728903,0.31967930614028073,0.3633587107415767,0.36791865397289025,0.3939208984375,0.40380859375,0.3196793061402808,0.31944452369547655,0.03706381685538314,0.0037125290133094508,0.3633587107415768,0.3620334831487257,0.11354597618644378,0.09183143211982561,0.3679186539728903,0.36002315426712034,0.3656403195524036,0.1310002353231575,15.748458864874909,13.369795739415355,0.0,0.0,25.0,0.6214101288203191,0.00023482127645243171,1.136635070717179,1.1508991883617306
16,0.2,30.0,1.5,0.25,7.732529894166618e-16,7.915082434958864e-16,0.17893838737238926,1.0,0.8889308219171023,0.019975421957651007,0.9088588064566879,0.8888833844990369,-4.743741806524665e-05,0.3768194060741774,0.7072677414396921,1.0839651488593907,0.37669740741969865,-0.00012199865447876134,0.01221524191866345,0.03346789709606758,0.0363378294395256,0.0028699323434580168,-0.009345309575205435,3.712949590044987e-05,0.019975421957651007,0.020012551453551457,0.9998933029459883,0.0016020671939374607,0.9088588064566879,0.9104608736506254,1.0007668933781275,0.0015685487959509116,0.8889308219171023,0.8904993707130532,0.031018274930471317,0.002245050388766176,0.7072677414396921,0.7095127918284583,0.9705604953059903,0.003032116211043475,1.0839651488593907,1.0869972650704343,0.9689282698308349,0.000760005833339004,0.3768194060741774,0.3775794119075164,0.027156584087892274,0.165550962193918,0.03346789709606758,1.2219141453080786,0.9989268052472982,0.12809517593355257,0.0363378294395256,2.2165825143035836,0.9980741691406857,0.03784140463853555,0.01221524191866345,8.542455654803426,-0.9916223279226435,0.4119004932115755,0.04559901229152403,0.3663014809200515,0.7940497533942122,0.08238009864231509,0.6188173171819298,0.09671693564245058,0.5221003815394792,0.6905913414090351,0.12376346343638595,0.8867939310880276,0.19789264746810534,0.6889012836199222,0.5566030344559862,0.1773587862176055,0.08238009864231509,0.12376346343638595,0.17735878621760548,0.163116455078125,0.274871826171875,0.08238009864231509,0.08014362659504728,0.003984629041991769,0.003702248997508553,0.12376346343638595,0.06047435636547007,0.09212267978548129,0.09178034328445919,0.1773587862176055,0.09363259120381137,0.1709875721059546,0.13093378356357238,14.054637827703008,10.95876258377538,0.0,0.0,30.0,0.4239018344099198,0.013741498908002303,1.5023466283252787,2.152932433204249
16,0.2,30.0,1.5,1.0,3.0912772341906702e-15,1.4675760606763788e-15,0.1998485866335274,1.0,14.222893150673636,0.019975421957651007,14.242678822959025,14.222703401001375,-0.0001897496722609869,6.029110497186839,0.7072677414396921,6.7358902440086155,6.028622502568924,-0.0004879946179150432,0.028187526885580853,0.03346789709606758,0.037943778380298436,0.004475881284230857,-0.023711645601349998,3.712949590044987e-05,0.019975421957651007,0.020012551453551457,0.9998933029459883,0.025119465839459443,14.242678822959025,14.267798288798485,1.0119768345418363,0.025096780735214586,14.222893150673636,14.247989931408851,0.12407309972188527,0.002245050388766176,0.7072677414396921,0.7095127918284583,0.9705604953059903,0.014513383677943411,6.7358902440086155,6.750403627686559,0.9683099849143298,0.012160093333424065,6.029110497186839,6.041270590520263,0.1086263363515691,0.165550962193918,0.03346789709606758,1.2219141453080786,0.9989268052472982,0.057688466069139875,0.037943778380298436,11.454018847973684,0.9901139362886087,0.10850040061574195,0.028187526885580853,2.3954942652390816,-0.9977315850855548,1.1273251285427695,0.3224714803260768,0.8048536482166926,0.4363374357286154,0.22546502570855387,1.3203872184635603,0.43756517633042247,0.8828220421331379,0.33980639076821995,0.264077443692712,1.4434737524133938,0.5226169254745464,0.9208568269388473,0.2782631237933032,0.28869475048267873,0.22546502570855384,0.264077443692712,0.28869475048267873,0.354400634765625,0.408782958984375,0.22546502570855387,0.22469905173892202,0.008067104340192907,0.003702248997508553,0.264077443692712,0.2545595736042676,0.09414618346583904,0.09178034328445919,0.28869475048267873,0.2628934623837926,0.2824353991683394,0.13093378356357238,15.162294883531573,12.749650637575533,0.0,0.0,30.0,0.4239018344099198,0.001981841991426745,1.1712567963160294,1.2804413880841032
16,0.2,30.0,1.5,4.0,1.2323475573339238e-14,5.6690763194922056e-15,0.22269053089205681,1.0,227.56629041077818,0.019975421957651007,227.58550683404678,227.56553141208914,-0.000758998689043945,96.46576795498942,0.7072677414396921,97.17108371795746,96.46381597651776,-0.0019519784716601762,0.036632328232894557,0.03346789709606758,0.0393881782818995,0.005920281185831918,-0.030712047047062638,3.712949590044987e-05,0.019975421957651007,0.020012551453551457,0.9998933029459883,0.40152784369271144,227.58550683404678,227.9870346777395,1.1611062371245884,0.4015484917634334,227.56629041077818,227.96783890254162,0.49629239888754106,0.002245050388766176,0.7072677414396921,0.7095127918284583,0.9705604953059903,0.19723950354656383,97.17108371795746,97.36832322150401,1.0294791455303827,0.19456149333478504,96.46576795498942,96.6603294483242,0.4345053454062764,0.165550962193918,0.03346789709606758,1.2219141453080786,0.9989268052472982,0.018133974412872424,0.0393881782818995,125.65927003182227,0.8868183153601058,0.14948626049194555,0.036632328232894557,1.639898062870039,-0.9984574763341397,1.6482406841460913,0.6818126829100025,0.9664280012360887,0.1758796579269544,0.32964813682921823,1.817691752357933,0.8279832561972998,0.9897084961606332,0.09115412382103354,0.3635383504715866,1.840277149474708,0.8485244878095444,0.9917526616651637,0.07986142526264596,0.3680554298949416,0.32964813682921823,0.36353835047158656,0.36805542989494155,0.4178466796875,0.4276123046875,0.32964813682921823,0.3294666692516409,0.0508539494062794,0.003702248997508553,0.3635383504715866,0.3622281198636396,0.1157132527651825,0.09178034328445919,0.3680554298949416,0.3603370859117561,0.3660725006137017,0.13093378356357238,15.746921836883898,13.362271448104668,0.0,0.0,30.0,0.4239018344099198,0.00016097431727155116,1.1028072355219347,1.1165099655503927
16,0.2,35.0,1.75,0.25,9.081277396738585e-16,7.770646376793061e-16,0.1782391382450891,1.0,1.1954629893086484,0.019996682642921527,1.2156111456777976,1.1956144630348762,0.000151473726227786,0.37825730885180786,0.7070730455706478,1.0853405424617308,0.378267496891083,1.0188039275166498e-05,0.01222644906152318,0.03352808615198282,0.03631055871860719,0.0027824725666243657,-0.009443976494898814,3.6825030749814886e-05,0.019996682642921527,0.020033507673671343,0.9997100428753847,0.0023460557153854684,1.2156111456777976,1.2179572013931832,1.001374646126438,0.0022645042246408602,1.1954629893086484,1.1977274935332891,0.03917285435228317,0.00247004693607592,0.7070730455706478,0.7095430925067238,0.9693139852865768,0.0031719417884790934,1.0853405424617308,1.0885124842502099,0.9698310697534086,0.0007396097904086898,0.37825730885180786,0.3789969186422165,0.026711187240148718,0.16584493184327675,0.03352808615198282,1.2194631368863664,0.9988635656295016,0.12837754598614418,0.03631055871860719,2.2046700187679,0.9979853678441662,0.03785508578033895,0.01222644906152318,8.5442079002255,-0.991620094713979,0.4794931460386995,0.0606648627516618,0.41882828328703775,0.7602534269806502,0.0958986292077399,0.6189074407953802,0.09676370448516396,0.5221437363102162,0.69054627960231,0.12378148815907603,0.8840438495482056,0.19671031309949313,0.6873335364487125,0.5579780752258973,0.17680876990964112,0.0958986292077399,0.12378148815907601,0.17680876990964112,0.212738037109375,0.3388671875,0.0958986292077399,0.09390837787180169,0.004128787258427636,0.0037072424836715624,0.12378148815907603,0.06055731842214489,0.09199060433506928,0.09193723202869504,0.17680876990964112,0.09349548052954955,0.17073694915786067,0.13077269658656276,14.0545945563208,10.963813242971305,0.0,0.0,35.0,0.31641072307103285,0.01022737564514138,1.290753467298631,1.8437048722211666
16,0.2,35.0,1.75,1.0,3.622102617839573e-15,1.4771170397942512e-15,0.2000717507194527,1.0,19.127407828938374,0.019996682642921527,19.148010406486204,19.128013723843285,0.0006058949049111448,6.052116941628926,0.7070730455706478,6.759230739356674,6.052157693786026,4.0752157100665395e-05,0.028220032165737572,0.03352808615198282,0.037978259595979745,0.0044501734439969225,-0.023769858721740648,3.6825030749814886e-05,0.019996682642921527,0.020033507673671343,0.9997100428753847,0.03644779846498274,19.148010406486204,19.184458204951188,1.018951798565253,0.036232067594253764,19.127407828938374,19.163639896532626,0.15669141740913267,0.00247004693607592,0.7070730455706478,0.7095430925067238,0.9693139852865768,0.014152943830592887,6.759230739356674,6.773383683187268,0.9756159839562657,0.011833756646539037,6.052116941628926,6.063950698275464,0.10684474896059487,0.16584493184327675,0.03352808615198282,1.2194631368863664,0.9988635656295016,0.05843821173151933,0.037978259595979745,11.165194007126686,0.9896599872157296,0.1080737619484672,0.028220032165737572,2.416861937417365,-0.9976558635297271,1.1977221566757716,0.36265308194215007,0.8350690747336216,0.40113892166211423,0.23954443133515432,1.3171223075352734,0.4353796857210328,0.8817426218142406,0.34143884623236337,0.2634244615070547,1.4373544028263154,0.51828892064973,0.9190654821765856,0.2813227985868423,0.2874708805652631,0.2395444313351543,0.2634244615070546,0.28747088056526304,0.397186279296875,0.4532470703125,0.23954443133515432,0.2389087697221396,0.010090241113952276,0.0037072424836715624,0.2634244615070547,0.25394196125790525,0.09310075650163517,0.09193723202869504,0.2874708805652631,0.26151269138352395,0.2810561290228443,0.13077269658656276,15.16287383938125,12.824187216727623,0.0,0.0,35.0,0.31641072307103285,0.0014753714888142198,1.099689356328593,1.2000733181856076
16,0.2,35.0,1.75,4.0,1.4224732503009818e-14,5.502542865798432e-15,0.2260024137961399,1.0,306.038525263014,0.019996682642921527,306.06094552527657,306.0409488426336,0.002423579619644579,96.83387106606281,0.7070730455706478,97.54110712026187,96.83403407469122,0.00016300862840265204,0.03668679656772317,0.03352808615198282,0.039487728668811554,0.005959642516828732,-0.030727154050894438,3.6825030749814886e-05,0.019996682642921527,0.020033507673671343,0.9997100428753847,0.5804655298987268,306.06094552527657,306.6414110551753,1.2340246874117442,0.5797130815080602,306.038525263014,306.618238344522,0.6267656696365307,0.00247004693607592,0.7070730455706478,0.7095430925067238,0.9693139852865768,0.1912067142726122,97.54110712026187,97.73231383453448,1.0590885363148237,0.1893401063446246,96.83387106606281,97.02321117240743,0.4273789958423795,0.16584493184327675,0.03352808615198282,1.2194631368863664,0.9988635656295016,0.019052236014348387,0.039487728668811554,112.48969578438101,0.8915793392364659,0.14888001162770567,0.03668679656772317,1.655569076544244,-0.9984134192338991,1.681384796261895,0.7091324651571695,0.9722523311047254,0.15930760186905252,0.336276959252379,1.8119279611815875,0.8226548917918498,0.9892730693897378,0.09403601940920624,0.3623855922363175,1.832091693719267,0.8410613372292892,0.991030356489978,0.08395415314036647,0.36641833874385343,0.33627695925237894,0.36238559223631744,0.3664183387438534,0.436370849609375,0.448760986328125,0.336276959252379,0.33610825769495534,0.0661878361181015,0.0037072424836715624,0.3623855922363175,0.36105544424351754,0.1099778547567425,0.09193723202869504,0.36641833874385343,0.3583551778646607,0.36410924249115917,0.13077269658656276,15.753357882540955,13.430797438515782,0.0,0.0,35.0,0.31641072307103285,0.00011987639966632959,1.0776402672427632,1.0896326039062731
16,0.2,40.0,2.0,0.25,1.0564465968698755e-15,7.925585643504818e-16,0.1744601846229993,1.0,1.5609646871185292,0.019957854332022882,1.5799041935563216,1.5599463392242987,-0.0010183478942304386,0.37801132127913645,0.7043700914210748,1.0829493076292145,0.3785792162081397,0.0005678949290032849,0.012185692886461558,0.03338119628091035,0.03627010483861632,0.0028889085577059677,-0.009296784328755591,4.0618816395824183e-05,0.019957854332022882,0.019998473148418707,0.9995170247798061,0.002860660723941928,1.5799041935563216,1.5827648542802635,1.001845468842377,0.002844873333650118,1.5609646871185292,1.5638095604521793,0.04162023100933849,0.002501492186542891,0.7043700914210748,0.7068715836076177,0.9691936980188105,0.0032907721095661417,1.0829493076292145,1.0862400797387806,0.9694547534649219,0.0007222908849111601,0.37801132127913645,0.3787336121640476,0.026467521049781027,0.16584057794833967,0.03338119628091035,1.2140997011524395,0.9988298893655531,0.12855520412197113,0.03627010483861632,2.1959628962740876,0.9979639008841222,0.03765948854838688,0.012185692886461558,8.602322479944199,-0.9918716622042135,0.5472669664377896,0.0793311029181271,0.4679358635196625,0.7263665167811053,0.1094533932875579,0.6187030276580615,0.09679152315855338,0.5219115044995081,0.6906484861709693,0.12374060553161229,0.8824319536090067,0.19601297200792323,0.6864189816010835,0.5587840231954967,0.17648639072180133,0.1094533932875579,0.12374060553161229,0.17648639072180133,0.259613037109375,0.390106201171875,0.1094533932875579,0.10763643220373795,0.004216518670812198,0.003701160208128609,0.12374060553161229,0.06055941277016599,0.09191234880189962,0.09181292086572104,0.17648639072180133,0.09308357140591332,0.17010939982619724,0.1304382575149857,14.05752998415243,10.940227355069567,0.0,0.0,40.0,0.2421651972005391,0.007806514130025453,1.1305323829158842,1.6124341641755513
16,0.2,40.0,2.0,1.0,3.923944502659538e-15,1.493596912816031e-15,0.1963325179539212,1.0,24.975434993896467,0.019957854332022882,24.991319456651567,24.971361602319547,-0.004073391576921755,6.048181140466183,0.7043700914210748,6.754822811603272,6.0504527201821965,0.0022715797160131395,0.02816389867791803,0.03338119628091035,0.037986466708192355,0.004605270427282001,-0.02355862825063603,4.0618816395824183e-05,0.019957854332022882,0.019998473148418707,0.9995170247798061,0.04545926645038166,24.991319456651567,25.03677872310195,1.0242105961053585,0.045517973338401886,24.975434993896467,25.02095296723487,0.16648092403735396,0.002501492186542891,0.7043700914210748,0.7068715836076177,0.9691936980188105,0.014326102497569812,6.754822811603272,6.769148914100841,0.9745164113132485,0.011556654158578561,6.048181140466183,6.059737794624762,0.10587008419912411,0.16584057794833967,0.03338119628091035,1.2140997011524395,0.9988298893655531,0.05848934600946247,0.037986466708192355,11.136826028717405,0.9898953892431923,0.10798846708428886,0.02816389867791803,2.416055677465442,-0.9977782446735017,1.2625447000732213,0.4031444241612523,0.859400275911969,0.3687276499633894,0.25250894001464425,1.3175641339431114,0.4356960992749869,0.8818680346681246,0.3412179330284443,0.2635128267886223,1.4365984274834134,0.5177062154866285,0.9188922119967848,0.28170078625829337,0.2873196854966827,0.25250894001464425,0.26351282678862226,0.28731968549668263,0.42742919921875,0.4815673828125,0.25250894001464425,0.25193884929469534,0.011141763856877786,0.003701160208128609,0.2635128267886223,0.2540313110652678,0.09313209080124432,0.09181292086572104,0.2873196854966827,0.2612311146754382,0.2805258085611029,0.1304382575149857,15.16521565253161,12.760511786256927,0.0,0.0,40.0,0.2421651972005391,0.0011276639900286327,1.0435782066699892,1.1378594574909688
16,0.2,40.0,2.0,4.0,1.6181500583911657e-14,5.398459457239824e-15,0.22099018354307642,1.0,399.6069599023435,0.019957854332022882,399.61062419036784,399.5906663360358,-0.016293566307687017,96.77089824745893,0.7043700914210748,97.48435465774406,96.77998456632298,0.009086318864052548,0.036605383214486475,0.03338119628091035,0.03946005693705158,0.006078860656141233,-0.030526522558345245,4.0618816395824183e-05,0.019957854332022882,0.019998473148418707,0.9995170247798061,0.7279308894131616,399.61062419036784,400.338555079781,1.2669498784773865,0.7282875734144302,399.6069599023435,400.3352474757579,0.6659236961494158,0.002501492186542891,0.7043700914210748,0.7068715836076177,0.9691936980188105,0.1884797833335934,97.48435465774406,97.67283444107765,1.055672920842821,0.18490646653725698,96.77089824745893,96.95580471399619,0.42348033679649644,0.16584057794833967,0.03338119628091035,1.2140997011524395,0.9988298893655531,0.019009742259548913,0.03946005693705158,112.31439596938205,0.8959407130133332,0.14882785836261872,0.036605383214486475,1.653222986305374,-0.9985225240387117,1.7113630227450631,0.7348124135400582,0.9765506092050049,0.14431848862746846,0.34227260454901265,1.813066116786768,0.8236664555364082,0.9893996612503599,0.09346694160661599,0.36261322335735363,1.8313809697563093,0.8403607712103903,0.9910201985459189,0.08430951512184544,0.3662761939512618,0.3422726045490126,0.3626132233573536,0.3662761939512618,0.450958251953125,0.459686279296875,0.34227260454901265,0.34213004029092875,0.06710720087950675,0.003701160208128609,0.36261322335735363,0.3612918259835052,0.11008926593855703,0.09181292086572104,0.3662761939512618,0.3582716065360422,0.36377170689435673,0.1304382575149857,15.745566360191225,13.421426563782413,0.0,0.0,40.0,0.2421651972005391,9.160346762586956e-05,1.0594281240683645,1.0701300340232516
16,0.2,60.0,3.0,0.25,1.5508427875232655e-15,8.255792967662434e-16,0.1759062117809615,1.0,3.5269045022909653,0.01998229732569767,3.5469062201292214,3.526923922803524,1.9420512558673216e-05,0.378744535618424,0.7027514122522012,1.082351105818324,0.37959969356612283,0.0008551579476988296,0.012194276527763795,0.03340759248617429,0.03613828973778694,0.002730697251612646,-0.009463579276151149,4.1923006192308525e-05,0.01998229732569767,0.02002422033188998,0.9999963275629522,0.0061713862282999216,3.5469062201292214,3.5530776063575216,1.0035643568618742,0.00613133306322526,3.5269045022909653,3.5330358353541906,0.058567384323087314,0.002473590192064976,0.7027514122522012,0.7052250024442661,0.9673622568901671,0.0031059501206720905,1.082351105818324,1.085457055938996,0.9687568989010635,0.0007407122432890238,0.378744535618424,0.37948524786171306,0.02684675439228044,0.16535624516013864,0.03340759248617429,1.2223640079904639,0.9988725078309896,0.12792847671286817,0.03613828973778694,2.2102664416899804,0.9979934697944404,0.03781690947999975,0.012194276527763795,8.536720359389223,-0.9915771709240855,0.7635185569158885,0.15080165145724456,0.612716905458644,0.6182407215420558,0.1527037113831777,0.6184175480984456,0.09662150038152678,0.5217960477169188,0.6907912259507772,0.12368350961968912,0.8856895191312134,0.1974448827957225,0.6882446363354909,0.5571552404343934,0.17713790382624267,0.15270371138317768,0.1236835096196891,0.17713790382624267,0.402740478515625,0.54736328125,0.1527037113831777,0.15136009888542373,0.004786872793316162,0.0036980049259586712,0.12368350961968912,0.06075735755786133,0.09176989540001804,0.09184036942879399,0.17713790382624267,0.09373276632464972,0.17102697240027656,0.13098707752411962,14.059337464869241,10.911785264803258,0.0,0.0,60.0,0.1073872386883182,0.0034575011939911556,0.8099574561703446,1.1600104687812893
16,0.2,60.0,3.0,1.0,6.1201044232461754e-15,1.4536982728685643e-15,0.1973569999389577,1.0,56.430472036655445,0.01998229732569767,56.450532016031374,56.43054971870568,7.768205023469286e-05,6.059912569894784,0.7027514122522012,6.766084613937781,6.063333201685579,0.0034206317907953202,0.028241349890357727,0.03340759248617429,0.0379071582689313,0.004499565782757008,-0.023741784107600722,4.1923006192308525e-05,0.01998229732569767,0.02002422033188998,0.9999963275629522,0.09813577265332588,56.450532016031374,56.5486677886847,1.0455821644758745,0.09810132901160416,56.430472036655445,56.52857336566705,0.23426953729234926,0.002473590192064976,0.7027514122522012,0.7052250024442661,0.9673622568901671,0.013891576825961717,6.766084613937781,6.779976190763742,0.9772017447873661,0.011851395892624381,6.059912569894784,6.071763965787409,0.10738701756912176,0.16535624516013864,0.03340759248617429,1.2223640079904639,0.9988725078309896,0.05796778014945419,0.0379071582689313,11.341116632262736,0.9893277169238331,0.10806506165894826,0.028241349890357727,2.419429305042539,-0.9977159475045498,1.431200885233932,0.515587504038965,0.915613381194967,0.284399557383034,0.2862401770467864,1.3171279851936857,0.4353853061073065,0.8817426790863793,0.34143600740315716,0.26342559703873714,1.4414503484206274,0.5212921992029859,0.9201581492176414,0.27927482578968643,0.28829006968412546,0.2862401770467864,0.26342559703873714,0.2882900696841254,0.513580322265625,0.576202392578125,0.2862401770467864,0.28587162882044104,0.018666782715020726,0.0036980049259586712,0.26342559703873714,0.25377282336738954,0.09250696671414436,0.09184036942879399,0.28829006968412546,0.26229628203714583,0.28169951335240107,0.13098707752411962,15.171763570267188,12.75171083892157,0.0,0.0,60.0,0.1073872386883182,0.000500462761892423,0.9202956753191214,1.0071614427383617
16,0.2,60.0,3.0,4.0,2.4119595209981526e-14,5.585809592645319e-15,0.22279418993808386,1.0,902.8875525864871,0.01998229732569767,902.9078456120138,902.887863314688,0.00031072820093876863,96.95860111831655,0.7027514122522012,97.67503505773193,96.97228364547973,0.013682527163181274,0.03667568742899068,0.03340759248617429,0.03943830546739658,0.006030712981222287,-0.030644974447768394,4.1923006192308525e-05,0.01998229732569767,0.02002422033188998,0.9999963275629522,1.5696332697339763,902.9078456120138,904.4774788817477,1.4842728913722567,1.5696212641856666,902.8875525864871,904.4571738506728,0.937078149169397,0.002473590192064976,0.7027514122522012,0.7052250024442661,0.9673622568901671,0.19036228743914452,97.67503505773193,97.86539734517108,1.070886858698919,0.1896223342819901,96.95860111831655,97.14822345259854,0.42954807027648706,0.16535624516013864,0.03340759248617429,1.2223640079904639,0.9988725078309896,0.01882750079640449,0.03943830546739658,115.92268667522383,0.8835263817785828,0.148719489217724,0.03667568742899068,1.658815149822621,-0.9984619081235335,1.7881254894856118,0.80159869587399,0.9865267936116218,0.10593725525719415,0.3576250978971224,1.809326174640179,0.8203017778271495,0.9890243968130294,0.09533691267991057,0.3618652349280358,1.8346689197143804,0.843517402150706,0.9911515175636744,0.08266554014280982,0.36693378394287607,0.3576250978971223,0.36186523492803574,0.366933783942876,0.48956298828125,0.5006103515625,0.3576250978971224,0.3575416396451924,0.10053434620465586,0.0036980049259586712,0.3618652349280358,0.3604743316193818,0.1077710691085689,0.09184036942879399,0.36693378394287607,0.35883105461536224,0.36458716985392187,0.13098707752411962,15.751193630241865,13.403000242489707,0.0,0.0,60.0,0.1073872386883182,4.062043753280953e-05,1.0118563743312365,1.0260291744077523
16,0.4,5.0,0.5,0.25,4.40669737841997e-16,9.573945640179576e-16,0.37468082808323283,1.0,0.02386854854183242,0.08010664260339388,0.10425637341594442,0.024149730812550535,0.0002811822707181175,0.09307711471140677,1.2846988343982721,1.3774088525266666,0.09271001812839458,-0.0003670965830121697,0.01150038751273223,0.11280148902645418,0.11683243047697194,0.00403094145051776,-0.007469446062214467,0.00016052993698666165,0.08010664260339388,0.08026717254038054,1.0003172032653327,0.014416261618325358,0.10425637341594442,0.11867263503426977,1.0053910133470776,0.014322473066858611,0.02386854854183242,0.03819102160869103,0.10726246918420707,0.0033735694885300874,1.2846988343982721,1.288072403886802,0.9694784235979408,0.01705390664973894,1.3774088525266666,1.3944627591764056,0.9750563531617593,0.013421880464030022,0.09307711471140677,0.10649899517543679,0.10478139510386215,0.24315060583662004,0.11280148902645418,1.909196385059151,0.9981976049574581,0.23409026986412948,0.11683243047697194,2.140212010752944,0.9835346758677751,0.038914875001211754,0.01150038751273223,26.29518727729694,-0.37461889363885764,0.10244650371345404,0.014263682750263773,0.08818282096319029,0.9487767481432731,0.020489300742690793,0.710719303402952,0.1332524117846134,0.5774668916183385,0.6446403482985241,0.14214386068059037,0.8909476368206519,0.2093656867135274,0.6815819501071244,0.5545261815896741,0.17818952736413035,0.020489300742690807,0.14214386068059037,0.17818952736413035,0.000457763671875,0.00079345703125,0.020489300742690793,0.006698953268697664,0.016717950209302217,0.014316295508457762,0.14214386068059037,0.02029863621630478,0.1365266684587261,0.1354232903958598,0.17818952736413035,0.040298865358272096,0.17550515963695196,0.16608250594803095,14.335602376061539,11.166549161434975,0.0,0.0,5.0,3.8995716286760485,0.4818218205676168,6.937467630821796,8.696711010388992
16,0.4,5.0,0.5,1.0,6.249341322206448e-16,1.0976462794243247e-15,0.3388831302768137,1.0,0.3818967766693187,0.08010664260339388,0.4631281483555851,0.3830215057521912,0.001124729082872471,1.4892338353825083,1.2846988343982721,2.772464283448732,1.4877654490504597,-0.0014683863320486819,0.06529824301924406,0.11280148902645418,0.13359516278180208,0.020793673755347918,-0.04450456926389614,0.00016052993698666165,0.08010664260339388,0.08026717254038054,1.0003172032653327,0.22905313346464481,0.4631281483555851,0.6921812818202299,1.0947586531231792,0.22915956906973778,0.3818967766693187,0.6110563457390564,0.42904987673682826,0.0033735694885300874,1.2846988343982721,1.288072403886802,0.9694784235979408,0.21915748370172572,2.772464283448732,2.9916217671504572,1.0627671838685528,0.21475008742448035,1.4892338353825083,1.7039839228069886,0.4191255804154486,0.24315060583662004,0.11280148902645418,1.909196385059151,0.9981976049574581,0.17993070924751844,0.13359516278180208,4.312700523878472,0.8732691003602285,0.12033100504020144,0.06529824301924406,5.367598381524819,-0.739460003134333,0.3817365646779787,0.14342368469078548,0.2383128799871932,0.8091317176610107,0.07634731293559573,1.0277703530550215,0.3190920003518653,0.7086783527031562,0.48611482347248935,0.20555407061100428,1.2367197310414382,0.4320665612396225,0.8046531698018156,0.381640134479281,0.24734394620828762,0.07634731293559573,0.20555407061100425,0.2473439462082876,0.055755615234375,0.080291748046875,0.07634731293559573,0.06683783238096841,0.04801374539025124,0.014316295508457762,0.20555407061100428,0.161529845503292,0.14968474114391836,0.1354232903958598,0.24734394620828762,0.19026188793321602,0.23691255287975083,0.16608250594803095,14.382082686943578,11.42752801077366,0.0,0.0,5.0,3.8995716286760485,0.1709840119331127,2.692355011687228,3.2397203869760216
16,0.4,5.0,0.5,4.0,2.157996004115148e-15,2.921274333544943e-15,0.35939512218333003,1.0,6.110348426709099,0.08010664260339388,6.194953985643983,6.114847343040589,0.004498916331489881,23.827741366120133,1.2846988343982721,25.10656665519021,23.821867820791937,-0.005873545328194731,0.11879116363482553,0.11280148902645418,0.1480851610275576,0.03528367200110342,-0.0835074916337221,0.00016052993698666165,0.08010664260339388,0.08026717254038054,1.0003172032653327,3.6656457728844725,6.194953985643983,9.860599758528455,2.040521522729644,3.6665531051158045,6.110348426709099,9.776901531824903,1.716199506947313,0.0033735694885300874,1.2846988343982721,1.288072403886802,0.9694784235979408,3.443510275435077,25.10656665519021,28.550076930625288,1.979341709797615,3.4360013987916855,23.827741366120133,27.263742764911818,1.6765023216617945,0.24315060583662004,0.11280148902645418,1.909196385059151,0.9981976049574581,0.11442219852007175,0.1480851610275576,16.64582619504464,0.5623454855364303,0.20741434663784014,0.11879116363482553,2.9032096035362422,-0.8867647476793569,1.0823882779957668,0.5457528614808055,0.5366354165149612,0.4588058610021167,0.21647765559915333,1.6612224068608836,0.8002437457050606,0.8609786611558231,0.1693887965695582,0.3322444813721767,1.7053816270167552,0.7924327771318296,0.9129488498849255,0.14730918649162247,0.34107632540335103,0.2164776555991533,0.3322444813721767,0.341076325403351,0.224365234375,0.230682373046875,0.21647765559915333,0.21314329204803537,0.1921612187773303,0.014316295508457762,0.3322444813721767,0.3284782161515913,0.22957726140804155,0.1354232903958598,0.34107632540335103,0.3270912878631876,0.3340691309941506,0.16608250594803095,15.451882534492343,13.021461494897892,0.0,0.0,5.0,3.8995716286760485,0.019440980340102124,1.534774942257256,1.5755728897716548
16,0.4,7.5,0.75,0.25,4.4157860419440087e-16,9.984104404228526e-16,0.36420275531270807,1.0,0.054658931695659455,0.08025280719995624,0.1349696609592428,0.05471685375928654,5.792206362708474e-05,0.09465196704734112,1.2870731132865552,1.384434994663181,0.09736188137662591,0.0027099143292847834,0.011999924543949419,0.11297181904181659,0.11731529889920961,0.00434347985739302,-0.007656444686556399,0.00016571245430011176,0.08025280719995624,0.08041851965425635,1.0005051688900761,0.00047301156075009253,0.1349696609592428,0.13544267251999287,1.001058349627233,0.0002878861872422437,0.054658931695659455,0.0549468178829017,0.014259862266959276,0.0037641046907536013,1.2870731132865552,1.2908372179773089,0.9684313004026082,0.004129095108043773,1.384434994663181,1.3885640897712248,0.9688269579900082,0.00040046700888065885,0.09465196704734112,0.09505243405622178,0.01949864866707673,0.24313075369103565,0.11297181904181659,1.9125566497975721,0.9981563826653047,0.22976063404666364,0.11731529889920961,2.2246026274439887,0.9972879070714952,0.01655974241939462,0.011999924543949419,47.19793545321802,-0.8201817677465768,0.11487856563243426,0.0037584099257847005,0.11112015570664956,0.9425607171837829,0.02297571312648683,0.7074928207941834,0.12643682156963926,0.5810559992245441,0.6462535896029084,0.14149856415883666,0.8907859185283374,0.2002218669732267,0.6905640515551107,0.5546070407358313,0.17815718370566747,0.022975713126486847,0.14149856415883666,0.17815718370566747,0.00164794921875,0.002532958984375,0.02297571312648683,0.00952471813545733,0.014370000112929786,0.014328186088936505,0.14149856415883666,0.018327282838031787,0.1354823638126187,0.13548848520650678,0.17815718370566747,0.03806217730980829,0.17521411010522098,0.16613612973063296,14.288767196600821,11.139609997874473,0.0,0.0,7.5,1.7316834433274804,0.2195418785490524,6.158614680634852,7.754152514216612
16,0.4,7.5,0.75,1.0,7.693498615957139e-16,1.0820879782491577e-15,0.33579316147874844,1.0,0.8745429071305513,0.08025280719995624,0.9550274025850158,0.8747745953850595,0.00023168825450833942,1.514431472757458,1.2870731132865552,2.8123442433611525,1.5252711300745971,0.01083965731713913,0.06396055755523776,0.11297181904181659,0.13338463389245003,0.020412814850633444,-0.04354774270460432,0.00016571245430011176,0.08025280719995624,0.08041851965425635,1.0005051688900761,0.004849543127006962,0.9550274025850158,0.9598769457120228,1.0043447009129893,0.004606178995875899,0.8745429071305513,0.8791490861264272,0.0570394490678371,0.0037641046907536013,1.2870731132865552,1.2908372179773089,0.9684313004026082,0.010029670466482187,2.8123442433611525,2.8223739138276347,0.9723175932427987,0.006407472142090542,1.514431472757458,1.5208389448995485,0.07799459466830692,0.24313075369103565,0.11297181904181659,1.9125566497975721,0.9981563826653047,0.15785355954615027,0.13338463389245003,5.372851483085396,0.9903198270530629,0.0884070045253362,0.06396055755523776,8.240109450822935,-0.9768325869954735,0.4413140665089111,0.052634491696426776,0.38867957481248433,0.7793429667455445,0.0882628133017822,1.0015815523477607,0.2532334894852994,0.7483480628624611,0.49920922382611976,0.20031631046955212,1.2203615148716862,0.3756962401450922,0.8446652747265939,0.389819242564157,0.2440723029743372,0.0882628133017822,0.2003163104695521,0.24407230297433719,0.088836669921875,0.12921142578125,0.0882628133017822,0.07970186316758818,0.015082215977353,0.014328186088936505,0.20031631046955212,0.15211518600613466,0.1358000737674863,0.13548848520650678,0.2440723029743372,0.18288668028475566,0.23280495770058757,0.16613612973063296,14.354680702727311,11.461886863977675,0.0,0.0,7.5,1.7316834433274804,0.07313598570606183,2.2695436840954097,2.765290316997055
16,0.4,7.5,0.75,4.0,2.9976021664879227e-15,2.7720881146109377e-15,0.3584340372518846,1.0,13.99268651408882,0.08025280719995624,14.07386607430681,13.993613267106854,0.0009267530180333565,24.230903564119327,1.2870731132865552,25.56133530667444,24.274262193387884,0.04335862926855652,0.11673109619490625,0.11297181904181659,0.14749930453252122,0.03452748549070464,-0.08220361070420162,0.00016571245430011176,0.08025280719995624,0.08041851965425635,1.0005051688900761,0.07417518309563828,14.07386607430681,14.148041257402449,1.040807699450971,0.07369886393401438,13.99268651408882,14.066385378022835,0.2281577962713484,0.0037641046907536013,1.2870731132865552,1.2908372179773089,0.9684313004026082,0.10571603349875444,25.56133530667444,25.66705134017319,1.0195821415160655,0.10251955427344867,24.230903564119327,24.333423118392776,0.3119783786732277,0.24313075369103565,0.11297181904181659,1.9125566497975721,0.9981563826653047,0.06430919791172249,0.14749930453252122,36.71490971026089,0.9414190432969165,0.18327502162713855,0.11673109619490625,3.483051567366943,-0.9938396182616546,1.1351520887625053,0.3283851910116646,0.8067668977508407,0.4324239556187474,0.22703041775250105,1.6374369347322468,0.6742708342546461,0.9631661004776008,0.1812815326338766,0.32748738694644935,1.6926632735515645,0.7197314291490093,0.9729318444025551,0.15366836322421784,0.3385326547103129,0.22703041775250102,0.3274873869464493,0.33853265471031285,0.25799560546875,0.2730712890625,0.22703041775250105,0.22419210309947676,0.025702739009505784,0.014328186088936505,0.32748738694644935,0.3234563528165236,0.14180091818853668,0.13548848520650678,0.3385326547103129,0.32462610117529994,0.3301979211393452,0.16613612973063296,15.483925390442597,13.118006192436257,0.0,0.0,7.5,1.7316834433274804,0.008342293388576467,1.442482422348631,1.4911334704029258
16,0.4,10.0,1.0,0.25,4.629615274313621e-16,9.453768605623136e-16,0.3632205882099979,1.0,0.09772444170287484,0.08023259591875767,0.17821656141712197,0.0979839654983643,0.0002595237954894569,0.0949565086463623,1.2840589306072059,1.3787240938462957,0.09466516323908986,-0.00029134540727245327,0.012085449503385548,0.11296467968053736,0.11754887382564412,0.004584194145106762,-0.007501255358278782,0.00016188775858557965,0.08023259591875767,0.08039448367734325,1.0002372717866226,0.0003365493146467712,0.17821656141712197,0.17855311073176874,1.000484289505276,0.00018396693534791474,0.09772444170287484,0.09790840863822275,0.010781177374658757,0.003431988468717556,1.2840589306072059,1.2874909190759234,0.9679911895448066,0.003654231830130029,1.3787240938462957,1.3823783256764257,0.9680433780288242,0.00019092280560907167,0.09495650864636229,0.09514743145197137,0.013619404735666748,0.24317765835837865,0.11296467968053736,1.911550762699803,0.9982286416097498,0.22992013250314852,0.11754887382564412,2.225302752429787,0.9979168553188109,0.014104696462483803,0.012085449503385548,61.67970372902761,-0.9429564809365285,0.14494070984542537,0.005682205104508273,0.1392585047409171,0.9275296450772874,0.02898814196908506,0.7068874538819688,0.12600506130290604,0.5808823925790628,0.6465562730590156,0.14137749077639375,0.8902316881240291,0.19950676600025394,0.6907249221237751,0.5548841559379856,0.1780463376248058,0.02898814196908507,0.14137749077639375,0.1780463376248058,0.00775146484375,0.010955810546875,0.02898814196908506,0.016084717777755074,0.014367552011126963,0.014341952706812143,0.14137749077639375,0.018324837662034004,0.13547008660059892,0.13544889773975724,0.1780463376248058,0.03799701885021845,0.17498984438079168,0.1660987701913432,14.305674103773521,11.225739361743868,0.0,0.0,10.0,0.9716761435698117,0.12366864719606806,4.8770801152819105,6.142040349280978
16,0.4,10.0,1.0,1.0,1.0044048925905713e-15,1.0790793172205104e-15,0.34687409195162144,1.0,1.5635910672459974,0.08023259591875767,1.6448617583467129,1.5646291624279551,0.0010380951819578279,1.519304138341797,1.2840589306072059,2.802197687319913,1.518138756712707,-0.0011653816290898172,0.06471165844384928,0.11296467968053736,0.13412837655845336,0.021163696877915993,-0.04354796156593329,0.00016188775858557965,0.08023259591875767,0.08039448367734325,1.0002372717866226,0.0030681372070053194,1.6448617583467129,1.6479298955537183,1.0022730696317126,0.002943470965566636,1.5635910672459974,1.566534538211564,0.043124709498635026,0.003431988468717556,1.2840589306072059,1.2874909190759234,0.9679911895448066,0.00661203558167634,2.802197687319913,2.8088097229015894,0.9693094950224156,0.0030547648897451467,1.5193041383417967,1.5223589032315419,0.05447761894266699,0.24317765835837865,0.11296467968053736,1.911550762699803,0.9982286416097498,0.15709764890080405,0.13412837655845336,5.445852953115627,0.994845841626577,0.08711114287145678,0.06471165844384928,8.544903421955924,-0.992512575438373,0.5689998403048426,0.08418364114518988,0.48481619915965274,0.7155000798475787,0.11379996806096852,1.0009594941769004,0.25195255844582287,0.7490069357310776,0.4995202529115498,0.20019189883538008,1.2213789713684553,0.37466083765919445,0.846718133709261,0.38931051431577235,0.2442757942736911,0.11379996806096851,0.20019189883538008,0.24427579427369103,0.14910888671875,0.213104248046875,0.11379996806096852,0.10669631228137368,0.014819961336905729,0.014341952706812143,0.20019189883538008,0.1524534270189022,0.13569363064022433,0.13544889773975724,0.2442757942736911,0.18357071240821377,0.2328506239981488,0.1660987701913432,14.36545559752764,11.497757444366481,0.0,0.0,10.0,0.9716761435698117,0.04138656186993187,1.7591560195177465,2.146536580245962
16,0.4,10.0,1.0,4.0,3.969047313034935e-15,2.768618667658984e-15,0.36964998906832175,1.0,25.01745707593596,0.08023259591875767,25.101842052582548,25.02160945666379,0.0041523807278313115,24.308866213468747,1.2840589306072059,25.588263617559594,24.30420468695239,-0.004661526516359276,0.11788333896897032,0.11296467968053736,0.14823768198008275,0.0352730022995454,-0.08261033666942492,0.00016188775858557965,0.08023259591875767,0.08039448367734325,1.0002372717866226,0.047108537139064176,25.101842052582548,25.14895058972161,1.0243280527770835,0.047095535449066174,25.01745707593596,25.064552611385025,0.1724988379945401,0.003431988468717556,1.2840589306072059,1.2874909190759234,0.9679911895448066,0.05280935559749447,25.588263617559594,25.64107297315709,0.9907909859266418,0.04887623823592235,24.308866213468747,24.35774245170467,0.21791047577066797,0.24317765835837865,0.11296467968053736,1.911550762699803,0.9982286416097498,0.06248322020288435,0.14823768198008275,38.57859204452242,0.9625851318111028,0.1831524057385143,0.11788333896897032,3.5175052810408802,-0.9969234864065629,1.2642648372342566,0.403362811021812,0.8609020262124446,0.36786758138287173,0.2528529674468513,1.6382411104993582,0.67289752952108,0.9653435809782783,0.18087944475032092,0.32764822209987166,1.6945691669824698,0.7199221253635696,0.9746470416189003,0.15271541650876516,0.33891383339649395,0.25285296744685126,0.3276482220998716,0.3389138333964939,0.31134033203125,0.3291015625,0.2528529674468513,0.2506992884057116,0.02157179095722751,0.014341952706812143,0.32764822209987166,0.3237965039486729,0.1389224987292231,0.13544889773975724,0.33891383339649395,0.32547840756830054,0.3308829423887489,0.1660987701913432,15.47813182163881,13.08941100713593,0.0,0.0,10.0,0.9716761435698116,0.004712043218907374,1.2958053267408933,1.3403593274725252
16,0.4,12.5,1.25,0.25,4.674732484249121e-16,9.215040839768984e-16,0.36629761270279,1.0,0.15218376473294912,0.07967305321175143,0.23189588117959925,0.1522228279678478,3.90632348987062e-05,0.0942297633561774,1.2884607936991446,1.3839957452448717,0.09553495154572697,0.001305188189549593,0.012092111006709228,0.11266672908628828,0.11719985153450088,0.004533122448212595,-0.007558988558496633,0.00015192766911849292,0.07967305321175143,0.07982498088086992,1.0006196668472542,0.00047478833001537686,0.23189588117959925,0.23237066950961463,1.0004568502955011,0.0003626029274952294,0.15218376473294912,0.15254636766044433,0.014400062667318612,0.0032121467182807785,1.2884607936991446,1.2916729404174254,0.9714537433497776,0.0034807385492521847,1.3839957452448717,1.3874764837941238,0.9720623767726561,0.00020310082352329044,0.0942297633561774,0.09443286417970069,0.013970365552222969,0.2435331459723306,0.11266672908628828,1.9011781287599199,0.9983603120935193,0.23052847830572612,0.11719985153450088,2.2073175407174213,0.9980888307929439,0.013981351425758789,0.012092111006709228,62.78452787244193,-0.9328268889133746,0.177917457968365,0.00887447318597673,0.16904298478238827,0.9110412710158176,0.03558349159367298,0.7043942820862467,0.12512705575815525,0.5792672263280914,0.6478028589568767,0.14087885641724932,0.8868329210025825,0.1978822736413213,0.6889506473612612,0.5565835394987088,0.17736658420051649,0.035583491593672995,0.14087885641724932,0.17736658420051646,0.019927978515625,0.0286865234375,0.03558349159367298,0.023242066174914748,0.014290186141600394,0.014226932223200907,0.14087885641724932,0.018064320879879494,0.13504474833942373,0.13510594159168815,0.17736658420051649,0.037805039406827556,0.17436124750668044,0.16567425906962255,14.308561595981951,11.188914467329907,0.0,0.0,12.5,0.6191840734228848,0.07945729971872079,3.9591071619935874,4.98451883884418
16,0.4,12.5,1.25,1.0,1.2906342661267445e-15,1.075853815757366e-15,0.34120154816572495,1.0,2.4349402357271854,0.07967305321175143,2.5147695418785316,2.4350964886667805,0.000156252939594823,1.5076762136988384,1.2884607936991446,2.8013577601561814,1.5128969664570369,0.005220752758198378,0.06456275576486452,0.11266672908628828,0.1335978654540625,0.02093113636777422,-0.0436316193970903,0.00015192766911849292,0.07967305321175143,0.07982498088086992,1.0006196668472542,0.00579460544264878,2.5147695418785316,2.520564147321181,1.0020496791164106,0.00580164683992367,2.434940235727186,2.4407418825671092,0.05760025066927445,0.0032121467182807785,1.2884607936991446,1.2916729404174254,0.9714537433497776,0.006723723924445895,2.8013577601561814,2.808081484080627,0.9750587055590864,0.003249613176372647,1.5076762136988384,1.510925826875211,0.055881462208891876,0.2435331459723306,0.11266672908628828,1.9011781287599199,0.9983603120935193,0.15765083901558155,0.1335978654540625,5.388574326659326,0.9949779720803777,0.08704529616982136,0.06456275576486452,8.540140305675855,-0.9911343573307053,0.6901963201072642,0.12547151509036564,0.5647248050168986,0.654901839946368,0.13803926402145283,0.996014788801801,0.24959186143896245,0.7464229273628387,0.5019926055990995,0.1992029577603602,1.2181328367536242,0.3726456041031052,0.845487232650519,0.390933581623188,0.24362656735072483,0.1380392640214528,0.19920295776036018,0.2436265673507248,0.213409423828125,0.289031982421875,0.13803926402145283,0.1319472465897023,0.015231280945676192,0.014226932223200907,0.1992029577603602,0.15109114509022128,0.13503076563270636,0.13510594159168815,0.24362656735072483,0.18294300402513852,0.2320882046370263,0.16567425906962255,14.360372695873117,11.422206056694813,0.0,0.0,12.5,0.619184073422885,0.026515129536878797,1.4430891034698783,1.7649077534408075
16,0.4,12.5,1.25,4.0,5.10702591327572e-15,2.8818093744664708e-15,0.36090167235206366,1.0,38.959043771634974,0.07967305321175143,39.039341836605104,38.95966878339335,0.0006250117583792901,24.122819419181415,1.2884607936991446,25.432163223913353,24.14370243021421,0.020883011032793494,0.11741001577037778,0.11266672908628828,0.147429335823825,0.03476260673753672,-0.08264740903284107,0.00015192766911849292,0.07967305321175143,0.07982498088086992,1.0006196668472542,0.09234240084232366,39.039341836605104,39.13168423744742,1.0380912110262552,0.09282634943877872,38.959043771634974,39.05187012107375,0.2304010026770978,0.0032121467182807785,1.2884607936991446,1.2916729404174254,0.9714537433497776,0.05625381365941297,25.432163223913353,25.488417037572766,1.004171756392467,0.051993810821962354,24.122819419181415,24.174813230003377,0.2235258488355675,0.2435331459723306,0.11266672908628828,1.9011781287599199,0.9983603120935193,0.06273936245808065,0.147429335823825,38.10190883632246,0.9632438844488186,0.18331724174367986,0.11741001577037778,3.497442376868881,-0.9965558440847152,1.3714154710377526,0.47569419493448695,0.8957212761032658,0.3142922644811237,0.27428309420755054,1.632558744124112,0.6684430159598589,0.9641157281642531,0.18372062793794408,0.32651174882482237,1.6934583510605152,0.7189712696283389,0.9744870814321764,0.15327082446974238,0.33869167021210306,0.2742830942075505,0.32651174882482237,0.338691670212103,0.363861083984375,0.384918212890625,0.27428309420755054,0.2725322107805333,0.028482584818533562,0.014226932223200907,0.32651174882482237,0.3225040623482366,0.13743649443808595,0.13510594159168815,0.33869167021210306,0.32484971749529445,0.3302096875067073,0.16567425906962255,15.473775450292429,13.11454977544183,0.0,0.0,12.5,0.6191840734228848,0.0030136780681424436,1.1904187889092075,1.2348251764865041
16,0.4,15.0,1.5,0.25,5.014570573017019e-16,9.984756619597912e-16,0.3675185641334769,1.0,0.22155268587526425,0.07984480143122856,0.3019252753041419,0.22208047387291335,0.0005277879976491075,0.0945447696198939,1.2919301376089325,1.3881323848036236,0.09620224719469089,0.0016574775747969755,0.012110966444162801,0.11307895402885075,0.11775274147641489,0.004673787447564134,-0.007437178996598669,0.00016676726177557792,0.07984480143122856,0.08001156869300413,0.9998079794132982,0.0005306421556085519,0.3019252753041419,0.3024559174597505,0.9980375048590344,0.0003859971775558504,0.22155268587526425,0.2219386830528201,0.015531513963020821,0.0031666727721160214,1.2919301376089325,1.2950968103810485,0.9737334616653208,0.00337850312714404,1.3881323848036236,1.3915108879307676,0.9737157400655442,0.00019573550460845829,0.0945447696198939,0.09474050512450236,0.013836426977078403,0.24443648219654546,0.11307895402885075,1.8934971375102811,0.998265147085456,0.23116809928561421,0.11775274147641489,2.204653951605826,0.9979672478788109,0.01417786242484324,0.012110966444162801,61.13004226385452,-0.9390028942953729,0.21769979467031902,0.013277166537078439,0.20442262813324058,0.8911501026648405,0.04353995893406378,0.7042791016614909,0.1250814651423393,0.5791976365191516,0.6478604491692547,0.14085582033229815,0.8858703728331611,0.19753381947085435,0.6883365533623067,0.5570648135834195,0.1771740745666322,0.0435399589340638,0.14085582033229815,0.17717407456663217,0.0355224609375,0.052734375,0.04353995893406378,0.03176809816792209,0.01440883802722863,0.014293795404579413,0.14085582033229815,0.018054829399130473,0.13494013512297925,0.1349066196298989,0.1771740745666322,0.037661753153949554,0.1740676590808812,0.16523952849171997,14.310030322849045,11.216448329163114,0.0,0.0,15.0,0.4267371855429606,0.05466404704739784,3.2350930910524736,4.069229252947661
16,0.4,15.0,1.5,1.0,1.5126788710517758e-15,1.0585607911062223e-15,0.3418247798858884,1.0,3.544842974004228,0.07984480143122856,3.626798927426053,3.5469541259948243,0.002111151990596432,1.5127163139183024,1.2919301376089325,2.811276361826423,1.5193462242174904,0.006629910299187899,0.06405307721265444,0.11307895402885075,0.13389034610282916,0.020811392073978398,-0.043241685138676045,0.00016676726177557792,0.07984480143122856,0.08001156869300413,0.9998079794132982,0.006254232967777677,3.626798927426053,3.6330531603938305,0.9949411572122225,0.0061759548408936065,3.544842974004228,3.5510189288451217,0.062126055852083285,0.0031666727721160214,1.2919301376089325,1.2950968103810485,0.9737334616653208,0.006362820247529584,2.811276361826423,2.8176391820739526,0.9748070716925537,0.0031317680737353326,1.5127163139183024,1.5158480819920377,0.05534570790831361,0.24443648219654546,0.11307895402885075,1.8934971375102811,0.998265147085456,0.15853137883386764,0.13389034610282916,5.334129934254742,0.995020026529182,0.0869850827322132,0.06405307721265444,8.482253222784278,-0.9917876227610428,0.788183737568489,0.16183484859395184,0.6263488889745371,0.6059081312157556,0.15763674751369777,0.9976691343413988,0.2503090986076385,0.7473600357337603,0.5011654328293007,0.19953382686827975,1.2142511946786971,0.37024846133194833,0.8440027333467488,0.39287440266065143,0.24285023893573943,0.15763674751369777,0.19953382686827972,0.2428502389357394,0.267303466796875,0.355316162109375,0.15763674751369777,0.15234307440218817,0.015568416794403322,0.014293795404579413,0.19953382686827975,0.15123649740358563,0.13520326440215552,0.1349066196298989,0.24285023893573943,0.18167206720133905,0.23136296993789732,0.16523952849171997,14.352754770655892,11.455988214388746,0.0,0.0,15.0,0.4267371855429606,0.018069369414211472,1.265782439788929,1.5405686983908182
16,0.4,15.0,1.5,4.0,5.93275428784068e-15,2.824129818890242e-15,0.3591144217814787,1.0,56.71748758406765,0.07984480143122856,56.80577699346126,56.72593219203003,0.008444607962385726,24.20346102269284,1.2919301376089325,25.52191080149852,24.22998066388959,0.026519641196751587,0.11690553619140454,0.11307895402885075,0.14755547934217536,0.034476525313324596,-0.08242901087807994,0.00016676726177557792,0.07984480143122856,0.08001156869300413,0.9998079794132982,0.09862808817650726,56.80577699346126,56.90440508163777,1.0157327049354057,0.0988152774542977,56.71748758406765,56.81630286152195,0.24850422340833314,0.0031666727721160214,1.2919301376089325,1.2950968103810485,0.9737334616653208,0.05353247955859426,25.52191080149852,25.575443281057115,0.996170459829275,0.05010828917976532,24.20346102269284,24.253569311872603,0.22138283163325445,0.24443648219654546,0.11307895402885075,1.8934971375102811,0.998265147085456,0.06356930906208803,0.14755547934217536,36.89109813762257,0.9643007018342785,0.18331380093340296,0.11690553619140454,3.4819223915645385,-0.9966684428756781,1.4421095667011632,0.5247577284982837,0.9173518382028796,0.2789452166494184,0.28842191334023265,1.6364810441674882,0.6715039962415097,0.9649770479259786,0.18175947791625593,0.32729620883349764,1.6883897709189186,0.7146325978734475,0.973757173045471,0.1558051145405408,0.3376779541837837,0.2884219133402326,0.3272962088334976,0.33767795418378366,0.396728515625,0.418853759765625,0.28842191334023265,0.28695387785893783,0.03141396995266649,0.014293795404579413,0.32729620883349764,0.32330181042061445,0.1386266567479018,0.1349066196298989,0.3376779541837837,0.3241341105548863,0.3292714779238793,0.16523952849171997,15.476048075745206,13.112257012718361,0.0,0.0,15.0,0.4267371855429606,0.002061190316621926,1.1347827390889245,1.17077773416421
16,0.4,17.5,1.75,0.25,5.431852884152377e-16,9.512247760301573e-16,0.3658089923695099,1.0,0.29902675158993086,0.0800239350338655,0.37981909220696036,0.29979515717309485,0.0007684055831640315,0.0946437951230392,1.2872634164585681,1.3823917440446543,0.0951283275860863,0.0004845324630470528,0.012102933787360068,0.11260548805700618,0.11736171954629064,0.004756231489284462,-0.007346702298075604,0.00014866922637727848,0.0800239350338655,0.08017260426024278,0.9999145068304677,0.0006809708320884349,0.37981909220696036,0.3805000630390488,1.0001635113496206,0.0005179408778226863,0.29902675158993086,0.29954469246775356,0.01889542122920976,0.003387863384446209,1.2872634164585681,1.2906512798430143,0.9717818115944954,0.0034910579222763925,1.3823917440446543,1.3858828019669307,0.9724693540689467,0.0001856928863976529,0.09464379512303919,0.09482948800943686,0.013485412711024198,0.24405102380472385,0.11260548805700618,1.8914917096533368,0.9983425612760405,0.23109072936896569,0.11736171954629064,2.1988840484925887,0.9980979174015439,0.013796270052659298,0.012102933787360068,64.58225167109306,-0.941390995020659,0.25382078892196147,0.017397265282982466,0.23642352363897903,0.8730896055390193,0.05076415778439228,0.7037227902251892,0.1249225248872561,0.5788002653379332,0.6481386048874054,0.14074455804503783,0.8851610183578622,0.19712952729226776,0.6880314910655945,0.5574194908210689,0.17703220367157244,0.05076415778439229,0.14074455804503783,0.17703220367157244,0.052337646484375,0.0799560546875,0.05076415778439228,0.03966010008249982,0.014396531927040665,0.01430426330795283,0.14074455804503783,0.018133854092087072,0.13488478091492542,0.13497607605757023,0.17703220367157244,0.03765604512075014,0.17385817663133005,0.16522747304149568,14.30288133905783,11.128478072668823,0.0,0.0,17.5,0.31650611398417156,0.04047441816830281,2.7725183315916357,3.487346415230038
16,0.4,17.5,1.75,1.0,1.7937040741600185e-15,1.067586774192164e-15,0.3411556913250722,1.0,4.784428025438894,0.0800239350338655,4.867525582805415,4.78750164777155,0.003073622332656125,1.5143007219686273,1.2872634164585681,2.8035022682793835,1.5162388518208154,0.0019381298521882137,0.0647762859328064,0.11260548805700618,0.13409399547204234,0.02148850741503615,-0.043287778517770256,0.00014866922637727848,0.0800239350338655,0.08017260426024278,0.9999145068304677,0.008493166183094137,4.867525582805415,4.87601874898851,1.003869056422776,0.008287054045162981,4.784428025438894,4.792715079484057,0.07558168491683905,0.003387863384446209,1.2872634164585681,1.2906512798430143,0.9717818115944954,0.006028956172538779,2.8035022682793835,2.809531224451922,0.9755898053175394,0.0029710861823624463,1.514300721968627,1.5172718081509897,0.05394165084409679,0.24405102380472385,0.11260548805700618,1.8914917096533368,0.9983425612760405,0.1583898445377778,0.13409399547204234,5.353606966636082,0.9954061794775432,0.08664149440410057,0.0647762859328064,8.653895836694572,-0.9923812854637816,0.8593304732533409,0.18916764215416745,0.6701628310991734,0.5703347633733296,0.17186609465066818,0.995266496684643,0.24907177527350421,0.7461947214111387,0.5023667516576785,0.19905329933692859,1.2155986191946202,0.3709578396508628,0.8446407795437574,0.39220069040268996,0.24311972383892405,0.17186609465066816,0.19905329933692856,0.243119723838924,0.3089599609375,0.407470703125,0.17186609465066818,0.1671690874380414,0.015729608140875345,0.01430426330795283,0.19905329933692859,0.15111693780839683,0.13476774599819727,0.13497607605757023,0.24311972383892402,0.18223299687072833,0.23127483462624732,0.16522747304149568,14.358831357470443,11.409130667792429,0.0,0.0,17.5,0.31650611398417156,0.013538982212375162,1.158188296193735,1.4145880508490325
16,0.4,17.5,1.75,4.0,7.015221736850208e-15,2.7026991755718655e-15,0.3630181728279138,1.0,76.5508484070223,0.0800239350338655,76.6431668313868,76.56314289635293,0.0122944893306245,24.228811551498037,1.2872634164585681,25.523827487365356,24.236564070906788,0.0077525194087528565,0.11779126826321479,0.11260548805700618,0.14814720987913907,0.03554172182213288,-0.08224954644108191,0.00014866922637727848,0.0800239350338655,0.08017260426024278,0.9999145068304677,0.13297130559520054,76.6431668313868,76.77613813698198,1.059318842610018,0.1325928647226077,76.5508484070223,76.68344127174491,0.3023267396673562,0.003387863384446209,1.2872634164585681,1.2906512798430143,0.9717818115944954,0.04960526872516583,25.523827487365356,25.573432756090522,1.0035599027863844,0.04753737891779914,24.228811551498033,24.276348930415836,0.21576660337638717,0.24405102380472385,0.11260548805700618,1.8914917096533368,0.9983425612760405,0.06336258582992224,0.14814720987913907,37.35444124627704,0.9676567922533633,0.1829046659545019,0.11779126826321479,3.5250276771927984,-0.9968136356026943,1.486034447148802,0.5552752251038172,0.930759222044985,0.25698277642559897,0.2972068894297604,1.6323533026729846,0.6679943067169352,0.9643589959560496,0.18382334866350766,0.32647066053459695,1.6891729632941637,0.7151154301890941,0.9740575331050697,0.15541351835291814,0.33783459265883276,0.2972068894297604,0.3264706605345969,0.3378345926588327,0.417633056640625,0.44622802734375,0.2972068894297604,0.2959087270453567,0.03362000911862605,0.01430426330795283,0.32647066053459695,0.32247881197774036,0.13658443106947138,0.13497607605757023,0.33783459265883276,0.3238804636077295,0.3292952304123322,0.16522747304149568,15.4673315034834,13.193460264752662,0.0,0.0,17.5,0.31650611398417156,0.0015387323682804453,1.0984626270305637,1.1366983898220635
16,0.4,20.0,2.0,0.25,5.810849306071841e-16,9.451803489185506e-16,0.36844438160042275,1.0,0.3961816226285822,0.08001565703290445,0.47555175206267003,0.39553609502976556,-0.0006455275988166046,0.09516644106370839,1.2799353496422607,1.3735342176142598,0.09359886797199903,-0.0015675730917093466,0.012063802705557722,0.11246327465896812,0.11717860826187844,0.004715333602910328,-0.00734846910264739,0.00015771458438355016,0.08001565703290445,0.080173371617288,1.0002156329355896,0.0009655493260810717,0.47555175206267003,0.4765173013887511,1.000710491739001,0.0008103971030960977,0.3961816226285822,0.3969920197316783,0.022307568944592394,0.0033935983827645556,1.2799353496422607,1.2833289480250252,0.970446255672301,0.00363641869741457,1.3735342176142598,1.3771706363116742,0.9706320158372718,0.00019224052879820308,0.09516644106370839,0.09535868159250659,0.01372170603597861,0.24334871069310188,0.11246327465896812,1.9007113908934203,0.9981949848556876,0.23035492737441235,0.11717860826187844,2.2102125132128267,0.9978809320941558,0.013869369519641305,0.012063802705557722,63.81641227358823,-0.9401482564772313,0.2945014429397298,0.023670293196258806,0.270831149743471,0.8527492785301352,0.058900288587945944,0.7037877526754105,0.12496461569287956,0.578823136982531,0.6481061236622948,0.1407575505350821,0.8873358574756809,0.1982217605005599,0.6891140969751209,0.5563320712621597,0.17746717149513616,0.05890028858794595,0.1407575505350821,0.17746717149513613,0.079498291015625,0.115478515625,0.058900288587945944,0.048487513207610494,0.01443019701153226,0.014297412418902719,0.1407575505350821,0.01829245680090681,0.13493426153538338,0.13492719207304243,0.17746717149513616,0.03788541175167687,0.174270345877807,0.16557984318138227,14.294291291304404,11.165767190779649,0.0,0.0,20.0,0.24020912538117986,0.030450182483268442,2.3897599470147317,3.013010220317582
16,0.4,20.0,2.0,1.0,2.0816681711721685e-15,1.0560264685280374e-15,0.3406931491185037,1.0,6.338905962057315,0.08001565703290445,6.416339508694953,6.336323851662049,-0.00258211039526642,1.5226630570193342,1.2799353496422607,2.7963281142947576,1.5163927646524968,-0.006270292366837377,0.06461696532943857,0.11246327465896812,0.13380147597098063,0.021338201312012514,-0.04327876401742606,0.00015771458438355016,0.08001565703290445,0.080173371617288,1.0002156329355896,0.013113818788326802,6.416339508694953,6.42945332748328,1.0066054016535233,0.012966353649537563,6.338905962057315,6.351872315706853,0.08923027577836957,0.0033935983827645556,1.2799353496422607,1.2833289480250252,0.970446255672301,0.006671765986943036,2.7963281142947576,2.8029998802817007,0.9723055767027966,0.0030758484607712492,1.5226630570193342,1.5257389054801054,0.05488682414391444,0.24334871069310188,0.11246327465896812,1.9007113908934203,0.9981949848556876,0.15762461694198157,0.13380147597098063,5.396958676150003,0.99483066675519,0.08675993460276984,0.06461696532943857,8.606936471508794,-0.9923563294963084,0.9396343761042287,0.22645338922355024,0.7131809868806785,0.5301828119478856,0.18792687522084572,0.9981748018600181,0.25064762888993436,0.7475271729700838,0.500912599069991,0.19963496037200362,1.2179968895421653,0.3725777625522805,0.8454191269898849,0.3910015552289174,0.24359937790843306,0.18792687522084572,0.1996349603720036,0.24359937790843303,0.34759521484375,0.4459228515625,0.18792687522084572,0.18384470398942443,0.0164095369691094,0.014297412418902719,0.19963496037200362,0.1521891895464205,0.13511657949543074,0.13492719207304243,0.24359937790843306,0.18312680757421826,0.2319115860703171,0.16557984318138227,14.35731035720851,11.52311183009542,0.0,0.0,20.0,0.24020912538117986,0.010193709406041874,1.0623012814819537,1.296245561589649
16,0.4,20.0,2.0,4.0,8.049116928532385e-15,2.886579864025407e-15,0.35949611553901706,1.0,101.42249539291704,0.08001565703290445,101.49218260836888,101.41216695133598,-0.01032844158106568,24.362608912309348,1.2799353496422607,25.617463092484257,24.337527742842,-0.025081169467349493,0.11790521396152227,0.11246327465896812,0.14797788611254997,0.035514611453581854,-0.08239060250794042,0.00015771458438355016,0.08001565703290445,0.080173371617288,1.0002156329355896,0.2075783751946072,101.49218260836888,101.6997609835635,1.08866990152698,0.207461658392601,101.42249539291704,101.62995705130965,0.3569211031134783,0.0033935983827645556,1.2799353496422607,1.2833289480250252,0.970446255672301,0.05341645032873346,25.617463092484257,25.670879542812994,0.9954798042223787,0.04921357537233999,24.362608912309348,24.411822487681686,0.21954729657565775,0.24334871069310188,0.11246327465896812,1.9007113908934203,0.9981949848556876,0.06276097924574515,0.14797788611254997,38.13729275468395,0.9632730636607212,0.1829974796410999,0.11790521396152227,3.5246919009566064,-0.9969080751140783,1.541785197611542,0.5977385653005988,0.9440466323109432,0.22910740119422907,0.3083570395223084,1.6366352520767264,0.6716158771095712,0.9650193749671553,0.1816823739616368,0.32732705041534527,1.6928440914670162,0.7184116209208775,0.9744324705461387,0.15357795426649193,0.33856881829340324,0.30835703952230836,0.32732705041534527,0.3385688182934032,0.439422607421875,0.465362548828125,0.3083570395223084,0.3072479313672549,0.04105124763247524,0.014297412418902719,0.3273270504153453,0.3234377302663543,0.13819213629531088,0.13492719207304243,0.33856881829340324,0.3251908636292203,0.3301225891739357,0.16557984318138227,15.47841845478827,13.13945587155156,0.0,0.0,20.0,0.24020912538117986,0.0011625154114454604,1.0615196297202238,1.097976614439863
16,0.4,30.0,3.0,0.25,7.7021722333370235e-16,9.360866031968285e-16,0.3669727656346008,1.0,0.8844740321555454,0.07961265023220354,0.9635947086503397,0.8839820584181362,-0.0004919737374093415,0.09449301425687916,1.279009665972732,1.3743799822746587,0.09537031630192688,0.0008773020450477119,0.012068909196526202,0.11224728593491813,0.11710203765857423,0.004854751723656105,-0.007214157472870097,0.0001539336295840688,0.07961265023220354,0.07976658386178762,0.9994934724512577,0.0016571399643503628,0.9635947086503397,0.96525184861469,0.9996468839260988,0.0015451650070634735,0.8844740321555454,0.8860191971626089,0.03270149262878271,0.003523758315582312,1.279009665972732,1.2825334242883142,0.971545454933536,0.003633879221711028,1.3743799822746587,1.3780138614963697,0.9719539091728086,0.00018104462921762535,0.09449301425687916,0.09467405888609678,0.01327589236299878,0.24444872068802428,0.11224728593491813,1.8796348538414787,0.9983532872074343,0.23144434895953672,0.11710203765857423,2.187577934563956,0.9980726376869604,0.013904128226652414,0.012068909196526202,63.4013541135026,-0.9381917108151735,0.44565806792418083,0.05284737701891094,0.3928106909052699,0.7771709660379096,0.08913161358483615,0.7025761243302664,0.12454952588374471,0.5780265984465217,0.6487119378348668,0.14051522486605328,0.8830572826360469,0.1962413391624547,0.6868159434735921,0.5584713586819766,0.17661145652720936,0.08913161358483615,0.14051522486605325,0.17661145652720933,0.17950439453125,0.247833251953125,0.08913161358483615,0.08065810219304152,0.014527906759631564,0.014256012835057936,0.14051522486605328,0.018133446369215045,0.13457050424190625,0.13462011416815325,0.17661145652720936,0.03747358087803293,0.1733452355607327,0.16468948503899353,14.296403095690268,11.258537223795233,0.0,0.0,30.0,0.10683526120782867,0.01364529512202088,1.5764914289620686,1.9814681842274653
16,0.4,30.0,3.0,1.0,2.8796409701214998e-15,1.0472308784037487e-15,0.34386940212394806,1.0,14.151584514488727,0.07961265023220354,14.229229269771293,14.14961661953909,-0.001967894949637366,1.5118882281100665,1.279009665972732,2.7944071022629893,1.5153974362902574,0.003509208180190845,0.06437840381169514,0.11224728593491813,0.13386102326117805,0.021613737326259912,-0.04276466648543523,0.0001539336295840688,0.07961265023220354,0.07976658386178762,0.9994934724512577,0.024708739053410932,14.229229269771293,14.253938008824704,1.0086766482428422,0.024722640113015577,14.151584514488727,14.176307154601743,0.13080597051513085,0.003523758315582312,1.279009665972732,1.2825334242883142,0.971545454933536,0.006136777490708661,2.7944071022629893,2.8005438797536977,0.9742140642594564,0.0028967140674820055,1.5118882281100665,1.5147849421775486,0.05310356945199512,0.24444872068802428,0.11224728593491813,1.8796348538414787,0.9983532872074343,0.15882665924436817,0.13386102326117805,5.31484141784617,0.9952425383821067,0.08670834710565468,0.06437840381169514,8.580555971031819,-0.9915352932102984,1.1421437098952656,0.3305006134229199,0.8116430964723456,0.4289281450523673,0.22842874197905308,0.9957479273961184,0.24927557190203778,0.7464723554940806,0.5021260363019409,0.19914958547922368,1.2126699558088658,0.3692544867459968,0.8434154690628689,0.3936650220955672,0.24253399116177315,0.22842874197905308,0.19914958547922365,0.24253399116177313,0.46636962890625,0.57086181640625,0.22842874197905308,0.22558181139135286,0.01839093616941548,0.014256012835057936,0.19914958547922368,0.15125852165839976,0.1345752294082258,0.13462011416815325,0.24253399116177315,0.18153872562668683,0.23064955181220453,0.16468948503899353,14.352582709335802,11.478071000966768,0.0,0.0,30.0,0.10683526120782867,0.004549201097995988,0.871823675750426,1.0617490122325042
16,0.4,30.0,3.0,4.0,1.1671219546371958e-14,2.8345381597461028e-15,0.3636858374944669,1.0,226.42535223181963,0.07961265023220354,226.4970933022533,226.41748065202108,-0.007871579798549468,24.190211649761064,1.279009665972732,25.48325814845456,24.204248482481827,0.014036832720763384,0.1169861081152724,0.11224728593491813,0.14769924232036752,0.0354519563854494,-0.08153415172982299,0.0001539336295840688,0.07961265023220354,0.07976658386178762,0.9994934724512577,0.3950448366810784,226.4970933022533,226.89213813893437,1.1543210607492993,0.3955622418082492,226.42535223181963,226.82091447362788,0.5232238820605234,0.003523758315582312,1.279009665972732,1.2825334242883142,0.971545454933536,0.04873640382587178,25.48325814845456,25.53199455228043,0.9984324146407959,0.04634742507971209,24.190211649761064,24.236559074840777,0.21241427780798047,0.24444872068802428,0.11224728593491813,1.8796348538414787,0.9983532872074343,0.06399328317868713,0.14769924232036752,36.41893148791041,0.967288940913398,0.18275961341700994,0.1169861081152724,3.505397090138222,-0.996624683552606,1.6490606242056902,0.6818840959908846,0.9671765282148056,0.17546968789715497,0.32981212484113803,1.6336554357615511,0.6690331692162936,0.9646222665452576,0.18317228211922443,0.32673108715231025,1.685286078125759,0.7118746131429025,0.9734114649828565,0.15735696093712057,0.3370572156251518,0.329812124841138,0.3267310871523102,0.33705721562515173,0.495880126953125,0.5244140625,0.32981212484113803,0.32905705971215904,0.062470640103752986,0.014256012835057936,0.32673108715231025,0.3227260500949641,0.13683459988361113,0.13462011416815325,0.3370572156251518,0.3232386976520012,0.32846041489981226,0.16468948503899353,15.47258937657796,13.161898857437736,0.0,0.0,30.0,0.10683526120782867,0.0005166652363004795,0.9906582036960835,1.0219673269668406
64,0.4,10.0,0.5,0.25,3.137155926745752e-16,2.393403400816063e-15,0.4096560173889342,1.0,0.09620752921651904,0.32040861870817244,0.41681230246484824,0.09640368375667578,0.00019615454015673638,0.3788661761716021,12.490744350483864,12.869460593117868,0.3787162426340045,-0.00014993353759753768,0.0199865052851956,0.5647984642638898,0.5687097836931605,0.003911319429270721,-0.016075185855924875,0.00061960518800634,0.32040861870817244,0.3210282238961788,1.0005136730320006,0.000804980270577168,0.41681230246484824,0.4176172827354254,1.0006814569992126,0.0001938945573425856,0.09620752921651904,0.09640142377386163,0.010912066931647622,0.024423702913056733,12.490744350483864,12.51516805339692,0.9834921321825917,0.025145004001752187,12.869460593117868,12.89460559711962,0.983493889947252,0.000745503802832568,0.3788661761716021,0.3796116799744347,0.027212497517008022,0.15333789932514147,0.5647984642638898,24.055008171429304,0.9766147668276888,0.15069748080337647,0.5687097836931605,25.08047650918111,0.9754034130610422,0.006775342202970292,0.0199865052851956,444.59282428586613,-0.40572831350243177,0.3128885450258823,0.025061239790751196,0.2878273052351311,0.8435557274870589,0.06257770900517644,1.4787879512457163,0.5484704273315023,0.930317523914214,0.2606060243771419,0.2957575902491433,1.6194834363987258,0.6575698234404177,0.9619136129583082,0.1902582818006371,0.3238966872797452,0.06257770900517645,0.2957575902491432,0.32389668727974513,0.0,0.0,0.06257770900517644,0.016227785954386405,0.05147394774037596,0.05145595063156832,0.2957575902491433,0.06449080117705211,0.29428037099214194,0.2942399463098622,0.3238966872797452,0.10878366586024586,0.32364614536017605,0.3222590201884932,13.98484106005738,10.649838170243326,0.0,0.0,10.0,3.9380096262419135,0.20774367087439843,4.726245095113312,5.17591155746773
64,0.4,10.0,0.5,1.0,6.435824095873954e-16,2.403432270911554e-15,0.38251563005189054,1.0,1.5393204674643046,0.32040861870817244,1.8605137043331041,1.5401050856249316,0.0007846181606269438,6.061858818745634,12.490744350483864,18.552003435079108,6.061259084595243,-0.000599734150390211,0.18538467795997343,0.5647984642638898,0.5975770091698103,0.0327785449059205,-0.15260613305405293,0.00061960518800634,0.32040861870817244,0.3210282238961788,1.0005136730320006,0.003687840206400675,1.8605137043331041,1.8642015445395048,1.0023219594941126,0.0031023129174813694,1.5393204674643046,1.542422780381786,0.04364826772659049,0.024423702913056733,12.490744350483864,12.51516805339692,0.9834921321825917,0.03625495290182938,18.552003435079108,18.588258387980936,0.987966690429913,0.011928060845321088,6.061858818745634,6.073786879590955,0.10884999006803209,0.15333789932514147,0.5647984642638898,24.055008171429304,0.9766147668276888,0.12542854964423542,0.5975770091698103,38.0817528923487,0.9617996897480904,0.03467995914762944,0.18538467795997343,155.91086692535856,-0.8390676590736551,0.6598270140331483,0.11044244237345942,0.5493845716596888,0.6700864929834259,0.13196540280662963,1.5636978763880405,0.6131080020009276,0.9505898743871128,0.21815106180597985,0.3127395752776081,1.6935233737641755,0.7189533067909464,0.9745700669732291,0.15323831311791228,0.3387046747528351,0.13196540280662963,0.31273957527760804,0.33870467475283506,0.01470947265625,0.022308349609375,0.13196540280662963,0.1056296008963739,0.05183140466161459,0.05145595063156832,0.3127395752776081,0.25313902734420846,0.29443942563524267,0.2942399463098622,0.3387046747528351,0.2818575259558811,0.33700534125636694,0.3222590201884932,13.94119723062891,10.685085299317633,0.0,0.0,10.0,3.9380096262419135,0.12043280257642149,2.3698603469264508,2.566617215946689
64,0.4,10.0,0.5,4.0,2.5066754227864863e-15,3.4498499976859387e-15,0.37490166097973227,1.0,24.629127479428874,0.32040861870817244,24.952674570779553,24.632265952071382,0.0031384726425077772,96.98974109993014,12.490744350483864,109.47808651381244,96.98734216332858,-0.002398936601560694,0.45746541392270734,0.5647984642638898,0.6126486274901038,0.047850163226214056,-0.4096152506964933,0.00061960518800634,0.32040861870817244,0.3210282238961788,1.0005136730320006,0.050120300271360115,24.952674570779553,25.002794871050916,1.0251927598869026,0.04963700667970191,24.629127479428874,24.678764486108577,0.17459307090636195,0.024423702913056733,12.490744350483864,12.51516805339692,0.9834921321825917,0.2148854330120004,109.47808651381244,109.69297194682444,1.0694231407150465,0.1908489735251374,96.98974109993014,97.18059007345528,0.43539996027212835,0.15333789932514147,0.5647984642638898,24.055008171429304,0.9766147668276888,0.0663342359184822,0.6126486274901038,140.26679248197112,0.8478576244003285,0.09806521976503255,0.45746541392270734,47.73963853462189,-0.9532296659764189,1.286876662001671,0.4163668292375072,0.8705098327641637,0.3565616689991646,0.25737533240033417,1.820575285394787,0.8305622298340744,0.9900130555607126,0.08971235730260656,0.3641150570789574,1.8571698616028305,0.8642845201546974,0.992885341448133,0.07141506919858484,0.3714339723205661,0.25737533240033417,0.36411505707895736,0.371433972320566,0.152984619140625,0.165557861328125,0.25737533240033417,0.24904604245915324,0.05737539944644932,0.05145595063156832,0.3641150570789574,0.3608214268978724,0.2956303803642846,0.2942399463098622,0.3714339723205661,0.36333973378424556,0.3704332989290611,0.3222590201884932,15.081486588967259,12.46085895662098,0.0,0.0,10.0,3.9380096262419135,0.018574162414190222,1.4147239896036155,1.4431607289498107
64,0.4,15.0,0.75,0.25,3.2922476593880146e-16,2.2835398394253914e-15,0.4106611963028314,1.0,0.2223485922206741,0.3193612537913958,0.5419813560323977,0.22262010224100193,0.00027151002032782876,0.3784448934775745,12.484309769710471,12.868499494399185,0.3841897246887126,0.005744831211138329,0.019980731126193023,0.5628541006923707,0.5670712217639667,0.004217121071595935,-0.015763610054597085,0.0006277333428684103,0.3193612537913958,0.3199889871342642,0.9998552775206394,0.0009926048458702942,0.5419813560323977,0.542973960878268,1.0001689537431562,0.0003802068138249895,0.2223485922206741,0.22272879903449908,0.015740772357233777,0.026096691051608854,12.484309769710471,12.51040646076208,0.9820105278946077,0.026983855775241854,12.868499494399185,12.895483350174427,0.9828292273143736,0.0007357191880786809,0.3784448934775745,0.37918061266565317,0.026986197362630925,0.1533586131483951,0.5628541006923707,23.985500772324293,0.9763684552959183,0.15071627367217968,0.5670712217639667,25.022455482245263,0.9754832511756621,0.006825393909720513,0.019980731126193023,434.83042481302454,-0.3970159620633435,0.3694563247906831,0.034833713872138836,0.3346226109185442,0.8152718376046585,0.0738912649581366,1.4798283341867777,0.549366735524365,0.9304615986624127,0.2600858329066112,0.29596566683735553,1.6189130865356078,0.657109488053792,0.9618035984818158,0.1905434567321961,0.32378261730712155,0.07389126495813661,0.29596566683735553,0.32378261730712155,6.103515625e-05,6.103515625e-05,0.0738912649581366,0.03188495659017904,0.051412163456066376,0.05137544772905479,0.29596566683735553,0.06482268200958152,0.29446922903482353,0.2945043185028495,0.32378261730712155,0.10881268222804773,0.32351340724701616,0.32215028425802394,13.999058282616154,10.555948124840818,0.0,0.0,15.0,1.702034133420461,0.08986218858702179,4.005421574593913,4.381879475071403
64,0.4,15.0,0.75,1.0,1.0063564565010452e-15,2.3689952994079833e-15,0.3785685625745411,1.0,3.5575774755307856,0.3193612537913958,3.878024769403493,3.5586635156120967,0.001086040081311317,6.055118295641192,12.484309769710471,18.562407390196217,6.078097620485745,0.02297932484455331,0.18418571399983466,0.5628541006923707,0.5959378211214341,0.03308372042906332,-0.15110199357077134,0.0006277333428684103,0.3193612537913958,0.3199889871342642,0.9998552775206394,0.0066497011207758165,3.878024769403493,3.8846744705242684,1.0033409772133102,0.006083309021199832,3.5575774755307856,3.563660784551985,0.06296308942893511,0.026096691051608854,12.484309769710471,12.51040646076208,0.9820105278946077,0.03847398020308501,18.562407390196217,18.6008813703993,0.9896859953652487,0.011771507009258894,6.055118295641192,6.066889802650451,0.1079447894505237,0.1533586131483951,0.5628541006923707,23.985500772324293,0.9763684552959183,0.12572980385070165,0.5959378211214341,37.837297620800676,0.9627350563283663,0.03445540096534795,0.18418571399983466,156.34406996960817,-0.8319189434635329,0.843208860801528,0.1796996603745973,0.6635092004269307,0.578395569599236,0.1686417721603056,1.5638285543547923,0.613323433615169,0.9505051207396233,0.21808572282260394,0.31276571087095845,1.6920733314375573,0.7176968131891547,0.9743765182484027,0.15396333428122136,0.3384146662875115,0.1686417721603056,0.3127657108709584,0.33841466628751143,0.053192138671875,0.079010009765625,0.1686417721603056,0.14914224477590432,0.05211695603663499,0.05137544772905479,0.31276571087095845,0.2530831469930559,0.294401244649684,0.2945043185028495,0.3384146662875115,0.28153055840435787,0.3366953993204308,0.32215028425802394,13.957632728131994,10.655406808647172,0.0,0.0,15.0,1.702034133420461,0.05177279068879713,1.8546158929927108,2.0067072466827796
64,0.4,15.0,0.75,4.0,3.760880495917718e-15,3.44339899475965e-15,0.37746634646388993,1.0,56.92123960849257,0.3193612537913958,57.244945022609215,56.925583768817816,0.0043441603252452644,96.88189273025907,12.484309769710471,109.45811979934776,96.97381002963728,0.0919172993782132,0.45631344573936783,0.5628541006923707,0.6110994190379665,0.04824531834559574,-0.4080681273937721,0.0006277333428684103,0.3193612537913958,0.3199889871342642,0.9998552775206394,0.09771531270889604,57.244945022609215,57.34266033531811,1.0471732033035845,0.09733294433919731,56.92123960849257,57.01857255283176,0.25185235771574044,0.026096691051608854,12.484309769710471,12.51040646076208,0.9820105278946077,0.21686393176862023,109.45811979934776,109.67498373111637,1.0787802552970338,0.1883441121481423,96.88189273025907,97.07023684240721,0.4317791578020948,0.1533586131483951,0.5628541006923707,23.985500772324293,0.9763684552959183,0.06674692784285387,0.6110994190379665,138.8588205111651,0.855988438125288,0.09727433324885798,0.45631344573936783,48.37151964735918,-0.9515033243214591,1.4459443154468674,0.5248679752175909,0.9210763402292766,0.2770278422765663,0.28918886308937347,1.8191796119580717,0.8293015677251203,0.9898780442329514,0.0904101940209642,0.36383592239161433,1.8546510332572372,0.8618877551484925,0.9927632781087449,0.07267448337138138,0.3709302066514475,0.28918886308937347,0.3638359223916143,0.37093020665144744,0.2447509765625,0.262725830078125,0.28918886308937347,0.28358726243846977,0.062465787923350835,0.05137544772905479,0.36383592239161433,0.36051240266685214,0.294684291875884,0.2945043185028495,0.3709302066514475,0.3627917451739812,0.36990509168295305,0.32215028425802394,15.084592296758995,12.46829164796388,0.0,0.0,15.0,1.702034133420461,0.00801657604222812,1.2581256363222095,1.2826573011451412
64,0.4,20.0,1.0,0.25,3.5723106330681764e-16,2.4054515974578083e-15,0.41187973006167383,1.0,0.3879639468154154,0.3203372829842731,0.7074866996492553,0.38714941666498215,-0.000814530150433274,0.37823490250197944,12.498775677417026,12.873811376043687,0.3750356986266601,-0.0031992038753194396,0.02004431635873955,0.5638527246879085,0.5682420459765525,0.00438932128864393,-0.01565499507009562,0.0006331646968922526,0.3203372829842731,0.3209704476811654,1.0001323127403663,0.001318419313905045,0.7074866996492553,0.7088051189631603,1.0009134234006145,0.0006674506242656276,0.3879639468154154,0.38863139743968106,0.021094967502932768,0.02443904415428232,12.498775677417026,12.523214721571309,0.9829482978154415,0.025236085587726637,12.873811376043687,12.899047461631413,0.9832630233761477,0.0007130720115096307,0.37823490250197944,0.3789479745134891,0.02659548831560458,0.15359618134042838,0.5638527246879085,23.967385956233,0.9767794286507947,0.15086791790728346,0.5682420459765525,25.039417752432943,0.9754531367704622,0.006832856018486875,0.02004431635873955,437.242135522504,-0.4188543936278019,0.4286295241144834,0.046807666545177706,0.3818218575693057,0.7856852379427584,0.08572590482289666,1.478871864585617,0.5485203170456943,0.9303515475399228,0.26056406770719154,0.2957743729171234,1.6188736006667888,0.6570918215333202,0.9617817791334685,0.19056319966660565,0.3237747201333578,0.08572590482289666,0.29577437291712333,0.32377472013335773,0.00079345703125,0.001129150390625,0.08572590482289666,0.047678495948418546,0.051533194741780065,0.051480541091961235,0.2957743729171234,0.0644500868922031,0.29428405664908064,0.2942728739819995,0.3237747201333578,0.10892088253769049,0.3234951699087579,0.3220553229760715,13.99556064816829,10.615615569508527,0.0,0.0,20.0,0.974922813335372,0.05166540995180717,3.4502333166173194,3.776859757878931
64,0.4,20.0,1.0,1.0,1.2628786905111156e-15,2.3739690768742605e-15,0.3785829645010246,1.0,6.2074231490466465,0.3203372829842731,6.5245023114291865,6.204165028444914,-0.0032581206017330963,6.051758440031671,12.498775677417026,18.53773730194742,6.038961624530394,-0.01279681550127767,0.18471854088232942,0.5638527246879085,0.5973693990682282,0.0335166743803196,-0.1512018665020098,0.0006331646968922526,0.3203372829842731,0.3209704476811654,1.0001323127403663,0.011383590656130961,6.5245023114291865,6.535885902085317,1.0071700470769784,0.010679209988250041,6.2074231490466465,6.218102359034897,0.08437987001173107,0.02443904415428232,12.498775677417026,12.523214721571309,0.9829482978154415,0.036184074026175156,18.53773730194742,18.573921375973594,0.9884774758867017,0.011409152184154092,6.051758440031671,6.063167592215826,0.10638195326241832,0.15359618134042838,0.5638527246879085,23.967385956233,0.9767794286507947,0.12548025245242336,0.5973693990682282,38.09979195266633,0.9620934396918375,0.03473113943187121,0.18471854088232942,154.32877603633762,-0.8432891784155593,0.9735867904632719,0.2389203358255988,0.7346664546376731,0.5132066047683641,0.19471735809265436,1.56362948029983,0.6130333390577234,0.9505961412421068,0.218185259850085,0.31272589605996604,1.6932263428881755,0.7186926311322491,0.9745337117559264,0.1533868285559123,0.3386452685776351,0.19471735809265436,0.312725896059966,0.33864526857763505,0.097381591796875,0.14227294921875,0.19471735809265436,0.17925022955559206,0.052726234674634234,0.051480541091961235,0.31272589605996604,0.2530254266736888,0.29435376669473406,0.2942728739819995,0.3386452685776351,0.28171830207202403,0.33690758639092294,0.3220553229760715,13.945115086851207,10.700665190487953,0.0,0.0,20.0,0.974922813335372,0.02975768470217775,1.6060504267480789,1.7391632255841005
64,0.4,20.0,1.0,4.0,4.898859096158503e-15,3.462508058049707e-15,0.37841158722990936,1.0,99.31877038474634,0.3203372829842731,99.62607518532369,99.3057379023394,-0.01303248240693238,96.82813504050674,12.498775677417026,109.27572345591865,96.77694777850164,-0.05118726200511066,0.456187754424658,0.5638527246879085,0.6121365006911678,0.04828377600325923,-0.40790397842139875,0.0006331646968922526,0.3203372829842731,0.3209704476811654,1.0001323127403663,0.17178538839284754,99.62607518532369,99.79786057371653,1.0848771624565263,0.17086735981200066,99.31877038474634,99.48963774455835,0.3375194800469243,0.02443904415428232,12.498775677417026,12.523214721571309,0.9829482978154415,0.20832898985170278,109.27572345591865,109.48405244577036,1.0699388756648704,0.18254643494646547,96.82813504050674,97.01068147545321,0.4255278130496733,0.15359618134042838,0.5638527246879085,23.967385956233,0.9767794286507947,0.06632458350663681,0.6121365006911678,141.04887247030305,0.855326479050043,0.09768882318363138,0.456187754424658,47.95656058108569,-0.9548491438730501,1.536737630342366,0.5922667086845499,0.9444709216578161,0.23163118482881703,0.3073475260684732,1.8200443419998042,0.8300156161772148,0.9900287258225894,0.08997782900009794,0.3640088683999608,1.8557464695877122,0.8628886687183652,0.9928578008693469,0.07212676520614397,0.3711492939175424,0.30734752606847315,0.36400886839996077,0.37114929391754237,0.294525146484375,0.3203125,0.3073475260684732,0.3031145156633314,0.06950682179174558,0.051480541091961235,0.3640088683999608,0.3607078029099945,0.29516613322214746,0.2942728739819995,0.3711492939175424,0.3629993487630118,0.3701592589165981,0.3220553229760715,15.074095182183118,12.508823766056148,0.0,0.0,20.0,0.974922813335372,0.004593167561956854,1.184355940834429,1.2075883566242045
64,0.4,25.0,1.25,0.25,4.2073142929657803e-16,2.3085239232376042e-15,0.4078965793487913,1.0,0.6090366433627805,0.3199541048608117,0.9293096277954348,0.609355522934623,0.00031887957184253225,0.3784335057438012,12.494734631914936,12.88024879208364,0.38551416016870427,0.007080654424903082,0.01998853692861585,0.5645632054009085,0.5688822135202163,0.004319008119307844,-0.015669528809308015,0.0006150648036014722,0.3199541048608117,0.3205691696644132,1.000540654589198,0.0014331877055564787,0.9293096277954348,0.9307428155009912,1.0011499666180679,0.0008307327493317096,0.6090366433627805,0.6098673761121122,0.02186236955807751,0.025615575663659344,12.494734631914936,12.520350207578595,0.9792335957422766,0.026186134682902536,12.88024879208364,12.906434926766542,0.9802190075006645,0.0007257651742808495,0.37843350574380114,0.379159270918082,0.026799032058732783,0.1523398777605455,0.5645632054009085,24.37712156518444,0.976165486473373,0.14977750583307795,0.5688822135202163,25.409997371052356,0.9752103613481057,0.006785803336380913,0.01998853692861585,445.87737271264456,-0.388587441266528,0.49150629033122606,0.06146981216748147,0.4300364781637446,0.754246854834387,0.0983012580662452,1.4812674124639063,0.5503487509088878,0.9309186615550185,0.25936629376804693,0.2962534824927812,1.6217674144032528,0.6594122667774888,0.962355147625764,0.18911629279837364,0.3243534828806506,0.09830125806624519,0.2962534824927812,0.3243534828806505,0.003021240234375,0.0050048828125,0.0983012580662452,0.06389050131304447,0.05148971423070948,0.051399388661333936,0.2962534824927812,0.06492858845146407,0.2947272230606664,0.29479615100035944,0.3243534828806506,0.10971291499229112,0.32407874292077116,0.32275055228383726,14.009058338048359,10.608018670961219,0.0,0.0,25.0,0.6213640999567613,0.032819924952708336,3.0137303257414674,3.299586284664524
64,0.4,25.0,1.25,1.0,1.6479873021779667e-15,2.307914059515581e-15,0.37841351118777516,1.0,9.744586293804488,0.3199541048608117,10.065815916952669,9.745861812091858,0.001275518287370127,6.054936091900818,12.494734631914936,18.577993341515366,6.083258709600431,0.028322617699612286,0.18479463372284965,0.5645632054009085,0.5979532144951035,0.03339000909419507,-0.15140462462865462,0.0006150648036014722,0.3199541048608117,0.3205691696644132,1.000540654589198,0.01385634940340201,10.065815916952669,10.079672266356072,1.0078388492138133,0.013291723989307353,9.744586293804488,9.757878017793795,0.08744947823231004,0.025615575663659344,12.494734631914936,12.520350207578595,0.9792335957422766,0.03660699383200231,18.577993341515366,18.61460033534737,0.9875321121285792,0.011612242788493592,6.054936091900818,6.066548334689312,0.10719612823493113,0.1523398777605455,0.5645632054009085,24.37712156518444,0.976165486473373,0.12495591060195586,0.5979532144951035,38.391160043086664,0.96232116785309,0.03422013769893197,0.18479463372284965,159.32762888896042,-0.8314830598994448,1.0807466227459617,0.2941418195380541,0.7866048032079076,0.45962668862701916,0.21614932454919233,1.5648292137963087,0.6139970613800094,0.9508321524162994,0.21758539310184566,0.31296584275926176,1.6945275066185885,0.7197532044283256,0.974774302190263,0.15273624669070576,0.3389055013237177,0.2161493245491923,0.3129658427592617,0.33890550132371766,0.144439697265625,0.201019287109375,0.21614932454919233,0.20341256842085834,0.05303403929724419,0.051399388661333936,0.31296584275926176,0.25312916802931434,0.294557125505927,0.29479615100035944,0.3389055013237177,0.2822779589905907,0.3371712862753843,0.32275055228383726,13.949849981173847,10.701951067130585,0.0,0.0,25.0,0.6213640999567613,0.01896382546689953,1.4479149699495613,1.5679230181752797
64,0.4,25.0,1.25,4.0,6.314393452555578e-15,3.4661943454361577e-15,0.37304902989553085,1.0,155.9133807008718,0.3199541048608117,156.23843687888208,155.91848277402127,0.005102073149480509,96.87897747041309,12.494734631914936,109.48700257312647,96.99226794121155,0.11329047079844921,0.4559874778740698,0.5645632054009085,0.6126716061129821,0.04810840071207366,-0.4078790771619961,0.0006150648036014722,0.3199541048608117,0.3205691696644132,1.000540654589198,0.21308089107449185,156.23843687888208,156.45151776995658,1.0966583337754288,0.21266758382891765,155.9133807008718,156.12604828470072,0.3497979129292402,0.025615575663659344,12.494734631914936,12.520350207578595,0.9792335957422766,0.2089281617989543,109.48700257312647,109.69593073492544,1.0778842827893356,0.18579588461589747,96.87897747041309,97.06477335502899,0.4287845129397245,0.1523398777605455,0.5645632054009085,24.37712156518444,0.976165486473373,0.06616522951340259,0.6126716061129821,140.9364248088661,0.8561277940295369,0.09677768828905108,0.4559874778740698,48.83756540319242,-0.9511314962299315,1.6034999575799085,0.6447907807535544,0.9587091768263539,0.19825002121004587,0.32069999151598166,1.81826576833093,0.8284196083464846,0.9898461599844454,0.09086711583453505,0.363653153666186,1.856127869071011,0.8632123923765784,0.9929154766944326,0.07193606546449453,0.3712255738142022,0.3206999915159816,0.36365315366618595,0.3712255738142021,0.341033935546875,0.36981201171875,0.32069999151598166,0.3172770996951527,0.07230707314956547,0.051399388661333936,0.363653153666186,0.3602994946861772,0.294423554867541,0.29479615100035944,0.37122557381420224,0.363169947447266,0.3702045876226183,0.32275055228383726,15.068249945012802,12.642669712564135,0.0,0.0,25.0,0.6213640999567613,0.00292462055420956,1.1339356510337288,1.1575478130179577
64,0.4,30.0,1.5,0.25,5.240491200708686e-16,2.310611012419639e-15,0.4100809556685279,1.0,0.8787873520607464,0.32032853408730033,1.199977976320496,0.8796494422331959,0.0008620901724494415,0.3778663562589073,12.519790479013377,12.906200709142938,0.3864102301295624,0.008543873870654856,0.01990142521011111,0.563377837462269,0.5677367523418256,0.004358914879556634,-0.015542510330554472,0.0006447580496118096,0.32032853408730033,0.32097329213691217,1.0002137714049275,0.0019170386887619661,1.199977976320496,1.2018950150092582,1.000591353488502,0.0012442373582038113,0.8787873520607464,0.8800315894189502,0.02852036216241977,0.025826827887563922,12.519790479013377,12.54561730690094,0.9804687723816145,0.026248849421178052,12.906200709142938,12.932449558564116,0.9815973541875871,0.000716445930657047,0.3778663562589073,0.37858280218956436,0.026649848073647668,0.1527690551758773,0.563377837462269,24.199696579443096,0.9762674536687856,0.15027489481181225,0.5677367523418256,25.20249692146981,0.9753684045535717,0.006723610289939289,0.01990142521011111,448.66973787704706,-0.38101715590056434,0.552023990800685,0.07753706607594588,0.4744869247247391,0.7239880045996576,0.11040479816013697,1.4808302633636614,0.5500387595597588,0.9307915038039026,0.25958486831816935,0.29616605267273227,1.6200806704146653,0.6580646915452638,0.9620159788694016,0.18995966479266738,0.32401613408293306,0.11040479816013697,0.2961660526727322,0.324016134082933,0.00726318359375,0.0113525390625,0.11040479816013697,0.07908725869046519,0.05166506133521138,0.05147666511165646,0.29616605267273227,0.06472961319603598,0.2946485528061426,0.29474129793764503,0.32401613408293306,0.10898511817909197,0.3237375354429896,0.32244623896142,14.000980372745989,10.67322731515503,0.0,0.0,30.0,0.42998611139863924,0.022646462950840714,2.6825469328167904,2.9348011996087604
64,0.4,30.0,1.5,1.0,1.9463597400459776e-15,2.3970625831482018e-15,0.3750069573107993,1.0,14.060597632971943,0.32032853408730033,14.38437452774904,14.06404599366174,0.0034483606897977625,6.045861700142517,12.519790479013377,18.59982767463851,6.0800371956251364,0.034175495482619396,0.18443315386939085,0.563377837462269,0.5971757402416249,0.03379790277935596,-0.1506352510900349,0.0006447580496118096,0.32032853408730033,0.32097329213691217,1.0002137714049275,0.020664728904658165,14.38437452774904,14.405039256653698,1.0090592134345655,0.01990779773126098,14.060597632971943,14.080505430703203,0.11408144864967908,0.025826827887563922,12.519790479013377,12.54561730690094,0.9804687723816145,0.03611226518990501,18.59982767463851,18.63593993982842,0.9892761349928488,0.011463134890512752,6.045861700142517,6.05732483503303,0.10659939229459067,0.1527690551758773,0.563377837462269,24.199696579443096,0.9762674536687856,0.12540941923240595,0.5971757402416249,38.08352928517701,0.9630821833255635,0.03395093912611412,0.18443315386939085,161.32770427474793,-0.8346917464996928,1.1635433099905783,0.34070399792338063,0.8228393120671976,0.4182283450047109,0.23270866199811566,1.5641577682320322,0.6134465866326759,0.9507111815993563,0.21792111588398394,0.3128315536464064,1.692793184483896,0.7182735738720929,0.974519610611803,0.15360340775805212,0.3385586368967792,0.23270866199811563,0.3128315536464064,0.3385586368967791,0.1876220703125,0.259552001953125,0.23270866199811566,0.22178686701891115,0.05415049712311459,0.05147666511165646,0.3128315536464064,0.25284381928331323,0.294406537154479,0.29474129793764503,0.3385586368967792,0.28169864365015435,0.33682395434993495,0.32244623896142,13.95335136342716,10.645991786204268,0.0,0.0,30.0,0.42998611139863924,0.01311702096053849,1.3443055834721767,1.454860485165441
64,0.4,30.0,1.5,4.0,7.750744490664374e-15,3.471181675429591e-15,0.37833509189725095,1.0,224.9695621275511,0.32032853408730033,225.30368410439758,224.98335557031027,0.013793442759191057,96.73378720228027,12.519790479013377,109.39027966322413,96.87048918421075,0.13670198193047764,0.45597023419105315,0.563377837462269,0.6124397101520718,0.049061872689802825,-0.40690836150125037,0.0006447580496118096,0.32032853408730033,0.32097329213691217,1.0002137714049275,0.319618214244929,225.30368410439758,225.6233023186425,1.1340954868714894,0.3185247637001757,224.9695621275511,225.28808689125125,0.4563257945987163,0.025826827887563922,12.519790479013377,12.54561730690094,0.9804687723816145,0.20452619578308134,109.39027966322413,109.59480585900721,1.0801483660283966,0.18341015824820403,96.73378720228027,96.91719736052848,0.4263975691783627,0.1527690551758773,0.563377837462269,24.199696579443096,0.9762674536687856,0.06646757618153626,0.6124397101520718,139.75346820199607,0.8581450627078551,0.09663914054324109,0.45597023419105315,49.0025306300482,-0.9526185848784743,1.6496946058242146,0.682183853503062,0.9675107523211526,0.17515269708789277,0.3299389211648429,1.8177771980444124,0.8279277385590081,0.9898494594854043,0.09111140097779385,0.3635554396088825,1.8547994423182044,0.8619714380615154,0.992828004256689,0.07260027884089781,0.3709598884636409,0.32993892116484286,0.3635554396088824,0.37095988846364086,0.37420654296875,0.4046630859375,0.3299389211648429,0.3270161105617595,0.08202119551673946,0.05147666511165646,0.3635554396088825,0.36016026786320127,0.2939802108440527,0.29474129793764503,0.3709598884636409,0.3628590514107446,0.36994009079947837,0.32244623896142,15.080237741574553,12.512890363937485,0.0,0.0,30.0,0.42998611139863924,0.002026808559695429,1.1018870957247393,1.1243289732353319
64,0.4,35.0,1.75,0.25,5.854691731421724e-16,2.354799027212001e-15,0.4081291324691465,1.0,1.2005480888406366,0.3200681192989453,1.5197121843128434,1.1996440650138982,-0.0009040238267383893,0.3786204201448145,12.476122206598399,12.854691484950433,0.37856927835203275,-5.114179278196322e-05,0.02006919831637089,0.5645047364961061,0.5688785709558795,0.004373834459773336,-0.015695363856597557,0.0006013615017814518,0.3200681192989453,0.32066948080072677,1.000351362001261,0.0029836037109683394,1.5197121843128434,1.5226957880238117,1.0017588607964072,0.002346648673078285,1.2005480888406366,1.202894737513715,0.03664621926085175,0.025276532938842293,12.476122206598399,12.501398739537242,0.9819014224694704,0.026108307675533005,12.854691484950433,12.880799792625965,0.9824127980404256,0.000745557999536486,0.3786204201448145,0.37936597814435097,0.027222058942733926,0.15282125112343284,0.5645047364961061,24.224429963302843,0.9769741394483739,0.1503048766113705,0.5688785709558795,25.24119107180687,0.9757663505972879,0.006711359867294213,0.02006919831637089,453.735818727343,-0.3919690591621016,0.6082224167664085,0.09392104881794408,0.5143013679484644,0.6958887916167958,0.1216444833532817,1.479711030841309,0.5492087858069663,0.9305022450343426,0.2601444845793455,0.2959422061682618,1.620293876378117,0.6581851592369512,0.9621087171411659,0.18985306181094153,0.32405877527562343,0.12164448335328168,0.2959422061682617,0.3240587752756234,0.012847900390625,0.0216064453125,0.1216444833532817,0.09313687547866593,0.05171685387907793,0.051426286982462044,0.2959422061682618,0.06472539158030124,0.2944555914712474,0.29446111239704376,0.32405877527562343,0.10936718037731888,0.3237873739118443,0.322461391665422,13.997877893592086,10.68922656666447,0.0,0.0,35.0,0.31537297311467666,0.01671669673453199,2.432845271813783,2.663982503295996
64,0.4,35.0,1.75,1.0,2.1996293675385914e-15,2.2906481399187495e-15,0.3763501277677271,1.0,19.208769421450185,0.3200681192989453,19.525221445442178,19.20515332614323,-0.0036160953069535534,6.057926722317032,12.476122206598399,18.533844361744304,6.057722155145904,-0.00020456717112778545,0.18594162863460423,0.5645047364961061,0.5984331503611091,0.033928413865003,-0.15201321476960122,0.0006013615017814518,0.3200681192989453,0.32066948080072677,1.000351362001261,0.03829011441546842,19.525221445442178,19.563511559857645,1.0193635233438,0.03754637876925256,19.208769421450185,19.24631580021944,0.146584877043407,0.025276532938842293,12.476122206598399,12.501398739537242,0.9819014224694704,0.037550327880042984,18.533844361744304,18.571394689624345,0.9884196533317303,0.011928927992583776,6.057926722317032,6.0698556503096155,0.1088882357709357,0.15282125112343284,0.5645047364961061,24.224429963302843,0.9769741394483739,0.1253752775947461,0.5984331503611091,38.20038992532183,0.9628752160488211,0.03407662461188028,0.18594162863460423,161.50272583074857,-0.8386271032651968,1.2287334530235317,0.37984970764202197,0.8488837453815098,0.3856332734882342,0.24574669060470633,1.5640557970458482,0.613448315751864,0.9506074812939841,0.217972101477076,0.3128111594091696,1.6934966749866898,0.7188672208058612,0.9746294541808286,0.1532516625066552,0.33869933499733795,0.2457466906047063,0.3128111594091696,0.3386993349973379,0.21905517578125,0.30352783203125,0.24574669060470633,0.23629958162646855,0.055981386549316864,0.051426286982462044,0.3128111594091696,0.2532267098850136,0.2944766297945035,0.29446111239704376,0.33869933499733795,0.2823131305496996,0.3369384411834723,0.322461391665422,13.95201230111489,10.721189102984649,0.0,0.0,35.0,0.31537297311467666,0.009680038557127226,1.2729008013879595,1.378245762593604
64,0.4,35.0,1.75,4.0,8.833211939673902e-15,3.4052621833424723e-15,0.3728368086358575,1.0,307.34031074320296,0.3200681192989453,307.6459144812741,307.3258463619751,-0.01446438122781422,96.92682755707251,12.476122206598399,109.4021314949864,96.926009288388,-0.00081826868451133,0.45873866759423115,0.5645047364961061,0.6133740779617354,0.04886934146562929,-0.4098693261286019,0.0006013615017814518,0.3200681192989453,0.32066948080072677,1.000351362001261,0.60191291838756,307.6459144812741,308.2478273996616,1.2294622669781847,0.600742060308041,307.34031074320296,307.941052803511,0.586339508173628,0.025276532938842293,12.476122206598399,12.501398739537242,0.9819014224694704,0.21751884861465032,109.4021314949864,109.61965034360105,1.0755191348630901,0.19086284788134042,96.92682755707251,97.11769040495385,0.4355529430837428,0.15282125112343284,0.5645047364961061,24.224429963302843,0.9769741394483739,0.0660987184955175,0.6133740779617354,141.7122683615847,0.8578692540368611,0.09702132495378069,0.45873866759423115,48.871718692386,-0.9543464457716977,1.6847566932158493,0.7118669492674179,0.9728897439484314,0.15762165339207537,0.33695133864316984,1.820133020201812,0.8301719756605357,0.9899610445412763,0.08993348989909403,0.3640266040403624,1.8562575147370857,0.8633041330240376,0.9929533817130481,0.07187124263145715,0.37125150294741716,0.33695133864316984,0.36402660404036236,0.3712515029474171,0.397369384765625,0.4315185546875,0.33695133864316984,0.3344908306554235,0.09397731209783189,0.051426286982462044,0.3640266040403624,0.3607187519290669,0.29511698224822924,0.29446111239704376,0.37125150294741716,0.36330750269559425,0.37017935236246297,0.322461391665422,15.071748381893647,12.521875775233578,0.0,0.0,35.0,0.31537297311467666,0.0014926081986606974,1.0803536365405724,1.1017956018289368
64,0.4,40.0,2.0,0.25,6.179952383167375e-16,2.3594339914993767e-15,0.4055550539837637,1.0,1.5705748577498702,0.319813240532973,1.89125565299574,1.571442412462767,0.0008675547128969136,0.37830413023647863,12.46519538107356,12.855561154344288,0.39036577327072736,0.012061643034248627,0.02010817034086105,0.56373207018228,0.5681513047781176,0.004419234595837641,-0.015688935745023416,0.000623875599861864,0.319813240532973,0.3204371161328349,0.9999767796993564,0.003961290692411217,1.89125565299574,1.8952169436881514,1.0000936075273688,0.0033814527732631884,1.5705748577498702,1.5739563105231333,0.046044244040308775,0.025406536422888117,12.46519538107356,12.490601917496448,0.9799747818655367,0.02605130703901704,12.855561154344288,12.881612461383305,0.9803158611876958,0.0007270374225888592,0.37830413023647863,0.37903116765906747,0.026851894118497446,0.1529924544256264,0.56373207018228,24.13616649096316,0.9759136988060522,0.15022181562533984,0.5681513047781176,25.232217522873636,0.9750672637336961,0.006930929089102057,0.02010817034086105,429.8546812136667,-0.40578568555609673,0.6651538192655679,0.11272983307461666,0.5524239861909512,0.667423090367216,0.13303076385311358,1.480515091761417,0.5498037611589922,0.9307113306024247,0.2597424541192916,0.29610301835228336,1.6204946005328416,0.6584066785104989,0.9620879220223427,0.18975269973357925,0.3240989201065683,0.13303076385311358,0.29610301835228336,0.32409892010656827,0.023651123046875,0.0369873046875,0.13303076385311358,0.10682076931298438,0.051998071177000726,0.051430715620773775,0.29610301835228336,0.06488283247227104,0.294573811189312,0.2945728017382499,0.3240989201065683,0.10968320792898649,0.3238194905235082,0.3223974973538456,14.007073372386063,10.70342928671411,0.0,0.0,40.0,0.2408698498958955,0.012803063949253336,2.225823634894156,2.4362704589475515
64,0.4,40.0,2.0,1.0,2.643718577388654e-15,2.3810570485768845e-15,0.37510423935202575,1.0,25.129197723997923,0.319813240532973,25.452481183382485,25.132667942849512,0.0034702188515876547,6.052866083783658,12.46519538107356,18.56630803699421,6.1011126559206525,0.04824657213699449,0.18575708073645741,0.56373207018228,0.5978049379575602,0.03407286777528021,-0.1516842129611772,0.000623875599861864,0.319813240532973,0.3204371161328349,0.9999767796993564,0.054550969249217526,25.452481183382485,25.5070321526317,1.0199747062661766,0.054103244372211014,25.129197723997923,25.183300968370133,0.1841769761612351,0.025406536422888117,12.46519538107356,12.490601917496448,0.9799747818655367,0.03671006795847013,18.56630803699421,18.60301810495268,0.9857111801246594,0.011632598761421748,6.052866083783658,6.0644986825450795,0.10740757647398978,0.1529924544256264,0.56373207018228,24.13616649096316,0.9759136988060522,0.125012067784353,0.5978049379575602,38.37888769184009,0.9627074212974819,0.03478468432435324,0.18575708073645741,155.66441648211273,-0.8322233456391699,1.29211844659712,0.42034324040209003,0.8717752061950301,0.35394077670144,0.258423689319424,1.5653521849705734,0.6144159497613844,0.9509362352091891,0.21732390751471334,0.3130704369941147,1.6941746152681931,0.7194428712662966,0.9747317440018965,0.15291269236590346,0.33883492305363866,0.258423689319424,0.31307043699411463,0.3388349230536386,0.266082763671875,0.349884033203125,0.258423689319424,0.2500791671429626,0.05864597908136869,0.051430715620773775,0.3130704369941147,0.2533931265334305,0.2946135440549769,0.2945728017382499,0.33883492305363866,0.28237910311007486,0.33707594470943497,0.3223974973538456,13.963445744301373,10.712365123696257,0.0,0.0,40.0,0.2408698498958955,0.007392081624598099,1.2114618354788083,1.3111604588030725
64,0.4,40.0,2.0,4.0,9.933026623443197e-15,3.456436525883788e-15,0.37336510794901034,1.0,402.06716358396676,0.319813240532973,402.4008576999061,402.0810444593731,0.013880875406350619,96.84585734053853,12.46519538107356,109.50403901016006,97.0388436290865,0.19298628854797797,0.45747012746505494,0.56373207018228,0.6127169273731536,0.04898485719087364,-0.4084852702741813,0.000623875599861864,0.319813240532973,0.3204371161328349,0.9999767796993564,0.8655711826638166,402.4008576999061,403.2664288825699,1.3007274903262154,0.8656519099553762,402.06716358396676,402.93281549392213,0.7367079046449404,0.025406536422888117,12.46519538107356,12.490601917496448,0.9799747818655367,0.2102118477022771,109.50403901016006,109.71425085786234,1.0692395571889446,0.18612158018274796,96.84585734053853,97.03197892072127,0.42963030589595913,0.1529924544256264,0.56373207018228,24.13616649096316,0.9759136988060522,0.06638466783984541,0.6127169273731536,140.54951797216216,0.855423151786426,0.0973082307223044,0.45747012746505494,48.51440508258008,-0.9506196481207044,1.7188364724314806,0.7409847414296806,0.9778517310017999,0.14058176378425977,0.3437672944862961,1.8204421625947165,0.8304007795357607,0.9900413830589556,0.08977891870264187,0.3640884325189433,1.855815788030178,0.8629517618043754,0.9928640262258027,0.07209210598491102,0.37116315760603563,0.34376729448629606,0.36408843251894324,0.3711631576060356,0.425750732421875,0.456878662109375,0.3437672944862961,0.34160882948867094,0.11342012837857444,0.051430715620773775,0.3640884325189433,0.3607487618234519,0.29531430406573017,0.2945728017382499,0.37116315760603563,0.36313804676817907,0.37010146180860576,0.3223974973538456,15.081879292686923,12.53639167433886,0.0,0.0,40.0,0.2408698498958955,0.001137795296157076,1.0591130638620343,1.0796930468928936
64,0.4,60.0,3.0,0.25,9.965986369486757e-16,2.31757023511428e-15,0.4102169508368697,1.0,3.4933774641864055,0.3198270693570562,3.8118177544506464,3.4919906850935902,-0.001386779092814989,0.3782177851941429,12.474770619183245,12.84895103746474,0.37418041828149534,-0.004037366912647161,0.020043529957613274,0.563992949222483,0.5682448265347368,0.004251877312253882,-0.015791652645359398,0.0006275520802334985,0.3198270693570562,0.32045462143728964,1.0001848012920505,0.007426671552242919,3.8118177544506464,3.8192444260028893,1.0034441598051542,0.006892419027809237,3.4933774641864055,3.5002698832142145,0.06706319710340054,0.025059294926521508,12.474770619183245,12.499829914109766,0.9791698619011134,0.026011393201390266,12.84895103746474,12.87496243066613,0.9793391083763529,0.0007223832036643777,0.3782177851941429,0.37894016839780725,0.026739236330017256,0.15309171887040263,0.563992949222483,24.11502921384524,0.9765381171937845,0.15046556045579407,0.5682448265347368,25.155627271861594,0.9751861840636736,0.006801822550428889,0.020043529957613274,440.4398435117508,-0.405986228490545,0.839626213145101,0.17839027261511362,0.6612359405299874,0.5801868934274496,0.1679252426290202,1.4807460201320568,0.5499721121637426,0.9307739079683142,0.25962698993397165,0.2961492040264114,1.6200357415712205,0.6580324299286817,0.9620033116425389,0.18998212921438973,0.32400714831424415,0.16792524262902017,0.2961492040264113,0.3240071483142441,0.072540283203125,0.107025146484375,0.1679252426290202,0.14837167219882974,0.05230268689964593,0.0514208441566836,0.2961492040264114,0.06495365672736894,0.29466990272094956,0.29463324982046135,0.32400714831424415,0.10925545066291567,0.323748830722367,0.322357226339201,14.000267531802843,10.584628482792896,0.0,0.0,60.0,0.10826708223533708,0.005737579223286522,1.7635776455637646,1.9294725631574015
64,0.4,60.0,3.0,1.0,3.944761184371259e-15,2.413244300572548e-15,0.37330866926258083,1.0,55.89403942698249,0.3198270693570562,56.20831937996829,55.88849231061123,-0.005547116371259956,6.051484563106286,12.474770619183245,18.510105714638943,6.0353350954556975,-0.016149467650588743,0.18609164386671978,0.563992949222483,0.5977382926959577,0.03374534347347469,-0.1523463003932451,0.0006275520802334985,0.3198270693570562,0.32045462143728964,1.0001848012920505,0.11053305830198203,56.20831937996829,56.31885243827026,1.0499814593854975,0.11027870444494779,55.89403942698249,56.00431813142743,0.2682527884136022,0.025059294926521508,12.474770619183245,12.499829914109766,0.9791698619011134,0.03753628646996907,18.510105714638943,18.547642001108912,0.9842064436836833,0.011558131258630044,6.051484563106286,6.063042694364916,0.10695694532006902,0.15309171887040263,0.563992949222483,24.11502921384524,0.9765381171937845,0.12532095645808636,0.5977382926959577,38.179884994525395,0.9612634862926526,0.03458562994798101,0.18609164386671978,157.04129856307347,-0.8388996143470203,1.4431784620518162,0.5230112471274424,0.9201672149243738,0.27841076897409195,0.28863569241036324,1.5654793579663167,0.6145673689103903,0.9509119890559262,0.21726032101684176,0.3130958715932633,1.6939302431668273,0.7193122931046153,0.9746179500622121,0.15303487841658636,0.3387860486333655,0.2886356924103632,0.31309587159326324,0.3387860486333654,0.360076904296875,0.4600830078125,0.28863569241036324,0.28305825280327856,0.06375000064586438,0.0514208441566836,0.3130958715932633,0.25361868921553415,0.2948162230705673,0.29463324982046135,0.3387860486333655,0.282376299751385,0.33707353728669287,0.322357226339201,13.953514388959483,10.715921233083481,0.0,0.0,60.0,0.10826708223533708,0.0033293647368217447,1.0847441249508538,1.173749669710639
64,0.4,60.0,3.0,4.0,1.5737411374061594e-14,3.4599059728357417e-15,0.36891294320375206,1.0,894.3046308317198,0.3198270693570562,894.6022694355918,894.2824423662348,-0.022188465485039825,96.82375300970058,12.474770619183245,109.23392575828147,96.75915513909823,-0.06459787060235501,0.4592883082578209,0.563992949222483,0.6133744253617168,0.04938147613923385,-0.4099068321185871,0.0006275520802334985,0.3198270693570562,0.32045462143728964,1.0001848012920505,1.763594030306601,894.6022694355918,896.3658634658984,1.545005131450894,1.7644592711191647,894.3046308317198,896.0690901028389,1.0730111536544087,0.025059294926521508,12.474770619183245,12.499829914109766,0.9791698619011134,0.2136648362038723,109.23392575828147,109.44759059448533,1.0654719003178292,0.1849301001380807,96.82375300970058,97.00868310983866,0.4278277812802761,0.15309171887040263,0.563992949222483,24.11502921384524,0.9765381171937845,0.0662420648626802,0.6133744253617168,141.1659567150438,0.8498063895883052,0.0976703702623398,0.4592883082578209,48.31814277083202,-0.953843492233599,1.7888220727143143,0.8020924871172199,0.9867295855970943,0.10558896364284293,0.35776441454286284,1.8212776730169926,0.8311981554941631,0.9900795175228295,0.0893611634915037,0.36425553460339855,1.85713685593268,0.8642292147165804,0.9929076412160994,0.07143157203366012,0.37142737118653596,0.3577644145428628,0.3642555346033985,0.3714273711865359,0.470916748046875,0.508636474609375,0.35776441454286284,0.3563139492730544,0.13916385484817378,0.0514208441566836,0.36425553460339855,0.36096098891302786,0.2959361256044424,0.29463324982046135,0.37142737118653596,0.36342649579313585,0.37040733567157824,0.322357226339201,15.088266754022413,12.573424175023202,0.0,0.0,60.0,0.10826708223533708,0.0005135703119759922,1.0181435598306494,1.0381898145491386
