tag,env,mode,seed,d,B,epoch,minibatch,resid_full,R_theta_full,cos_full_centered_full,cos_uniform_centered_full,resid_meanhead,R_theta_meanhead,cos_full_centered_meanhead,cos_uniform_centered_meanhead,resid_scalehead,R_theta_scalehead,cos_full_centered_scalehead,cos_uniform_centered_scalehead,resid_trunk,R_theta_trunk,cos_full_centered_trunk,cos_uniform_centered_trunk,meanout_full,meanout_uniform,meanout_centered,kl_full,kl_uniform,kl_centered,R_meanout,R_kl,resid_meanout,cos_meanout_full_centered,kl_full_fd_check,task,arm,pad,condition
G1JoystickFlatTerrain_pathwise_fa_s101_final,G1JoystickFlatTerrain,pathwise,101,29,8192,0,0,3.5784765960979956e-08,0.1547781357832563,0.9880232773415574,-0.07663045413009574,3.566081527146283e-08,0.11316912953728428,0.9937533830821261,-0.27504111162863953,3.4721445359782336e-08,0.8100893484479432,0.7932332459045085,0.06546689945062392,3.588076672079163e-08,0.18063377006154996,0.9842111524027064,0.023029444826164217,282.92574337991124,32.75330563855311,294.26961370470144,283.121526642012,32.77873996456346,294.43720272416124,0.11130373002569278,0.1113267605495885,4.78950890690945e-09,0.990786682646169,283.1118506034082,g1,A,0,g1
G1JoystickFlatTerrain_pathwise_fa_s101_final,G1JoystickFlatTerrain,pathwise,101,29,8192,0,1,3.6495855873213526e-08,0.15033439739661844,0.9886487916199139,-0.116070065195553,3.762008485001692e-08,0.1109413340427597,0.9940584192614668,-0.2989943968119664,3.529687822675273e-08,0.5308080269244932,0.8959333053023943,0.11880539494523736,3.560614328381723e-08,0.17587037758728402,0.9847623873102934,-0.02516164309811,278.8031825042835,32.24257008810809,291.1076997786228,278.9999584559471,32.25868743045203,291.2847800539394,0.1107582180499771,0.11074621689632506,4.912024005385075e-09,0.9905390768729607,278.9935887182742,g1,A,0,g1
G1JoystickFlatTerrain_pathwise_fa_s101_final,G1JoystickFlatTerrain,pathwise,101,29,8192,0,2,3.572689960510918e-08,0.156798969850547,0.9876972115938876,-0.08367021366094315,3.5751320959020526e-08,0.11181736889010029,0.9939380246783212,-0.2893799703091847,3.42055546366782e-08,0.6386432794552488,0.8703080717196281,0.17424385211244364,3.570983896209315e-08,0.18617074437364312,0.9832236074829946,0.01806010819068942,289.75653676689365,33.1694279343281,300.3481445623443,289.9364208266132,33.20694260523346,300.5150610464941,0.11043660010838818,0.11050009436996484,5.1284569991453675e-09,0.989936747618541,289.92734472453947,g1,A,0,g1
G1JoystickFlatTerrain_pathwise_fa_s101_final,G1JoystickFlatTerrain,pathwise,101,29,8192,0,3,3.654060022391532e-08,0.14756086839400914,0.9890642372398082,-0.11577516611813429,3.738176961113496e-08,0.10996197810295355,0.9942496826389722,-0.3301620409091174,3.528684955378045e-08,0.49841391002540214,0.9078504655271471,0.13808241143927974,3.58772433862132e-08,0.1725540066757355,0.985412380330776,-0.005069873473621285,283.8928658037794,30.717073355691394,296.7659583984449,284.086182901188,30.733088669550618,296.9425496396734,0.10350605413593235,0.10349843330584906,4.922396395658095e-09,0.9913137114934646,284.07496849582674,g1,A,0,g1
G1JoystickFlatTerrain_pathwise_fa_s101_final,G1JoystickFlatTerrain,pathwise,101,29,8192,0,4,3.6221602980290993e-08,0.1568843115007426,0.9876674057823936,-0.09342299657278155,3.70564195405347e-08,0.11765663343488829,0.9932012759794245,-0.25938981909065034,3.4220900907509426e-08,0.8135044929662287,0.8117315988531585,0.1457807143726287,3.5584774897882034e-08,0.1812036147022272,0.9839183181875666,-0.01048078003449692,278.29567072671927,32.49230343849688,290.11410729767783,278.48463303840697,32.512061143826784,290.2854938453254,0.11199835727104901,0.1120002956852893,4.697792279456712e-09,0.9900207954206781,278.47849585192176,g1,A,0,g1
G1JoystickFlatTerrain_pathwise_fa_s101_final,G1JoystickFlatTerrain,pathwise,101,29,8192,0,5,3.569152260966526e-08,0.1581687783781331,0.98743740236664,-0.11371469162810338,3.548204458514495e-08,0.11394456887100153,0.9937220421480555,-0.29828397639080817,3.7726751628184774e-08,0.7549782644632146,0.8182002399276403,0.09248150035175111,3.5854453543688194e-08,0.18696632706371671,0.9828345849125878,-0.022579587465594988,282.2896201193541,33.31279326945961,293.89714270493624,282.4653266788917,33.342612227503444,294.0563335143088,0.11334847614665149,0.1133885192303837,4.6246829494896485e-09,0.9887444486169101,282.457027237122,g1,A,0,g1
G1JoystickFlatTerrain_pathwise_fa_s101_final,G1JoystickFlatTerrain,pathwise,101,29,8192,0,6,3.537708192862092e-08,0.14767152414517307,0.9890496680651345,-0.11326141196662064,3.4835362065129035e-08,0.10724440859416914,0.9944725379341988,-0.3053193164583218,3.439087553106924e-08,0.5739293272420846,0.8904177906131691,0.18148145722377015,3.5797715163358244e-08,0.17390263680115303,0.9851240850160755,-0.018698509631010257,287.7681300292804,31.919607165215943,301.1970853509693,287.95499248024055,31.95154343221024,301.36825670864573,0.10597581689086259,0.10602159557600645,5.167357626045809e-09,0.9907460736069422,287.94693423593924,g1,A,0,g1
G1JoystickFlatTerrain_pathwise_fa_s101_final,G1JoystickFlatTerrain,pathwise,101,29,8192,0,7,3.522196590066953e-08,0.15277786608104624,0.9882879118517701,-0.10485599614120004,3.451005706220945e-08,0.11182435140117754,0.99398341684198,-0.30757175702160067,3.481334861358621e-08,0.5744313186429801,0.8819992950877432,0.11774280080879547,3.577848711307327e-08,0.18002795436973507,0.9841742185860326,-0.000776079166548782,295.1236341803889,33.12135794323154,306.62232479634883,295.32229711288016,33.143851337551204,306.80217808882173,0.10802004702439666,0.10803003923901634,4.6786486536335056e-09,0.9901450907930408,295.3130612289191,g1,A,0,g1
G1JoystickFlatTerrain_pathwise_fa_s101_final,G1JoystickFlatTerrain,pathwise,101,29,8192,1,0,3.558765028986643e-08,0.14782913713551823,0.9892210536871464,-0.00925990482703695,3.546516824777736e-08,0.09254284318953152,0.9957103545663833,-0.07299750710516056,3.587443894780005e-08,0.5206370361795327,0.8925802784069103,0.0557953830245513,3.56902497485697e-08,0.18252380057489562,0.9838584990358645,0.0183448557523936,299.5232227523531,22.753725419323736,298.88150726614987,299.72024925009305,22.784111574876903,299.05923412739395,0.07612958602708658,0.0761859490523914,4.986727154249532e-09,0.9917952567842004,299.71013402986125,g1,A,0,g1
G1JoystickFlatTerrain_pathwise_fa_s101_final,G1JoystickFlatTerrain,pathwise,101,29,8192,1,1,3.6163026727048354e-08,0.15315764331676132,0.9886786898086726,0.051210137845583266,3.6054551023575356e-08,0.09151751771987256,0.9959241857845644,0.07985248484643126,3.5342391954023064e-08,0.6842512519699614,0.8383728797414459,0.0725231607969277,3.6255012204074927e-08,0.1899086104845884,0.9827521461845969,0.04352626252865975,298.2295638812965,23.774409951773464,293.9064052075388,298.4024943031838,23.819300449225167,294.0567599032175,0.0808910916214478,0.0810023903448596,5.60009307059159e-09,0.9909034155562219,298.39380197781315,g1,A,0,g1
G1JoystickFlatTerrain_pathwise_fa_s101_final,G1JoystickFlatTerrain,pathwise,101,29,8192,1,2,3.5446038295892727e-08,0.13144756096972218,0.9915576128632434,0.03474700065029615,3.535732914870361e-08,0.08097191243966367,0.9967390177179238,0.002271267709937286,3.5478510141047766e-08,0.4617476655290833,0.908751840220388,0.011668490465903052,3.552383533723286e-08,0.16383021204964332,0.9870969152141045,0.0522720399851854,318.4964478396965,20.04843221835527,315.9018744392894,318.65674914735195,20.073452787681997,316.05101587788056,0.06346411287979917,0.0635133310105801,4.14068210117812e-09,0.9940655931022797,318.64217923879846,g1,A,0,g1
G1JoystickFlatTerrain_pathwise_fa_s101_final,G1JoystickFlatTerrain,pathwise,101,29,8192,1,3,3.515177687681198e-08,0.14299555158237384,0.990045986634455,0.03646014513885152,3.464350872929032e-08,0.09054607643008528,0.99596491938188,0.043372676584199486,3.444871956588433e-08,0.5665687106889865,0.8705395310134209,0.004009945841989696,3.5567964856407524e-08,0.17508528650886834,0.9852181811027945,0.036039517329071576,301.02199252717816,22.869014620683192,297.88377014737176,301.1768823210289,22.900307388256838,298.03344431813383,0.07677160326448516,0.07683804561145821,4.9704188494764976e-09,0.9927931988439829,301.1640085816578,g1,A,0,g1
G1JoystickFlatTerrain_pathwise_fa_s101_final,G1JoystickFlatTerrain,pathwise,101,29,8192,1,4,3.5044275091034136e-08,0.14700341332855205,0.989474811808285,0.031836655319519125,3.474727727670522e-08,0.09609517085828814,0.9954416691556726,0.027210374796388468,3.496294004690607e-08,0.542524956046929,0.8848457266416679,0.05334523364520434,3.528724117079728e-08,0.17831600831651206,0.9846828999703992,0.035916795493666234,295.1120639634211,23.59045482770565,293.4294363255044,295.29589578228376,23.62251144755207,293.5948138654612,0.08039566555802678,0.08045956649076547,4.541145032306565e-09,0.992291289763022,295.2863149715627,g1,A,0,g1
G1JoystickFlatTerrain_pathwise_fa_s101_final,G1JoystickFlatTerrain,pathwise,101,29,8192,1,5,3.584630056191107e-08,0.14460812436664644,0.9897310417403293,0.008504803022893808,3.6106009078747196e-08,0.08541188055207867,0.9963556062529532,-0.03342711859409941,3.391724102706785e-08,0.5571668250851207,0.8793415047083025,0.04954963730769683,3.562891375294378e-08,0.1803263566138671,0.9842851617422043,0.026502264090251585,297.8851827614128,22.463978166551534,296.46965530794876,298.0642259409821,22.496638513636807,296.6322069932687,0.07577159336329949,0.0758401750830355,4.977909289102354e-09,0.9919875773235242,298.05363773268385,g1,A,0,g1
G1JoystickFlatTerrain_pathwise_fa_s101_final,G1JoystickFlatTerrain,pathwise,101,29,8192,1,6,3.606383441119752e-08,0.13931927825406284,0.9905856216978098,0.04949407634385652,3.666568887047093e-08,0.08977204077685946,0.9960721660751994,0.07678166318199971,3.4946480723884423e-08,0.5190558125249718,0.8891354602561373,0.016028801859975326,3.554605089340203e-08,0.17040069895757673,0.9860029163765929,0.040472711313286294,308.32706475908253,22.371987095922545,304.2239914224204,308.4918007504429,22.394731942496747,304.38722724329136,0.07353787908481738,0.0735731658168329,6.3087541966998114e-09,0.9936130609153935,308.4822589477698,g1,A,0,g1
G1JoystickFlatTerrain_pathwise_fa_s101_final,G1JoystickFlatTerrain,pathwise,101,29,8192,1,7,3.594324299108253e-08,0.14580839999794534,0.9896608124346867,0.03702562723488072,3.607268686500211e-08,0.08878774841632271,0.9961004076226351,0.024118355041112687,3.652006399574685e-08,0.5170146361448573,0.8876039394953689,-0.007202250957535019,3.583549018450296e-08,0.18015697106734146,0.984438272491996,0.045462866108930584,291.8028697475031,22.253838613153796,288.1799378760107,291.9620811264567,22.280116395129614,288.33167765858553,0.07722202585361242,0.07727252369929152,5.188750774380873e-09,0.9922628740586812,291.95396445027427,g1,A,0,g1
G1JoystickFlatTerrain_pathwise_fa_s101_final,G1JoystickFlatTerrain,pathwise,101,29,8192,2,0,3.6182023601288854e-08,0.14991315007159808,0.9890135985465042,0.018749954423246794,3.708456591913172e-08,0.09752013196928845,0.9952876723040953,0.009513852134134937,3.540580465434486e-08,0.48078446599243396,0.9001751756484652,-0.01325629101157013,3.5452507622714256e-08,0.18126234906853278,0.9841103744492404,0.024015126867037564,295.6269857195592,24.875680847120677,292.58082651108305,295.80060212976656,24.91700862896631,292.74948650197047,0.0850215687191597,0.08511375690764367,4.763113520911683e-09,0.9919228010511972,295.79187270507543,g1,A,0,g1
G1JoystickFlatTerrain_pathwise_fa_s101_final,G1JoystickFlatTerrain,pathwise,101,29,8192,2,1,3.60825562731354e-08,0.15099387936139766,0.9889373278414877,0.03908584448503142,3.663177576823264e-08,0.09500885115464758,0.9955394054214768,0.023645137567480087,3.481066986049635e-08,0.6102472683691698,0.8638465789254064,0.07171905787251788,3.563246446749567e-08,0.18467533888820065,0.9836955227535871,0.04844747281402166,299.62408206877865,24.23782204166493,296.48051938399493,299.80840206582496,24.26007513860981,296.6533386257002,0.08175181995776445,0.08177920818622463,4.873076115366186e-09,0.9917661710214949,299.79979124377047,g1,A,0,g1
G1JoystickFlatTerrain_pathwise_fa_s101_final,G1JoystickFlatTerrain,pathwise,101,29,8192,2,2,3.623668103857989e-08,0.1531373470400542,0.9887586114451338,0.06763203437044372,3.672088796784064e-08,0.09412322026487531,0.9957054225065409,0.08861489001953547,3.556363539921949e-08,0.5615756792035068,0.8835365825906843,0.09686421332653396,3.582364355395022e-08,0.18939389038222196,0.983004579948039,0.06372422777572384,297.747991863693,25.925615083109214,293.97489719854883,297.9130456767077,25.971149836134295,294.1358320486318,0.0881898942058278,0.0882964501646987,4.68217898322415e-09,0.9913195872231786,297.90160708362356,g1,A,0,g1
G1JoystickFlatTerrain_pathwise_fa_s101_final,G1JoystickFlatTerrain,pathwise,101,29,8192,2,3,3.5755659699383736e-08,0.1539425755933951,0.9884187376154643,0.016594560470455967,3.571695877105453e-08,0.09639921209834848,0.9953902597179367,0.005000267406817124,3.5166559846322507e-08,0.5111714084783825,0.8953737456746172,0.05167339985405927,3.5789061831734275e-08,0.1898394696873127,0.982609635642894,0.022864720125284677,289.4595052364749,25.579201698829475,287.3748040009685,289.6124865152969,25.612792318939256,287.5248419047173,0.08900989698019308,0.08908027615724062,5.332796102512942e-09,0.9908861610069584,289.60647504136523,g1,A,0,g1
G1JoystickFlatTerrain_pathwise_fa_s101_final,G1JoystickFlatTerrain,pathwise,101,29,8192,2,4,3.564220067176698e-08,0.15070740097874868,0.9892889114746445,0.10469272631045654,3.586240137295707e-08,0.09523510142808672,0.9956329789625256,0.10539884461736106,3.664140527554725e-08,0.6381604405547073,0.8449639271262027,0.012760941697821028,3.544469134305569e-08,0.186967716766666,0.9838500485481574,0.1128838020751929,310.3083890385468,24.28224094398245,304.842490266423,310.48488803298704,24.31642757637866,305.0045156135959,0.07965504061707551,0.07972481170470463,4.670885009269457e-09,0.9922940462996372,310.47468238187867,g1,A,0,g1
G1JoystickFlatTerrain_pathwise_fa_s101_final,G1JoystickFlatTerrain,pathwise,101,29,8192,2,5,3.599920781603901e-08,0.1449224140275981,0.9899040935313591,0.06772402535603461,3.675410050609846e-08,0.09331874480469489,0.9957788721554617,0.0895346542611172,3.496151434116e-08,0.4406110312144794,0.9203102935879058,0.07618392484642879,3.538900175719349e-08,0.17563376465728328,0.9852992125997942,0.06251602898888613,298.00488146397026,25.84095282256138,294.4513153662111,298.1860526514295,25.86916044177776,294.63091680432825,0.08775967867700887,0.08780192086548073,4.81290267645357e-09,0.9921456766274069,298.176459292468,g1,A,0,g1
G1JoystickFlatTerrain_pathwise_fa_s101_final,G1JoystickFlatTerrain,pathwise,101,29,8192,2,6,3.588074979905497e-08,0.14633102157473432,0.9896522106548734,0.05347085280325884,3.588061121037829e-08,0.09530910651996143,0.9956001413821142,0.0898477523394499,3.513294388746178e-08,0.557283326793629,0.884384123432069,0.0922346168500428,3.588202767742179e-08,0.1779720030044046,0.9847670885609358,0.040111808910650276,302.2733309370092,24.94104561206607,299.4997382691128,302.4480860378278,24.97422986925249,299.667724339013,0.08327568416655988,0.08333973878681426,4.830134543563799e-09,0.9925339465710932,302.43839609877335,g1,A,0,g1
G1JoystickFlatTerrain_pathwise_fa_s101_final,G1JoystickFlatTerrain,pathwise,101,29,8192,2,7,3.5851770179200827e-08,0.1457584839236178,0.9897502548049869,0.05817983894096611,3.572502290380774e-08,0.0939443341563819,0.9956923092372019,0.06877768978165799,3.557956945740684e-08,0.5116795902436184,0.8905043763807009,0.002905117358191899,3.595820097702236e-08,0.17822050856134317,0.98484189700826,0.05741947507197711,302.49971950538566,25.317635195408336,298.0933577329435,302.6784206376933,25.345908998047527,298.27151014675803,0.084931899818076,0.0849759636298369,4.58451662138455e-09,0.9927406882679284,302.6675733374181,g1,A,0,g1
G1JoystickFlatTerrain_pathwise_fa_s101_final,G1JoystickFlatTerrain,pathwise,101,29,8192,3,0,3.6460509492016296e-08,0.14462732183723412,0.9896432012714202,-0.021859087254686677,3.729211673617673e-08,0.0914359522194468,0.9958114882614745,-0.08024755394361337,3.386012674394551e-08,0.5639494431720796,0.8884778072160491,0.14293357052515718,3.572943423024402e-08,0.17878139927906408,0.9844078760597625,0.0029300171740265476,299.69381758340853,24.90591167605898,303.23289376088434,299.8458370767424,24.933155827293618,303.37861051811274,0.08213459749422358,0.08218494964003054,5.406067112962561e-09,0.9912112822785312,299.83566766290596,g1,A,0,g1
G1JoystickFlatTerrain_pathwise_fa_s101_final,G1JoystickFlatTerrain,pathwise,101,29,8192,3,1,3.601311116764827e-08,0.15124099455647508,0.9887938397556606,0.01105385231391139,3.651363862630505e-08,0.09682385184839735,0.9953032263387545,-0.07791681913713132,3.502935525686341e-08,0.6995583771441334,0.8432946074676074,0.12690267302047614,3.561548278405331e-08,0.18361074682103667,0.9838918595556632,0.050508951277777464,296.35459119657827,26.872383409994043,297.9403516873923,296.536802764925,26.90889604631265,298.1079412177869,0.09019383664482358,0.09026561297357016,4.908822048458178e-09,0.99092449118493,296.52962869222654,g1,A,0,g1
G1JoystickFlatTerrain_pathwise_fa_s101_final,G1JoystickFlatTerrain,pathwise,101,29,8192,3,2,3.600420241827367e-08,0.1496651738154695,0.9890336038992192,0.014382697269356785,3.649775094283053e-08,0.1030832547065921,0.9947226778232428,-0.0059301460578910685,3.427671831538017e-08,0.55866963196496,0.8884702255543375,0.12963876226408624,3.561992255302678e-08,0.1775359205886625,0.9847405415467686,0.02417162557258473,282.62485981812694,26.17148693684266,283.6378938689222,282.80656998296786,26.193707990417433,283.80677276598914,0.09227077024107791,0.09229416104179859,5.082962357111735e-09,0.9919655481335017,282.7991930962279,g1,A,0,g1
G1JoystickFlatTerrain_pathwise_fa_s101_final,G1JoystickFlatTerrain,pathwise,101,29,8192,3,3,3.572617041660049e-08,0.1476785766399989,0.9891231575086822,-0.058259006805101675,3.5222714788524416e-08,0.09232768262328804,0.9957344759237877,-0.12885091016656464,3.535278628991911e-08,0.6288686077227835,0.8748271754865498,0.18465758111530436,3.616029378709869e-08,0.18293894806541255,0.9835066136258923,-0.03140878142163928,306.9354877064651,25.18501616848741,310.1445253832669,307.0848881962623,25.209251167527423,310.2864406514986,0.08120412938891787,0.0812450944185517,5.576294151759559e-09,0.9920518231816651,307.0749525063532,g1,A,0,g1
G1JoystickFlatTerrain_pathwise_fa_s101_final,G1JoystickFlatTerrain,pathwise,101,29,8192,3,4,3.567982086435018e-08,0.14657557975866917,0.9893680779081704,-0.021016013021492513,3.5834186242526624e-08,0.09672254685523304,0.9953130713847392,-0.11555342871851944,3.557043675020325e-08,0.6325779347555733,0.851368220044842,0.040803078242065395,3.555549144531003e-08,0.17703133543791594,0.9848066626804727,0.021094251305616787,296.95582156784883,24.76514046946665,299.84027775892264,297.1415031920122,24.804037570515014,300.0123332911543,0.08259444212954678,0.08267672631459203,4.8750093150560324e-09,0.9920527899421825,297.13143139910227,g1,A,0,g1
G1JoystickFlatTerrain_pathwise_fa_s101_final,G1JoystickFlatTerrain,pathwise,101,29,8192,3,5,3.680196080261926e-08,0.14557378530228365,0.9894856135535084,-0.031283672206834603,3.7642329757993297e-08,0.0925101915909509,0.9957119059125423,-0.08627636895662504,3.5659202787078566e-08,0.7300471603892118,0.8405160535096798,0.16129134905839154,3.6074641974352394e-08,0.17866083360448307,0.9843638264253448,-0.0091300661483695,303.61799824402283,25.136939308814647,306.10465131337213,303.7946563235237,25.1669730068361,306.2754008340336,0.08211877604917812,0.08217105565220907,4.937020272932449e-09,0.9924396015008957,303.7857752176209,g1,A,0,g1
G1JoystickFlatTerrain_pathwise_fa_s101_final,G1JoystickFlatTerrain,pathwise,101,29,8192,3,6,3.5909522082289345e-08,0.1386820290696535,0.9905887966639859,0.024454093942901173,3.702967033676552e-08,0.09048671105760119,0.9959073422020827,-0.041947765077680485,3.5686892022225965e-08,0.6245027646034995,0.8760312185128855,0.18418236696050222,3.495871843145469e-08,0.1687007287783092,0.9863650669482601,0.056339339467680806,308.9354374745362,24.234837625667065,309.1600278494829,309.1041421342156,24.258692547514183,309.3103152374158,0.07838929823575354,0.07842833346470833,5.112815436091225e-09,0.9936796278539597,309.0919077719477,g1,A,0,g1
G1JoystickFlatTerrain_pathwise_fa_s101_final,G1JoystickFlatTerrain,pathwise,101,29,8192,3,7,3.55061760893178e-08,0.1432073446011983,0.9897908689476054,-0.0455068078513784,3.5181732346383355e-08,0.09337665741529792,0.9956316365582283,-0.08005962666890185,3.4992781565026735e-08,0.4499259002480997,0.9228173177014697,0.14687981744442416,3.577333728962687e-08,0.1740603752321282,0.9850342967743946,-0.03326174018772446,307.56046416804526,25.81629715062995,309.73399044729206,307.730700255035,25.848425067856795,309.8999160238556,0.08334990006536937,0.08340894505394747,5.082164699291989e-09,0.9924111727321928,307.7209502204308,g1,A,0,g1
G1JoystickFlatTerrain_pathwise_fa_s102_final,G1JoystickFlatTerrain,pathwise,102,29,8192,0,0,3.6849613290601514e-08,0.15648989069907965,0.9879938431663821,0.004798595483091158,3.7784657153954945e-08,0.09862020232983232,0.9951533719304553,-0.022418100295399635,3.621811716646376e-08,0.4086931603075946,0.9242953633288483,-0.02597790927130596,3.580165218738394e-08,0.20275626763368698,0.980225183453032,0.02043728425734285,265.5533385557427,23.027856629222565,264.86999191411627,265.6299959391406,23.04394485554911,264.94456639145363,0.08694022476011261,0.08697647651132337,5.7863100114942595e-09,0.9901561155475811,265.62481700408256,g1,A,0,g1
G1JoystickFlatTerrain_pathwise_fa_s102_final,G1JoystickFlatTerrain,pathwise,102,29,8192,0,1,3.75168981790849e-08,0.14944898849452387,0.9889706537325266,-0.014776126217365433,3.911415990274525e-08,0.0892751261982907,0.9960213803527118,-0.029249203598425214,3.4625545985809646e-08,0.5020104834238475,0.8986517194709066,0.053672810686025106,3.5434424306280305e-08,0.20111660592592015,0.9803046341518344,-0.008639327217605169,293.6184963281494,21.835002047346578,292.6656553804428,293.7039592230711,21.856436939804745,292.7504654210496,0.07460732629854597,0.07465893148408681,6.864555722200249e-09,0.9914080927082624,293.6977650418895,g1,A,0,g1
G1JoystickFlatTerrain_pathwise_fa_s102_final,G1JoystickFlatTerrain,pathwise,102,29,8192,0,2,3.508798387074396e-08,0.15469601625758564,0.9882609110029834,0.004358734017128267,3.459849237990231e-08,0.09167336883280888,0.995811276039026,-0.01905279030981281,3.6241785611658845e-08,0.5725638261296319,0.8645668995736964,-0.02667183705248445,3.563661694666904e-08,0.20474992931661434,0.9798223988059507,0.01753511295363823,267.5108790115209,22.158113828024018,266.090017045074,267.59465962251926,22.18372069495076,266.17467385475317,0.08327299939354917,0.08334271767364292,4.94602707743528e-09,0.9898617055642408,267.59094269750153,g1,A,0,g1
G1JoystickFlatTerrain_pathwise_fa_s102_final,G1JoystickFlatTerrain,pathwise,102,29,8192,0,3,3.5875021480393894e-08,0.15912745859769598,0.9874684653524951,-0.030021304790617737,3.6016531820126685e-08,0.09641832440942923,0.9953444460146554,-0.06891685953885049,3.509222090786978e-08,0.5277059233886864,0.8803565021381469,-0.040445367775171964,3.5709090276324066e-08,0.21129890008906158,0.9782967782297028,-0.011639062357330473,271.99113716800946,24.15053888945135,272.3717266722927,272.05984939735066,24.16642321245995,272.44287720670746,0.08866756907741849,0.08870271618121382,5.944031231247136e-09,0.9889298292494798,272.0563937257147,g1,A,0,g1
G1JoystickFlatTerrain_pathwise_fa_s102_final,G1JoystickFlatTerrain,pathwise,102,29,8192,0,4,3.561600028458082e-08,0.1562565694506879,0.9879811384047109,-0.008334261643843158,3.5695351994607434e-08,0.09388686502249112,0.9955846330270305,-0.07399763452575316,3.6683169675036286e-08,0.43006491868780183,0.9191544356561901,0.008178831214872014,3.5521116727382345e-08,0.20815390550401808,0.9792579398487768,0.027119972192300175,271.51570954647946,23.572717454962994,270.8843275118877,271.5946730875709,23.599687566862137,270.95817188492344,0.08702134107012308,0.08709716116952874,5.396691091158801e-09,0.9894966882374246,271.59220540188613,g1,A,0,g1
G1JoystickFlatTerrain_pathwise_fa_s102_final,G1JoystickFlatTerrain,pathwise,102,29,8192,0,5,3.6146616884763616e-08,0.14853303300687837,0.9891924223631746,0.013381756225545624,3.645908444184359e-08,0.08763303695077282,0.9961612950221082,-0.04074447233022816,3.570869143261085e-08,0.5722055042550357,0.8717947549991809,0.031152699358766526,3.576931805044759e-08,0.19973698686802285,0.9810024785442126,0.04510775489370972,279.1286385463799,21.48540679961479,278.32365269463253,279.20450211114,21.50584686232718,278.39578510457477,0.07719576324757345,0.07724918268517889,6.731102772648044e-09,0.9916595798281084,279.2016584950863,g1,A,0,g1
G1JoystickFlatTerrain_pathwise_fa_s102_final,G1JoystickFlatTerrain,pathwise,102,29,8192,0,6,3.6361262251158273e-08,0.1446540774145126,0.9896072016186486,-0.03538027455293401,3.6688639292179065e-08,0.08510235082594053,0.9963775079410726,-0.0469527458034505,3.443350779072088e-08,0.4951566995035062,0.894909404535221,-0.014360686646656426,3.596421034712887e-08,0.1937684033257554,0.9815263664105458,-0.03359540790244404,290.7785723450551,22.024922474058723,290.3006069439761,290.85567478071255,22.04702291880769,290.3757388453175,0.07586936419429927,0.07592584355179897,5.875172159520915e-09,0.991270147529225,290.8536789050255,g1,A,0,g1
G1JoystickFlatTerrain_pathwise_fa_s102_final,G1JoystickFlatTerrain,pathwise,102,29,8192,0,7,3.522947750269449e-08,0.15411218990869005,0.988315723183215,-0.004715505264595125,3.480650675758105e-08,0.09192160817963725,0.9957917672414748,-0.014137413825642025,3.552328059546095e-08,0.4200197908142348,0.9211102799732023,-0.015050821215733659,3.574692020972949e-08,0.2077273134943236,0.9790996051757074,0.00010426476058951137,283.9145053633706,23.490458969642905,283.5085743994681,283.98649027661855,23.512209024117144,283.5769112116269,0.08285625582718492,0.08291298795680316,5.1557458491505244e-09,0.9903760448014369,283.9833286510733,g1,A,0,g1
G1JoystickFlatTerrain_pathwise_fa_s102_final,G1JoystickFlatTerrain,pathwise,102,29,8192,1,0,3.5212657449092646e-08,0.15221888994091207,0.9887051494408707,0.025320151223052926,3.494443674076434e-08,0.0928358503774413,0.9957076963696251,-0.014698464697056329,3.643840759476967e-08,0.5776683119327111,0.8731923354607373,0.05755336820434922,3.551793178738375e-08,0.20092755848765326,0.9808348793408235,0.0506521594389706,273.1781956240811,22.374115912368556,272.68924906714034,273.26183748953633,22.397584716843404,272.7650230030394,0.08204986441126476,0.08211311138889588,5.106043804826575e-09,0.9909607838418757,273.2581016030153,g1,A,0,g1
G1JoystickFlatTerrain_pathwise_fa_s102_final,G1JoystickFlatTerrain,pathwise,102,29,8192,1,1,3.6885638311274034e-08,0.1468339857199944,0.9893887031229548,-0.0007943281700047885,3.7701299071831154e-08,0.08945760306800678,0.9959964465305495,-0.051433170709891084,3.6944709233310905e-08,0.4366730448015857,0.9136043244298292,-0.04545309318855904,3.588819007270361e-08,0.1956563240386191,0.9816049406537077,0.028294034613163585,275.6688098903615,23.02137422992327,276.51198523124134,275.7492292018322,23.05159946153534,276.5935091105232,0.08325633411756413,0.08334107165300156,8.095570167211471e-09,0.9916062756370803,275.74347282385423,g1,A,0,g1
G1JoystickFlatTerrain_pathwise_fa_s102_final,G1JoystickFlatTerrain,pathwise,102,29,8192,1,2,3.5913424786097796e-08,0.15883848592460253,0.9876342690913638,0.003921274778308464,3.6286032193210765e-08,0.09320625801984103,0.9956469588955156,-0.08762031975085105,3.3761770457870185e-08,0.5969160934488468,0.874488196311773,0.11554237144699185,3.54667804490446e-08,0.21446464557503622,0.9783323406464187,0.055308931886853624,292.08480183636624,25.561239595311214,292.5726725119508,292.1695407149168,25.58381219650016,292.6494813097024,0.08736714668478483,0.08742134816711145,4.535425278739306e-09,0.9896640742746933,292.16449870926544,g1,A,0,g1
G1JoystickFlatTerrain_pathwise_fa_s102_final,G1JoystickFlatTerrain,pathwise,102,29,8192,1,3,3.561720617906803e-08,0.14507036641538323,0.9896114425442103,-0.010162917768230856,3.576937149282485e-08,0.08835320133894554,0.9960903247058251,-0.10513825139541177,3.523877233104552e-08,0.5376501663302887,0.8827673741695955,0.01871217660613748,3.5431371560503476e-08,0.19468219150066252,0.9819138724354604,0.044575222229869337,289.3175521212164,22.95101536427458,291.1960898498354,289.3992891259806,22.969437877865083,291.2758591962064,0.07881635833815599,0.07885802119424032,4.7158087733647645e-09,0.9924465094289466,289.3951812159131,g1,A,0,g1
G1JoystickFlatTerrain_pathwise_fa_s102_final,G1JoystickFlatTerrain,pathwise,102,29,8192,1,4,3.5113216948138864e-08,0.15314892248912138,0.9887128886804618,0.05837610661120364,3.44293696574411e-08,0.09239902865831372,0.9958569024279266,0.08712858677829557,3.388747200533467e-08,0.45409297670156196,0.9138551665048248,0.04606950369597034,3.5901035107506566e-08,0.2030994502012801,0.9804210773020589,0.04923496371747634,277.0195908564662,23.366568235481683,274.3843891615389,277.08919399536376,23.392072449090204,274.4539184216149,0.08515997687362946,0.08523132984807788,4.87551218908461e-09,0.9911445822832141,277.0851455900557,g1,A,0,g1
G1JoystickFlatTerrain_pathwise_fa_s102_final,G1JoystickFlatTerrain,pathwise,102,29,8192,1,5,3.533182928730742e-08,0.15240123344217493,0.9885229190170621,-0.01942779311753722,3.5077739783483034e-08,0.09386108796607605,0.9955874843798014,-0.11591907912086798,3.6078552814688615e-08,0.486839365370358,0.9038293435837287,0.05501383582509079,3.560573483398029e-08,0.1990087497604475,0.9810150739558082,0.031197943671664355,271.86748935259635,24.048261801947564,272.54101611659763,271.9715868406124,24.07784200614058,272.6357133779414,0.0882372207479377,0.08831506961365171,5.175713636224653e-09,0.9915192318845789,271.9701979941933,g1,A,0,g1
G1JoystickFlatTerrain_pathwise_fa_s102_final,G1JoystickFlatTerrain,pathwise,102,29,8192,1,6,3.452229539530191e-08,0.15381135395144482,0.9884941336335203,0.030574684109812487,3.390149266245094e-08,0.08987414040671755,0.9959605609701006,-0.04707722670827486,3.346942392140358e-08,0.5775347898124529,0.8809923756784048,0.11762579107272836,3.524004392886407e-08,0.20677017332078307,0.9800224463349769,0.07672403633541994,288.6600218853603,23.38853896196489,288.9242992911457,288.7372902336271,23.415346605354276,288.9938381044018,0.08095040472312938,0.08102368811370703,4.687343458499633e-09,0.9912504996080883,288.73131051082555,g1,A,0,g1
G1JoystickFlatTerrain_pathwise_fa_s102_final,G1JoystickFlatTerrain,pathwise,102,29,8192,1,7,3.552575718936288e-08,0.15107158847468052,0.988763102385801,-0.005267192410138316,3.536247909014711e-08,0.09187098561399945,0.99577102946805,-0.0969654658752672,3.603214502681867e-08,0.42637347117735624,0.9250406519255281,0.08166672981404346,3.572054157916067e-08,0.20274376231184718,0.9804695841782672,0.04739721604171417,293.1567452764554,24.253060267386626,293.20857038913937,293.2317741794598,24.277312739457077,293.2806608504224,0.08271606875337396,0.08277843028947207,4.908223859661653e-09,0.9916599959308184,293.2278032787729,g1,A,0,g1
G1JoystickFlatTerrain_pathwise_fa_s102_final,G1JoystickFlatTerrain,pathwise,102,29,8192,2,0,3.5090798684324676e-08,0.1568546922838405,0.9880466357814491,0.03101452673858411,3.4676914028298046e-08,0.0984276604165841,0.9953494897449277,0.11013899903967783,3.4508037990548435e-08,0.6321538892985997,0.8565000981397419,0.07308106401991359,3.557423321998511e-08,0.20447820497344912,0.9796402194247913,-0.011170864431046803,278.5761174092405,24.881524798656724,273.7776707500744,278.65494584350773,24.90234240293811,273.85600265705585,0.09088222838074486,0.09093224965429259,5.664391724924307e-09,0.9922977264880369,278.65214093609455,g1,A,0,g1
G1JoystickFlatTerrain_pathwise_fa_s102_final,G1JoystickFlatTerrain,pathwise,102,29,8192,2,1,3.553597978283791e-08,0.1475772887387727,0.989643338181722,0.09004243892014153,3.536965610958517e-08,0.0882170497796175,0.9962644398277672,0.11908718728702401,3.513062643181091e-08,0.49979834665605627,0.8930723168582859,-0.01607514525277848,3.573908196505317e-08,0.19839035728050014,0.9816248509809073,0.0850233163669063,295.2380020393378,22.298869514940957,290.4985871264298,295.31089839799535,22.317911293757632,290.56846686926707,0.07676068147359368,0.07680775389780632,6.269513565852937e-09,0.9927383252182924,295.30809143383476,g1,A,0,g1
G1JoystickFlatTerrain_pathwise_fa_s102_final,G1JoystickFlatTerrain,pathwise,102,29,8192,2,2,3.500866144680193e-08,0.14500822903529903,0.9900386787474637,0.10019598151069521,3.4464827104792487e-08,0.08671762889513308,0.9965040216153097,0.1865996012884774,3.494325134874671e-08,0.4295470575379712,0.9212332014443038,0.03836593600377781,3.570591096205542e-08,0.1968619215309367,0.9816815156624776,0.06258812377856339,302.2199584589517,21.968559251051694,296.01679213661623,302.2932323974589,21.98394770779199,296.08832160221874,0.07421389540939555,0.07424793922580424,4.968564489658872e-09,0.9928636202803712,302.28785130789356,g1,A,0,g1
G1JoystickFlatTerrain_pathwise_fa_s102_final,G1JoystickFlatTerrain,pathwise,102,29,8192,2,3,3.5590803676785305e-08,0.17006151742265962,0.9864628705952673,0.10321947921005768,3.602525542105387e-08,0.10642421368612447,0.9946217186140911,0.12783337419385896,3.670772802055378e-08,0.4618624021856559,0.9143397746759341,0.08466548202154908,3.507389773911399e-08,0.22411702038024023,0.9770289493759422,0.09983539196033654,286.1970169864301,29.919357328421352,278.4643946818424,286.27849078146227,29.94410443450189,278.5422833519697,0.10744410380582192,0.10750290431368376,6.2164086474458015e-09,0.9888628191266082,286.27567522823813,g1,A,0,g1
G1JoystickFlatTerrain_pathwise_fa_s102_final,G1JoystickFlatTerrain,pathwise,102,29,8192,2,4,3.624689128454474e-08,0.1666485518562498,0.9868718756230717,0.08676982790453118,3.709815713454883e-08,0.09941014864133156,0.9952057625960706,0.08198863880440718,3.454571614845795e-08,0.5887812182267803,0.8735235570499599,0.088949728147343,3.52771777447252e-08,0.21991087290973144,0.9778324955013475,0.09947889510870649,273.27571882518066,24.748076460858986,267.98802842713866,273.35547722219525,24.76909499898202,268.0612526864646,0.09234769405972726,0.09240087760073579,5.644217043975355e-09,0.9886472063439179,273.3510887979934,g1,A,0,g1
G1JoystickFlatTerrain_pathwise_fa_s102_final,G1JoystickFlatTerrain,pathwise,102,29,8192,2,5,3.4908290042883826e-08,0.15554707721842345,0.9883567855650865,0.05647395783745099,3.444416800667575e-08,0.09399499743186283,0.9956833401770127,0.06560146565059567,3.553943547950031e-08,0.4170703527558279,0.928372727707314,0.09012909480546474,3.543896243665462e-08,0.2063473499039822,0.9799006051467092,0.05772909592923352,280.3864715683871,25.81034298326051,277.0118782449263,280.46305645094225,25.8324935486709,277.08897026254033,0.09317413804342216,0.09322815528959762,4.940644611441731e-09,0.9904397072726298,280.46141967681353,g1,A,0,g1
G1JoystickFlatTerrain_pathwise_fa_s102_final,G1JoystickFlatTerrain,pathwise,102,29,8192,2,6,3.469259150091731e-08,0.1510165319404983,0.9890484115051298,0.06520501805491574,3.394568729706597e-08,0.0910980968095551,0.9959425988850993,0.06591617887178677,3.4098671058934876e-08,0.5074369055439242,0.8983974642876451,0.0699151314452557,3.553613845877301e-08,0.19989266460915117,0.9812299986307794,0.07228634217830415,285.6365103791247,23.141797312866284,281.4645076883884,285.7153974267986,23.16331207525536,281.54384185324267,0.08221923788162545,0.08227248702292471,5.427412973616293e-09,0.9923537773861066,285.71310225627,g1,A,0,g1
G1JoystickFlatTerrain_pathwise_fa_s102_final,G1JoystickFlatTerrain,pathwise,102,29,8192,2,7,3.620491364667794e-08,0.15478757761887715,0.9886294564967372,0.08836446839548612,3.676677569494061e-08,0.0905472716026824,0.9960697893140922,0.12028588285023868,3.646228939964028e-08,0.4967554715960463,0.8993695964998404,0.04226281115224604,3.5515417098833486e-08,0.20835228704592385,0.9797935212808151,0.08244299606491445,281.5161670734278,24.090828797033474,276.036475144234,281.5918342749061,24.11986319344761,276.11338349627636,0.087274077762533,0.08735492241640218,5.771423162116471e-09,0.9908041127388131,281.5890491221855,g1,A,0,g1
G1JoystickFlatTerrain_pathwise_fa_s102_final,G1JoystickFlatTerrain,pathwise,102,29,8192,3,0,3.5395882458445026e-08,0.15965745160167047,0.9874223115638469,-0.01920147261554741,3.490134185523977e-08,0.09953293001237393,0.995035211789195,-0.1132099446351331,3.494063723715963e-08,0.6094838327205511,0.8637497439153303,0.06921455151886796,3.5949320836325156e-08,0.20937797778520817,0.9790748666928206,0.03256625393039275,271.1112693143996,27.212464169411792,276.6242523106607,271.1925336365066,27.237004482130594,276.7021206568255,0.09837338534891346,0.09843439008517996,5.747955908752517e-09,0.9893347104374646,271.1912917296243,g1,A,0,g1
G1JoystickFlatTerrain_pathwise_fa_s102_final,G1JoystickFlatTerrain,pathwise,102,29,8192,3,1,3.572450098913696e-08,0.15860956251107197,0.9875760751873998,-0.021637877556212378,3.5529870363623905e-08,0.10177302110168564,0.9948141326605581,-0.1367628407947602,3.58877116603476e-08,0.6057497301926122,0.8635793589567143,0.05890653461039216,3.594028572335313e-08,0.2061311914175533,0.9798082391677431,0.04440888554278375,271.6089629439103,26.98364514817102,277.15753539620204,271.68376742582683,27.010921825275506,277.2254212418509,0.09735851168396804,0.0974330626112067,5.15594665644524e-09,0.9901074028061977,271.68096475593916,g1,A,0,g1
G1JoystickFlatTerrain_pathwise_fa_s102_final,G1JoystickFlatTerrain,pathwise,102,29,8192,3,2,3.72741532415946e-08,0.15436280264418026,0.9881580108959644,-0.04461712220104416,3.845735875330635e-08,0.09843800387316061,0.9951466247812981,-0.12481803286106334,3.429178206092312e-08,0.5543958067020383,0.8891995395707517,0.12460892635853697,3.588864977216101e-08,0.20078230850417644,0.9804125952098031,-0.002677306573787138,268.56358925750453,25.892746284174656,274.74067739351074,268.6542875493648,25.91664886794114,274.8216223411786,0.0942443125998718,0.09430352912976657,6.965348312343992e-09,0.9907655481704906,268.6501572224977,g1,A,0,g1
G1JoystickFlatTerrain_pathwise_fa_s102_final,G1JoystickFlatTerrain,pathwise,102,29,8192,3,3,3.566226140529157e-08,0.16253286345254742,0.9870018381257057,-0.011456893783001423,3.5902358924708424e-08,0.0983092210997841,0.9951560705346686,-0.10391937315936921,3.663628806352449e-08,0.7632314511879283,0.8156635229049629,0.09350278416744694,3.538069575667456e-08,0.21512080939944533,0.978024846691882,0.038922851927533614,275.92358178622845,26.307429257160734,280.6261788781059,276.0157092332331,26.332467133840495,280.71110483878397,0.09374545654412254,0.09380628938411067,5.261830685434288e-09,0.9895607793664308,276.01234305626,g1,A,0,g1
G1JoystickFlatTerrain_pathwise_fa_s102_final,G1JoystickFlatTerrain,pathwise,102,29,8192,3,4,3.641923305919921e-08,0.14737878404797003,0.9892878701179877,-0.008506235657745689,3.7305879146366646e-08,0.09457784358078752,0.9955179768671713,-0.08398408025471087,3.406690860754422e-08,0.41372363253011823,0.9227438929925033,-0.023572916252630253,3.539556493031772e-08,0.19163109389790836,0.9823833712976112,0.03522935807381,282.2313760063774,26.153810470968267,286.3655951012978,282.3249638104491,26.174908564331222,286.4553012840411,0.09133014202253113,0.0913751934315812,7.3383325972808524e-09,0.9918784910092673,282.32175608919005,g1,A,0,g1
G1JoystickFlatTerrain_pathwise_fa_s102_final,G1JoystickFlatTerrain,pathwise,102,29,8192,3,5,3.561412070129939e-08,0.1510051234537017,0.9886580783432521,-0.04639864405854484,3.5299941884346975e-08,0.0951794218144012,0.9954682713748559,-0.1371073457626419,3.5101085807630624e-08,0.5215345663713178,0.8912462525250786,0.04570444578393787,3.600485075151101e-08,0.20156613605874044,0.9803217721878563,0.004803997235270931,295.07012654127743,27.3501040951377,300.3855213877175,295.1433212350043,27.370651709173355,300.4538558742265,0.09105000789913546,0.09109768829404184,4.676139833337888e-09,0.9912643343474331,295.13853205742583,g1,A,0,g1
G1JoystickFlatTerrain_pathwise_fa_s102_final,G1JoystickFlatTerrain,pathwise,102,29,8192,3,6,3.551341370519321e-08,0.14914045546520144,0.9889637115131465,-0.03385072938819562,3.530197133482025e-08,0.09382140697149749,0.995595016755816,-0.13029161393516223,3.526417597332015e-08,0.4622732157521273,0.9090815348567669,0.018454766958370304,3.5765295911736094e-08,0.19756981560771164,0.9811931212143692,0.020570219496800136,278.5771110727804,25.330584653841996,284.2728194008821,278.65577254405633,25.349848270049637,284.35017499591197,0.08910660086049474,0.08915010609862996,5.51970598656203e-09,0.9914582047127898,278.6506532610527,g1,A,0,g1
G1JoystickFlatTerrain_pathwise_fa_s102_final,G1JoystickFlatTerrain,pathwise,102,29,8192,3,7,3.605612462417585e-08,0.15997777138698152,0.9873271866251148,-0.03278832538312365,3.658501065023126e-08,0.09805472689077512,0.995187743633609,-0.1350351129981238,3.486490285617207e-08,0.5344203811898137,0.8840735771639368,0.020113763376129048,3.5435940786761446e-08,0.21214724728108775,0.9784341763028722,0.02197848737309076,270.72752099985263,27.560738173566733,275.3769148904238,270.80114942099243,27.58963665530188,275.4472293230735,0.1000836914181184,0.10016305745062241,5.551862159069193e-09,0.9894812498913528,270.7964298637451,g1,A,0,g1
G1JoystickFlatTerrain_pathwise_fa_s103_final,G1JoystickFlatTerrain,pathwise,103,29,8192,0,0,3.596421363206257e-08,0.13831517075631697,0.9906221454178799,0.019197309460062307,3.617433841867094e-08,0.07899300803191614,0.9968779295723094,-0.04932257791332146,3.6775346447108414e-08,0.7285039263597981,0.8003556133902302,-0.03869432325586335,3.575298199074178e-08,0.1794131795976619,0.9846154352591774,0.0531915757006804,382.84732950234456,28.556704181415395,380.3516832504825,382.94635406943524,28.603021996375404,380.44098060992,0.07507973656740506,0.07518386150335114,4.728821099117142e-09,0.9921470657188937,382.93921338025905,g1,A,0,g1
G1JoystickFlatTerrain_pathwise_fa_s103_final,G1JoystickFlatTerrain,pathwise,103,29,8192,0,1,3.559224985890246e-08,0.1423782696948879,0.990138735123074,0.03895388464059223,3.525150526478534e-08,0.08099494925401063,0.9967451668700752,0.01596090441018767,3.5740178724685475e-08,0.6234032455594798,0.8536931857241933,0.034212628167842346,3.5936935960927745e-08,0.18598145790442341,0.9835152532773843,0.05417238897050751,380.4830738150019,29.93609130686069,376.4464989676896,380.59739971058883,29.99139339954545,376.5508500257978,0.0795228309705439,0.07964765820470365,4.5691308920676785e-09,0.9910822815000419,380.5892656895996,g1,A,0,g1
G1JoystickFlatTerrain_pathwise_fa_s103_final,G1JoystickFlatTerrain,pathwise,103,29,8192,0,2,3.559749450088526e-08,0.13202846158163684,0.9913402178539712,-0.02795076141308534,3.540101247234763e-08,0.08033237186870054,0.9967702649515666,-0.054696731441058806,3.705206203167278e-08,0.49662918857076593,0.8939508886103257,-0.01925274716163084,3.580597159188033e-08,0.17130099823664358,0.9855651605295676,-0.01698539158646642,394.65730623257696,29.22382325011507,394.43013545502436,394.7457083574805,29.27301945248159,394.5162109312927,0.07409125374358547,0.07419978860533968,4.415581660922294e-09,0.9929211404218927,394.73796900794565,g1,A,0,g1
G1JoystickFlatTerrain_pathwise_fa_s103_final,G1JoystickFlatTerrain,pathwise,103,29,8192,0,3,3.5899289528041185e-08,0.13035758218921037,0.9916731793293259,0.026588307431756563,3.600471164673729e-08,0.07843558274015024,0.9969576207533556,0.03381356514468188,3.568867738766257e-08,0.53322353303238,0.8840750315409915,0.016066552163743652,3.5784045268940514e-08,0.16992461806795933,0.9859974254763854,0.02573382535154492,382.1718696608373,27.648430758959524,379.61969494815844,382.26457942263926,27.68944222454116,379.70478345639685,0.07283191869888407,0.0729236065252804,4.7144765134557865e-09,0.9935691116166906,382.25752678444496,g1,A,0,g1
G1JoystickFlatTerrain_pathwise_fa_s103_final,G1JoystickFlatTerrain,pathwise,103,29,8192,0,4,3.5385420536718526e-08,0.12919015646394655,0.9918429963785796,0.03575811071133815,3.524266514801805e-08,0.07499326713201852,0.9971989910059712,-0.0019854828162847215,3.651359602397773e-08,0.5287538605902897,0.8785856804944473,-0.05431086576122653,3.5530287969776124e-08,0.16825877789972754,0.986443931661487,0.05795548044865408,379.02361432296306,26.93505750932515,377.05251099633387,379.12073922046017,26.99664091696483,377.14459960933976,0.07143582584333186,0.07158167171140424,4.1833731615204e-09,0.9933943442745813,379.11132348505953,g1,A,0,g1
G1JoystickFlatTerrain_pathwise_fa_s103_final,G1JoystickFlatTerrain,pathwise,103,29,8192,0,5,3.5714906719059096e-08,0.14142312291846615,0.9901519920556195,0.0016990817216231335,3.565451668710271e-08,0.0828790151120023,0.9965704900807764,-0.026638902613142834,3.598759215105899e-08,0.6458378637189609,0.8412196499985881,0.00739719588828323,3.5778136121607556e-08,0.18445552784239885,0.9835081180327446,0.015793572289223155,387.4466665043453,31.426822263342512,385.4035514962762,387.5425176765884,31.482496674340076,385.49528566620535,0.08154263794750236,0.08166765676506929,4.578622895203471e-09,0.991446814420491,387.5350715565668,g1,A,0,g1
G1JoystickFlatTerrain_pathwise_fa_s103_final,G1JoystickFlatTerrain,pathwise,103,29,8192,0,6,3.629537237398787e-08,0.13246533245984726,0.991423000681715,0.03273252556544457,3.687167845337597e-08,0.07922718039402937,0.9968728345841227,-0.00720365087366312,3.595127971382049e-08,0.5316625387961981,0.8856697411337775,0.025938845859657063,3.5649032675674073e-08,0.17403008784285187,0.9855240550819048,0.05737112680693932,384.9789591927685,27.340321134693664,381.8246709185983,385.07659197495826,27.380458900355272,381.913878474536,0.07160438603644421,0.07169275704177057,4.192958901167958e-09,0.9932237394454492,385.0703320263679,g1,A,0,g1
G1JoystickFlatTerrain_pathwise_fa_s103_final,G1JoystickFlatTerrain,pathwise,103,29,8192,0,7,3.5912008475133795e-08,0.13067440944570763,0.991618861079815,0.020920289252496307,3.605355225555123e-08,0.07720493338729029,0.9970389363980244,0.012169993818011825,3.5615342337010866e-08,0.5769009211726636,0.8734359139535204,0.057372670955462744,3.576035179465522e-08,0.17049571334905828,0.9859150216160176,0.027485486980595095,391.1964672281722,27.224779596234335,387.81399235539953,391.27963028178937,27.258672225783812,387.8964856491416,0.07020061197607588,0.07027305797877126,4.611979992701808e-09,0.9936867329403389,391.2709136415239,g1,A,0,g1
G1JoystickFlatTerrain_pathwise_fa_s103_final,G1JoystickFlatTerrain,pathwise,103,29,8192,1,0,3.662558311637399e-08,0.1457670201383983,0.9896012368048985,0.01852429024002168,3.749049720605116e-08,0.09040217971468589,0.9959085764463516,-0.06235970098859366,3.515228819807614e-08,0.654066605712654,0.8485378925882558,0.07072165844888786,3.5718116787632194e-08,0.18745385107595017,0.9833298846968025,0.06267051301531021,377.5124553861305,34.96404169696541,378.5586193510187,377.6197057862628,35.009869373197546,378.6598970329836,0.09236097108792783,0.09245729386058507,5.445227158894503e-09,0.9906729928763945,377.60917298632495,g1,A,0,g1
G1JoystickFlatTerrain_pathwise_fa_s103_final,G1JoystickFlatTerrain,pathwise,103,29,8192,1,1,3.6523773353190306e-08,0.13376474833288782,0.9911379421085366,-0.015363748796289404,3.7106589755844656e-08,0.08226956847954156,0.9966372149682317,0.0074251474357209845,3.584486551415627e-08,0.6380990528691343,0.8356690947862994,-0.04734129859804656,3.590440363135583e-08,0.1710709994606504,0.985555394577314,-0.028343842689170458,367.5978855102674,29.55776344601122,370.86569952146704,367.68296084578566,29.605211786481433,370.9585427830813,0.07969937226373297,0.07980733255088575,5.9008759302548815e-09,0.9929430417617979,367.67735287383306,g1,A,0,g1
G1JoystickFlatTerrain_pathwise_fa_s103_final,G1JoystickFlatTerrain,pathwise,103,29,8192,1,2,3.595149024793211e-08,0.14444373558233373,0.9896704323332566,-0.021349304794997304,3.612477131824551e-08,0.08893855869136354,0.9960494482291421,-0.033148753862048914,3.6650556928447656e-08,0.5588192406301747,0.8705977800499878,-0.02032898819321449,3.576967250564218e-08,0.1852576589706755,0.9831686966293224,-0.01737321676792621,367.1862625996161,32.79933717386246,369.9120192491834,367.2784687419316,32.85077689869578,370.00796919996714,0.08866794120514314,0.08878397124722957,4.093675031491464e-09,0.9906192541122856,367.27118908691955,g1,A,0,g1
G1JoystickFlatTerrain_pathwise_fa_s103_final,G1JoystickFlatTerrain,pathwise,103,29,8192,1,3,3.723047805838508e-08,0.14094896345686353,0.9902082777061806,-0.0014839204221688252,3.803860568334244e-08,0.0842736539624905,0.9964528920038085,-0.03060709305413273,3.661027082588105e-08,0.7393365744593784,0.8124031111313227,0.03960057335935411,3.635194773310308e-08,0.1829814078229265,0.9837461058643638,0.012996219835053884,379.8449624654821,32.268799106533585,381.0291894141876,379.92656619815494,32.32022954883437,381.11315371335394,0.08468852256737885,0.08480481251807763,4.557439306577659e-09,0.9915119791375593,379.9186639468544,g1,A,0,g1
G1JoystickFlatTerrain_pathwise_fa_s103_final,G1JoystickFlatTerrain,pathwise,103,29,8192,1,4,3.600502308956899e-08,0.13610352265029835,0.9908114562284053,-0.023636336572938028,3.5959512237879935e-08,0.0819449474106457,0.9966369123933759,-0.08597114539540124,3.5971055350384164e-08,0.5632596367166011,0.8754868141904099,0.03519194266097827,3.6055175093247317e-08,0.17836807634892002,0.9844979571447563,0.006496916585910457,368.0222866987867,30.948212380812073,370.0623959943046,368.11087473083046,30.97819810987782,370.1489965688083,0.08362971411255818,0.0836911578770661,4.58726422861118e-09,0.9928196271220797,368.1058655870609,g1,A,0,g1
G1JoystickFlatTerrain_pathwise_fa_s103_final,G1JoystickFlatTerrain,pathwise,103,29,8192,1,5,3.591302778080675e-08,0.13558636149743208,0.9908815156507091,-0.023096757436925682,3.619252243720189e-08,0.08241221316694142,0.9965993645503726,-0.09977001838761752,3.566767187194446e-08,0.49675378556808036,0.8980067091644762,0.027184924047052174,3.5618327808538996e-08,0.17557946066508962,0.9850073776664224,0.013811601788793117,376.8736055345708,29.48959345926219,378.08543914993436,376.95877577526795,29.531516404468306,378.1673265888237,0.0779971678506446,0.07809113672207184,4.606917577531523e-09,0.9930955107654531,376.95201560318526,g1,A,0,g1
G1JoystickFlatTerrain_pathwise_fa_s103_final,G1JoystickFlatTerrain,pathwise,103,29,8192,1,6,3.569125102322282e-08,0.1282533107899572,0.9917681985803721,-0.07150530644587295,3.536246193193266e-08,0.08128026165239054,0.9967087488516091,-0.15320243954415833,3.614450754113747e-08,0.4039329784272156,0.9264057928423096,-0.015556877370297418,3.604074921162052e-08,0.16501037096011886,0.9865268442762075,-0.03346855746632572,376.22288760034127,30.959682390427893,381.8742198216612,376.32040101051774,30.994068413388266,381.96381281360664,0.08107298367741679,0.0811439915867446,5.145443000253407e-09,0.9943377627021138,376.3131929448388,g1,A,0,g1
G1JoystickFlatTerrain_pathwise_fa_s103_final,G1JoystickFlatTerrain,pathwise,103,29,8192,1,7,3.591585719275496e-08,0.1353939000499892,0.9908517871853276,-0.054759957975536386,3.594652564692493e-08,0.08732138114868723,0.996180206259536,-0.08918921956902112,3.576621359080081e-08,0.4696215548538189,0.9002199060929325,-0.06655738851138583,3.5883122657159094e-08,0.17282357915315105,0.9852145925628556,-0.040371465904771066,369.1275494875181,31.98956419197826,372.30026984121207,369.2218344656645,32.03311081614741,372.40019918976856,0.08592409617543893,0.0860179744421238,5.368517222977045e-09,0.9930757703725838,369.2168494068629,g1,A,0,g1
G1JoystickFlatTerrain_pathwise_fa_s103_final,G1JoystickFlatTerrain,pathwise,103,29,8192,2,0,3.5601753827778863e-08,0.1251538820270049,0.9924811145029202,0.08743169266131298,3.557455811133115e-08,0.07693895343846642,0.9972311121023937,0.1839229190647767,3.664952842110109e-08,0.48976963345325336,0.9049712164148295,0.07861821515448413,3.563048355033796e-08,0.16206457539741134,0.9873303794604484,0.04542225309874891,398.2714439396762,26.731884310014713,394.0223458008562,398.36941911990846,26.772734045228894,394.1172218832122,0.06784357434267262,0.06793089101080267,4.171635692020609e-09,0.994964717907738,398.36594443668764,g1,A,0,g1
G1JoystickFlatTerrain_pathwise_fa_s103_final,G1JoystickFlatTerrain,pathwise,103,29,8192,2,1,3.610361951974363e-08,0.13452946809643973,0.991314439249038,0.08018032144833202,3.632258694319373e-08,0.0815070067765119,0.9968111095335542,0.12497162873664905,3.4463338099162906e-08,0.535670876040584,0.8977909291563393,0.1489282592851053,3.587342403934431e-08,0.17383778636434832,0.9856079267006577,0.06539555402657073,378.6982793974026,27.275988027421334,375.1717208196186,378.8044759484836,27.31718692221437,375.2713126353624,0.07270267590487042,0.07279316591075913,5.213565631178901e-09,0.9935948532919112,378.79486667370196,g1,A,0,g1
G1JoystickFlatTerrain_pathwise_fa_s103_final,G1JoystickFlatTerrain,pathwise,103,29,8192,2,2,3.6044322337751686e-08,0.12813432867739072,0.9919406922636547,0.022559647861855065,3.648461752383738e-08,0.08136821713481787,0.9967485917834266,0.059095801494325355,3.6026024512394697e-08,0.5994700280267473,0.8673986292778466,0.07062311570337944,3.5565280054188626e-08,0.16363984958035468,0.9868941792004547,0.004720391369623643,382.60537174869626,26.367647851330812,380.2242258723117,382.689189939028,26.405072644625037,380.30728837060786,0.069347627155629,0.06943088773753221,4.494947297533049e-09,0.9941364087072043,382.6792376699778,g1,A,0,g1
G1JoystickFlatTerrain_pathwise_fa_s103_final,G1JoystickFlatTerrain,pathwise,103,29,8192,2,3,3.5510570637282464e-08,0.13313177015247302,0.9915206942528278,0.08867166556609443,3.5149414587503375e-08,0.08045292351321962,0.9969530739205137,0.16849327988958226,3.552331153510332e-08,0.5818690582809856,0.871094960236867,0.052650260737717905,3.590965362855337e-08,0.17362092440453322,0.9855838964133508,0.05643765888645412,387.1413947055315,26.838326048096597,382.0952368250333,387.2346949860011,26.88573146079777,382.1821083731061,0.07023988645110006,0.07034795944594677,4.327962349029492e-09,0.9932756679880063,387.22819777226175,g1,A,0,g1
G1JoystickFlatTerrain_pathwise_fa_s103_final,G1JoystickFlatTerrain,pathwise,103,29,8192,2,4,3.5545687374320405e-08,0.13252175785493328,0.9915355599116215,0.07142829770219758,3.5350277435589805e-08,0.08518738433016813,0.9965240886043879,0.1268621574781846,3.6330475655504594e-08,0.5185997486438735,0.887504847391757,-0.002258693797155007,3.575330613373025e-08,0.16900307093198677,0.9862650152882794,0.047420865337621305,379.18906399078645,27.20172984366336,375.3180827762367,379.2814290799317,27.227533539207467,375.4085828576842,0.0724764702048232,0.07252773320190507,4.418703631685276e-09,0.9941270698577762,379.275437089433,g1,A,0,g1
G1JoystickFlatTerrain_pathwise_fa_s103_final,G1JoystickFlatTerrain,pathwise,103,29,8192,2,5,3.5584242053884114e-08,0.1325586816135029,0.9914597137298977,0.0493497348029171,3.583593253610914e-08,0.08294188668349958,0.9967280238135036,0.1447991716084246,3.5241210609909394e-08,0.4729613430435356,0.9095397514592215,0.0688743305606957,3.53096824077052e-08,0.17017182903804617,0.9858443869030455,0.0034712986770372707,383.0219420744143,28.122860677343144,379.92563464681604,383.1079662444955,28.173819595200694,380.02085872434674,0.0740220140804304,0.07413756100066307,4.65596936783114e-09,0.9932061748447675,383.09965661920023,g1,A,0,g1
G1JoystickFlatTerrain_pathwise_fa_s103_final,G1JoystickFlatTerrain,pathwise,103,29,8192,2,6,3.553571339904112e-08,0.14062958081126345,0.9905179948403786,0.07739446435811613,3.538210704017567e-08,0.08716651221142406,0.996464831384165,0.18471957413613838,3.6066910466979943e-08,0.6356501044031682,0.8569117069392346,0.08342357151464203,3.570270474197837e-08,0.1811227353579833,0.9841607061855555,0.028170429648523065,374.6548302371887,30.33173161329014,368.10737011275785,374.7442496836521,30.38047185862068,368.19563397467067,0.08239914241325541,0.08251176563573963,4.195231371751412e-09,0.9927519851760104,374.73688529098615,g1,A,0,g1
G1JoystickFlatTerrain_pathwise_fa_s103_final,G1JoystickFlatTerrain,pathwise,103,29,8192,2,7,3.615899579535787e-08,0.14119866832270875,0.9903608379037157,0.05642129320659622,3.62864105683035e-08,0.08295358840219332,0.996725897715517,0.14398412358881976,3.59425098487564e-08,0.5486421761430239,0.8904217391735867,0.11964874020594675,3.6021191348433316e-08,0.18411174348551398,0.9835910783548651,0.019397736345869086,366.1934001555149,27.48483404101314,363.121304451501,366.2884690690599,27.52622647674223,363.215576608603,0.07569050260636519,0.07578481829925511,4.755480350340577e-09,0.9921112307196323,366.2811240804285,g1,A,0,g1
G1JoystickFlatTerrain_pathwise_fa_s103_final,G1JoystickFlatTerrain,pathwise,103,29,8192,3,0,3.555504364097831e-08,0.1328665596773745,0.991703111392822,0.12637290681353652,3.563659890301403e-08,0.07881301469667858,0.9971814770257544,0.23391602327060815,3.608991031297784e-08,0.4728295539071167,0.9090461597457957,0.06238397769164164,3.547091164128436e-08,0.17114308117691018,0.9861884322167629,0.08806653543000206,374.6830788805603,26.546993346279304,365.39894233229336,374.79642609947723,26.579282747007085,365.506589490771,0.0726520804270348,0.0727190248034588,4.270302668024741e-09,0.993458783658381,374.78669799125214,g1,A,0,g1
G1JoystickFlatTerrain_pathwise_fa_s103_final,G1JoystickFlatTerrain,pathwise,103,29,8192,3,1,3.593583698243225e-08,0.12461576386494785,0.9926233613141516,0.11156078513378317,3.645167744486353e-08,0.0710309865526686,0.9976281807601824,0.1795398096636292,3.525394806033567e-08,0.49960201025421114,0.8943202015621509,-0.002796368932388246,3.537477785145312e-08,0.1638586856098402,0.9873304165261416,0.0926503015681775,385.517429501994,24.517302558268987,375.92355992049244,385.60659449719225,24.55883587648499,376.0029146346201,0.0652188507776802,0.06531554655726515,5.035870621796778e-09,0.9955044627005891,385.5985834880447,g1,A,0,g1
G1JoystickFlatTerrain_pathwise_fa_s103_final,G1JoystickFlatTerrain,pathwise,103,29,8192,3,2,3.545107922835917e-08,0.12486429924586108,0.9925836550715266,0.10836612317977022,3.552385455351691e-08,0.07312141770705047,0.9975317426325226,0.2109247580473601,3.487470500721324e-08,0.5500966502937839,0.8776469190570696,0.013053584279068744,3.537517621113272e-08,0.16193637884192594,0.9874890845217673,0.0711749397071782,384.9207007265865,24.484365673539813,376.40345547867986,385.0176121962148,24.522242317268734,376.4957081233804,0.06504819580469176,0.06513286018451118,4.295064357119403e-09,0.9950253319497998,385.0084143885593,g1,A,0,g1
G1JoystickFlatTerrain_pathwise_fa_s103_final,G1JoystickFlatTerrain,pathwise,103,29,8192,3,3,3.557343160171062e-08,0.12726019850746828,0.9922325291519082,0.08769397233945156,3.586007421458931e-08,0.07361538140420654,0.9973512758988669,0.08188718802705604,3.416121305300996e-08,0.44378421941898927,0.9149367204339002,0.013403398111263334,3.5268436407991784e-08,0.16716311165759368,0.9868869949573404,0.10076215762206925,381.7504863605446,25.3971057253409,373.7521473997048,381.84727338448795,25.424536685848715,373.8414531442582,0.06795173192190437,0.06800887507795399,4.577017915733385e-09,0.994862608877872,381.83942103181835,g1,A,0,g1
G1JoystickFlatTerrain_pathwise_fa_s103_final,G1JoystickFlatTerrain,pathwise,103,29,8192,3,4,3.5775673477848006e-08,0.12852533266785657,0.9921953841857443,0.11951312366109212,3.602605279520758e-08,0.07197690380791986,0.997528051971728,0.1473888311600489,3.6027589325177287e-08,0.5146247704587831,0.8895163296934706,0.0036604303885468246,3.552255047614178e-08,0.16770193139492404,0.9869514535391891,0.12125607757271384,382.8064361629529,26.184441197456525,372.26954439118185,382.9187912966591,26.23662732018101,372.3734052274004,0.07033731765589121,0.07045784406692202,4.473624914912564e-09,0.9943767857104876,382.9057318173562,g1,A,0,g1
G1JoystickFlatTerrain_pathwise_fa_s103_final,G1JoystickFlatTerrain,pathwise,103,29,8192,3,5,3.557328415447417e-08,0.12863644609162372,0.9921512504203785,0.11129968246778293,3.5596943882212366e-08,0.07316850903868155,0.9975009568358758,0.19108479508650522,3.39617618733925e-08,0.47974572277372823,0.908696270973623,0.08451256364768299,3.554945929573836e-08,0.1696643107992083,0.9864067798724104,0.08643703450620248,396.265496618338,26.352235912322488,387.27942087496996,396.35655428458597,26.386677840244495,387.3622537258245,0.06804450350804987,0.06811886699451349,4.264580232789345e-09,0.9945906433513001,396.3490206255661,g1,A,0,g1
G1JoystickFlatTerrain_pathwise_fa_s103_final,G1JoystickFlatTerrain,pathwise,103,29,8192,3,6,3.57882550329396e-08,0.1278882038860114,0.9922384573223784,0.1108845953975705,3.596127061002786e-08,0.07335683974014007,0.9974845234510359,0.18828154764561644,3.486187245766335e-08,0.5254638458211474,0.885808107937899,0.005744441159313838,3.5601949858917836e-08,0.16798326446085005,0.9866688067712313,0.08690217741425314,395.5074651623861,26.79886531339776,387.0282171000006,395.60766811874265,26.870279549171265,387.11914026185616,0.06924266533898064,0.06941087834353922,4.648263866344072e-09,0.9942155190952415,395.5977550468774,g1,A,0,g1
G1JoystickFlatTerrain_pathwise_fa_s103_final,G1JoystickFlatTerrain,pathwise,103,29,8192,3,7,3.582557219786159e-08,0.13828877917239954,0.9908940466543318,0.09490449281393472,3.614257044078978e-08,0.07640722144213395,0.9972556099791167,0.17480623955346128,3.578130390672927e-08,0.5787218500765233,0.8665759505864646,0.008459872809516442,3.548295890399884e-08,0.18285071965453098,0.9841699393543696,0.07042102036765618,389.7014725594748,29.907528589320652,379.58591219229737,389.80996638621605,30.00234566795559,379.68370545393515,0.07878988031086223,0.07901931327836643,4.578239486796325e-09,0.9925632204983543,389.8010319055919,g1,A,0,g1
G1JoystickFlatTerrain_pathwise_fa_s104_final,G1JoystickFlatTerrain,pathwise,104,29,8192,0,0,3.611871992570827e-08,0.14956274806460237,0.9891770599786329,0.04777234732423325,3.6397158515319826e-08,0.08610501639805823,0.996468106757869,0.13852522237627773,3.674090064736446e-08,0.6793718188641864,0.8364495050438499,0.05221513534119509,3.5749170228792505e-08,0.20441728605860696,0.9797700087661487,0.003757755368016604,382.532003432346,27.875600471633685,373.329478203137,382.6785172884623,27.901709814706983,373.4756178932611,0.07466755801283355,0.0747082499577822,5.144780098553487e-09,0.9895928980978731,382.6613224163583,g1,A,0,g1
G1JoystickFlatTerrain_pathwise_fa_s104_final,G1JoystickFlatTerrain,pathwise,104,29,8192,0,1,3.5490821349689826e-08,0.1443020224346528,0.9899058979146771,0.04700577817323861,3.5243394422393453e-08,0.08014269681737198,0.9969409386887804,0.1442367195010596,3.45696789291182e-08,0.6657708104865877,0.855368565055888,0.13425907272925833,3.582284415553069e-08,0.19998403871542747,0.9805911250608936,0.00098438800934896,388.35552667374276,26.886176733422772,379.97301298794133,388.50035747881844,26.945926035201744,380.11471636144415,0.07075812179923406,0.07088893135507882,4.464297020444838e-09,0.99062741043902,388.4841189496227,g1,A,0,g1
G1JoystickFlatTerrain_pathwise_fa_s104_final,G1JoystickFlatTerrain,pathwise,104,29,8192,0,2,3.530339123297652e-08,0.14904911287991343,0.9892458625022795,0.04687778453962705,3.4894757195681017e-08,0.08319929700007411,0.9967025243737674,0.14112259005816613,3.578560326629412e-08,0.5717026070366857,0.8842773474263788,0.1287573851778584,3.584902664328388e-08,0.20704266502714708,0.9792476170859766,0.0018639420972354367,383.0813371811706,29.184101389561995,374.28633301148267,383.24271463052656,29.23088329548853,374.44216295150784,0.07797266107674464,0.07806514914100098,4.271026058333903e-09,0.9890766049069855,383.2231097198824,g1,A,0,g1
G1JoystickFlatTerrain_pathwise_fa_s104_final,G1JoystickFlatTerrain,pathwise,104,29,8192,0,3,3.633718320131509e-08,0.13693010405999773,0.9910541202971396,0.09160189987956405,3.694519653643196e-08,0.08315986178375223,0.9968188298765724,0.20811850668462076,3.667645019086954e-08,0.4761293316499241,0.9067756061081855,0.047980121724323685,3.5581932596545603e-08,0.18174440627961466,0.9841125770953663,0.03687103888930995,364.3725807921225,25.25086425549483,355.48811405165503,364.5288358123616,25.279648548356512,355.6445947970536,0.07103152892427121,0.07108121118157894,4.765906214494695e-09,0.9932386901557442,364.5140926810461,g1,A,0,g1
G1JoystickFlatTerrain_pathwise_fa_s104_final,G1JoystickFlatTerrain,pathwise,104,29,8192,0,4,3.526632259697777e-08,0.13236023333302824,0.9915613286372628,0.0730767231186029,3.4989576721068244e-08,0.0775713630904992,0.9972113650953606,0.20024561295990792,3.6493269323050476e-08,0.6362394828329812,0.8568507213650876,0.08431288937252757,3.562157343767966e-08,0.17915907896475197,0.9843905052207875,0.011205193364953401,387.1716477890659,24.679626466073188,377.9011262673472,387.309955504587,24.70016742463304,378.0421217477771,0.06530709953114416,0.06533707754691018,5.1311324340719026e-09,0.9937395034763753,387.2945462557172,g1,A,0,g1
G1JoystickFlatTerrain_pathwise_fa_s104_final,G1JoystickFlatTerrain,pathwise,104,29,8192,0,5,3.688224538640075e-08,0.138751117314545,0.9909112608514012,0.11250843384362913,3.750599603580042e-08,0.08489655827096691,0.9967776941498411,0.2506885255162009,3.6339492333244285e-08,0.6338015901960464,0.8566327781413946,0.07759075996195942,3.604612085022476e-08,0.18629128433545816,0.9833816384599687,0.043509117860842626,382.6250038518481,27.25952828344444,370.29860822828124,382.79489329236543,27.27805676421228,370.4713758501545,0.0736149898425744,0.07363067308942495,4.4251614225385434e-09,0.9925468656843601,382.7769278531128,g1,A,0,g1
G1JoystickFlatTerrain_pathwise_fa_s104_final,G1JoystickFlatTerrain,pathwise,104,29,8192,0,6,3.603040309007641e-08,0.1436543087565113,0.9901459891579125,0.0842238313792316,3.605927112710493e-08,0.08193315700595499,0.9968991178245756,0.20211796388042813,3.664005773586584e-08,0.638749030594081,0.8433068550940304,0.0035703264153215913,3.599098917925698e-08,0.1977831275025859,0.981236230375313,0.03070856868300643,386.665907053478,27.80403798942688,377.13856963149635,386.8030335484207,27.82931207470071,377.2710900358455,0.07372366612249244,0.07376476175806766,5.211931303347651e-09,0.9915932900354197,386.78681755417,g1,A,0,g1
G1JoystickFlatTerrain_pathwise_fa_s104_final,G1JoystickFlatTerrain,pathwise,104,29,8192,0,7,3.672352464480692e-08,0.15367057523602687,0.9885767022912888,0.045012953928222285,3.706839209969336e-08,0.08626902328972907,0.9964980886785892,0.16420485917563415,3.5050741038146963e-08,0.8095757373138237,0.7778706543709146,0.002591967019505471,3.62865691405262e-08,0.20829245463206988,0.9788988181101637,-0.01081280913949434,369.4747499222397,28.069108804456615,361.2368178289509,369.6200376475529,28.115167977730355,361.38104481648713,0.07770279057697692,0.07779923264101313,5.09345382236548e-09,0.9885359068633629,369.6046705322265,g1,A,0,g1
G1JoystickFlatTerrain_pathwise_fa_s104_final,G1JoystickFlatTerrain,pathwise,104,29,8192,1,0,3.685592946675425e-08,0.15033937491930857,0.9887401608723803,-0.05386284257390578,3.802334867688734e-08,0.08877155126275676,0.9961217509894938,-0.21946941454106572,3.4987467315062435e-08,0.6835305356564674,0.8324946752391337,0.038501775526461196,3.543081771967606e-08,0.20259419037056048,0.9803567346604273,0.03203596812968197,347.7779635035512,29.723517196984783,353.42705013175777,347.93391173432144,29.75868777367754,353.57890676931186,0.08410085528513948,0.0841642055109728,4.9920667044872835e-09,0.9890810161731786,347.91933153434064,g1,A,0,g1
G1JoystickFlatTerrain_pathwise_fa_s104_final,G1JoystickFlatTerrain,pathwise,104,29,8192,1,1,3.6241884390754216e-08,0.15045780851381987,0.9888364797072565,-0.010470589330324518,3.683271088872219e-08,0.09295433998116409,0.995706924510609,-0.18356023207797179,3.52569733268916e-08,0.8692005449659949,0.7577702937155257,0.010746160033687622,3.555515064908999e-08,0.19902159823029275,0.9815670487329614,0.09033838442763995,355.259714797016,30.819437677506826,359.82053185264766,355.4150718495701,30.8485324957731,359.96938896117297,0.08565224868859846,0.08569765497226876,5.764747563477619e-09,0.9901868877804917,355.402122099284,g1,A,0,g1
G1JoystickFlatTerrain_pathwise_fa_s104_final,G1JoystickFlatTerrain,pathwise,104,29,8192,1,2,3.5930581546907933e-08,0.1431373019688793,0.9897602737757841,-0.06861507369997583,3.610387107280872e-08,0.08695096263418216,0.9963185038600031,-0.25097905874445775,3.716662044259982e-08,0.625304133066905,0.8435847216705491,-0.028947473220856404,3.5708113468950385e-08,0.19484496360599798,0.9818039118004287,0.03476583431955944,355.4982683480998,29.448981726785675,363.57183068440554,355.6447470748198,29.4717748124572,363.7193878595751,0.08099907429942901,0.08102888049463998,4.61409246716409e-09,0.991532053571314,355.6311169378152,g1,A,0,g1
G1JoystickFlatTerrain_pathwise_fa_s104_final,G1JoystickFlatTerrain,pathwise,104,29,8192,1,3,3.6029656714211135e-08,0.1337778419565559,0.9910844943208386,-0.04348906444560744,3.6339992503951845e-08,0.0828923270436744,0.9966582546093155,-0.2500273952444642,3.50668404527009e-08,0.5516266233298013,0.8864429477082703,0.09394372419913483,3.565228580915217e-08,0.17959443684318427,0.9847618259574435,0.07742932426789396,364.3001052389104,29.08047951477872,370.50323443478385,364.4544724243396,29.104620762804625,370.6514942432356,0.07848913804799024,0.07852287449219073,4.398673741640264e-09,0.993493879414891,364.4370287961835,g1,A,0,g1
G1JoystickFlatTerrain_pathwise_fa_s104_final,G1JoystickFlatTerrain,pathwise,104,29,8192,1,4,3.643974967023842e-08,0.15501906111376548,0.9880767108202901,-0.03774161101942287,3.707842806955302e-08,0.08969618994037705,0.9960131563531746,-0.19265814762702807,3.659958679942874e-08,0.7599446073437448,0.804999031980745,0.03990462877274829,3.568686200829077e-08,0.20881621549962281,0.9792632104871142,0.04075322175333416,357.1243874181558,30.18763489206415,362.6920987130875,357.2682001019656,30.22155285081022,362.83548465903095,0.08323212719322128,0.08329271564827892,5.075902263442227e-09,0.9887878692728782,357.2546743999345,g1,A,0,g1
G1JoystickFlatTerrain_pathwise_fa_s104_final,G1JoystickFlatTerrain,pathwise,104,29,8192,1,5,3.6011813576447884e-08,0.13849987642657238,0.9903886501827436,-0.0866122999795227,3.649256086912508e-08,0.08749667760906914,0.9962803292440989,-0.2576120549095678,3.660573350914608e-08,0.5145397482805983,0.8869434395135048,-0.023727208174930074,3.5421952578657575e-08,0.18414155591919723,0.9835221054933283,0.009355684159001551,357.7497116653939,30.21900605253866,365.8606350206809,357.896584303548,30.24976286988777,366.0112605114929,0.08259704149595212,0.08264708257230745,4.124790532174538e-09,0.9927353120043173,357.8811421522715,g1,A,0,g1
G1JoystickFlatTerrain_pathwise_fa_s104_final,G1JoystickFlatTerrain,pathwise,104,29,8192,1,6,3.561759214140381e-08,0.13834417147168215,0.9904025274283706,-0.09496369801186207,3.538936894147725e-08,0.08223768365433537,0.9968509218985768,-0.3405915611561985,3.587048396409192e-08,0.6585700136148902,0.8385672920500851,0.020462274968068003,3.5919783316436355e-08,0.19234098099119815,0.9823438149386818,0.046115162993016615,381.6281645695036,30.176269159882292,391.16185576372044,381.78880523297596,30.204620623002956,391.3201883864447,0.07714522445181887,0.07718646141807173,5.067310902995843e-09,0.9923291300010877,381.77105077738264,g1,A,0,g1
G1JoystickFlatTerrain_pathwise_fa_s104_final,G1JoystickFlatTerrain,pathwise,104,29,8192,1,7,3.752140556362169e-08,0.14132816503501977,0.9900695429080276,-0.03798815604761436,3.887767638259415e-08,0.0829098081246532,0.9966329637503833,-0.22894447276879779,3.539523472888379e-08,0.7093757867557626,0.8081985464597147,-0.03833568532930795,3.571983148614123e-08,0.19444003438485105,0.9821854103193844,0.07071265138860681,366.67927704201793,28.74728139542602,372.6578651373455,366.834215316945,28.773989220736787,372.81218963196807,0.07714121741354081,0.07718092385643761,5.783855132502099e-09,0.9919672659740791,366.8185762203325,g1,A,0,g1
G1JoystickFlatTerrain_pathwise_fa_s104_final,G1JoystickFlatTerrain,pathwise,104,29,8192,2,0,3.5592145681041286e-08,0.14397948287964957,0.9904004089168135,0.14441964556746886,3.562718805402124e-08,0.08298505658576297,0.9969778193548428,0.277803043502074,3.328788245054631e-08,0.6784120447678055,0.8517238495170334,0.13626366594180275,3.554973583320703e-08,0.19709301680378039,0.9819004022996795,0.0896848508254743,373.7831736839085,27.859979737979604,360.783568697439,373.9320342122903,27.880740411043504,360.9266140684557,0.07722075547554526,0.07724767120042686,4.324292146799876e-09,0.9918580231055543,373.91548192636213,g1,A,0,g1
G1JoystickFlatTerrain_pathwise_fa_s104_final,G1JoystickFlatTerrain,pathwise,104,29,8192,2,1,3.563895304624079e-08,0.15302536439579226,0.9891990477786626,0.1436958353672401,3.588492462353169e-08,0.08749391420106535,0.996703724161565,0.29801623551802586,3.4009963572284976e-08,0.7858210679122377,0.7878801541038125,0.006798312878554214,3.532325099216489e-08,0.208060215443054,0.9798218012771454,0.08014880690973401,372.5112315517841,29.28008553871017,359.00266582199305,372.6682834640725,29.314962010197966,359.15658289178236,0.08155952121321643,0.08162167535442554,4.674498630109956e-09,0.9901877332132343,372.65283782866385,g1,A,0,g1
G1JoystickFlatTerrain_pathwise_fa_s104_final,G1JoystickFlatTerrain,pathwise,104,29,8192,2,2,3.592731007757767e-08,0.1267580068351816,0.9924911483603163,0.1423941375455928,3.6066289745189414e-08,0.07461536196900388,0.9975312592027796,0.2710793911933241,3.599013184670056e-08,0.4209865754305817,0.9214485275463997,-0.0035798028336931497,3.572022256081037e-08,0.17798422212998566,0.9850669517016734,0.08313836129202334,413.8395847730419,26.014678924513248,401.57071719482093,414.00095737402984,26.03745624135131,401.72864578221606,0.06478231058837947,0.06481354146566534,4.831947607581727e-09,0.9950388406639976,413.98216120366845,g1,A,0,g1
G1JoystickFlatTerrain_pathwise_fa_s104_final,G1JoystickFlatTerrain,pathwise,104,29,8192,2,3,3.516568387010442e-08,0.1454847469034413,0.9900838838279271,0.12187830881626278,3.47932192741733e-08,0.08062286106195735,0.9971223868756857,0.2681219315849522,3.4129579802042776e-08,0.9674910091332486,0.7615240018289919,0.13118774318096574,3.5643020585150566e-08,0.1990045885747062,0.9813008518249258,0.0630402658934316,378.05905185605474,27.478072217698003,366.11072340322977,378.19859476352656,27.523205495707145,366.24942592289466,0.0750539944918082,0.07514880173901335,4.143003475792409e-09,0.9911798851590348,378.1814991763025,g1,A,0,g1
G1JoystickFlatTerrain_pathwise_fa_s104_final,G1JoystickFlatTerrain,pathwise,104,29,8192,2,4,3.545921930101196e-08,0.13904808460472431,0.9909296983213116,0.12470015903048437,3.520790512422258e-08,0.0768483880655623,0.997344718167543,0.24945623545518325,3.476095808107773e-08,0.5434534865117738,0.8949142900863829,0.14437017255119947,3.581957231665939e-08,0.19705405755735014,0.9817534526173055,0.07394117671722024,395.55609210155984,28.76211187576736,383.9399477134628,395.71670608210417,28.80490691270985,384.0908127417254,0.07491304837399379,0.07499504272724973,4.164133424896837e-09,0.9930421585818887,395.6975081164289,g1,A,0,g1
G1JoystickFlatTerrain_pathwise_fa_s104_final,G1JoystickFlatTerrain,pathwise,104,29,8192,2,5,3.5264019064695536e-08,0.1464867313787847,0.9898909000824534,0.11026116610054061,3.5114285765080777e-08,0.0843761904757781,0.9968008196578612,0.24374603849898918,3.709792624638973e-08,0.7431881881379858,0.7875406871139742,-0.07083399901487156,3.544641638591238e-08,0.19728336643856448,0.9815291726699678,0.05412874362879179,373.6451126114962,27.555872144958236,362.32437369260293,373.81414182533024,27.601624304631873,362.4903724199056,0.0760530456842427,0.07614443418281554,5.34659009321849e-09,0.9919158019345787,373.79470022000083,g1,A,0,g1
G1JoystickFlatTerrain_pathwise_fa_s104_final,G1JoystickFlatTerrain,pathwise,104,29,8192,2,6,3.504015833605722e-08,0.14871662386711862,0.9897853458161436,0.14504583892278042,3.475985701708488e-08,0.08307180669475256,0.9970189589431232,0.29781762984350857,3.4223743753875016e-08,0.807877375869055,0.8211464245569905,0.17800631755906832,3.5387563549057214e-08,0.20193061530423725,0.9810064289256014,0.08631109568379099,372.5863746898989,27.6935707433605,360.40569596812617,372.7416558206891,27.736810855685384,360.55915039789693,0.07683999185687011,0.07692721381519843,5.403017357594683e-09,0.9907018584781113,372.7221004430106,g1,A,0,g1
G1JoystickFlatTerrain_pathwise_fa_s104_final,G1JoystickFlatTerrain,pathwise,104,29,8192,2,7,3.55208522361786e-08,0.14859394976939913,0.9896590217554937,0.11992372733043183,3.543374814898389e-08,0.07926096594498445,0.9972419957862042,0.2805152899821848,3.592723669572723e-08,0.771348477766314,0.7958457968030136,0.017725364492528713,3.5637950639703735e-08,0.2077048448791929,0.9796341211146333,0.0565463751887618,392.2514532423321,28.595609096308348,381.0870747901136,392.39601182935434,28.653322382154972,381.2274233566771,0.075036942966532,0.07516070625209664,4.337430211229983e-09,0.9904473124474682,392.37944383815807,g1,A,0,g1
G1JoystickFlatTerrain_pathwise_fa_s104_final,G1JoystickFlatTerrain,pathwise,104,29,8192,3,0,3.5219258990647346e-08,0.14015251646154706,0.9906130222757115,0.08531698428656295,3.474695756135076e-08,0.0808073905882377,0.9968289168696981,0.095099394885573,3.566053469209769e-08,0.5298424576865324,0.8976324764539626,0.1315688001251801,3.578058575592866e-08,0.18964829419496343,0.9832009782251808,0.09124065488299411,370.42393488494736,26.748555106530652,366.144958599333,370.5823402325077,26.783948690571112,366.2948295608375,0.07305454978502415,0.0731212851753413,4.2406336364681205e-09,0.9919338146296449,370.56639364025125,g1,A,0,g1
G1JoystickFlatTerrain_pathwise_fa_s104_final,G1JoystickFlatTerrain,pathwise,104,29,8192,3,1,3.531652291351509e-08,0.14436367867917366,0.9899056086705812,0.049144871912870994,3.485640473063718e-08,0.08452753765524071,0.996502023184841,0.06705278502096806,3.29253285653306e-08,0.7061186213795785,0.866148518700771,0.2581173103554744,3.5858148737483586e-08,0.19244033578664432,0.9823158430916048,0.044841424460751886,359.26921414991085,26.790223181565707,355.8726888321612,359.4446094295551,26.83533899377945,356.02599515296964,0.07528035733644228,0.07537466184807472,4.739503567305198e-09,0.9922960633945743,359.42731612175913,g1,A,0,g1
G1JoystickFlatTerrain_pathwise_fa_s104_final,G1JoystickFlatTerrain,pathwise,104,29,8192,3,2,3.497925278585102e-08,0.15141844399150678,0.9888687672361951,0.037232130796830055,3.4238054870834854e-08,0.08099589428943287,0.9967941911380456,0.0761461999568864,3.384210949806948e-08,0.8984002393762623,0.7823075059403334,0.13186960193709638,3.5947502401459086e-08,0.21124385309936153,0.9786167915537516,0.022600870908136474,375.2667679819986,28.85394454629541,371.83059892418817,375.4356337056913,28.895606161601307,371.9888286954753,0.07759970435402037,0.07767869337080632,4.543079080849141e-09,0.9894389489279195,375.4179249416255,g1,A,0,g1
G1JoystickFlatTerrain_pathwise_fa_s104_final,G1JoystickFlatTerrain,pathwise,104,29,8192,3,3,3.5170321246665023e-08,0.15230748298269836,0.9888260663437481,0.056767307490288965,3.489995451873162e-08,0.0833938330705165,0.9965994436196048,0.07208347508033748,3.28468796488307e-08,0.9825278421125605,0.762873822773197,0.14897057648915396,3.5504133867019667e-08,0.20786015439286423,0.9796125201307632,0.05727827770325665,365.76253808446023,28.56328748287217,362.3106558648485,365.92578377645304,28.606783270806257,362.4568815825763,0.07883645435348982,0.07892465207420506,5.2222216725509435e-09,0.9900782927936688,365.9086920183463,g1,A,0,g1
G1JoystickFlatTerrain_pathwise_fa_s104_final,G1JoystickFlatTerrain,pathwise,104,29,8192,3,4,3.45909184353076e-08,0.14369512090960276,0.9899651252278548,0.040583081361764216,3.332878583303998e-08,0.07983121512938116,0.9968836228515949,0.07497614263233252,3.44681188000193e-08,0.662420740891344,0.86086772353006,0.16035338655390474,3.6201942108126955e-08,0.1994374142961301,0.980905798626544,0.027618257145907255,376.20713395981187,28.55863637757188,373.98759464789987,376.3576801861476,28.59877433855422,374.13229066156504,0.07636252321272596,0.07644027273877893,4.442770585855633e-09,0.9911204962274367,376.3374977782463,g1,A,0,g1
G1JoystickFlatTerrain_pathwise_fa_s104_final,G1JoystickFlatTerrain,pathwise,104,29,8192,3,5,3.600456645112992e-08,0.13765389661956995,0.9908277109007366,0.056166338894379456,3.643577161676819e-08,0.07906317401204244,0.9969133909393237,0.03984955982434897,3.5183747079163866e-08,0.4837529313805547,0.9125108987531767,0.1412540037717491,3.545193583849847e-08,0.1885519089378319,0.9832264234003584,0.07289546260541556,378.295720335873,28.0395878511081,374.31299486730853,378.47213378432804,28.068070671763124,374.47589977201596,0.07490946944294004,0.07495294273637135,4.957660463006719e-09,0.9928141576027265,378.4540551874258,g1,A,0,g1
G1JoystickFlatTerrain_pathwise_fa_s104_final,G1JoystickFlatTerrain,pathwise,104,29,8192,3,6,3.515314521926671e-08,0.13461780715823388,0.9912619078230693,0.06862183027936712,3.4802984245425976e-08,0.07594740419435023,0.9971689894356626,0.06574185988440207,3.47065953778003e-08,0.6908907995628389,0.8348322988511557,0.06579371110724976,3.564430265467771e-08,0.18989322420478355,0.9830737538488667,0.08174689545781608,394.45876362508636,25.308309243393893,390.93439159474707,394.6174570825788,25.3342472469985,391.08374420063745,0.06473799641968847,0.06477959675562793,4.924156474506333e-09,0.9931556336305202,394.5987237478782,g1,A,0,g1
G1JoystickFlatTerrain_pathwise_fa_s104_final,G1JoystickFlatTerrain,pathwise,104,29,8192,3,7,3.629195534608311e-08,0.14839377286189162,0.989405704031649,0.06286318532463259,3.68140692839419e-08,0.08676627957533022,0.9963407671548218,0.08740563699512664,3.541102665545411e-08,0.7983867396434468,0.808788900515257,0.11379972123605099,3.5648008755480007e-08,0.19927658930052672,0.9811993321323091,0.057460581204634965,362.16756169810765,27.64445424207095,357.5966984272426,362.33507499821127,27.674903847847784,357.7519181281772,0.07730623454761977,0.07735780703188906,4.870508518674287e-09,0.9906345861033441,362.3193644375842,g1,A,0,g1
G1JoystickFlatTerrain_pathwise_fa_s105_final,G1JoystickFlatTerrain,pathwise,105,29,8192,0,0,3.580044469481364e-08,0.17236191291681607,0.9854878032166181,0.0038637146667135133,3.579559103428359e-08,0.10860050612571939,0.9940854749540988,-0.10825921727309519,3.616247674174185e-08,0.5551273428189426,0.866904851003677,-0.06606972383825774,3.580372677059809e-08,0.20949608588113122,0.9792380163381121,0.05099722181212287,264.61171207964236,25.283833855753173,267.0414163411214,264.7292357320325,25.312212851848578,267.14412103673266,0.0946813202318222,0.0947511506284206,4.251443912539285e-09,0.9892115762656795,264.7338741436024,g1,A,0,g1
G1JoystickFlatTerrain_pathwise_fa_s105_final,G1JoystickFlatTerrain,pathwise,105,29,8192,0,1,3.5899701434027184e-08,0.15867217609896858,0.9877710122592329,0.03025335634283208,3.677158164476165e-08,0.09834447895179416,0.9951524561356311,-0.09614181470484429,3.579340345391921e-08,0.7248656241009909,0.8090547903149643,-0.0030041858929603514,3.5237553123061685e-08,0.19269325110873448,0.9826156044006665,0.08433712886021874,264.53319477466044,21.83385106604776,265.2255227911131,264.6550787562418,21.855869505223463,265.33911943993684,0.08232183251550654,0.08236957125415785,4.466446392958303e-09,0.992007226151289,264.6572571681693,g1,A,0,g1
G1JoystickFlatTerrain_pathwise_fa_s105_final,G1JoystickFlatTerrain,pathwise,105,29,8192,0,2,3.530410918101601e-08,0.17879941811099045,0.9847625976534804,0.05971310368257455,3.540820424320779e-08,0.10857893021232694,0.9941281001046448,-0.025916953344191633,3.590065560649033e-08,0.7947155871055827,0.798878712630267,0.0668763080278869,3.523007910540524e-08,0.21619263163717997,0.97849903570193,0.09654101778216893,264.6863343702473,24.838184105467,265.3987191594163,264.8168582352941,24.880422551000358,265.512672924876,0.09358818378677788,0.0937070998416709,4.195705900462274e-09,0.9881467478061216,264.81755114869816,g1,A,0,g1
G1JoystickFlatTerrain_pathwise_fa_s105_final,G1JoystickFlatTerrain,pathwise,105,29,8192,0,3,3.524888750993602e-08,0.17375770359915316,0.9853952691447784,0.029212805668644082,3.4870376588670674e-08,0.10794315507589171,0.9941766416815104,-0.05012416345578178,3.588415448338674e-08,0.8520794147399237,0.7918602188342829,0.11450983656586032,3.5516458530327996e-08,0.2093160520340802,0.9793908785195208,0.062230315200277615,247.02375254482584,24.09310630544187,248.5081889446765,247.1468671910924,24.123356818311173,248.6143947392824,0.09695095524922698,0.09703121512175038,4.183911939956896e-09,0.9887126402401265,247.14783067078739,g1,A,0,g1
G1JoystickFlatTerrain_pathwise_fa_s105_final,G1JoystickFlatTerrain,pathwise,105,29,8192,0,4,3.624838334303158e-08,0.18573310211594315,0.9835431707752359,0.05225855754922125,3.723190447980704e-08,0.11628635240342267,0.9933288676429913,0.013708040758331902,3.428764137283868e-08,0.7373907971079772,0.8158465250157618,0.05274679528220814,3.552931911132201e-08,0.22366717563650504,0.9767224499316609,0.07093653683078803,265.0492408922814,27.753955936990064,265.2720696311828,265.1744333409524,27.78368204121452,265.3873227919194,0.10462449354572938,0.10469106718785731,3.886884407370836e-09,0.986351229518468,265.1767093131651,g1,A,0,g1
G1JoystickFlatTerrain_pathwise_fa_s105_final,G1JoystickFlatTerrain,pathwise,105,29,8192,0,5,3.6280047159416745e-08,0.18565300045533517,0.9837260082144167,0.07373169890300503,3.7298147709165006e-08,0.11425237865792436,0.993576801474296,0.025001101346362454,3.486229066384716e-08,0.8190048493876091,0.7820984320039042,0.033369650381105634,3.5565887870151225e-08,0.2229695955133234,0.9772129455655204,0.09713411444357857,264.50158639851304,26.357816805624896,263.1893376390554,264.6367022115899,26.39667690604756,263.3085529364765,0.10014773790636071,0.10024997901384422,4.5273077138689356e-09,0.9878222394879704,264.64149740473886,g1,A,0,g1
G1JoystickFlatTerrain_pathwise_fa_s105_final,G1JoystickFlatTerrain,pathwise,105,29,8192,0,6,3.5787822129557784e-08,0.17394165474887552,0.9851134768452456,-0.019596045157857626,3.533879902793747e-08,0.10751524175830784,0.994205424227206,-0.12586320151703406,3.5815876181577806e-08,0.9024106665118621,0.7655869277128682,0.07824200618116281,3.611059785454975e-08,0.2100497379792508,0.978833387570887,0.020933583249863334,272.68225562238274,26.578645539690946,275.8808054783604,272.80704558078264,26.614188347549607,275.9951871644463,0.09634104661107215,0.0964299001768171,4.3081104614849355e-09,0.9886699751121985,272.8094676947872,g1,A,0,g1
G1JoystickFlatTerrain_pathwise_fa_s105_final,G1JoystickFlatTerrain,pathwise,105,29,8192,0,7,3.515047622282247e-08,0.18745281686603577,0.9829051734613501,0.0038950136912509117,3.4808722452834694e-08,0.10928527267829607,0.9940122842328791,-0.12672882505379152,3.3666830038061947e-08,0.9836471068714361,0.7475455323880386,0.10286921545654457,3.539979290853578e-08,0.22992109493728272,0.9752304338628912,0.0533850737883858,260.5831482364796,28.807963896563564,262.1167825758063,260.70660643842007,28.86072557205529,262.22069476036677,0.10990507213414293,0.1100627301686843,4.254207033624267e-09,0.9853988421207052,260.70967693423154,g1,A,0,g1
G1JoystickFlatTerrain_pathwise_fa_s105_final,G1JoystickFlatTerrain,pathwise,105,29,8192,1,0,3.5914303928328497e-08,0.17355442488587333,0.9854025068770024,0.02464938933566714,3.576647555307732e-08,0.10951621457538997,0.9940616807628689,0.003939272773844578,3.32672314294804e-08,0.7884400235376421,0.8089131814256162,0.10056817466003613,3.6029659364794524e-08,0.20996574116132186,0.9789824548081545,0.03467198991572039,278.64685556805307,27.718070627123026,276.5972093227079,278.76443400759695,27.735682316789873,276.7089640789767,0.10021095547202018,0.1002341301414204,4.779667298617387e-09,0.9891246264647054,278.7716380068246,g1,A,0,g1
G1JoystickFlatTerrain_pathwise_fa_s105_final,G1JoystickFlatTerrain,pathwise,105,29,8192,1,1,3.5946132986693664e-08,0.16628100061810472,0.9865011184257131,0.0100476889717759,3.565663608725056e-08,0.10407861860694415,0.9946004287495528,-0.028008113444490362,3.720294895859228e-08,0.7181273833396365,0.8164306448405397,0.021047223926013183,3.616406735669757e-08,0.20156099910801972,0.980500745454066,0.02641704525894144,280.69178712977634,25.969992360863213,280.6646891029848,280.8268468076385,25.991240664368252,280.7900027821866,0.09253031595767966,0.09256469392370065,4.668211083056413e-09,0.9906032433861861,280.8293392201483,g1,A,0,g1
G1JoystickFlatTerrain_pathwise_fa_s105_final,G1JoystickFlatTerrain,pathwise,105,29,8192,1,2,3.5640299958555727e-08,0.1806173912134957,0.9840643243076744,-0.0023097784423775592,3.5865673149213466e-08,0.11321041876162032,0.9935750094901654,-0.08847509119690974,3.7742510903087654e-08,1.027166143440653,0.7110693336451425,0.037056153041548474,3.5463850905533474e-08,0.21902428436557062,0.9771962332401887,0.03374871804210072,274.69539047564854,27.86168340885441,274.6737142449896,274.8203971459899,27.89096811121487,274.78237170812736,0.10143556505011488,0.10150202845195773,4.568054854209487e-09,0.9875271112046388,274.8242832414835,g1,A,0,g1
G1JoystickFlatTerrain_pathwise_fa_s105_final,G1JoystickFlatTerrain,pathwise,105,29,8192,1,3,3.5224831354214185e-08,0.1715068884853535,0.9857467805216549,0.026577062354649152,3.467728653963093e-08,0.11271595311614879,0.9936770880376586,-0.024103258963059426,3.651877007923233e-08,0.7871490474090996,0.779916409268262,-0.024682691466595456,3.5635319557898866e-08,0.20600386236351542,0.9798934570407305,0.05063937495017766,264.788140182193,26.925846525500532,261.88077512133975,264.8814982242687,26.949457116964318,261.96650646104797,0.10281719424812537,0.10287367450529922,3.999664710465238e-09,0.9897058990113093,264.8853990690872,g1,A,0,g1
G1JoystickFlatTerrain_pathwise_fa_s105_final,G1JoystickFlatTerrain,pathwise,105,29,8192,1,4,3.592286667979284e-08,0.1691983571937152,0.9858819844752799,-0.02400679203771774,3.5802617724907684e-08,0.1067083980208283,0.9943006647940001,-0.06433386529280206,3.477455626875062e-08,0.8059520716276477,0.784685651722292,0.024684384657946312,3.601498053866857e-08,0.20412188824638441,0.979724179744383,-0.009202344688048909,276.2005505811436,26.31491921726733,275.90939644205804,276.32312155493236,26.33521912026422,276.0267071483939,0.09537521938943265,0.09540822840054432,4.246008605378783e-09,0.9898250519200352,276.3261089604677,g1,A,0,g1
G1JoystickFlatTerrain_pathwise_fa_s105_final,G1JoystickFlatTerrain,pathwise,105,29,8192,1,5,3.520815763332719e-08,0.16945893212878924,0.9861802127889248,0.04523051659311313,3.520559415038821e-08,0.11265345477572442,0.993666857498871,-0.04117184647608391,3.4681087080442636e-08,0.5389247535450542,0.887060955875328,0.06222163040606735,3.5210640736372455e-08,0.20263495619889318,0.9808698833545432,0.08538628019968553,269.816940088218,27.11432684281215,266.799870168492,269.9296700417436,27.141633920745228,266.90295831466875,0.10162796115938343,0.10169101943316095,4.108398319351245e-09,0.9902231408632555,269.9290180110276,g1,A,0,g1
G1JoystickFlatTerrain_pathwise_fa_s105_final,G1JoystickFlatTerrain,pathwise,105,29,8192,1,6,3.528945454872992e-08,0.17816670361919842,0.9846975947339259,0.034309038391420445,3.499569817833235e-08,0.11438116673915344,0.9935459076673477,0.015327613004623238,3.558215021591053e-08,0.8058165229624049,0.7927733749559132,0.057528071781714686,3.5511550226975696e-08,0.21467940827078177,0.9781717232175933,0.044536834491606135,268.6653184881556,27.11650458223995,265.4038561988008,268.7836683911797,27.140051152513873,265.51137405802586,0.1021707256654486,0.10221803585176159,4.177801398009299e-09,0.9884901332384182,268.786351750099,g1,A,0,g1
G1JoystickFlatTerrain_pathwise_fa_s105_final,G1JoystickFlatTerrain,pathwise,105,29,8192,1,7,3.594097193913737e-08,0.17991555772998102,0.9840505618084683,-0.0286023003872284,3.616690782067079e-08,0.11680628518857718,0.9931645144376672,-0.07913062129945668,3.444688570682631e-08,0.909570561772437,0.7809060245001936,0.1386568811727012,3.5773002864496536e-08,0.21548513622858573,0.9774749810781377,-0.009441463456340397,265.8302920360186,28.45397868157285,266.52472218677616,265.9362819118753,28.48332655944523,266.63031614636884,0.10675924712767418,0.10682703666678688,4.0666931810070645e-09,0.9877271357449787,265.9379587395013,g1,A,0,g1
G1JoystickFlatTerrain_pathwise_fa_s105_final,G1JoystickFlatTerrain,pathwise,105,29,8192,2,0,3.554053891540718e-08,0.16270482296269456,0.986951771216056,-0.01751981014351821,3.49701004695782e-08,0.10781518017113977,0.9941712897123125,-0.11533635288918394,3.497316589617533e-08,0.7388107089605637,0.8145232694971657,0.04883194835757673,3.5936185904031966e-08,0.1927904705782688,0.9820756851017851,0.0220632670012641,267.5727275234116,25.475824556070577,270.9984291476348,267.70830661972724,25.50403725463439,271.1203546952862,0.09400727759271156,0.09406906125989115,4.184739685292685e-09,0.9909304140987726,267.71448087898625,g1,A,0,g1
G1JoystickFlatTerrain_pathwise_fa_s105_final,G1JoystickFlatTerrain,pathwise,105,29,8192,2,1,3.607212250274749e-08,0.1804492303596468,0.9841102551038029,0.0007313536968498907,3.669672196161791e-08,0.11176700692429745,0.9937444517880657,-0.07192657948211124,3.646975264985841e-08,0.741369415149908,0.8074027543225872,0.019365835683081953,3.5593608033276015e-08,0.2197845476854085,0.9770071422648651,0.030413522408650803,276.41992948641393,28.299722071559106,278.27048410823977,276.5375989481738,28.317939721551028,278.3826661103848,0.10169861227736668,0.10172307104179484,4.8016618817345264e-09,0.9890044878008211,276.5406381429205,g1,A,0,g1
G1JoystickFlatTerrain_pathwise_fa_s105_final,G1JoystickFlatTerrain,pathwise,105,29,8192,2,2,3.638610932253155e-08,0.1677507227206855,0.9860074865632404,-0.055526396446887755,3.708752260287967e-08,0.1044434789064889,0.9945449856058393,-0.15471261393678995,3.449483152703783e-08,0.6391567886546508,0.8710610845536881,0.179922080453345,3.583357892499592e-08,0.20467500511178338,0.9795455359881416,-0.018673998050188517,275.2341443167257,24.95967702210172,281.389552242693,275.3689191537532,24.982431706617557,281.51226687462076,0.08870150587742644,0.08874366997919873,4.360561665101542e-09,0.9893268979631438,275.3722191882015,g1,A,0,g1
G1JoystickFlatTerrain_pathwise_fa_s105_final,G1JoystickFlatTerrain,pathwise,105,29,8192,2,3,3.589144378634932e-08,0.17724346316484002,0.9843942178779135,-0.05726832757196114,3.595992744246431e-08,0.1133516926303781,0.9935774948738967,-0.17165495107969447,3.411096919645362e-08,0.8898882296581223,0.7673412532542394,0.0699834931642188,3.584420926731427e-08,0.21253004684311447,0.9780280047368765,-0.014321291687860838,263.1458835000795,28.303106729864698,268.8773692287548,263.27127316111654,28.336706162168834,268.9927209886417,0.10526399752812572,0.10534376565291986,4.617268375695684e-09,0.9873256765386086,263.272041337841,g1,A,0,g1
G1JoystickFlatTerrain_pathwise_fa_s105_final,G1JoystickFlatTerrain,pathwise,105,29,8192,2,4,3.593314883042799e-08,0.16091358615536824,0.9871303143672839,-0.04928656940924679,3.624427237907809e-08,0.11051402468033052,0.9938926513800359,-0.16411319383236572,3.556121848396669e-08,0.5303722333099065,0.8874670879819545,0.038717644398966536,3.57178084369818e-08,0.18875713073079559,0.9826306184604335,-0.002695206214636107,258.9023770078855,25.865731282804582,264.01007748940316,259.0276901693968,25.88120785729832,264.128275343473,0.0979725150220551,0.0979872670718129,4.901745927729902e-09,0.9917474590296061,259.03228356412995,g1,A,0,g1
G1JoystickFlatTerrain_pathwise_fa_s105_final,G1JoystickFlatTerrain,pathwise,105,29,8192,2,5,3.5932807015583364e-08,0.17938126311048136,0.9839744649506377,-0.06983901219366602,3.626886718209322e-08,0.11251810784160314,0.9937358441751108,-0.2265719701784146,3.4156799622732394e-08,0.8924217968300077,0.7604612008947154,0.049092842801207716,3.568015329333464e-08,0.2178564360063181,0.9769962594684011,-0.00904497262384832,261.6218096699322,27.54950253388717,267.80122661863555,261.75028399319956,27.580024096341617,267.90992849197687,0.10287295126216563,0.10294513626868985,4.098725431029837e-09,0.9884630423587338,261.7539299998363,g1,A,0,g1
G1JoystickFlatTerrain_pathwise_fa_s105_final,G1JoystickFlatTerrain,pathwise,105,29,8192,2,6,3.62629742513967e-08,0.16421059873376403,0.986585043362617,-0.05563049418875325,3.657810702790288e-08,0.10178068407060861,0.9948515018055472,-0.1930260596136235,3.596080084574113e-08,0.6425714013084626,0.8682786655953734,0.16889811611293976,3.602080717270823e-08,0.2004378431047368,0.9804734238649607,-0.003265212963500006,277.72923966622415,26.46282104676298,284.13716685421093,277.853480377709,26.48170471752637,284.249216577076,0.0931339653299943,0.09316368585433053,4.3522316341902914e-09,0.9913853207266955,277.85534837157496,g1,A,0,g1
G1JoystickFlatTerrain_pathwise_fa_s105_final,G1JoystickFlatTerrain,pathwise,105,29,8192,2,7,3.6228349654959704e-08,0.16568501718927311,0.9865006334803084,-0.01181147043837707,3.696598346283812e-08,0.11367591288573893,0.9935217476655511,-0.13782289503967274,3.5293179362936205e-08,0.7628118504740966,0.8025737294653732,0.033650871138479414,3.571932788215919e-08,0.19396102302598234,0.982016624237055,0.04138127788343603,264.3703253914128,26.124203682447536,269.1930325231508,264.5053509978664,26.14490815105908,269.31204224208403,0.09704635902937322,0.09708035308557565,4.524404127903396e-09,0.9907867691706087,264.50977540630254,g1,A,0,g1
G1JoystickFlatTerrain_pathwise_fa_s105_final,G1JoystickFlatTerrain,pathwise,105,29,8192,3,0,3.5844420757755716e-08,0.16155480522723048,0.9869898853070584,-0.06361233167519256,3.572709545302362e-08,0.10004937290049913,0.9949850207982189,-0.1223883415018863,3.60179704522034e-08,0.6892200735923824,0.8212673097784008,-0.011564585836469377,3.593109131084073e-08,0.19511334265117156,0.9812095703831637,-0.044924143428264056,267.3006007016045,22.95931853897935,272.36713324192954,267.42447107512334,22.98322657181322,272.4866170604794,0.08429548112394933,0.08434625824838922,4.418981022761768e-09,0.9913292448900591,267.4244132190302,g1,A,0,g1
G1JoystickFlatTerrain_pathwise_fa_s105_final,G1JoystickFlatTerrain,pathwise,105,29,8192,3,1,3.619940660629815e-08,0.16667894596637167,0.9862754808888756,-0.02846370102196882,3.6698225890930315e-08,0.10379850918663162,0.9946061564112784,-0.14141854792083175,3.643250362194682e-08,0.6451947770226617,0.835233445464958,-0.03179259563973327,3.5834869044028446e-08,0.20135513949204734,0.9804391296220384,0.014464893952228048,260.9994247651796,23.214118935816597,264.9482181594382,261.1123497890225,23.2428613670075,265.05028116667023,0.0876175695654119,0.08769227206513212,4.4625890525395864e-09,0.9901444213165749,261.1146679380691,g1,A,0,g1
G1JoystickFlatTerrain_pathwise_fa_s105_final,G1JoystickFlatTerrain,pathwise,105,29,8192,3,2,3.571666248532042e-08,0.16851268274361725,0.9859116383286456,-0.04637284431753243,3.624171735593756e-08,0.1032635231498398,0.9946703742296134,-0.1578687258381189,3.5300990602593966e-08,0.825093619471501,0.7604458301823664,-0.04202296710730188,3.531373310811086e-08,0.20534046558618832,0.9795246776721092,-0.004601037135374611,271.5136111208677,23.90809864828243,277.0042001466951,271.63621119947885,23.943724706324783,277.1228366408483,0.0863095167352017,0.08640112448529749,4.342696190922689e-09,0.9889657916549452,271.6346934709746,g1,A,0,g1
G1JoystickFlatTerrain_pathwise_fa_s105_final,G1JoystickFlatTerrain,pathwise,105,29,8192,3,3,3.560704309657342e-08,0.15933791420607468,0.9873102588564823,-0.07745194345699596,3.5552044820451e-08,0.09620292022862212,0.9953702678794797,-0.13865142015167373,3.670825275869074e-08,0.5427290008479193,0.8714745261156452,-0.06997482548084355,3.565184458184322e-08,0.19775574128710333,0.9806349383603787,-0.05794869531360218,275.0518193347323,23.44872435790543,280.52977277895917,275.15238398945615,23.48314964730555,280.62965608829455,0.08358729316186182,0.0836802138969837,4.041509535819517e-09,0.9907446234894066,275.1538860185416,g1,A,0,g1
G1JoystickFlatTerrain_pathwise_fa_s105_final,G1JoystickFlatTerrain,pathwise,105,29,8192,3,4,3.580475596746942e-08,0.18859328845239312,0.9826196974371486,-0.009211212780332968,3.567683073627199e-08,0.11456267924299342,0.9934244367003763,-0.07896026269671216,3.656091964833973e-08,0.8193788832979029,0.7717497820138927,-0.006881703121274266,3.58960947752663e-08,0.22866870831749467,0.9750335365185406,0.017120248326201487,261.97555939662277,27.96539059717506,263.86229727915907,262.1028386541102,28.007240946763,263.9798831689465,0.10598479163390416,0.10609611842595719,4.566843920254163e-09,0.9862870345450188,262.104290916407,g1,A,0,g1
G1JoystickFlatTerrain_pathwise_fa_s105_final,G1JoystickFlatTerrain,pathwise,105,29,8192,3,5,3.5093834399277855e-08,0.17633460130984796,0.9846632975215742,-0.029626927707207575,3.399344628253319e-08,0.10260858960226882,0.9947407262866819,-0.16171520773059278,3.6827215415179666e-08,1.1304454468554361,0.6828497935038551,0.04896688763832109,3.590105592107217e-08,0.2166180613001565,0.9775153108230606,0.018535396355334865,261.5006894490429,23.42234525305877,265.8937482717125,261.6176236089284,23.462649103581985,266.0015781474645,0.0880891160672336,0.08820492444813541,4.272035583953102e-09,0.9886768465527328,261.6222090695482,g1,A,0,g1
G1JoystickFlatTerrain_pathwise_fa_s105_final,G1JoystickFlatTerrain,pathwise,105,29,8192,3,6,3.583864465750138e-08,0.17241678345368475,0.9852498433555098,-0.04931959496677899,3.58874261483853e-08,0.10669017065061653,0.9942934223586714,-0.120498882682878,3.5043359858276115e-08,0.7230268994240389,0.8213843980345115,0.05483655040525335,3.5805163901483723e-08,0.20709259374773617,0.979019752215583,-0.02570265899705618,265.26440413610237,25.107174892141828,270.8315815279742,265.3855682008709,25.14076676934911,270.9477054526481,0.09270401461488498,0.09278826232297699,4.6795788477388994e-09,0.9887552478017558,265.3907582909647,g1,A,0,g1
G1JoystickFlatTerrain_pathwise_fa_s105_final,G1JoystickFlatTerrain,pathwise,105,29,8192,3,7,3.610910610707648e-08,0.17991543863163095,0.9843365399173079,0.023593571316633276,3.602358843460917e-08,0.10616691411606428,0.9943492724779078,-0.09327518824685395,3.5896562048059696e-08,0.6896121447900195,0.8379611596981342,0.08042289513809998,3.617362136701787e-08,0.22191078406470932,0.9770721061938364,0.0711987680225539,267.521785119962,25.703015182117774,268.4800221069611,267.6491728173809,25.7322099007832,268.59426637544885,0.09573529896342799,0.09580327327171562,4.06267532872052e-09,0.9885588736166049,267.65209100597707,g1,A,0,g1
G1JoystickFlatTerrain_pathwise_fa_s106_final,G1JoystickFlatTerrain,pathwise,106,29,8192,0,0,3.574764922334248e-08,0.12197063927641255,0.9926606516998332,0.009292102785093664,3.5563630464703015e-08,0.07792030537380377,0.9969785733963079,0.0012821493536490476,3.5490677575628235e-08,0.3955010938084886,0.9318172682918258,0.037277892927936075,3.593250858840264e-08,0.1541587691910571,0.988377364565891,0.014143341759207487,346.357292450973,20.75097600835044,346.42176292781016,346.4286297197631,20.79297753083662,346.4856912430203,0.05990090181682557,0.06001107132661547,3.741089917563231e-09,0.9965178171351198,346.42213254951537,g1,A,0,g1
G1JoystickFlatTerrain_pathwise_fa_s106_final,G1JoystickFlatTerrain,pathwise,106,29,8192,0,1,3.5522315454050764e-08,0.11730005088388328,0.9931033771273851,-0.08593911603356968,3.5296077882371217e-08,0.0773517109226032,0.9970187160453775,-0.14710354750766813,3.7198317385259395e-08,0.38195744540868554,0.93587155111855,0.03630621308185944,3.5738809814995556e-08,0.14604476974669353,0.9893567829816201,-0.060387705242825364,365.9692988102316,21.881701982074542,368.51740583890074,366.0484450651616,21.911653063810242,368.5933446054053,0.05937766204628114,0.0594466866656736,3.769017269511016e-09,0.996855384045718,366.04080260458846,g1,A,0,g1
G1JoystickFlatTerrain_pathwise_fa_s106_final,G1JoystickFlatTerrain,pathwise,106,29,8192,0,2,3.6282733807952474e-08,0.12648026143810812,0.9919978332435705,-0.06683776260586138,3.609447363317774e-08,0.08193164020052099,0.9966402019017576,-0.10764029604775696,3.69388458715097e-08,0.41351264472780164,0.9229110374484742,-0.02178573858007981,3.646171895223894e-08,0.15786731805400556,0.9876024503394187,-0.051279141079210645,348.8584124846697,24.211483251229584,351.89926303139504,348.92735714170664,24.23224910565887,351.9649068237098,0.06880231303317468,0.06884848073162053,4.553691429057958e-09,0.9959777580376517,348.9212791692972,g1,A,0,g1
G1JoystickFlatTerrain_pathwise_fa_s106_final,G1JoystickFlatTerrain,pathwise,106,29,8192,0,3,3.5624469327437264e-08,0.12962569471291774,0.9916346831089993,-0.03731574510919279,3.551250877803574e-08,0.08268653154330873,0.9965768567459113,-0.06362251538842155,3.5789381938466855e-08,0.4723893315213405,0.9089548242763542,0.0595336228533917,3.5736416425022846e-08,0.16388601904725894,0.9867297117737214,-0.027030693891354783,342.38199629564525,23.195579621570857,345.39937642725965,342.44499916379414,23.215644956525598,345.4617059753367,0.06715582367722,0.06720178982206192,4.187394659272837e-09,0.9959485380033174,342.4366366304046,g1,A,0,g1
G1JoystickFlatTerrain_pathwise_fa_s106_final,G1JoystickFlatTerrain,pathwise,106,29,8192,0,4,3.552679440863379e-08,0.13134282542644818,0.9914601897453027,-0.011510285406783767,3.541888067835628e-08,0.075392417452159,0.9971566472291851,-0.04459778783031141,3.687901515612285e-08,0.6176374177856654,0.8556444314354982,0.03322855095744458,3.563456454980251e-08,0.17037335429246467,0.9858065030595634,0.0024185105377846567,363.43895858589366,21.803317910992526,364.137816771984,363.5040788801934,21.842213873494128,364.19762578467123,0.05987655471841662,0.059973520767562856,4.320108339748263e-09,0.9954439156989728,363.49852645716356,g1,A,0,g1
G1JoystickFlatTerrain_pathwise_fa_s106_final,G1JoystickFlatTerrain,pathwise,106,29,8192,0,5,3.557199010651319e-08,0.11581126100359619,0.9932880355577902,-0.06597796016088849,3.56199197624092e-08,0.07419353470486742,0.9972475873758742,-0.11073423742951136,3.5754960754891286e-08,0.4532325443871957,0.9107856128427972,-0.0004380014918904555,3.552235655683854e-08,0.14680754944503224,0.9892706815729349,-0.047980631606596186,366.1834433722864,21.537963012603,368.6259903805679,366.2417275509492,21.56315437146072,368.68528113587786,0.058427684359334625,0.05848661575267396,4.239365188025897e-09,0.9969691885812926,366.2360672819997,g1,A,0,g1
G1JoystickFlatTerrain_pathwise_fa_s106_final,G1JoystickFlatTerrain,pathwise,106,29,8192,0,6,3.563296472130203e-08,0.12080138349827794,0.9927032486587261,-0.06070122373958488,3.5266265632741084e-08,0.07779853054322955,0.9969692486891739,-0.08474363708002779,3.5789421723460425e-08,0.38691975828490494,0.9327900104414452,0.003530420152715439,3.6003974430674214e-08,0.15269225956081545,0.9883899317120846,-0.05310848036115705,361.4219593185314,22.968553910085,364.2264185953244,361.4905391357508,22.986458226136953,364.29187345599564,0.06306119692982586,0.06309901455683589,3.90882902076637e-09,0.9964846647758491,361.4834220915578,g1,A,0,g1
G1JoystickFlatTerrain_pathwise_fa_s106_final,G1JoystickFlatTerrain,pathwise,106,29,8192,0,7,3.623074222262698e-08,0.1157421747353344,0.9933121727563609,-0.045814572795512806,3.680451784334039e-08,0.07414386690167812,0.9972476673491363,-0.06778755548355342,3.482805686284589e-08,0.35010824344233826,0.9422673601372209,-0.04523857097183744,3.560033033889656e-08,0.14821800586076672,0.9890887899616354,-0.03775341963804591,364.9736291544613,21.01601833588655,367.0556813730136,365.0350384513589,21.031885267715015,367.1160100296764,0.05725566828791119,0.05728947987317364,5.277616587390981e-09,0.9970369678409594,365.0293302523481,g1,A,0,g1
G1JoystickFlatTerrain_pathwise_fa_s106_final,G1JoystickFlatTerrain,pathwise,106,29,8192,1,0,3.620038946569391e-08,0.12130128354863738,0.9927858166470201,0.03188060460961373,3.6631240297170256e-08,0.07650202515497428,0.9971534690768666,0.09443231970948762,3.696191603688319e-08,0.5039013402799346,0.8939843146074584,0.010438990117304894,3.5726508360575204e-08,0.1552704888233547,0.9881641607114708,0.0013639334412482368,374.966049524878,24.17585830460246,370.96032210699383,375.02704474272724,24.23131811448536,371.01981342368106,0.06517100849839541,0.06531003800278092,4.0142386848822606e-09,0.995980090496656,375.01942665003924,g1,A,0,g1
G1JoystickFlatTerrain_pathwise_fa_s106_final,G1JoystickFlatTerrain,pathwise,106,29,8192,1,1,3.5353973576818705e-08,0.1290671109803773,0.991902292034391,0.05169874666039939,3.540603440951619e-08,0.0794884385827517,0.9969213432901468,0.0864584484413934,3.714097863013316e-08,0.6967121757560166,0.8039021101235638,-0.08904466639068076,3.529697429296924e-08,0.16532035385928032,0.9867981476807325,0.03943768347916022,365.2733838692382,23.63178288970877,361.4077547828434,365.3302226775738,23.657965716591264,361.4647989204742,0.06538814559723038,0.06545026178827494,3.870126195099882e-09,0.9955955079618832,365.32390358598474,g1,A,0,g1
G1JoystickFlatTerrain_pathwise_fa_s106_final,G1JoystickFlatTerrain,pathwise,106,29,8192,1,2,3.637721607517297e-08,0.1268163815027371,0.9921896724410367,0.05618593416179593,3.727828428527614e-08,0.08359109547110126,0.9965854394200728,0.07389273011253226,3.5556702095201265e-08,0.5170089800786244,0.8785479698589589,-0.10508969199287235,3.5449076219311123e-08,0.15853028139765946,0.9878932794571595,0.05154912483569644,369.9321273854408,25.240139310518675,366.11696500042257,369.99755325129723,25.260494455124626,366.17973709759445,0.06894009762833436,0.068983867472689,3.922077847380885e-09,0.9958304106111318,369.9902416473235,g1,A,0,g1
G1JoystickFlatTerrain_pathwise_fa_s106_final,G1JoystickFlatTerrain,pathwise,106,29,8192,1,3,3.6429542784985695e-08,0.12196554471217443,0.9927066603794115,0.03138399784894347,3.6986108692750236e-08,0.08138386400350207,0.9967501116880152,0.06210199438870919,3.469907013223075e-08,0.4042245202401717,0.922723468180257,-0.08971833521156794,3.587041225682827e-08,0.15161132625661994,0.9887632929519143,0.017440620211207812,359.1383038193012,22.992601147137435,355.93413455087847,359.21312905940744,23.007754933881422,356.0081772659152,0.06459790988057294,0.06462704062186764,4.015673078732356e-09,0.9962507527000165,359.2054029796529,g1,A,0,g1
G1JoystickFlatTerrain_pathwise_fa_s106_final,G1JoystickFlatTerrain,pathwise,106,29,8192,1,4,3.554766173388699e-08,0.11943294849187315,0.9930810868626686,0.06562013705115911,3.552487093480419e-08,0.08066867760503471,0.9968385158559763,0.09406269815107962,3.651206783087132e-08,0.3549752839137929,0.9381389668615705,-0.13113928783349413,3.5568335703333744e-08,0.14717626972144224,0.989542649331003,0.05529340873346495,360.4965941867736,23.963284307508307,354.9180570630787,360.565277733054,23.985736897891144,354.9875518666019,0.06751779412353004,0.06756782532730751,4.2177650523907535e-09,0.9966737899000877,360.55825580965535,g1,A,0,g1
G1JoystickFlatTerrain_pathwise_fa_s106_final,G1JoystickFlatTerrain,pathwise,106,29,8192,1,5,3.52279781352206e-08,0.12361140846226853,0.9926384764638628,0.07981539415273776,3.520729786115649e-08,0.0818065396479946,0.9967931617176411,0.1288364025693763,3.544603286846106e-08,0.3927807294367027,0.9255635078261968,-0.1183954105883145,3.524840081584339e-08,0.15437384547402883,0.9885436929070672,0.0599184641175342,358.9846754327878,23.078691409602104,352.98638188604986,359.0539078302917,23.113293533019,353.0530972696221,0.06538125149839985,0.06546690487002754,4.231083356876537e-09,0.9963002218627287,359.047198308327,g1,A,0,g1
G1JoystickFlatTerrain_pathwise_fa_s106_final,G1JoystickFlatTerrain,pathwise,106,29,8192,1,6,3.555569671492357e-08,0.11990307800884077,0.9928975866207479,0.005434694471035038,3.4545642477385085e-08,0.07890024664541974,0.9969577576326643,0.0777659440723929,3.617563429227664e-08,0.4051004848641924,0.9246555301884467,-0.042560911856601547,3.658985531645529e-08,0.15080920969693215,0.9887187745193523,-0.033662963785725905,359.95771754824915,22.545154091816627,358.240740876486,360.0222319824907,22.56944740158627,358.30602602826787,0.06293297081916674,0.0629893045667215,4.458526402324042e-09,0.9963273646592006,360.01463970922634,g1,A,0,g1
G1JoystickFlatTerrain_pathwise_fa_s106_final,G1JoystickFlatTerrain,pathwise,106,29,8192,1,7,3.579201888198319e-08,0.12409556350824733,0.9924773611830776,0.04135893721320442,3.5823072506880946e-08,0.08487487317432496,0.9965035377356425,0.0930989908226085,3.660744080055348e-08,0.4287897456187312,0.9167087498362886,-0.039629586268048925,3.5757060958389854e-08,0.15547791323530696,0.9881797303949356,0.013676645184430517,360.6055639617435,24.91591304794343,356.7095934577514,360.6709705647657,24.94371240362926,356.7756794006536,0.06984929338855697,0.06991427343234846,4.070602860714344e-09,0.995862657897237,360.66383436552513,g1,A,0,g1
G1JoystickFlatTerrain_pathwise_fa_s106_final,G1JoystickFlatTerrain,pathwise,106,29,8192,2,0,3.5293659414552515e-08,0.13191067392268818,0.9917456063624678,0.10828416836488013,3.4934335883491e-08,0.08621278172905106,0.9967104783884091,0.2637208231514812,3.655092566297327e-08,0.5838934108567614,0.8676288489745547,0.03148011087501758,3.5679935188302023e-08,0.16669817579718915,0.9865388657457462,0.031098302190098456,367.0889622850278,27.47341276777507,359.26700094093246,367.1560110911387,27.507368135318323,359.3338766565274,0.07647073818586508,0.07655100151219923,3.832811487696706e-09,0.9947862297645444,367.14874086804895,g1,A,0,g1
G1JoystickFlatTerrain_pathwise_fa_s106_final,G1JoystickFlatTerrain,pathwise,106,29,8192,2,1,3.586252459637516e-08,0.11897252341683492,0.9933613760240163,0.14220086309921873,3.614302271883666e-08,0.07983162750376957,0.997154823944791,0.25712414328716054,3.750071011353507e-08,0.4192189255775698,0.9270100612887895,0.07872625966501488,3.5563796220600183e-08,0.14875832983304263,0.9894724321356592,0.08815176396445473,369.39397942467167,25.088823629298243,361.4272195385606,369.47079838046824,25.105959331990718,361.5021484130713,0.06941597719543491,0.06944899066907691,3.915039501910228e-09,0.9966363514431359,369.4649246084465,g1,A,0,g1
G1JoystickFlatTerrain_pathwise_fa_s106_final,G1JoystickFlatTerrain,pathwise,106,29,8192,2,2,3.6070581746908195e-08,0.12673998678417342,0.9921621782090458,0.04264581444811378,3.6553110072173486e-08,0.08440616294311122,0.996639031089462,0.16067612004310358,3.4227044764487926e-08,0.44076516874050586,0.9188037404536422,0.05540891495437023,3.557859029078421e-08,0.15746682517970542,0.9877660169721906,-0.01736072009340412,364.4892937874436,26.52961759059835,360.80403286043475,364.55280803769847,26.55595407322926,360.8682157081051,0.07352916035963597,0.07358906358965528,4.184440589403759e-09,0.9958832818909381,364.5450084169838,g1,A,0,g1
G1JoystickFlatTerrain_pathwise_fa_s106_final,G1JoystickFlatTerrain,pathwise,106,29,8192,2,3,3.593071666432835e-08,0.12391785416903758,0.9927731420258333,0.13125255783145337,3.5827345791545786e-08,0.08353441247908795,0.99698377350394,0.29665313953069583,3.6418888117273135e-08,0.39951369310994417,0.9313201891555105,0.05081048511404302,3.6042498465360205e-08,0.15550889113079255,0.9883123986074497,0.04587207767225661,364.0890230486267,25.634794752322783,356.9271620033638,364.15003154617625,25.652511714692704,356.9880219458851,0.07182080122016918,0.07185818609505398,3.7083421188967623e-09,0.9962828040072189,364.14558740828846,g1,A,0,g1
G1JoystickFlatTerrain_pathwise_fa_s106_final,G1JoystickFlatTerrain,pathwise,106,29,8192,2,4,3.5476455408311665e-08,0.12913789097809344,0.9920896864970143,0.11080905415057121,3.556440468287249e-08,0.08568439242743124,0.9965787921950325,0.1832254628225972,3.576074345915486e-08,0.3921553776257865,0.9339456622719986,0.05856223393144493,3.5388358404061894e-08,0.1610197761545895,0.9876770836678755,0.08011196795217436,363.61016477308954,25.856396960638875,357.7118051755119,363.67324504005836,25.87965342351837,357.77427623205676,0.0722827611125451,0.07233514297358941,3.923195514566857e-09,0.9955272000024498,363.6629484648258,g1,A,0,g1
G1JoystickFlatTerrain_pathwise_fa_s106_final,G1JoystickFlatTerrain,pathwise,106,29,8192,2,5,3.586332035839221e-08,0.13276221439045438,0.991590055610255,0.09498191360471331,3.6357010869243735e-08,0.08285926720487559,0.9968359487047116,0.20526388614284283,3.541016691032819e-08,0.5088177102927437,0.8920070286123482,0.00796982384342384,3.5327942926596054e-08,0.17008966959561428,0.9860870045421322,0.0464174957014952,363.3014277759105,26.15808603776738,356.417052270017,363.3625116087494,26.18356171806925,356.4794601823108,0.0733917916417486,0.07345040778696862,4.9011648916032854e-09,0.9948227625365405,363.3563570051741,g1,A,0,g1
G1JoystickFlatTerrain_pathwise_fa_s106_final,G1JoystickFlatTerrain,pathwise,106,29,8192,2,6,3.709487466415276e-08,0.1297722647017224,0.9919071903900514,0.08097839920750967,3.803085417510235e-08,0.0851612999787906,0.996634162003761,0.191041069075566,3.426774204603868e-08,0.4226876365617427,0.9266916228069859,0.08995811067756314,3.6068568743625046e-08,0.16402357511868532,0.9869338683264766,0.026414276753755035,361.60435207596953,26.020751707121978,354.13612222571504,361.67275039606085,26.039688511702057,354.20110416946494,0.07347669462121999,0.07351667796959628,4.712712598876735e-09,0.9956194117308648,361.6673498958962,g1,A,0,g1
G1JoystickFlatTerrain_pathwise_fa_s106_final,G1JoystickFlatTerrain,pathwise,106,29,8192,2,7,3.5698608201464585e-08,0.12703722974274692,0.9924413801069663,0.13799051187039105,3.5567050391303155e-08,0.08468584693632751,0.9969224469098777,0.30451277962855955,3.444744843045886e-08,0.34072510748937795,0.9494225178289399,0.07920791504397186,3.5838588395339355e-08,0.15920627534118909,0.9878155419025897,0.05608636394867849,361.04181194736486,26.208141320570924,352.5704707853505,361.1075592275614,26.228492270306248,352.63591361173155,0.07433447634508991,0.07437839215430835,4.936423822536919e-09,0.996169742328039,361.1008834877273,g1,A,0,g1
G1JoystickFlatTerrain_pathwise_fa_s106_final,G1JoystickFlatTerrain,pathwise,106,29,8192,3,0,3.5965839851080704e-08,0.11682682865896286,0.9932198281622502,-0.01721551018167538,3.6048040335142356e-08,0.07897279862312513,0.9968825814755925,-0.035862713898726445,3.675315386840466e-08,0.3459720173285454,0.9494712899877624,0.11479526742869693,3.588210381734609e-08,0.1454301612577946,0.9895658079551207,-0.008296976597089892,364.0853922140409,24.871905252606236,366.1129235873857,364.14651643526844,24.91585284096793,366.17250944771195,0.06793506497639276,0.0680440289702462,4.533138905111989e-09,0.9965112322091776,364.1416800958377,g1,A,0,g1
G1JoystickFlatTerrain_pathwise_fa_s106_final,G1JoystickFlatTerrain,pathwise,106,29,8192,3,1,3.5970549659029654e-08,0.12383576161754108,0.9923791119952207,-0.023943226754932025,3.620195863822009e-08,0.0792268435592886,0.9968640596304944,-0.030558669661725296,3.5416785914794716e-08,0.4043642622386753,0.9298664588070625,0.05118593821445906,3.572679811994533e-08,0.1576427259616124,0.9877215597962185,-0.022630710458806803,361.24619267404,23.094667196913893,361.6591949856916,361.3088690402781,23.116730516813117,361.71930008468934,0.06385754189887949,0.06390792670283485,4.486623001206539e-09,0.996368110695981,361.30264670444757,g1,A,0,g1
G1JoystickFlatTerrain_pathwise_fa_s106_final,G1JoystickFlatTerrain,pathwise,106,29,8192,3,2,3.546440615472213e-08,0.11915615004214793,0.9929171113474062,-0.04273986078620125,3.5181826193177055e-08,0.07683878188644919,0.9970445542873437,-0.05827077197510772,3.550533308156719e-08,0.3091651743393956,0.9563884682118751,0.03739925879151665,3.574641157723487e-08,0.1502531822907131,0.988789354792326,-0.03818874056244335,364.248708066265,24.946625774399436,368.38511006122457,364.31835763547093,24.98670983605783,368.4504098663873,0.06771887650468095,0.0678156657367237,3.785695097296994e-09,0.9959255473225722,364.3117737151495,g1,A,0,g1
G1JoystickFlatTerrain_pathwise_fa_s106_final,G1JoystickFlatTerrain,pathwise,106,29,8192,3,3,3.584639311791968e-08,0.13450420465929339,0.991049783239671,-0.011181546082691191,3.6223474608678986e-08,0.08237764803346788,0.9966042536192788,-0.05238623215246659,3.5215466834251575e-08,0.7047662035307231,0.8243982003715351,0.0366203282717897,3.546111537045756e-08,0.17131998975156137,0.98568056980722,0.008230740305640189,353.8637279607516,25.227504072899457,355.91154109364487,353.9424810680722,25.253112697058384,355.982818791333,0.07088138809823452,0.07093913347503708,4.219917864135509e-09,0.994753891028015,353.9340969285807,g1,A,0,g1
G1JoystickFlatTerrain_pathwise_fa_s106_final,G1JoystickFlatTerrain,pathwise,106,29,8192,3,4,3.5892515777611335e-08,0.12050261976968149,0.9928365720991459,0.010585641048281889,3.573556948770166e-08,0.08222162799607713,0.9966167569115201,-0.05410382237451237,3.560504924558362e-08,0.278795391914334,0.9645076222071944,0.05937318204003585,3.604679276551118e-08,0.1495902049560565,0.989172196105598,0.04753759132506689,365.09152081479436,24.6422962236227,366.1394590885143,365.1693513246278,24.673293975686754,366.2089301880031,0.06730303334409349,0.06737491071837051,4.222278194717508e-09,0.9965530563363698,365.16269104817536,g1,A,0,g1
G1JoystickFlatTerrain_pathwise_fa_s106_final,G1JoystickFlatTerrain,pathwise,106,29,8192,3,5,3.478306955133601e-08,0.12920101630661204,0.9917463366775989,-0.004974736832574205,3.4253658459072786e-08,0.0842031460226397,0.9964521217939176,-0.05280890262886062,3.5644384192581935e-08,0.49821192934833913,0.9099306804480797,0.15884019644937075,3.530872090435577e-08,0.162766480993294,0.9870985558134615,0.01997815610652347,347.4787633949422,24.253834667725968,349.173303260617,347.55202258643874,24.286092232358605,349.23644776995155,0.06946073609076364,0.06954054305453315,4.198216215278725e-09,0.9954002677705165,347.54540734239293,g1,A,0,g1
G1JoystickFlatTerrain_pathwise_fa_s106_final,G1JoystickFlatTerrain,pathwise,106,29,8192,3,6,3.64743105524113e-08,0.12765408025929187,0.9919086314978051,-0.022502242575216994,3.6999562147544106e-08,0.08289411828195378,0.9965674248911566,-0.031575409515985114,3.424728920591188e-08,0.6034443101860033,0.8747009180915817,0.13185071188035105,3.5960721458804694e-08,0.158539870087177,0.9875908943580831,-0.020427802444960123,340.61918419229625,22.55529779153883,343.1629906114314,340.6973775268035,22.57944474602312,343.23656461629326,0.0657276524818449,0.06578391428449584,4.441825578595135e-09,0.9958972151003369,340.68831595536835,g1,A,0,g1
G1JoystickFlatTerrain_pathwise_fa_s106_final,G1JoystickFlatTerrain,pathwise,106,29,8192,3,7,3.5915566495387923e-08,0.12309093667450643,0.9924400281727102,-0.046484447299887585,3.62811541219201e-08,0.07906330524288736,0.9968735237475442,-0.1142424101806737,3.362719333871147e-08,0.5673338957812538,0.8807812946357311,0.08989730267846818,3.5552137455179975e-08,0.15468958550715228,0.988193407211376,-0.01547031937601772,356.9147271588049,23.537922261809335,359.4694485482102,356.985792431971,23.561166923589642,359.53385070184805,0.06547961824536663,0.0655325413103542,4.502873466745481e-09,0.9962619971270794,356.97889542680514,g1,A,0,g1
G1JoystickFlatTerrain_pathwise_fa_s107_final,G1JoystickFlatTerrain,pathwise,107,29,8192,0,0,3.640045040873594e-08,0.20222105195968723,0.980251173888574,0.011450722755499795,3.688611329221608e-08,0.10682241184787443,0.9943039024711416,-0.03968886632739703,3.5288120989402175e-08,1.286578037861255,0.6585348063766635,0.09394513065813272,3.591336402367249e-08,0.2668847771517898,0.9668099785816313,0.03481456324891045,328.5012105162666,35.61374967873202,325.78603406859577,328.6340229206054,35.69024945570275,325.89900331162204,0.10931637932408504,0.1095132206390208,4.727892621493459e-09,0.9759458221560511,328.6275570252117,g1,A,0,g1
G1JoystickFlatTerrain_pathwise_fa_s107_final,G1JoystickFlatTerrain,pathwise,107,29,8192,0,1,3.6656113979634844e-08,0.20914088380560258,0.9790805275420081,0.02843056581419693,3.7898510835174516e-08,0.10472523502045927,0.994557338593003,-0.00330003180517993,3.5881107557578264e-08,1.307862406916314,0.6200484616729912,0.025447725970353732,3.552308433921572e-08,0.27126943291720873,0.9659614859004505,0.044103860069864255,317.5169966625575,34.86215423833195,313.7569816078651,317.6695627244487,34.934801203354496,313.87871763813615,0.11111196334079575,0.11130031837211067,5.936997005520339e-09,0.972098448357831,317.6644147016428,g1,A,0,g1
G1JoystickFlatTerrain_pathwise_fa_s107_final,G1JoystickFlatTerrain,pathwise,107,29,8192,0,2,3.634533839147023e-08,0.185632605935647,0.9836557221479931,0.06456529499553955,3.702650941126502e-08,0.09813934310553167,0.9953017828413042,0.06705360842590434,3.574797568673964e-08,0.8967742388101672,0.753220732831343,0.029509827048954135,3.5660047861702024e-08,0.24452074567785062,0.9724666407545216,0.07235277103238057,338.1034942720095,31.91243434733381,333.19262887115633,338.24002375314956,31.962339575825634,333.31119367113655,0.09577773210485417,0.09589338786911959,5.420605003387358e-09,0.980234753153494,338.2351080588494,g1,A,0,g1
G1JoystickFlatTerrain_pathwise_fa_s107_final,G1JoystickFlatTerrain,pathwise,107,29,8192,0,3,3.579599879892936e-08,0.2028441860149285,0.9802992837482687,0.0308383908923036,3.612512292670825e-08,0.10333657114715064,0.9947629502329898,0.04546043559170574,3.347782185814011e-08,1.0868846811948576,0.7212442277868493,0.11434572142519635,3.548079955508673e-08,0.2667934246637374,0.96672128011041,0.028935558603767265,326.6034395334095,36.09331643036461,321.0961993397221,326.74462887898676,36.14640002868547,321.2241930076629,0.11240655138423954,0.11252701638143137,4.667693504657265e-09,0.9731030246427164,326.7383852015635,g1,A,0,g1
G1JoystickFlatTerrain_pathwise_fa_s107_final,G1JoystickFlatTerrain,pathwise,107,29,8192,0,4,3.669265631281374e-08,0.21570648653884678,0.9774009742518392,-0.01269903577848934,3.732961044457473e-08,0.108047957089951,0.994166870929593,-0.04793671469336101,3.633686690176343e-08,1.426714249310259,0.6399141918924652,0.12526698140629255,3.611639515640053e-08,0.2778170116787509,0.9634633046241914,-0.0023465094816588028,317.9842043426013,36.113154427845,316.9044212423528,318.151840002636,36.21845742222621,317.0387076864421,0.1139559817003226,0.11423985950020621,4.5852376511186615e-09,0.9721290598092818,318.14515895652596,g1,A,0,g1
G1JoystickFlatTerrain_pathwise_fa_s107_final,G1JoystickFlatTerrain,pathwise,107,29,8192,0,5,3.5749133699030924e-08,0.20874569185142403,0.9791275037242515,0.02535988938019221,3.6385245205143915e-08,0.10785525269831714,0.9942494043409522,0.01195169862081422,3.705230688601783e-08,1.1812156703549794,0.6963784096169938,0.11706831431924426,3.516386709204083e-08,0.26937976108970785,0.9661945680040182,0.033328636972571345,317.22605923371486,37.12713863440613,313.7593709418785,317.38462213480045,37.20325313939932,313.89126649122693,0.11832997536600595,0.11852274055047342,4.814254057850684e-09,0.9708195735014861,317.37599240420775,g1,A,0,g1
G1JoystickFlatTerrain_pathwise_fa_s107_final,G1JoystickFlatTerrain,pathwise,107,29,8192,0,6,3.484353673795947e-08,0.19545919897907604,0.9815598177390598,0.017902998924461445,3.4022123622086925e-08,0.10545212685128702,0.9944884056507199,0.00217623100883021,3.460777589619846e-08,0.9662345312467782,0.7395839007074733,0.06178602756917767,3.557698365923418e-08,0.25142973357967574,0.9702116359553323,0.02622271430541596,313.8498324567145,33.350979786034145,310.6705939413637,314.00623914128795,33.412188142523,310.80158851030444,0.1073515821466152,0.10750327339918062,4.765467281640974e-09,0.9780454686468751,313.9995311459919,g1,A,0,g1
G1JoystickFlatTerrain_pathwise_fa_s107_final,G1JoystickFlatTerrain,pathwise,107,29,8192,0,7,3.6390613571469185e-08,0.1948054111423991,0.9818302403826469,0.037130284559967995,3.727437211781834e-08,0.09842503701403077,0.9952271873731657,0.03299171187506036,3.394325892906779e-08,1.0137577080168712,0.7632404628076567,0.17633745848224255,3.551478487525395e-08,0.25734419655451884,0.9691637084968683,0.04345029075737419,333.2297866380164,36.09539685531908,329.1663707130217,333.37795800493706,36.183504160727885,329.28931893673604,0.1096570004315178,0.10988362537103563,5.7890886216181146e-09,0.9752460151420879,333.3723728906724,g1,A,0,g1
G1JoystickFlatTerrain_pathwise_fa_s107_final,G1JoystickFlatTerrain,pathwise,107,29,8192,1,0,3.600887097819593e-08,0.20645428956455633,0.9799444908208214,0.06391395120735054,3.659372892034388e-08,0.1063653560774209,0.9946529868140565,0.13780133775002396,3.413970594816377e-08,1.3614563433289772,0.6405006307312808,0.09569592235814472,3.545734156613446e-08,0.26788325155664133,0.9667425215783357,0.043463735888521,325.2214774218113,36.460589041837174,317.1274662164729,325.359030861021,36.54268477834369,317.2440783150722,0.11497140085920173,0.1151879176828986,5.303367824720681e-09,0.973304972635202,325.35293022155525,g1,A,0,g1
G1JoystickFlatTerrain_pathwise_fa_s107_final,G1JoystickFlatTerrain,pathwise,107,29,8192,1,1,3.555108544625103e-08,0.21800627140579176,0.9776216079841847,0.05345987533239373,3.552057535917564e-08,0.10402840231093899,0.9948285055094593,0.11587639142831112,3.5487281077818014e-08,1.2907875293793882,0.6484940318170426,0.07480651280007805,3.558170005270194e-08,0.2905627788535479,0.9611561835131457,0.03824179322390784,332.83315456175126,38.41227192480064,324.5885822176275,332.9755639177674,38.505717907909954,324.70775052105495,0.11834141442179927,0.11858576780541928,6.095809993594602e-09,0.9699322406946124,332.9687534694965,g1,A,0,g1
G1JoystickFlatTerrain_pathwise_fa_s107_final,G1JoystickFlatTerrain,pathwise,107,29,8192,1,2,3.5460760519681995e-08,0.18583773658340907,0.9841074474696017,0.12052119929371868,3.5608145126041004e-08,0.1031281000259143,0.9952927636252259,0.24919695326657357,3.4447170748152345e-08,0.8199864981676135,0.8045839263687201,0.1247665476202517,3.532512255089449e-08,0.23829662303785093,0.9739002273863281,0.08040876970925045,326.57589059134085,34.37991365956776,314.7547697342738,326.70850736723736,34.42758898687641,314.87871895975127,0.10922761770565793,0.10933602975968958,4.57825171986046e-09,0.9800506799338979,326.7034095676068,g1,A,0,g1
G1JoystickFlatTerrain_pathwise_fa_s107_final,G1JoystickFlatTerrain,pathwise,107,29,8192,1,3,3.597442868873654e-08,0.2084046234413494,0.9796769419029067,0.0728419053106839,3.6252368724066935e-08,0.10659398195897912,0.9946661280010474,0.151093235967903,3.376068236462358e-08,1.2456006628884513,0.6736754491369841,0.10381896003918249,3.570812204150239e-08,0.2734877700158853,0.9655935616100892,0.05160504888616846,330.4498576956544,37.92495885489524,321.5563823316135,330.589865945128,38.005832245778784,321.6837428154933,0.11794186319643316,0.11814657437499879,4.694731215293004e-09,0.9708385887026241,330.58710945619896,g1,A,0,g1
G1JoystickFlatTerrain_pathwise_fa_s107_final,G1JoystickFlatTerrain,pathwise,107,29,8192,1,4,3.50222770936288e-08,0.19121641320392704,0.9824870894029331,0.039104901867187285,3.4014882307038974e-08,0.10173117669608205,0.9950876225074764,0.13276864294950042,3.4383579795161556e-08,0.8728167291116392,0.770705491200645,0.06152755054340193,3.6006572902731904e-08,0.2496957264649093,0.9702802677181176,0.004769635554741498,333.58951436434546,36.03530861938551,325.25799068653987,333.750060482492,36.093976782478094,325.40317556291853,0.11078992569352007,0.11092078840361226,4.537104578858725e-09,0.9784015086469614,333.73990396705625,g1,A,0,g1
G1JoystickFlatTerrain_pathwise_fa_s107_final,G1JoystickFlatTerrain,pathwise,107,29,8192,1,5,3.577876813202456e-08,0.206280089381295,0.9798619887841971,0.05267160879700227,3.5932751129555084e-08,0.10548446816157042,0.9947505229495366,0.14218598268267685,3.549491644956566e-08,1.0025779258715533,0.725834263075123,0.05610109285082368,3.562499725051346e-08,0.2720137939202936,0.9653845849883276,0.023856198811075226,335.07582323733607,35.70909587014142,326.87525896184854,335.2187477284851,35.787293607341105,327.00138477507744,0.10924380139247283,0.10944080139586167,4.660036076888525e-09,0.9729788197494338,335.2110003485783,g1,A,0,g1
G1JoystickFlatTerrain_pathwise_fa_s107_final,G1JoystickFlatTerrain,pathwise,107,29,8192,1,6,3.6072894894998015e-08,0.19726599526625851,0.9821521786385936,0.1167574148332112,3.64821746954247e-08,0.10241435884990024,0.9952638578686946,0.2209519577555376,3.6430517516421124e-08,1.0084472972891019,0.728556784899587,0.06941982417650666,3.567861843571128e-08,0.2575609916725571,0.9699971859750784,0.09079559326740416,332.3634607214789,33.90072384591951,322.33570697554535,332.50349557089953,33.95717273386067,322.4620984301355,0.10517210198028526,0.10530593486545121,4.612367460457591e-09,0.9765671850029012,332.49795402300026,g1,A,0,g1
G1JoystickFlatTerrain_pathwise_fa_s107_final,G1JoystickFlatTerrain,pathwise,107,29,8192,1,7,3.5344903432366163e-08,0.19525020151015332,0.9821636047043523,0.08357794604028551,3.521554154315749e-08,0.10249604903564163,0.9951702607374999,0.19225263883294322,3.444751557721194e-08,1.0345334774141042,0.7278261349664878,0.09037704167974094,3.547448581330774e-08,0.2553456610409472,0.9697264933842157,0.0499253689126335,328.68755713559005,34.827048772702184,319.7910372603034,328.8277636968611,34.88271999213871,319.92389995055726,0.10890564373245258,0.10903442974260304,4.834613717757554e-09,0.976951404739858,328.82227400228044,g1,A,0,g1
G1JoystickFlatTerrain_pathwise_fa_s107_final,G1JoystickFlatTerrain,pathwise,107,29,8192,2,0,3.569415611581981e-08,0.19813894510566363,0.9814698857253725,0.06444399154987208,3.5877829643406465e-08,0.10304461573252603,0.9949608978017961,0.13203127404241008,3.354015677957547e-08,1.200357161726411,0.7018824164762397,0.14227509747220204,3.551889193308489e-08,0.2595340424699076,0.9687007743838782,0.04533882333737642,334.3470134090075,33.59102582570885,327.1665388939394,334.4916421347677,33.680902739584695,327.2890156729533,0.10267255917818129,0.1029087477021855,5.2195445510324986e-09,0.9757224362373772,334.486273547232,g1,A,0,g1
G1JoystickFlatTerrain_pathwise_fa_s107_final,G1JoystickFlatTerrain,pathwise,107,29,8192,2,1,3.5208327155788095e-08,0.2011942093436424,0.9809207206766802,0.06476204198941853,3.455208841994305e-08,0.10189439916094435,0.9951441659677325,0.1622762484905847,3.801440845648436e-08,1.1734909579717714,0.6766995028273944,0.06500277060639499,3.5837474047476055e-08,0.2644433691370522,0.9673891264159742,0.03531170353491322,336.0562714380567,34.24542166815051,327.9270466220505,336.2090598737516,34.32845234366385,328.0551297841139,0.10443000057759698,0.10464232754492993,4.82620364003442e-09,0.974980264319621,336.20493880659865,g1,A,0,g1
G1JoystickFlatTerrain_pathwise_fa_s107_final,G1JoystickFlatTerrain,pathwise,107,29,8192,2,2,3.6321477686854e-08,0.18475672748231722,0.9834195974047935,0.010129297879868736,3.703495022962955e-08,0.10197126016067978,0.9948993148650866,0.04584118864213157,3.2818076174872103e-08,0.8918334496444835,0.7588553748055489,0.042856406879213924,3.563127151416372e-08,0.23826095702925007,0.9727205098214581,-0.003993371613636159,316.8403727385328,30.11312088448919,312.842364659516,316.97940445709594,30.15081177564794,312.9763952257125,0.0962565313596926,0.09633573724914195,4.9974829601633234e-09,0.980676908820778,316.9715497874386,g1,A,0,g1
G1JoystickFlatTerrain_pathwise_fa_s107_final,G1JoystickFlatTerrain,pathwise,107,29,8192,2,3,3.6288800639309496e-08,0.21039438605321875,0.9791976223666147,0.06317986582141044,3.6680021091187906e-08,0.10516115830472565,0.994665140047984,0.0920989208789699,3.6029874204171255e-08,1.1956154797091307,0.6958922798049229,0.12502005712144307,3.5913033477074604e-08,0.2767522230029813,0.9650222812917951,0.060785526716430976,332.56712872480165,35.09667896762233,326.3496154013362,332.7229673542564,35.18262600162855,326.47272975254174,0.10754319083373591,0.1077658952657271,5.10460815332938e-09,0.9727072287481566,332.71677297007307,g1,A,0,g1
G1JoystickFlatTerrain_pathwise_fa_s107_final,G1JoystickFlatTerrain,pathwise,107,29,8192,2,4,3.4966274278416194e-08,0.20037297152626235,0.981214051453075,0.07933565393782631,3.4858759193891096e-08,0.09880315717882873,0.9954106870916823,0.15501711578281768,3.292369586951089e-08,1.054888520049637,0.7148370564140503,0.07163724612476977,3.507919806455016e-08,0.26748153048470236,0.9671944207729668,0.061508180728239985,332.7157694734722,34.14432371974155,324.02341148459124,332.85613794834825,34.22361905629372,324.143951880767,0.10537610095301758,0.10558154442715752,4.680172829135327e-09,0.9746300469176123,332.85086012871966,g1,A,0,g1
G1JoystickFlatTerrain_pathwise_fa_s107_final,G1JoystickFlatTerrain,pathwise,107,29,8192,2,5,3.538994220020967e-08,0.20797214962688387,0.9796332619251807,0.06126887392982904,3.5198338636760575e-08,0.10820649957709173,0.9944114713054134,0.11501561890563006,3.42616098517425e-08,1.340199012263013,0.6640373372702008,0.13394638806297987,3.5561061994702705e-08,0.2661258886279868,0.9672442424562766,0.048272941402738266,322.0977742162751,34.79896970251219,314.7931905884267,322.2564062804913,34.88738150315694,314.9326825431409,0.11054549698951288,0.11077726586340493,4.885190180000075e-09,0.9748467574034559,322.25037110381675,g1,A,0,g1
G1JoystickFlatTerrain_pathwise_fa_s107_final,G1JoystickFlatTerrain,pathwise,107,29,8192,2,6,3.5071582051504014e-08,0.19068359781622157,0.9826675767167721,0.05000764456381055,3.43105794931612e-08,0.0983792102835395,0.9954007078198558,0.1331937883004639,3.2836741835773595e-08,1.0994673398520116,0.7269519812400943,0.13884887571379007,3.5753084997578326e-08,0.24501276608343237,0.9716164879442605,0.024583531166521913,323.85336645725977,32.05745086455773,317.109232083191,323.9977339401286,32.119250002872995,317.23882297107286,0.1010927706328891,0.10124627781071315,4.43796825077938e-09,0.9782331318525258,323.9918036498789,g1,A,0,g1
G1JoystickFlatTerrain_pathwise_fa_s107_final,G1JoystickFlatTerrain,pathwise,107,29,8192,2,7,3.534323357739038e-08,0.21286284544140607,0.9787044452165266,0.06103487418516193,3.5238475971090164e-08,0.1058477756744433,0.9945984211626155,0.09301056034399478,3.638695762949805e-08,1.381659650927039,0.6510999873272975,0.12712148484719704,3.543660418669875e-08,0.27793265712091664,0.9646679274264313,0.057385354330053824,329.95484557049014,35.954296971132955,321.2322944561682,330.0976640650879,36.04130913734848,321.3478397162797,0.11192615932965845,0.11215668718722209,4.5863076057936244e-09,0.9713680737249927,330.0917982989266,g1,A,0,g1
G1JoystickFlatTerrain_pathwise_fa_s107_final,G1JoystickFlatTerrain,pathwise,107,29,8192,3,0,3.583496142436569e-08,0.18625944878931872,0.9830511822247873,-0.006823762082995203,3.619649504312702e-08,0.0961559742684167,0.995370419546504,-0.0663488104128288,3.447564791909319e-08,0.9379967699499512,0.7639922964371875,0.1106922757306055,3.5473858642903994e-08,0.24701705883375202,0.9710541572797639,0.016521064630220798,331.8438582587792,30.945040583918686,331.561850941265,331.97559396505716,30.99265982251389,331.6731359080481,0.09333112508592069,0.09344338285843594,4.579559470321793e-09,0.9795544858417901,331.9684402212243,g1,A,0,g1
G1JoystickFlatTerrain_pathwise_fa_s107_final,G1JoystickFlatTerrain,pathwise,107,29,8192,3,1,3.553038543990965e-08,0.18792470485224105,0.983030504949957,0.034359284663007514,3.5654148331713174e-08,0.09727537879678036,0.9953265580486765,0.02410013776045381,3.478689529113774e-08,0.8117770973537266,0.7852162211359434,0.03540919852835946,3.541479031369254e-08,0.2460588753947304,0.9716633173011896,0.04292891981184675,318.40498090529684,31.878922757592058,317.8234082219143,318.5464017137235,31.936360675121694,317.95305417524924,0.10030388553171983,0.10044363548563028,4.476174298895914e-09,0.9771369254003447,318.5427534802198,g1,A,0,g1
G1JoystickFlatTerrain_pathwise_fa_s107_final,G1JoystickFlatTerrain,pathwise,107,29,8192,3,2,3.615165780229071e-08,0.19127081953954334,0.9822934710071028,0.014396831807875862,3.711589570731973e-08,0.09505692859201013,0.9955141939686311,0.0020035402521414373,3.341265171501837e-08,0.9873012219511605,0.7387166494357467,0.07964850542940524,3.517449356016065e-08,0.25428441144458563,0.9694848819071294,0.021152859927487756,325.35686349614525,31.31787824881628,325.17432320737043,325.490123963277,31.371633532418098,325.2901146858106,0.09631104307348437,0.09644201319403468,4.799352775532136e-09,0.9775475554436567,325.48271629329673,g1,A,0,g1
G1JoystickFlatTerrain_pathwise_fa_s107_final,G1JoystickFlatTerrain,pathwise,107,29,8192,3,3,3.661517681543671e-08,0.20633728722563996,0.9794881600648032,0.014029671740568562,3.767859693500472e-08,0.10036415909802297,0.9949761547364209,-0.02940215300657046,3.4938933402130044e-08,1.4133908219886635,0.587549791542209,0.01845592745692846,3.564491689003355e-08,0.2677874663966304,0.9665415551516015,0.03183097871372852,314.78970377699966,33.04650905138695,313.8907158706871,314.9394733231271,33.1279703314327,314.0140046484463,0.10528030101088094,0.10549838491605155,5.973579778726634e-09,0.9738158903084366,314.9342666890375,g1,A,0,g1
G1JoystickFlatTerrain_pathwise_fa_s107_final,G1JoystickFlatTerrain,pathwise,107,29,8192,3,4,3.535798290151074e-08,0.20935884354689466,0.9786130360734386,-0.020209328949500425,3.463782727204698e-08,0.10114746352171827,0.9948840964688977,-0.051547116922039275,3.6215026212669034e-08,1.5494726212339696,0.5565801754882662,0.024358076827347978,3.598040483967119e-08,0.270518897102633,0.9650867373208436,-0.012366707347727124,312.5190278096977,33.52545035848904,313.3680557478124,312.66395894926353,33.60300732831359,313.48909960904666,0.10698426257419498,0.10719035325381299,4.633689640720587e-09,0.9731058800932124,312.6584806564428,g1,A,0,g1
G1JoystickFlatTerrain_pathwise_fa_s107_final,G1JoystickFlatTerrain,pathwise,107,29,8192,3,5,3.547926048108934e-08,0.19747694179583197,0.9811560711030329,0.013648472498294272,3.527940104224348e-08,0.10099581196791617,0.9949817574159641,0.036259587180156504,3.446753583673581e-08,1.142602294673644,0.6857382889123261,0.06495958480731853,3.566333053927824e-08,0.2555565123855478,0.9689641287112231,0.006621329831714715,311.4993551736926,33.32891283299843,309.8036667112954,311.6349659748783,33.41768526895266,309.92803255748095,0.10758075650556252,0.10782401641179302,4.39816625943412e-09,0.9759553044425245,311.6285041447406,g1,A,0,g1
G1JoystickFlatTerrain_pathwise_fa_s107_final,G1JoystickFlatTerrain,pathwise,107,29,8192,3,6,3.613048667364536e-08,0.20343437822258384,0.9800583720342381,0.015895564654256823,3.605724912119958e-08,0.09932400927441333,0.995076072063997,-0.03425003591118296,3.4109349593971584e-08,1.1573142946252843,0.7443517668498753,0.2226135050241097,3.620014918785189e-08,0.2646310815120061,0.967341226600586,0.0350824075032507,310.8426436060139,34.72355193413006,309.33543119801595,311.0049308823355,34.8349639084321,309.47140819700456,0.11225210057460969,0.11256278604664055,5.111342028802868e-09,0.9723586105386935,310.99782581823786,g1,A,0,g1
G1JoystickFlatTerrain_pathwise_fa_s107_final,G1JoystickFlatTerrain,pathwise,107,29,8192,3,7,3.573309665710473e-08,0.18879126242545471,0.9828110155007975,0.025058637335520398,3.59409962766065e-08,0.0969956803123458,0.9953379336839248,0.009627564678589698,3.4620685773591265e-08,0.8577414273505677,0.7696026770774111,0.03853774771143187,3.5537625853849306e-08,0.2475043957390995,0.9712144994485672,0.034442183164981426,312.01657870342643,32.042583242380715,310.8420979060531,312.1637597857818,32.1147792282862,310.96597628575006,0.10308315205125451,0.1032742540257056,4.790650977102019e-09,0.9781771890609777,312.161393863102,g1,A,0,g1
G1JoystickFlatTerrain_pathwise_fa_s108_final,G1JoystickFlatTerrain,pathwise,108,29,8192,0,0,3.566424200012296e-08,0.21775241942111642,0.9773365783764787,0.02318775104992511,3.5591061639742505e-08,0.1037228303731122,0.9946294442125132,-0.038129382733283694,3.1794026264522263e-08,2.2532651426324493,0.438105350126538,0.04311302902173689,3.5772746304587394e-08,0.3082764149424092,0.9571878377227945,0.05742132203732763,347.48421817335367,40.19390474127221,344.3091817849582,347.63376699052384,40.28737321637284,344.42475166186205,0.11673782422211328,0.11697002907597283,4.9676930600468406e-09,0.971573489406429,347.6143592428168,g1,A,0,g1
G1JoystickFlatTerrain_pathwise_fa_s108_final,G1JoystickFlatTerrain,pathwise,108,29,8192,0,1,3.4858411460345124e-08,0.26568882356446866,0.9671363420807968,0.03730556566721936,3.4555093369316523e-08,0.11203438890260858,0.9937860804365912,0.002483624727393807,3.438973461656843e-08,2.8683000205074944,0.4630949949671337,0.16656127237555143,3.522580041597105e-08,0.3792636767291183,0.9378529370577973,0.060801600789925456,332.89055157770053,46.697930772561,327.0034406697943,333.0527869057593,46.86475269385408,327.1141280948665,0.1428056251546175,0.1432672840112325,4.3398031304575996e-09,0.9520463019353519,333.03465237151335,g1,A,0,g1
G1JoystickFlatTerrain_pathwise_fa_s108_final,G1JoystickFlatTerrain,pathwise,108,29,8192,0,2,3.455804838030667e-08,0.23703282560925626,0.9735108239750182,0.03619955118051435,3.430818430306207e-08,0.10813254246356223,0.994179231982825,-0.02258529739788099,3.5712104810096927e-08,2.001109238129296,0.5322480013599528,0.12411350611365118,3.4852612668684684e-08,0.33829470023323593,0.9497315988236172,0.07017236306882893,335.1132764007753,44.73662741224126,330.1468468123691,335.2738737233644,44.85031784797032,330.27228104199696,0.13550523909036785,0.13579800795413124,5.382466673076255e-09,0.9615981041492774,335.25338779364586,g1,A,0,g1
G1JoystickFlatTerrain_pathwise_fa_s108_final,G1JoystickFlatTerrain,pathwise,108,29,8192,0,3,3.618439373223988e-08,0.2772259699345484,0.9641153310456734,0.02338301356719137,3.659128738282161e-08,0.1160126366612404,0.9932864162890227,-0.04029984368906337,3.640364443684898e-08,2.844173877341893,0.4823512390826513,0.1891112307155148,3.5668574410020575e-08,0.4038570967428894,0.9302946040399098,0.0560438836652868,348.97336996568185,50.23652216071687,343.28091270588857,349.1279384395855,50.39851334605064,343.3887244902857,0.14634231121308416,0.14676810783714664,4.722658050750983e-09,0.9446395165244689,349.10776108067205,g1,A,0,g1
G1JoystickFlatTerrain_pathwise_fa_s108_final,G1JoystickFlatTerrain,pathwise,108,29,8192,0,4,3.585301970907893e-08,0.28877766882392636,0.9612430180565338,0.02274894570858461,3.55963120487242e-08,0.11542149271489521,0.993347586817794,-0.04736929905209402,3.134701469135636e-08,3.0544486826683532,0.44585106673039987,0.16396543695418264,3.6192373340963915e-08,0.41678777886819984,0.9263236432736632,0.05573654126653034,348.82557561044007,53.73822732493081,342.7349936294474,348.9960294057062,53.90273613376974,342.85391769542844,0.15679235655472773,0.15721779262751098,5.091725991085421e-09,0.9399184276714201,348.97148606171186,g1,A,0,g1
G1JoystickFlatTerrain_pathwise_fa_s108_final,G1JoystickFlatTerrain,pathwise,108,29,8192,0,5,3.5613723087348325e-08,0.2705395983833846,0.9655390483311922,0.013283179918386416,3.55708988514103e-08,0.109896849703589,0.9939469749393746,-0.08439336632416797,3.457727565296183e-08,2.455297973403519,0.44557495698037364,0.08847853777753437,3.567640659509056e-08,0.40001736489017287,0.9315669111625341,0.05806292434785459,347.01892429092396,49.221895833228174,343.3922120007665,347.1643234197754,49.354905296649676,343.49931929444523,0.14334016355944076,0.1436826873428033,4.586115435569542e-09,0.9497233279150015,347.14220049360796,g1,A,0,g1
G1JoystickFlatTerrain_pathwise_fa_s108_final,G1JoystickFlatTerrain,pathwise,108,29,8192,0,6,3.613138197848704e-08,0.2941864070820299,0.9601257012104606,0.03321105212732834,3.660677777247036e-08,0.12143572022962175,0.9926648888741315,-0.027083461751211728,3.23736241498763e-08,3.6321225848336427,0.33115463653403354,0.07465633895059567,3.557333074854444e-08,0.4294679264627032,0.9232228998739602,0.06846845527635269,340.4210260412542,51.55661770278841,335.3144932154334,340.5693880180845,51.73277058912975,335.405129679023,0.15375600740783987,0.15423965232325748,4.975985479636774e-09,0.9427972037616752,340.5523843028016,g1,A,0,g1
G1JoystickFlatTerrain_pathwise_fa_s108_final,G1JoystickFlatTerrain,pathwise,108,29,8192,0,7,3.574835985676564e-08,0.30953454227863414,0.9564264103100615,0.042160438930015254,3.6130226295897976e-08,0.12391495416073728,0.9923619541410336,-0.029015904057509985,4.011970715692004e-08,3.497633539067701,0.28583195028685815,0.0123457707580863,3.524754078576639e-08,0.45230771745111953,0.917245165466981,0.08378540936325353,345.29351619206227,55.43085159128491,337.74250126301547,345.4683848482019,55.6298899116492,337.85483646185656,0.16412163522208956,0.16465618930966403,4.972232229706509e-09,0.9361559249521562,345.44633008234734,g1,A,0,g1
G1JoystickFlatTerrain_pathwise_fa_s108_final,G1JoystickFlatTerrain,pathwise,108,29,8192,1,0,3.480767702612079e-08,0.2206387034932289,0.9768271619967938,0.02967409028261638,3.450457746950525e-08,0.09323221067494149,0.9956475678148456,-0.06630754217244385,3.8112301241788444e-08,2.235603364913291,0.4845165411614835,0.10358508595016845,3.515422872869756e-08,0.3166246837468856,0.955619268481402,0.07603300937726873,338.74948327970895,37.65363892406094,335.50347991198043,338.9110537378374,37.788987684210696,335.62477390455246,0.11223024850275558,0.11259296280362575,4.9580668428814584e-09,0.9677776109902467,338.8920906272297,g1,A,0,g1
G1JoystickFlatTerrain_pathwise_fa_s108_final,G1JoystickFlatTerrain,pathwise,108,29,8192,1,1,3.5110003392706655e-08,0.2441197456545558,0.9718030410953666,0.023879943757535497,3.521595084283621e-08,0.09914382314334644,0.9950731862265252,-0.0953374908422112,3.3706505185365845e-08,2.823408608367285,0.419765909690967,0.10571130659982227,3.498791195469091e-08,0.35543442047310714,0.9454420846372918,0.07938047280582447,348.51687082706104,39.918199943983566,346.05667774219273,348.67018640880747,40.071611922949494,346.16314484500765,0.11535162449233803,0.11575932481457893,4.641993245757524e-09,0.9631892774826025,348.64729723451956,g1,A,0,g1
G1JoystickFlatTerrain_pathwise_fa_s108_final,G1JoystickFlatTerrain,pathwise,108,29,8192,1,2,3.594943606162794e-08,0.2773094606114473,0.9640315529843158,0.02024869277215459,3.6337621719081466e-08,0.10637703448430684,0.9943387398418109,-0.05883978041237427,3.8719948640731186e-08,3.2341224877920345,0.3554870533814461,0.07018884899557505,3.543549176066838e-08,0.4065568057761286,0.9295369513319987,0.05712452676408419,341.1617950148603,44.8545276261943,337.96241659989266,341.32344846353413,45.037921541752226,338.0704221159741,0.13272046068748702,0.1332205321597225,4.6747372252280395e-09,0.9480471669045556,341.3030525643738,g1,A,0,g1
G1JoystickFlatTerrain_pathwise_fa_s108_final,G1JoystickFlatTerrain,pathwise,108,29,8192,1,3,3.558143918291775e-08,0.29164234722476745,0.9606694216284416,0.029121857492492225,3.5937676267720244e-08,0.11162849799930054,0.9938044864598956,-0.01801868741560703,3.339531789687158e-08,3.4918590639938523,0.3501380216472602,0.08603390814483464,3.5184630306855084e-08,0.41911712069456986,0.9255646293340588,0.05508958204946201,344.8414263602071,46.31173724848961,340.27550521379055,345.00303040297524,46.519299152209314,340.38233490247586,0.13610070821698558,0.13666778320190318,4.844637817860504e-09,0.9451782627690899,344.9807078665031,g1,A,0,g1
G1JoystickFlatTerrain_pathwise_fa_s108_final,G1JoystickFlatTerrain,pathwise,108,29,8192,1,4,3.6194632508391997e-08,0.3401303103339947,0.9476150540317092,0.02569480868217995,3.711248877729351e-08,0.12203220649713184,0.9925655927482594,-0.0494109470288665,3.4886802721272976e-08,4.459010558142399,0.29831781069486657,0.08709651702812925,3.51206661027534e-08,0.5007760660992694,0.8997974135960969,0.06149528211282925,361.087363352309,58.41192018305742,354.6845468264748,361.29415493885597,58.70929174704076,354.8027423749202,0.16468696114813988,0.1654702310192475,5.596557293220422e-09,0.9237799286644446,361.2709169353901,g1,A,0,g1
G1JoystickFlatTerrain_pathwise_fa_s108_final,G1JoystickFlatTerrain,pathwise,108,29,8192,1,5,3.565762184818098e-08,0.31678595726656733,0.9548364695173018,0.05239228233545157,3.589174181805601e-08,0.11740128588493969,0.9931892584177637,0.006368573810279832,3.567141553839716e-08,3.9291122556395774,0.25677895573756493,0.011160450499438595,3.538227539017829e-08,0.46287537490702324,0.914189732188857,0.08675057973664412,334.6784275601924,51.751436246618944,327.0088369065408,334.8236271653548,51.96481357577459,327.10059111807374,0.15825699616004368,0.15886493325539927,4.81721392271866e-09,0.9354130111597537,334.80686102916593,g1,A,0,g1
G1JoystickFlatTerrain_pathwise_fa_s108_final,G1JoystickFlatTerrain,pathwise,108,29,8192,1,6,3.547767995245509e-08,0.28478707934931397,0.9623506607550121,0.027755133530608135,3.5581557111055795e-08,0.11163939978245063,0.9937621295590898,-0.06555633935013275,3.264358993759833e-08,2.725301836066288,0.4466187712006297,0.12812326025924778,3.5378166673919676e-08,0.41405627800785477,0.928071003912703,0.07073905391878407,342.5828430692292,47.2315931038996,337.7012695596058,342.74252520203265,47.41670827977323,337.81430579392446,0.13986205371834667,0.14036323348810018,4.980257398692244e-09,0.9453999429738534,342.7219634689169,g1,A,0,g1
G1JoystickFlatTerrain_pathwise_fa_s108_final,G1JoystickFlatTerrain,pathwise,108,29,8192,1,7,3.489805041304843e-08,0.31196209747382414,0.9550567228404864,0.0160071180021305,3.4132616461860995e-08,0.11848833435242553,0.9930218572788844,-0.021126180163221472,3.3720094089145874e-08,3.8746784393595415,0.35702907409300394,0.12131113406503795,3.578524689849748e-08,0.44901151448362986,0.9146315285708162,0.03390869093878772,329.68803979908597,49.69965682271159,326.2608069900034,329.86673375237956,49.930444246020556,326.3798254240187,0.1523310669192154,0.15298263053224231,4.771792635338106e-09,0.9346167922679264,329.84715881249895,g1,A,0,g1
G1JoystickFlatTerrain_pathwise_fa_s108_final,G1JoystickFlatTerrain,pathwise,108,29,8192,2,0,3.493963639760041e-08,0.3143353168906366,0.9554380450391193,0.05112148118064061,3.468581252929384e-08,0.11659334171770595,0.9934092580905696,0.06925323939917488,3.841198473740659e-08,3.4281964700276504,0.3415873588202356,0.07083720254231714,3.519126474212444e-08,0.45541260606963807,0.914443764047166,0.05965241961796919,340.2909972504234,54.00402114282063,331.30673799491825,340.4683928052175,54.241410984460565,331.41617790920134,0.1630030873191864,0.16366554984325785,4.859447655796287e-09,0.9320708588135552,340.4470818040693,g1,A,0,g1
G1JoystickFlatTerrain_pathwise_fa_s108_final,G1JoystickFlatTerrain,pathwise,108,29,8192,2,1,3.588857626840387e-08,0.23613034888355094,0.9739397978873893,0.053127256274166534,3.647025616219397e-08,0.09880017843650685,0.9952239450450118,0.057036877928705355,3.850576689590455e-08,2.1583384656079136,0.5723785317395924,0.2179339407721789,3.51348362324829e-08,0.33999055483375096,0.949046424758419,0.06409270276858284,326.38769450754864,39.42489698227824,319.8591173363388,326.5477243583483,39.564875376318,319.975253233013,0.12325706801979942,0.1236497978407907,4.678333046706351e-09,0.9646295157244424,326.5303918994769,g1,A,0,g1
G1JoystickFlatTerrain_pathwise_fa_s108_final,G1JoystickFlatTerrain,pathwise,108,29,8192,2,2,3.602943869805218e-08,0.2405394635729976,0.9730009971792846,0.052600761545947824,3.6799993986359246e-08,0.09705349432333268,0.9953744974339449,0.04618485451169582,3.202640956396127e-08,2.6527704790068976,0.44985512007938533,0.12291595657031192,3.501541374573764e-08,0.35220698509093845,0.9459497478268176,0.07031837879213682,342.8672725043087,39.09403528008421,337.1315162299525,343.0152458264674,39.26074931453853,337.2322543142326,0.11596078502912383,0.11642050489617548,5.012470718050832e-09,0.9641702038332787,342.99523434976794,g1,A,0,g1
G1JoystickFlatTerrain_pathwise_fa_s108_final,G1JoystickFlatTerrain,pathwise,108,29,8192,2,3,3.511930321665834e-08,0.3056522643042186,0.957482769045011,0.044030297580540965,3.494139459684995e-08,0.11547924285844519,0.9934432967563507,0.026869476359192148,3.7675702010873756e-08,3.4343204601247526,0.36656921752754934,0.10080936835893646,3.530071962098859e-08,0.4454664352300145,0.9178714395286113,0.06326010619446008,336.61883728134575,53.63303070487449,328.6276845725192,336.7818166263615,53.86296457926753,328.73071642343405,0.1632030203865523,0.163851328422523,5.1465883632933715e-09,0.9324289587186161,336.761652711217,g1,A,0,g1
G1JoystickFlatTerrain_pathwise_fa_s108_final,G1JoystickFlatTerrain,pathwise,108,29,8192,2,4,3.502010241545658e-08,0.28739477101915895,0.9615201672906244,0.019610241441849505,3.501102858130278e-08,0.10980229233447494,0.9939751007656608,-0.0500190843717667,3.377039217155556e-08,3.3434782833024035,0.3992494063596514,0.1325303894919073,3.5046773665538695e-08,0.4161762435207849,0.9262641876446336,0.05164236690360082,329.46405275850157,47.022945323497375,323.8156788393289,329.636794442747,47.2638361375436,323.92146024452177,0.14521515910546479,0.14591140735740366,4.969287886417095e-09,0.945774107654953,329.619685401004,g1,A,0,g1
G1JoystickFlatTerrain_pathwise_fa_s108_final,G1JoystickFlatTerrain,pathwise,108,29,8192,2,5,3.6064499847336074e-08,0.2593115553304412,0.9681846863474217,0.012412253056487693,3.620197409184917e-08,0.11221048886901995,0.9937799926471157,0.011515981960019062,4.296332312593634e-08,2.616407117028625,0.4825358781809915,0.16148378862192247,3.583832053529999e-08,0.36478628176421224,0.940043252460057,0.014651483326606603,323.5711627310733,40.58542601240721,318.95850028788885,323.7425711799333,40.74134399712929,319.0795194264373,0.12724359431015342,0.12768398319755506,5.082328491634961e-09,0.9570073767446008,323.725040140757,g1,A,0,g1
G1JoystickFlatTerrain_pathwise_fa_s108_final,G1JoystickFlatTerrain,pathwise,108,29,8192,2,6,3.504388992364178e-08,0.25669323513924663,0.9694357087835076,0.05055524112976572,3.4711859738401407e-08,0.102085744348465,0.9948852130625037,0.04397091783676679,3.742438193979749e-08,2.781579159928006,0.3509435385530096,0.015229389834719595,3.542885257073965e-08,0.3706496647694928,0.940663048815671,0.06769580177406026,322.7298107396088,40.38933650609678,315.8757749897956,322.89271142978015,40.541884475384975,315.9943012383981,0.12786462180393995,0.12829941652902943,4.6597624452766395e-09,0.9527614817894364,322.87402861347715,g1,A,0,g1
G1JoystickFlatTerrain_pathwise_fa_s108_final,G1JoystickFlatTerrain,pathwise,108,29,8192,2,7,3.5363456799249486e-08,0.28308238574011724,0.9632070532483766,0.047330087265607515,3.555448808209502e-08,0.11141042380870231,0.9938646235097904,0.009606808641947684,2.754501663609283e-08,3.4219672917153785,0.34900423017418225,0.07902734783898292,3.52036267244314e-08,0.40868091465185635,0.9299778056164874,0.07561617225504022,335.4225771024426,48.31351969716593,326.8955662256314,335.59008365903117,48.511573857187884,327.0137985803351,0.14779496783941876,0.1483471769931147,4.5895356916732866e-09,0.9459006816062042,335.569740155658,g1,A,0,g1
G1JoystickFlatTerrain_pathwise_fa_s108_final,G1JoystickFlatTerrain,pathwise,108,29,8192,3,0,3.660276983177024e-08,0.27658685579151215,0.9641490547991595,0.017300545751320028,3.773778097874232e-08,0.10762517193674567,0.9942498002188704,-0.007119064940384087,3.5219324314904546e-08,3.2260199247580403,0.46634927592851066,0.20590965350755766,3.51797387785985e-08,0.3983091492679633,0.930583225831583,0.030243231950503775,347.27957446290765,46.05281907554605,344.19523930828535,347.4530767665015,46.24274024007156,344.31261586217363,0.1337985358777661,0.13430451894502213,4.651599384683668e-09,0.9504728052107388,347.43052744602306,g1,A,0,g1
G1JoystickFlatTerrain_pathwise_fa_s108_final,G1JoystickFlatTerrain,pathwise,108,29,8192,3,1,3.544845794823422e-08,0.2661973431147873,0.9673863864047071,0.05636914178249482,3.558188403380665e-08,0.10759504898230077,0.9943053585031547,0.03146729149521272,3.2582829866889944e-08,2.346777908765247,0.5402435855644893,0.2025681870927075,3.530849241387862e-08,0.38590935774919427,0.9369232199050671,0.08050132777696722,338.62574847410013,47.056765870748684,332.0792435599124,338.7926133896416,47.24540454005637,332.19611033948576,0.14170342405715203,0.14222142604792715,5.343355288888466e-09,0.9510738880929513,338.7738616308946,g1,A,0,g1
G1JoystickFlatTerrain_pathwise_fa_s108_final,G1JoystickFlatTerrain,pathwise,108,29,8192,3,2,3.5023860319361906e-08,0.22802889322380762,0.9751087209753401,0.012055592993169014,3.473087003363316e-08,0.09447397833611285,0.9955287557595344,-0.07669793264434659,3.568903088814016e-08,2.3968661192272935,0.4832425465697824,0.13006976202595288,3.5398831639583164e-08,0.3329514424190741,0.9505356559574856,0.052506302935316995,349.5102327302738,37.22151100048745,348.1648253281355,349.6559131596679,37.34798351008598,348.2762685021608,0.10690772959447331,0.10723665919216702,4.8520346008463535e-09,0.9662162954952807,349.6347881068926,g1,A,0,g1
G1JoystickFlatTerrain_pathwise_fa_s108_final,G1JoystickFlatTerrain,pathwise,108,29,8192,3,3,3.5385302357896897e-08,0.3126051779555051,0.955027250331407,0.021161906462530876,3.587835733369367e-08,0.12207432984352441,0.9925489091317716,-0.06105911603073019,3.528295727789709e-08,3.5319440579001546,0.2965287559886922,0.027248060798943086,3.483266003421182e-08,0.4464903209747114,0.917186836216785,0.05824596171782477,326.8468486118973,50.432013405462385,322.1070937532239,327.0375882229,50.67167166119221,322.223069345124,0.1565690864421003,0.1572564986243088,4.485036655084818e-09,0.933182160518713,327.0181005414539,g1,A,0,g1
G1JoystickFlatTerrain_pathwise_fa_s108_final,G1JoystickFlatTerrain,pathwise,108,29,8192,3,4,3.5203381320680314e-08,0.3064504350345681,0.9562981877302829,0.007331499293038933,3.4702374976886296e-08,0.12352287176448751,0.992376832189909,-0.055897233307025264,3.295568664253067e-08,3.1562403604622946,0.324527407877803,0.02614713966874336,3.578143934750492e-08,0.43479983041201575,0.91924087470209,0.03366989750493847,327.0622720937234,48.396744054902854,324.0044320238506,327.24466470503,48.593220545529014,324.13313932249935,0.14937062358251976,0.1499174710956678,4.9260989553592724e-09,0.9380073753895108,327.2271770902225,g1,A,0,g1
G1JoystickFlatTerrain_pathwise_fa_s108_final,G1JoystickFlatTerrain,pathwise,108,29,8192,3,5,3.543311751471301e-08,0.2699671316906598,0.9657929555464803,0.01954308912408046,3.564043049138528e-08,0.10783386023271156,0.9941772557504902,-0.07016553154380643,3.318417894113182e-08,2.5186612630235423,0.43374351925973115,0.08269770346864258,3.519852558350065e-08,0.3931827136556088,0.9337169541976497,0.06001241800550509,332.54522116149565,46.198373574947716,329.9095394765393,332.70457503923427,46.35599566579558,330.0208148316028,0.14003345780255275,0.14046385434642708,4.988723285095229e-09,0.9493937216812347,332.6850094799232,g1,A,0,g1
G1JoystickFlatTerrain_pathwise_fa_s108_final,G1JoystickFlatTerrain,pathwise,108,29,8192,3,6,3.6556836744937156e-08,0.2947807361762628,0.959888610361402,0.029650409533310176,3.74468438990885e-08,0.1134658265045584,0.9935776143420147,-0.039071588314254856,3.3084592058093514e-08,3.0714622932577433,0.43634354403298936,0.15361117451654685,3.551823540128193e-08,0.4284185687588683,0.9232345158992251,0.06372450948394628,327.4281756008304,48.4051273220473,323.13860501249246,327.6063495008519,48.59837093518271,323.2614513604776,0.14979679484652048,0.15033766238025453,4.745362110925966e-09,0.937509204344904,327.58715783545915,g1,A,0,g1
G1JoystickFlatTerrain_pathwise_fa_s108_final,G1JoystickFlatTerrain,pathwise,108,29,8192,3,7,3.549219157115451e-08,0.27683384133287514,0.9645983028236075,0.042094371836266305,3.546715558439274e-08,0.10763540207643266,0.9942548776175743,-0.0018796436625607936,3.652612140888955e-08,2.60415534871411,0.38367071440528383,0.031261633318785204,3.551550716742942e-08,0.40924415252899726,0.9296089993266116,0.07224066310344678,340.92281513082855,46.720312173259636,335.56829404362094,341.0869901968077,46.881711930154225,335.6812427469075,0.1392274329921833,0.139661398851235,4.933892450435632e-09,0.9466840207447521,341.06811899589724,g1,A,0,g1
G1JoystickFlatTerrain_weighted_mle_s101_final,G1JoystickFlatTerrain,weighted_mle,101,29,8192,0,0,3.527390166108425e-08,0.6417444548547625,0.8522345323306291,0.06709043698383525,3.536620763887084e-08,0.2792390309754238,0.9632680927657282,0.005813259048799077,3.356862646666114e-08,2.2340764975829037,0.465650222417312,0.07700244533313963,3.528588673176035e-08,0.7281952377198324,0.8252526660749964,0.08294232605819554,386.3601024032932,146.98332334503516,342.4906917230214,396.1544850687627,150.4358498327989,348.07506326831316,0.42916005280488867,0.43219370103751215,4.8472827942223696e-09,0.7559576421730557,396.02453088847165,g1,B,0,g1
G1JoystickFlatTerrain_weighted_mle_s101_final,G1JoystickFlatTerrain,weighted_mle,101,29,8192,0,1,3.559516930049169e-08,0.6189876348531956,0.8614471272613051,0.07584498886692273,3.653408925282664e-08,0.26703232759488,0.966506245503174,0.020312685871831,3.6803096130926345e-08,2.226078641661961,0.43394057464786223,0.03218241842240513,3.527982772309929e-08,0.7061849822748555,0.8346966400280286,0.09303967086932659,391.0331917142127,140.4701486652706,347.0924481190829,399.895719960232,143.68757903365764,352.1193031210925,0.40470528652088883,0.40806504431892393,4.747620581927491e-09,0.7659339516873652,399.7616935519017,g1,B,0,g1
G1JoystickFlatTerrain_weighted_mle_s101_final,G1JoystickFlatTerrain,weighted_mle,101,29,8192,0,2,3.513049641815722e-08,0.7068586670601611,0.8320242240397672,0.08029456588850031,3.466744667784289e-08,0.29233191976666695,0.9603204624300586,0.021677992349387852,3.482868073724237e-08,2.5928929934529164,0.41947844034491094,0.07512467848598828,3.52685477349054e-08,0.8086012170372,0.801727824182209,0.09819300442791992,395.98495277286196,164.58664041889304,338.72722136930594,405.1934652138741,168.53159443874674,343.41149298955804,0.48589729444699037,0.49075700108811066,4.695772449922137e-09,0.7124145067683022,405.0582799296515,g1,B,0,g1
G1JoystickFlatTerrain_weighted_mle_s101_final,G1JoystickFlatTerrain,weighted_mle,101,29,8192,0,3,3.477847957234509e-08,0.6939436836158005,0.8364210674938339,0.08012652036989325,3.5109205528977736e-08,0.29011572687306125,0.9606147317842562,0.009827860815435666,3.596417935351039e-08,2.658890198943001,0.3323418670716688,-0.023825804605295698,3.4647691569516225e-08,0.7967198373665719,0.8067554899296857,0.10293440876536168,393.8627485045889,156.60418400997187,335.91074381317884,403.47936195276003,160.31971891040726,341.2204802115067,0.4662077259936314,0.4698420177213046,4.443744968577559e-09,0.7444227848644076,403.33887733036823,g1,B,0,g1
G1JoystickFlatTerrain_weighted_mle_s101_final,G1JoystickFlatTerrain,weighted_mle,101,29,8192,0,4,3.550326935617856e-08,0.6435455135702749,0.850413394808397,0.05963360963192086,3.6472238722105706e-08,0.28057632451824427,0.9626520748311207,-0.008611704282743594,3.4168578392728855e-08,2.024553313620241,0.46721777011087723,0.034196652190923764,3.52517470973243e-08,0.7313514626162375,0.8228696184098457,0.07654669142783409,358.9939813647028,139.80371311519318,320.2965274314378,368.596445425213,142.6742847513364,326.1860575372421,0.43648213808724134,0.43740154263045466,4.863874743162328e-09,0.7281317883811796,368.49049519185036,g1,B,0,g1
G1JoystickFlatTerrain_weighted_mle_s101_final,G1JoystickFlatTerrain,weighted_mle,101,29,8192,0,5,3.5669839695482785e-08,0.6799885537242907,0.8362169106469,0.05214593875766289,3.5568597253971414e-08,0.29941122310016377,0.9578722591267256,-0.004651655285974009,3.5281139238296955e-08,2.323710718243495,0.382107577638441,-0.0169217688035989,3.570737151400873e-08,0.7675721529756149,0.8084078982443463,0.06745197140218392,381.34027295720307,152.23103614844908,332.0182239103523,390.3722081868296,155.80018844399993,336.9910779916753,0.45850204954277535,0.46232733926519026,4.918293767333636e-09,0.7203807089950738,390.2257590365267,g1,B,0,g1
G1JoystickFlatTerrain_weighted_mle_s101_final,G1JoystickFlatTerrain,weighted_mle,101,29,8192,0,6,3.5055795424582296e-08,0.6501597686977209,0.8497853107269467,0.07005697238983603,3.508622084751607e-08,0.28244821760100397,0.9625172349831179,0.008243724822858697,3.6751577788666194e-08,2.3098920005707835,0.4313064828841364,0.04466026843191512,3.5002205638302675e-08,0.7336481613460911,0.8242243533765501,0.08698161080579456,386.85938651395935,146.08744303581466,341.6815498172967,395.9190755996523,149.17337930437685,347.1212870991541,0.42755437954999276,0.42974425611001354,4.521849808762791e-09,0.7414524693868976,395.7870429018299,g1,B,0,g1
G1JoystickFlatTerrain_weighted_mle_s101_final,G1JoystickFlatTerrain,weighted_mle,101,29,8192,0,7,3.540773096442793e-08,0.7076248974560252,0.827210402927922,0.05664492293355992,3.6106468912131965e-08,0.3021475522594674,0.9577039682340327,0.018007938846536432,3.4925193469493735e-08,2.7946048362271423,0.3709828616845173,0.04131715090581359,3.521753387961069e-08,0.8049347115417897,0.7958913553404188,0.06908997388325223,377.8799331174421,152.638138996396,333.7816305793425,387.6919812814639,156.42068610459037,338.8617692498842,0.45729939880592757,0.4616061777958841,4.3698747519753265e-09,0.7190649086502203,387.5790293934768,g1,B,0,g1
G1JoystickFlatTerrain_weighted_mle_s101_final,G1JoystickFlatTerrain,weighted_mle,101,29,8192,1,0,3.5154964834685584e-08,0.6594543671306076,0.8445677437642356,0.058227104120288226,3.5000726819830447e-08,0.2855507210911651,0.9621545168941105,0.0274491339834696,3.507897977009613e-08,2.0596391962612146,0.44805147363524656,0.015588961414955041,3.520258449640134e-08,0.7576084112910709,0.8122620428587713,0.06925918838674892,368.2650619465755,150.85569257601645,321.19463003344407,376.55411098992494,153.82702465604453,325.75719163162313,0.46967065595183916,0.47221374879114464,4.694681175447001e-09,0.7057226524883325,376.4522636668141,g1,B,0,g1
G1JoystickFlatTerrain_weighted_mle_s101_final,G1JoystickFlatTerrain,weighted_mle,101,29,8192,1,1,3.5518838160436745e-08,0.6920476052072896,0.8315145240317577,0.05000759169901319,3.5868170632197945e-08,0.2963426486252487,0.9591985064100212,0.01759186263538792,3.3152751351377764e-08,2.5390242498037447,0.38795711097729363,0.02692040518926256,3.5479992683505284e-08,0.7899001253825283,0.79918388895761,0.06109848035326762,356.7802393613703,145.1379684535339,313.9673233112633,365.5073098251869,148.69436253323136,318.6377037516245,0.46227093610517367,0.4666565217565619,4.775174758289992e-09,0.6940747136246903,365.40833906277163,g1,B,0,g1
G1JoystickFlatTerrain_weighted_mle_s101_final,G1JoystickFlatTerrain,weighted_mle,101,29,8192,1,2,3.5152181950951036e-08,0.6978866557345498,0.8358722639454222,0.08441428701514284,3.5521535661639285e-08,0.29272462900501506,0.9609064124144853,0.050035669599246706,3.516003381288196e-08,2.346372737577625,0.398009012223632,0.0076508759678553155,3.504540870271988e-08,0.7975408653185723,0.8057551273669262,0.09984793975808924,375.0833155711551,161.30872897437308,311.45848714279487,385.9089509851675,165.4293584179737,317.5793121312782,0.5179140579990588,0.5209072256872621,4.305625899966922e-09,0.6991762320127426,385.77794207219677,g1,B,0,g1
G1JoystickFlatTerrain_weighted_mle_s101_final,G1JoystickFlatTerrain,weighted_mle,101,29,8192,1,3,3.5101704859005107e-08,0.7026885592895719,0.8346807303556546,0.08675816591042872,3.428766981963744e-08,0.295894855905042,0.9596791003275206,0.032640746015306164,3.868026978797203e-08,2.777297985286969,0.35806628189740186,0.02332681850402559,3.522259924890208e-08,0.7991152386773493,0.8066084312870015,0.10560590956407381,401.49731711263,155.97875308881305,344.2838741343785,411.2388926616394,160.43033376352605,349.0968934825905,0.45305274166844084,0.45955818215130084,4.690060191963906e-09,0.7324102084065179,411.09263377862953,g1,B,0,g1
G1JoystickFlatTerrain_weighted_mle_s101_final,G1JoystickFlatTerrain,weighted_mle,101,29,8192,1,4,3.5288458662922175e-08,0.6651347722686343,0.8444114075940827,0.06907138360141357,3.5916580747784166e-08,0.2860902092286196,0.9621979535145927,0.03532653344474215,3.7154826593084676e-08,2.333376267611152,0.40568711826342374,0.01523807954956612,3.5053197840244775e-08,0.7535763734552282,0.8164494910734276,0.08218059264964855,371.577958361709,141.3396520263379,327.256506148234,381.5660428612284,144.69743899846142,333.1088037134877,0.43189256552875466,0.43438491383409245,4.302954598977187e-09,0.7253979002703305,381.44890417795017,g1,B,0,g1
G1JoystickFlatTerrain_weighted_mle_s101_final,G1JoystickFlatTerrain,weighted_mle,101,29,8192,1,5,3.5040734925032986e-08,0.6796563825680947,0.840927766234869,0.07791588081851068,3.6564636723329774e-08,0.29190784819800525,0.9604256742816323,0.02157430320408293,3.507249294259008e-08,2.2319383339793437,0.4183824424959953,0.012558776222054873,3.459705560910713e-08,0.7740027680098504,0.8125820806334796,0.09576771228475238,361.44018411226534,149.53796745244537,308.0297998194117,371.40897319266344,153.14651524859917,313.6602422582886,0.4854659112206492,0.48825606377772196,4.408907150296262e-09,0.7175358995498546,371.29679116390025,g1,B,0,g1
G1JoystickFlatTerrain_weighted_mle_s101_final,G1JoystickFlatTerrain,weighted_mle,101,29,8192,1,6,3.5077220645799916e-08,0.736879629958191,0.8191257758284252,0.06766245751798133,3.579508457824492e-08,0.317800569928345,0.9534316442935779,0.01420292986418154,3.8245009938140495e-08,2.8269636215471357,0.35683554819445545,0.028095308876143213,3.478620325715901e-08,0.8290581120871284,0.7912748021339399,0.08337889926388752,379.6623724803699,157.91838287308326,326.26693101632515,390.1484036160081,162.53185145269228,331.4213917156121,0.4840159018910229,0.4904084513414813,4.32834191301216e-09,0.7112206157933685,390.0210394696461,g1,B,0,g1
G1JoystickFlatTerrain_weighted_mle_s101_final,G1JoystickFlatTerrain,weighted_mle,101,29,8192,1,7,3.5233752451533223e-08,0.627342638157463,0.8596833107294163,0.08308003136865368,3.594412565779678e-08,0.27428086805934976,0.9648929211243659,0.026577589991559368,3.740852221638421e-08,2.292002821718891,0.45621574621118277,0.07493619166542187,3.4967556348124e-08,0.7113124416173148,0.8343833252495815,0.10031251888665935,374.6191472713668,137.36722177563342,328.75425046929183,383.2758374892002,140.83187091824257,333.6522786067201,0.41784166008361356,0.4220917402582536,4.467179391411379e-09,0.7644976287140036,383.1637766451963,g1,B,0,g1
G1JoystickFlatTerrain_weighted_mle_s101_final,G1JoystickFlatTerrain,weighted_mle,101,29,8192,2,0,3.545155166026529e-08,0.7142565809211044,0.8223259446630954,0.04373045811225514,3.667211524100899e-08,0.3010427262109015,0.957243117123086,-0.013069637624255007,3.511659269928206e-08,2.6618493687747584,0.36132970029911704,0.011804987688130063,3.510382583535289e-08,0.8149085778557844,0.7898227441706797,0.05841975706924195,357.25334463468533,151.89503838686096,309.78483580442474,365.92865482789045,155.2272851425571,314.58657484335737,0.4903243181430474,0.49343264320751506,4.762950406651627e-09,0.6718333586462331,365.81645226459506,g1,B,0,g1
G1JoystickFlatTerrain_weighted_mle_s101_final,G1JoystickFlatTerrain,weighted_mle,101,29,8192,2,1,3.5189894497873094e-08,0.6687748348528542,0.8422335841191791,0.0638038716045481,3.5481164424200285e-08,0.2865001205498191,0.9612347691215235,-0.004302895683541516,3.8752778015005716e-08,2.5397648691316626,0.3865871731027372,0.02530551047298198,3.5006904757884635e-08,0.7561148190868965,0.8155014320345696,0.0817900390600422,393.3190667788739,151.0866126308298,342.9761356571269,403.3748458447089,154.77923530752764,348.6079606724259,0.44051640019021776,0.44399225711591694,4.170346249568541e-09,0.7502543364931874,403.2399535069988,g1,B,0,g1
G1JoystickFlatTerrain_weighted_mle_s101_final,G1JoystickFlatTerrain,weighted_mle,101,29,8192,2,2,3.547636779401963e-08,0.6645009442474501,0.8437246279361297,0.06375061622454267,3.6423907381428044e-08,0.2899073562446617,0.9601485850191132,-0.01437411161037581,3.724972349742302e-08,2.2566096366972586,0.39162081324438264,-0.01759234517072413,3.516466634852536e-08,0.7521172545594246,0.8173471170186141,0.08404749307619482,376.0706840723194,149.4434136789339,329.97028098011714,386.07738465912536,152.81812988733122,335.70986295320006,0.4528996163989034,0.45520893709528726,4.6552199694233125e-09,0.7265804691135954,385.95987105088545,g1,B,0,g1
G1JoystickFlatTerrain_weighted_mle_s101_final,G1JoystickFlatTerrain,weighted_mle,101,29,8192,2,3,3.524219959282866e-08,0.6788441201954639,0.8393841201798652,0.06766363243516714,3.547083230238609e-08,0.28777046895987696,0.9604032056426068,-0.029406223267597658,3.494579348231989e-08,2.5309787828242034,0.3996939409237764,0.040575177304967,3.5185516034576037e-08,0.7739560566826575,0.8115125090354398,0.09095939199264319,406.9311212415657,164.10286608078914,350.61169803272816,416.92192513005455,168.1015902747481,355.9867723128256,0.4680473213003587,0.47221302404749826,4.541716475815467e-09,0.7334650453518092,416.7748802225074,g1,B,0,g1
G1JoystickFlatTerrain_weighted_mle_s101_final,G1JoystickFlatTerrain,weighted_mle,101,29,8192,2,4,3.524497434214091e-08,0.6586466530961951,0.8450547322460558,0.059429219093352366,3.540677950655808e-08,0.2795202393707208,0.962737107607116,-0.01824648917296434,3.620627378231601e-08,2.3900123535379807,0.4024025091288445,0.021056480240578265,3.517444508765425e-08,0.7500759927362948,0.8169064371497099,0.07874962972101214,381.9700003988349,144.79448462761363,339.3236806228693,391.4084116946723,148.1790858112202,344.7483353884827,0.4267149417978302,0.4298181328250443,5.147976219227463e-09,0.7383015611223427,391.28900151986034,g1,B,0,g1
G1JoystickFlatTerrain_weighted_mle_s101_final,G1JoystickFlatTerrain,weighted_mle,101,29,8192,2,5,3.541528416308281e-08,0.6770120114355889,0.8381409687607871,0.057015922679404904,3.650501571984182e-08,0.2867059488117849,0.9613545419364274,0.0039346146324985235,3.490465504647182e-08,2.6086525597216887,0.4141492518024712,0.07053173435567321,3.509372682674915e-08,0.7763199533783911,0.8063383940488833,0.07167892915225656,395.8642496541356,152.6796391014562,351.60117333177016,404.31315867904084,156.37797135673648,355.8546105210235,0.43424098291443286,0.43944343204595737,4.454279085498404e-09,0.7117051231608136,404.19433388912375,g1,B,0,g1
G1JoystickFlatTerrain_weighted_mle_s101_final,G1JoystickFlatTerrain,weighted_mle,101,29,8192,2,6,3.503922409003555e-08,0.6806470292405481,0.8389398540731462,0.06870119395404076,3.529000695819985e-08,0.2883556555953024,0.9605215393554177,-0.01581154420515812,3.6232247016922606e-08,2.5665043532323484,0.4181158833607755,0.06953145495316515,3.493429356218351e-08,0.7762269328493057,0.8104907945808577,0.08980337708479753,366.5666279598699,147.45335185975046,318.0113040030186,376.2824472036828,150.98448041140142,323.3419905025899,0.4636733034444283,0.46694980808622066,4.61114088636375e-09,0.7255276091914604,376.1689372392474,g1,B,0,g1
G1JoystickFlatTerrain_weighted_mle_s101_final,G1JoystickFlatTerrain,weighted_mle,101,29,8192,2,7,3.515698437867066e-08,0.6384574435572371,0.8533137969378352,0.0666724463645531,3.623680017130328e-08,0.2689374622100968,0.9655112520978671,-0.010177420622600596,3.8141223311684837e-08,2.267299579486264,0.45980651605807504,0.0752669124624799,3.475206167396692e-08,0.7303997703920617,0.8251104530540663,0.08593097747350141,380.16018353370663,144.7476079244477,334.4042884324181,388.84383212669997,147.8670373818141,339.4577686701409,0.4328521281918315,0.4355977415426292,4.477018717973797e-09,0.740771213300496,388.73827436584116,g1,B,0,g1
G1JoystickFlatTerrain_weighted_mle_s101_final,G1JoystickFlatTerrain,weighted_mle,101,29,8192,3,0,3.529315443037707e-08,0.711803832377056,0.8232041012701972,0.04368678951354418,3.5378886169333e-08,0.302144098060181,0.9565393367401835,-0.03097747490762631,3.3615039391130847e-08,2.833901242806198,0.3348633904179535,0.0025091302702531337,3.532037231199201e-08,0.8062768510424618,0.7935965346179337,0.06156153954674357,366.2057695648584,158.51753609479672,323.031811971773,376.01860400803946,162.47516842003296,327.82077300008865,0.4907180352523538,0.49562194284737565,4.793026078819973e-09,0.6834366465210535,375.88984562717775,g1,B,0,g1
G1JoystickFlatTerrain_weighted_mle_s101_final,G1JoystickFlatTerrain,weighted_mle,101,29,8192,3,1,3.5281268051909444e-08,0.6788578696627862,0.8375190148561207,0.057199808361214424,3.576094490499773e-08,0.28870401773402043,0.96037777869731,-0.01843986109271973,3.611229592462882e-08,2.5709505822119234,0.39888942400918376,0.04558107259375037,3.512002285143342e-08,0.7706491771169228,0.8091957054294769,0.07570301539542149,379.6427269458596,147.32029810700217,337.11088922802924,390.5744821533997,151.5528496083232,342.8400111959322,0.4370084230870129,0.44205123281748665,4.4970332619770065e-09,0.7200803757198484,390.46417954663065,g1,B,0,g1
G1JoystickFlatTerrain_weighted_mle_s101_final,G1JoystickFlatTerrain,weighted_mle,101,29,8192,3,2,3.5125028005052896e-08,0.6585541217740108,0.8501564850535708,0.08965885368953122,3.6834082232835014e-08,0.28293190324332906,0.9618457193020228,-0.019470445424574965,3.510811143637675e-08,2.3055405351373777,0.42236488939444283,0.03199110173529986,3.465262355402954e-08,0.7449825418943091,0.8266576153211409,0.1167224146869385,389.80925297635105,147.59354299737248,337.9511824103611,399.67308289734046,151.26930322923238,343.40348801184234,0.43673036426354284,0.4405001944069228,4.342032163593401e-09,0.7676705215337876,399.53993351306065,g1,B,0,g1
G1JoystickFlatTerrain_weighted_mle_s101_final,G1JoystickFlatTerrain,weighted_mle,101,29,8192,3,3,3.559163042150428e-08,0.6354617309470864,0.8561429674880738,0.0780993665206173,3.761535627641243e-08,0.27987260866417757,0.9633471889097429,0.01752054666661659,3.5801079464539794e-08,2.029028201220634,0.45949926885984654,0.024350169431194578,3.4995961238910654e-08,0.7204317012438813,0.8303989383634207,0.09551784820659112,378.1199028660639,148.66397604350806,328.79590057154724,388.16177530010685,152.2819924331342,334.644690916597,0.4521466836572001,0.45505575485459215,4.35484597675114e-09,0.7325632001111575,388.04329054790446,g1,B,0,g1
G1JoystickFlatTerrain_weighted_mle_s101_final,G1JoystickFlatTerrain,weighted_mle,101,29,8192,3,4,3.540457629929051e-08,0.6756371124221319,0.8411669128995054,0.07142519830258465,3.662088890779696e-08,0.29034183536209757,0.9600325415679481,-0.014523059025918654,3.476260377067252e-08,2.497467976246428,0.40166819016292626,0.03788480262717276,3.5066747542843095e-08,0.7718906774326808,0.8127477540858452,0.09338206043216653,373.99596827584327,145.47864785852946,330.6004645689616,382.6062260163381,149.10695285441017,335.0682190811189,0.44004368852961145,0.4450047613089543,4.529559786397382e-09,0.7376392645578916,382.47848895854855,g1,B,0,g1
G1JoystickFlatTerrain_weighted_mle_s101_final,G1JoystickFlatTerrain,weighted_mle,101,29,8192,3,5,3.54865183499079e-08,0.6857528141331534,0.8361908158964174,0.06336038762325101,3.6633097809130204e-08,0.29549160137088354,0.958668869629382,-0.015204454807807936,3.7215585603957676e-08,2.6066377220798636,0.39757773119995526,0.049135536040649526,3.5112277350346514e-08,0.7777872672280904,0.808378970581376,0.08282966363498394,372.44579141447525,147.35180607999504,328.8449849403879,381.82758162010646,151.03307376037904,333.74391773547165,0.44808895628043743,0.452541801466143,4.6379445358729335e-09,0.7140951395909273,381.7034899988856,g1,B,0,g1
G1JoystickFlatTerrain_weighted_mle_s101_final,G1JoystickFlatTerrain,weighted_mle,101,29,8192,3,6,3.5498433540087444e-08,0.6516324661971098,0.8489661433563516,0.06818350148198259,3.695776504993595e-08,0.27587067221528927,0.9638861647313689,-0.005591855959583862,3.3509094253960213e-08,2.484707187525076,0.376518045112142,0.003962224953443172,3.511255625385974e-08,0.7410995151806745,0.8220090818397111,0.08844855651058546,396.0424228267534,148.1474825791928,346.84975455395505,405.18266299870737,151.70322093399528,351.8679453224396,0.42712292753301323,0.43113680274279964,4.5912242179278575e-09,0.7589172772054598,405.04702801165547,g1,B,0,g1
G1JoystickFlatTerrain_weighted_mle_s101_final,G1JoystickFlatTerrain,weighted_mle,101,29,8192,3,7,3.496783510561082e-08,0.6547773495806303,0.84730496890099,0.06477075560054953,3.5142847818852995e-08,0.2816746108481105,0.9625219924930754,-0.0011232049907806234,3.6453441209133335e-08,2.4617124075875823,0.40432389252506906,0.03556860102507073,3.4877924221388934e-08,0.7421316609973708,0.820403490500491,0.08245540448833855,380.25929275644677,145.26986599528024,331.88738706252684,389.4689022749712,149.07108174905628,336.74608278425256,0.4377083060644039,0.4426809675602466,4.3073350591965595e-09,0.7411351660786145,389.34928930546806,g1,B,0,g1
G1JoystickFlatTerrain_weighted_mle_s102_final,G1JoystickFlatTerrain,weighted_mle,102,29,8192,0,0,3.591270272175647e-08,0.43828930871278315,0.9186043932495636,0.04098019217166429,3.674294752748877e-08,0.1971859462878983,0.9810548512928658,-0.007469376584549694,3.646541637234612e-08,1.2548332827872253,0.5851942767912243,-0.07741820014207898,3.565348050513122e-08,0.4931222789216639,0.9015098597168539,0.05241260171740384,333.4812978092058,112.78943795734375,307.05978767497686,337.132222119291,113.62544505579942,310.217651390755,0.367320771017829,0.3662765305146181,4.300454438664998e-09,0.8352508994439434,337.0842112536944,g1,B,0,g1
G1JoystickFlatTerrain_weighted_mle_s102_final,G1JoystickFlatTerrain,weighted_mle,102,29,8192,0,1,3.555830182185941e-08,0.3955151180456338,0.9322054495047716,0.04472832108771737,3.543710543921637e-08,0.17994068506377728,0.984075771598651,-0.022478056294843087,3.7162762066115544e-08,1.0008122388808578,0.6795015450217861,-0.07568197347636237,3.5585831297635547e-08,0.44916374337981074,0.9164410291513366,0.05968793907190448,323.7239784802704,99.74165232104858,303.0629538126925,326.70890088498294,100.3790670200827,305.8141266447349,0.3291119916381907,0.32823554660930687,4.1882469006445475e-09,0.8609139250051027,326.67001910462767,g1,B,0,g1
G1JoystickFlatTerrain_weighted_mle_s102_final,G1JoystickFlatTerrain,weighted_mle,102,29,8192,0,2,3.5832479686083985e-08,0.4092572382032834,0.9281394952077744,0.047208792943741563,3.5703113599119835e-08,0.18160850108877083,0.9838570594778617,-0.00880695590260883,3.48395755937556e-08,1.0828773951741337,0.6579837056832917,-0.050815429876681174,3.588008138934156e-08,0.46525426179554347,0.911297555166842,0.059901958285980515,362.87600588779884,111.38634683132136,339.13559576698606,365.6255047884466,112.09357584688068,341.66750080745913,0.3284419218201223,0.32807795761074965,4.196777854085798e-09,0.8456309351268447,365.56285214925026,g1,B,0,g1
G1JoystickFlatTerrain_weighted_mle_s102_final,G1JoystickFlatTerrain,weighted_mle,102,29,8192,0,3,3.566984801827489e-08,0.417599060836347,0.9246393294852407,0.031985648695972806,3.594097243485288e-08,0.19203088665832052,0.9820372705679519,-0.0029355292685464733,3.638661032844393e-08,1.0405241844963635,0.6777304262435966,-0.0401026075263319,3.558216639067628e-08,0.46925791400038175,0.9083972536496351,0.03988401880222485,363.78329682788484,115.92732339311792,337.93795829335266,367.3319127206875,116.5966572040498,341.2501890193594,0.3430432141407593,0.34167499669116613,4.518763523745976e-09,0.8464873948365392,367.29017007046195,g1,B,0,g1
G1JoystickFlatTerrain_weighted_mle_s102_final,G1JoystickFlatTerrain,weighted_mle,102,29,8192,0,4,3.569018267855116e-08,0.41252678217375294,0.9257470440230042,0.023383269169443,3.6374521642804254e-08,0.18567867737909716,0.9828881127975261,-0.05909291987859294,3.7391750042154945e-08,1.2404779402137498,0.5985855921726344,-0.060255688008620654,3.545593174741488e-08,0.46564246661558933,0.9095157319948131,0.038851778828857396,343.42693638888176,106.23767233888455,325.1791702275796,346.4352086626737,106.96243513091741,327.82772986684216,0.3267050354564003,0.32627635000359284,4.5764374059831094e-09,0.8508671572646617,346.3937610498238,g1,B,0,g1
G1JoystickFlatTerrain_weighted_mle_s102_final,G1JoystickFlatTerrain,weighted_mle,102,29,8192,0,5,3.585911624487961e-08,0.42873789349384794,0.9228214781600127,0.0589304329007591,3.615763360665581e-08,0.19589155876831024,0.9817427251674307,0.049954888580209314,3.669331632061706e-08,1.0873880292014562,0.6641710277506643,-0.031652839282058184,3.575856725876301e-08,0.48482410287002137,0.9053629169892663,0.0649700706671939,343.01498996583393,113.39223543370493,313.88032183806826,346.27351253597436,114.07110803794778,317.0685333672732,0.361259459559889,0.35976798714937214,4.369330516892841e-09,0.8479905385026336,346.234923517818,g1,B,0,g1
G1JoystickFlatTerrain_weighted_mle_s102_final,G1JoystickFlatTerrain,weighted_mle,102,29,8192,0,6,3.567510489736815e-08,0.377172289512043,0.9374210347227917,0.038865025820838166,3.565779006668153e-08,0.17060535321922543,0.9856204215111625,-0.03140460165903369,3.6566426498720355e-08,0.936475295360067,0.7074725361579023,-0.06919804893620546,3.567446936454459e-08,0.4272063076735805,0.9229370506549393,0.053342025115328706,343.88502154531915,101.25251484355239,322.3736784373601,346.60134280906516,101.94817716065967,324.9594111054967,0.314084311518089,0.31372587983784317,4.421789245965783e-09,0.8745742255937322,346.55385798151826,g1,B,0,g1
G1JoystickFlatTerrain_weighted_mle_s102_final,G1JoystickFlatTerrain,weighted_mle,102,29,8192,0,7,3.524312885021549e-08,0.42313132612276677,0.9235689725587428,0.043115940575906855,3.54763917078364e-08,0.19389815382662093,0.9818732135904967,0.021753256434209105,3.625592481422678e-08,1.1704166491807277,0.6218468406415099,-0.06187385699535178,3.516375482655166e-08,0.47519540697819684,0.9072656098837477,0.050174931634686046,340.24453478735666,107.90457070446242,315.5026482260444,344.0595998148523,108.67761416281195,318.8250342044295,0.34200844687412246,0.3408691366849439,4.411435298650077e-09,0.8484544939837739,344.01795549202245,g1,B,0,g1
G1JoystickFlatTerrain_weighted_mle_s102_final,G1JoystickFlatTerrain,weighted_mle,102,29,8192,1,0,3.59845988257062e-08,0.4243427059258311,0.9221944556392232,0.027151700381363043,3.66144550271645e-08,0.1844601933703504,0.9834326317178304,0.003853078275372441,3.489466877606047e-08,1.0803951780275807,0.6601484586338593,-0.0477207852864636,3.57889553202508e-08,0.48229399733642053,0.9034787298837198,0.03322663162204716,352.6806998357531,113.79207549916858,331.7544317670019,355.4323013297612,114.58115212771247,334.0957885040047,0.34300092056972664,0.3429589838314848,4.49766477363414e-09,0.8421859813100282,355.3830685890461,g1,B,0,g1
G1JoystickFlatTerrain_weighted_mle_s102_final,G1JoystickFlatTerrain,weighted_mle,102,29,8192,1,1,3.554454454967549e-08,0.4021567128663525,0.9304604626618689,0.04977848993967153,3.5797374368359594e-08,0.17950385252174936,0.9842772787400099,0.0016117967734748083,3.5690209338411395e-08,1.044602946895202,0.6593886541204406,-0.08327035787032155,3.5462461026700154e-08,0.455922079502922,0.9144525551198852,0.061925704709543915,349.17708234674643,106.44083814668171,323.5666626564834,352.9067764046237,107.04165670357074,326.9438318616207,0.32896107798251445,0.3274007528879636,4.677407149520305e-09,0.8543931588464996,352.86048261768485,g1,B,0,g1
G1JoystickFlatTerrain_weighted_mle_s102_final,G1JoystickFlatTerrain,weighted_mle,102,29,8192,1,2,3.547748835646269e-08,0.39131658193717594,0.9333328666131779,0.04195944826453895,3.5489920067905496e-08,0.17177862783511602,0.9856517682078376,0.01715572968342039,3.647606882705884e-08,1.0722822200604591,0.6608619008209237,-0.05328808093308732,3.546525184448287e-08,0.4459019193339834,0.9167826717774373,0.04996491806126684,351.40396097057265,102.84737344005372,329.331379201869,354.71908725235727,103.62313580151347,332.146040555215,0.31229144847752704,0.31198064450293256,4.437257817730435e-09,0.8585310806496379,354.681141080001,g1,B,0,g1
G1JoystickFlatTerrain_weighted_mle_s102_final,G1JoystickFlatTerrain,weighted_mle,102,29,8192,1,3,3.579888128529133e-08,0.4253728557380363,0.9226407444685812,0.039608770371556,3.506779687382574e-08,0.1877674446205189,0.9830180558465039,0.0288251950706053,3.486568898893218e-08,1.2037137195612904,0.601353900370701,-0.08055917184683385,3.6038769004476554e-08,0.48155069785381943,0.9047628974435784,0.04545700300880163,363.29956879338994,111.9791536814001,337.5152679843377,367.43658360761884,112.90172402531798,341.0541893055938,0.331775075984403,0.3310374936463678,4.343169345312841e-09,0.8424517969059244,367.3944688249894,g1,B,0,g1
G1JoystickFlatTerrain_weighted_mle_s102_final,G1JoystickFlatTerrain,weighted_mle,102,29,8192,1,4,3.5660006192863074e-08,0.39031418685699054,0.9336056441383843,0.04136807862797741,3.5652193219700374e-08,0.17798995805358112,0.9844570162922911,-0.013368232391934172,3.486250993372146e-08,1.0851824541782624,0.664668121214069,-0.03235162324904355,3.566833826993532e-08,0.44192245854595374,0.9183035401899622,0.053505551427036696,360.9110259243461,108.91891754370363,340.2782552133241,364.0783066259443,109.53126569236723,343.01304869181996,0.3200877983679,0.319320988254226,3.9536451542557834e-09,0.8586555152062721,364.04211728877607,g1,B,0,g1
G1JoystickFlatTerrain_weighted_mle_s102_final,G1JoystickFlatTerrain,weighted_mle,102,29,8192,1,5,3.5355988440133326e-08,0.4108030871592537,0.9276266981754049,0.046594423939164686,3.4938310713890007e-08,0.18667217551309406,0.9829059401356248,-0.01923875074415513,3.510826298038355e-08,1.0474654944205841,0.6836723572327039,-0.018029513011653342,3.5482798068006114e-08,0.4630091248068946,0.9120308367623059,0.06001290034858052,360.5375714144741,109.02522968188727,336.7057277468212,364.02997379846164,109.82218654852265,339.8792764538416,0.32379974766531494,0.32312116141460917,4.221099577120087e-09,0.856994606046366,363.97853896545485,g1,B,0,g1
G1JoystickFlatTerrain_weighted_mle_s102_final,G1JoystickFlatTerrain,weighted_mle,102,29,8192,1,6,3.540880952690909e-08,0.45396544574634423,0.9143829302103809,0.05262893836216947,3.480155667708193e-08,0.19861614310459075,0.9809132368920056,0.009588607121470423,3.576702401696157e-08,1.2064535664055642,0.6186831341698041,-0.042084610052702184,3.559261688332782e-08,0.5155890726903783,0.8951143193906076,0.06406451578012018,331.9946865859107,117.9447350134258,301.71014632425835,335.28394346506855,118.79866124888304,304.3713661207108,0.39092067817522486,0.3903082696739884,4.3242462527828485e-09,0.8266548383405673,335.23810354501444,g1,B,0,g1
G1JoystickFlatTerrain_weighted_mle_s102_final,G1JoystickFlatTerrain,weighted_mle,102,29,8192,1,7,3.517114792103314e-08,0.40928553347895097,0.928336740082837,0.050769324660201155,3.574920150151552e-08,0.1835102929446592,0.9836892075327763,0.018474268683034166,3.7493714078348244e-08,1.107120619027426,0.6333046905197626,-0.08809974220843894,3.496758009224438e-08,0.4622428995401656,0.9123321475645122,0.06070969022171485,332.5294833217787,103.70612143994678,310.2412198406936,336.0926386256952,104.53478538833359,313.4939322106341,0.33427576610612453,0.33345074544567943,4.068778563418823e-09,0.8572572325610796,336.05487353637255,g1,B,0,g1
G1JoystickFlatTerrain_weighted_mle_s102_final,G1JoystickFlatTerrain,weighted_mle,102,29,8192,2,0,3.55681039873548e-08,0.374592228268804,0.9375803351422081,0.025538866589952015,3.616261455605254e-08,0.17197808058493913,0.9852974925603093,-0.05692890455275574,3.693400865846565e-08,1.0463581050489021,0.6602282338362356,-0.07941619108175865,3.5366802460182e-08,0.4226562843620741,0.9235952940371213,0.04112818527965783,350.7615867785613,99.93594077155895,332.8212444410259,354.0265209221372,100.6581964598426,335.81695727181466,0.3002691157513136,0.2997412557054652,4.168874639029137e-09,0.8729313709731287,353.9892887597066,g1,B,0,g1
G1JoystickFlatTerrain_weighted_mle_s102_final,G1JoystickFlatTerrain,weighted_mle,102,29,8192,2,1,3.5252127201931134e-08,0.4160234012147505,0.9262646914452106,0.050866818516913416,3.58393461624134e-08,0.1930281341622115,0.9817800619271072,-0.01443263772351711,3.5743669132589643e-08,1.056849488503982,0.6554847912263356,-0.08111652852241583,3.507118556199712e-08,0.4672425484055931,0.9110990167222603,0.06544446026778719,345.2951492145747,110.51531826709204,315.691244100694,348.9270693740031,111.27262112871914,318.8238901285355,0.3500740686740153,0.3490096714015335,4.106840096360003e-09,0.8514146987299595,348.8790325541843,g1,B,0,g1
G1JoystickFlatTerrain_weighted_mle_s102_final,G1JoystickFlatTerrain,weighted_mle,102,29,8192,2,2,3.587254491077334e-08,0.39974102193035643,0.9299891213053616,0.027412963118871,3.666686764005366e-08,0.1813281946151159,0.9837429422398644,-0.04167191928369657,3.6102846485057334e-08,1.024425199020775,0.6908686214850273,-0.020779222178325202,3.560809497779091e-08,0.4537850399137006,0.9135617769524261,0.040728872280415336,335.41704715263796,105.84550368879347,314.3088439494902,339.0753744788047,106.54253395736116,317.40954341050235,0.3367563647232358,0.33566266726760163,4.602665449093145e-09,0.8488895526104651,339.02326313547456,g1,B,0,g1
G1JoystickFlatTerrain_weighted_mle_s102_final,G1JoystickFlatTerrain,weighted_mle,102,29,8192,2,3,3.552146205008296e-08,0.4368883079630868,0.9184176277724775,0.03144682000079509,3.5337895084437834e-08,0.20658412150725955,0.979237098239846,-0.010371351962603187,3.709654155424354e-08,1.1087913112074672,0.6478190882695524,-0.05267773946505549,3.55614149294856e-08,0.487773802559041,0.902223176640134,0.04019601426394051,334.57307139777623,117.6002952344444,305.43839613583685,338.00629328347725,118.22333504681004,308.55181696901207,0.3850213225391084,0.383155530270894,4.295710994992229e-09,0.8359536048688713,337.9657213279747,g1,B,0,g1
G1JoystickFlatTerrain_weighted_mle_s102_final,G1JoystickFlatTerrain,weighted_mle,102,29,8192,2,4,3.5691864983877634e-08,0.38236112307981446,0.9367706834787338,0.057205014039908256,3.619627273833051e-08,0.1759950573498054,0.9848720549245246,0.0016158855084789352,3.487062732125815e-08,1.036513138775808,0.6857393744942737,-0.022872099820522792,3.554145289054481e-08,0.42978391218541157,0.9232274300430273,0.07000399058985501,357.93975629560873,101.63394677352491,336.96728431796726,361.50080410710115,102.33526677974847,340.2037197812474,0.3016136921993333,0.3008058431740553,4.406824621705411e-09,0.8705365783898836,361.4555519404865,g1,B,0,g1
G1JoystickFlatTerrain_weighted_mle_s102_final,G1JoystickFlatTerrain,weighted_mle,102,29,8192,2,5,3.5293953812827566e-08,0.4122231622863229,0.9266156219296825,0.03679842458549728,3.530688402174696e-08,0.18399758020333548,0.9833175567586955,-0.0316674882371264,3.691318425005923e-08,1.2847223029117107,0.6101342385066463,-0.008323301868988102,3.527508783371746e-08,0.46479971207682325,0.9106880230329746,0.05029522540089411,357.10120401623675,108.51532879363221,335.5162649337165,360.91604364703926,109.34991577690711,338.75254723541934,0.32342792327838354,0.3228017521028794,4.2646866364829265e-09,0.853669004287929,360.86664317872425,g1,B,0,g1
G1JoystickFlatTerrain_weighted_mle_s102_final,G1JoystickFlatTerrain,weighted_mle,102,29,8192,2,6,3.546747431244095e-08,0.42243263003898796,0.9238698947480138,0.044417686683853985,3.645083480576883e-08,0.18971948798605268,0.9825333905312994,0.008839747515926451,3.6714997728670427e-08,0.9364342056075301,0.7063456433046101,-0.07266818113982171,3.514692190959094e-08,0.47910884818491634,0.9062753757626708,0.05376778231623258,355.82689982934386,116.56493978213516,328.76487887681935,359.24815987670604,117.25635616806096,331.7585428989166,0.3545541122894973,0.3534388448401988,4.006969913865253e-09,0.8334173331022541,359.19534424525597,g1,B,0,g1
G1JoystickFlatTerrain_weighted_mle_s102_final,G1JoystickFlatTerrain,weighted_mle,102,29,8192,2,7,3.5504177783640054e-08,0.45405337730622397,0.9138732993331807,0.046140663318578884,3.560346220601569e-08,0.2022735002258823,0.9800159714001273,-0.017875257748782843,3.5707090680309175e-08,1.290100152823469,0.5941524098805607,-0.03696680957416242,3.547295510320237e-08,0.5113230724149795,0.8961121020943349,0.05973720481920207,347.57256831518436,119.37195442175067,318.3274849278891,351.7371057232868,120.39558212344191,321.813611737438,0.3749973221721388,0.3741158786710058,4.444871302642528e-09,0.8288944859999117,351.6880578090471,g1,B,0,g1
G1JoystickFlatTerrain_weighted_mle_s102_final,G1JoystickFlatTerrain,weighted_mle,102,29,8192,3,0,3.567861081792317e-08,0.4118462697715906,0.9269935747735796,0.041277199090784075,3.6017759805040354e-08,0.18600675404567066,0.9835440444834362,0.05845675423887912,3.388297212835503e-08,1.193909615527218,0.6446981293388812,0.005764686639068868,3.558233770361643e-08,0.46537458339511006,0.9098350862650172,0.041808405056008226,348.6758327159328,109.26041920524538,324.26560957503824,352.3877358893185,109.91600419650894,327.5655565890787,0.3369472925248988,0.3355542180351854,4.590904663283691e-09,0.8446855066770484,352.3485278713753,g1,B,0,g1
G1JoystickFlatTerrain_weighted_mle_s102_final,G1JoystickFlatTerrain,weighted_mle,102,29,8192,3,1,3.509189577503054e-08,0.43596517631475196,0.9198783392704202,0.048847829172689095,3.391884149458456e-08,0.198190042858872,0.9815171848905148,0.07040191007729277,3.480291154095757e-08,1.1659625618875546,0.6310087538140883,-0.045097307788089326,3.544501486333227e-08,0.4896791302293964,0.9024245803599803,0.049781364169223935,357.3736619327314,113.87810144342578,327.30473217539094,360.87374152239477,114.69100348119031,330.48316139202666,0.34792684079618563,0.34704038474487015,4.226579067704827e-09,0.8423749996267299,360.8318343333914,g1,B,0,g1
G1JoystickFlatTerrain_weighted_mle_s102_final,G1JoystickFlatTerrain,weighted_mle,102,29,8192,3,2,3.5703591488615606e-08,0.44330636427821346,0.9181409828049041,0.05744925969842437,3.547454580899694e-08,0.19756726500414545,0.981724723079546,0.08038785149603392,3.472221871297605e-08,1.3132395615633943,0.5964651084110072,-0.01847250808315791,3.578462014588436e-08,0.5014575051892176,0.8993048010110877,0.05866058739661074,362.3037613613093,119.7688584995324,326.25346751230126,365.2142618741025,120.53745582393113,328.6620659162457,0.3671037105376242,0.3667519568706411,4.548047175732652e-09,0.8295817871651237,365.161754228221,g1,B,0,g1
G1JoystickFlatTerrain_weighted_mle_s102_final,G1JoystickFlatTerrain,weighted_mle,102,29,8192,3,3,3.532151804368118e-08,0.37452643021331183,0.9386613545328467,0.04874316271035045,3.545107125893678e-08,0.17890128657313625,0.9849823102818758,0.09136896488733602,3.5567624865257176e-08,0.7976561682660083,0.780492147104143,-0.0052334252785494065,3.527699080594047e-08,0.4224600612825456,0.9239093502201456,0.04519109961571117,344.38070874661713,99.41077669252732,319.58899463094514,347.85738348372934,100.01010176491579,322.9645632672491,0.3110581977559163,0.3096627715225784,4.143858072777109e-09,0.8662748856528062,347.8121079122505,g1,B,0,g1
G1JoystickFlatTerrain_weighted_mle_s102_final,G1JoystickFlatTerrain,weighted_mle,102,29,8192,3,4,3.5652266146393776e-08,0.3640575097445833,0.9419311510560237,0.05406440955507159,3.650205245172696e-08,0.17021828559603808,0.9862467012689958,0.07535500928126351,3.586263496839243e-08,0.8485366241096421,0.745760798256707,-0.06119592355527723,3.536630866067855e-08,0.41101804529059766,0.9280570594976016,0.05507724499724943,342.3135778704628,96.23646914892558,316.86042150214996,345.9536488595408,96.84595996409314,320.36478525696157,0.30371880682571234,0.30229901793486325,3.991098066280048e-09,0.8776647216514052,345.92656169516977,g1,B,0,g1
G1JoystickFlatTerrain_weighted_mle_s102_final,G1JoystickFlatTerrain,weighted_mle,102,29,8192,3,5,3.549036006572903e-08,0.3848047587995357,0.9357955080042867,0.05208910367127364,3.551353606500685e-08,0.17475905254930776,0.9854721190169096,0.06717710230663056,3.816949867888464e-08,1.0339017149288494,0.6696681799303004,-0.06755466410022522,3.546362792749127e-08,0.4353918801919885,0.920429779438478,0.05433495677911148,360.7568780827023,102.1806135572492,334.2989312889105,364.3062439789139,102.94443819811062,337.47369875130846,0.30565641703754515,0.30504432961447536,4.086655849866267e-09,0.8712679718988933,364.2749666968665,g1,B,0,g1
G1JoystickFlatTerrain_weighted_mle_s102_final,G1JoystickFlatTerrain,weighted_mle,102,29,8192,3,6,3.583988495950139e-08,0.3783201282016652,0.9378196146268918,0.054424349277239895,3.6366837264907114e-08,0.17478519165163398,0.9856443520417838,0.09190413577135864,3.738100664867053e-08,0.939148357368226,0.7148037457128793,-0.04363433161700044,3.5648703228083326e-08,0.4288395108460447,0.9223910619915238,0.05281456529249963,358.7061234320849,104.16611918025335,334.1445589097434,361.9438703694347,104.79421680723308,337.05740935933494,0.31173968392640977,0.31090910301132785,4.570619842374389e-09,0.8670377944931198,361.8968807231107,g1,B,0,g1
G1JoystickFlatTerrain_weighted_mle_s102_final,G1JoystickFlatTerrain,weighted_mle,102,29,8192,3,7,3.49821038808407e-08,0.3987148373555414,0.9329561824608824,0.0760532219624599,3.441958918270173e-08,0.1856615651826572,0.9837528489812726,0.07717349396236935,3.712808428258956e-08,0.9301187947098557,0.7294629267022535,-0.008737653004210123,3.514386802316506e-08,0.45068581484631937,0.917554291345405,0.08120852059754513,365.71900408812735,110.27963010598724,333.03015904254227,368.83510668861396,110.88568424217814,335.89744079710977,0.3311400697853898,0.3301176810964614,3.887209339175731e-09,0.8645263879340485,368.7903642842642,g1,B,0,g1
G1JoystickFlatTerrain_weighted_mle_s103_final,G1JoystickFlatTerrain,weighted_mle,103,29,8192,0,0,3.529195412199962e-08,0.7188670070924964,0.8194514358559597,0.03764505188710255,3.4305888987854074e-08,0.2332579441909536,0.9736457891038036,-0.018696005368650195,3.3223443540642044e-08,3.7975443658943764,0.2642576114726468,0.010654030381636415,3.576323632649767e-08,0.8885805567934435,0.7638746134747522,0.056360714153728064,376.6573049623911,153.75946193058766,340.0768962268836,383.23921091081525,157.81570606180188,342.77492899790957,0.4521314550812825,0.4604062103467429,5.229028402356493e-09,0.6757814574771547,383.1757738490389,g1,B,0,g1
G1JoystickFlatTerrain_weighted_mle_s103_final,G1JoystickFlatTerrain,weighted_mle,103,29,8192,0,1,3.4652414468193615e-08,0.7969077297900752,0.7982307992245988,0.06733270445915372,3.480177578122257e-08,0.24580143486792497,0.9711460537320348,0.003784794480294808,3.217809897445214e-08,4.787821812766828,0.2440573535843912,0.042576127653452644,3.469931403024028e-08,1.00531037668895,0.7383737755615427,0.09518492413120587,405.7744428045986,180.84391995426424,352.30926044979725,412.84613501516674,185.5850593795401,354.82811527194787,0.5133101517779527,0.5230280560978186,4.20934117743214e-09,0.6559866136344326,412.756120450721,g1,B,0,g1
G1JoystickFlatTerrain_weighted_mle_s103_final,G1JoystickFlatTerrain,weighted_mle,103,29,8192,0,2,3.468656274192002e-08,0.7835011234354485,0.8020794304603277,0.06395574059956785,3.567778253311903e-08,0.2552993293003119,0.9690615780240553,0.009069823096115514,3.18510416679695e-08,4.130164301979901,0.2675285130358266,0.035354136039659,3.439415480485423e-08,0.9848643574094315,0.7422757839996077,0.08804769830812069,387.2372705362501,171.88614933858207,335.74282849521535,393.4306645851052,176.23979089262664,337.8392695155771,0.5119577687153222,0.5216675703370239,4.584713037809189e-09,0.6350624793582367,393.3537611420028,g1,B,0,g1
G1JoystickFlatTerrain_weighted_mle_s103_final,G1JoystickFlatTerrain,weighted_mle,103,29,8192,0,3,3.549321077797037e-08,0.7630020893510087,0.8046380889506727,0.04326320635823629,3.669665004903353e-08,0.2523788649335306,0.9693663415931069,-0.016195103487709556,3.390967578015234e-08,3.9512806504154363,0.3186588937638709,0.08197052055225237,3.507734324275755e-08,0.9474745807490976,0.7459164787549882,0.062314505973421946,375.5917232639805,162.1520980998954,333.33179038330667,381.8226902608793,165.9979634923649,335.8589743816185,0.48645854604336447,0.49424900376117337,4.46326602639124e-09,0.6423538603005776,381.751716151515,g1,B,0,g1
G1JoystickFlatTerrain_weighted_mle_s103_final,G1JoystickFlatTerrain,weighted_mle,103,29,8192,0,4,3.579303533394881e-08,0.7023790853909503,0.8280937250548546,0.0514911819506969,3.643462315734111e-08,0.23039216377695623,0.974037001132148,-0.04166674048431638,3.855353321199408e-08,3.34504476768326,0.2667531979248829,-0.02223565021990227,3.5437427109488904e-08,0.8802165282954167,0.7737226391530949,0.08118333147687551,379.07807884575624,151.87091987497013,341.89455289379544,385.1100103078937,155.4261005253277,344.44954428816453,0.44420397631238706,0.4512303851251394,5.1860136041780275e-09,0.6912325119501603,385.05025972586634,g1,B,0,g1
G1JoystickFlatTerrain_weighted_mle_s103_final,G1JoystickFlatTerrain,weighted_mle,103,29,8192,0,5,3.5460858939707064e-08,0.5874602684527145,0.8688346950600143,0.05038712006354293,3.670967264783666e-08,0.19975595135391291,0.9805622949788719,-0.008734412315716616,3.494796117097033e-08,2.714161076531727,0.36454633950549825,0.022945337182771967,3.4854282469635075e-08,0.7405908462997042,0.8188244464967238,0.07239768698847132,365.3526570207086,125.01680379460419,339.262020892109,370.31173682094516,127.79180088166234,341.6485315569884,0.3684963128671607,0.3740446367478262,4.736054143775038e-09,0.7288929039328095,370.2622478232435,g1,B,0,g1
G1JoystickFlatTerrain_weighted_mle_s103_final,G1JoystickFlatTerrain,weighted_mle,103,29,8192,0,6,3.5370098024180286e-08,0.6461083427316383,0.8486961922172713,0.05458236573685339,3.57586994268981e-08,0.217691483362412,0.9770912006365593,-0.002531131457787545,3.8314721512023e-08,3.4381622461452004,0.3279097183466619,0.055709180095660615,3.509699567084564e-08,0.8090966079230208,0.7963625749765557,0.07685391649448237,373.7466016253567,135.2791984808129,340.9408137632826,378.7345208962086,138.63209633906243,343.0459351159104,0.39678206016935746,0.40412108743460307,4.778813679922935e-09,0.7115667010648163,378.68348612059964,g1,B,0,g1
G1JoystickFlatTerrain_weighted_mle_s103_final,G1JoystickFlatTerrain,weighted_mle,103,29,8192,0,7,3.541050856238629e-08,0.7036589546461259,0.82906269265144,0.058980452460677395,3.497435093550318e-08,0.23648986690326362,0.9731494568943613,-0.0006282946277286111,3.388830025122953e-08,3.462032758591275,0.23452600331162637,-0.047869587577368124,3.563641267676161e-08,0.882790424321168,0.7737407095644252,0.084255157739015,354.52946797829344,144.67778683106263,313.91586728898744,359.57810613275933,148.14031897022335,315.71968038753306,0.4608807706361444,0.469214712204151,5.3391065161988755e-09,0.6856062622932521,359.5242524817549,g1,B,0,g1
G1JoystickFlatTerrain_weighted_mle_s103_final,G1JoystickFlatTerrain,weighted_mle,103,29,8192,1,0,3.507439805630056e-08,0.7327651472471568,0.8173002107825653,0.05180350136445178,3.5308561206009395e-08,0.24097338777209304,0.9721389220478192,-0.002595929303863484,3.424249325266629e-08,3.5559154988913253,0.32168183733677064,0.05794732928454185,3.500208863063608e-08,0.930049819435986,0.7550998400306376,0.07343125721714698,375.1558800056912,158.6062146289831,331.11546530569575,380.33442822120423,162.393600164842,332.88748825499687,0.47900575855782696,0.4878332947150166,4.536266867983973e-09,0.6573642672062926,380.26363457899294,g1,B,0,g1
G1JoystickFlatTerrain_weighted_mle_s103_final,G1JoystickFlatTerrain,weighted_mle,103,29,8192,1,1,3.537524887831958e-08,0.6591686859843958,0.8433885674496939,0.050594369159733976,3.6282987399327066e-08,0.2238372111938363,0.9758751140116226,0.002192701442774843,3.5707368411675636e-08,3.2644535599990645,0.294395553817122,0.0017166362052067,3.495994891581348e-08,0.8229463100653097,0.7900918780794937,0.07055944754680431,350.685568031931,133.88344460694768,317.66741472675096,356.8695650043717,137.54409629558162,320.32277190347924,0.4214579097516508,0.4293921892541141,4.707405068240847e-09,0.698126231665404,356.82243533416397,g1,B,0,g1
G1JoystickFlatTerrain_weighted_mle_s103_final,G1JoystickFlatTerrain,weighted_mle,103,29,8192,1,2,3.5587482698747086e-08,0.655199534889082,0.8468852192659454,0.06313145435849474,3.693301247381859e-08,0.22065996004238872,0.9768323481092812,0.03052285384593633,3.699910362186747e-08,3.3385562100590755,0.2901962622676156,0.0037130246748051862,3.4922666868810813e-08,0.8245434818470513,0.7926262504783936,0.08275817968020237,372.33434526955796,139.35919997101803,335.0098124123018,377.3808709861688,142.58906159410654,337.14904442189504,0.41598542731490523,0.4229258956928134,4.888994147274589e-09,0.7053842281478743,377.3266866551837,g1,B,0,g1
G1JoystickFlatTerrain_weighted_mle_s103_final,G1JoystickFlatTerrain,weighted_mle,103,29,8192,1,3,3.5352742188998206e-08,0.7856587731697937,0.7992795505919482,0.05516354734666349,3.505495582537266e-08,0.24989966620949533,0.9706628515987601,0.033127522480891125,3.8841633145285556e-08,4.130400818896902,0.2647965696754707,0.03234760048620235,3.533302264482489e-08,0.9916033279677802,0.7345282286225339,0.07123433489013482,380.180367183243,170.58638020339606,331.59691294590897,386.33268812861286,174.57487863513722,333.94487206597597,0.5144389876489052,0.5227655617381264,5.510350063782561e-09,0.6227341943701908,386.2602793689175,g1,B,0,g1
G1JoystickFlatTerrain_weighted_mle_s103_final,G1JoystickFlatTerrain,weighted_mle,103,29,8192,1,4,3.5127687743784433e-08,0.6779238365475797,0.8388889464647475,0.06305866973217861,3.5487451331595194e-08,0.22968601704149552,0.9747235360200283,0.008905969812754919,3.524624118502689e-08,3.074537246475968,0.30781476680197933,-0.0017296789781539735,3.496733485929304e-08,0.8544912536286032,0.7837927895990702,0.08702532702384716,370.52808691479555,142.68378562307214,334.53072999666784,376.07840865642163,146.17140022351532,336.78620925852084,0.4265192188008944,0.43401836596970655,4.932186058900008e-09,0.6955412334829975,376.0186125973366,g1,B,0,g1
G1JoystickFlatTerrain_weighted_mle_s103_final,G1JoystickFlatTerrain,weighted_mle,103,29,8192,1,5,3.584512066692122e-08,0.8429917410471002,0.7778257934045512,0.04984085758748488,3.743798672372142e-08,0.2683713051581827,0.966079695739674,0.014387374638513799,3.464388473945826e-08,4.693677890185592,0.2039501586587307,-0.004725899994065276,3.530327054507568e-08,1.0514276549576567,0.7143098573275651,0.06728994283791383,400.0324839299694,189.73285909347658,340.53269501168023,406.8096397645846,194.17199154135028,343.0390965282344,0.5571648827639537,0.5660345817910818,4.709582165209965e-09,0.6044846203387101,406.7212282293902,g1,B,0,g1
G1JoystickFlatTerrain_weighted_mle_s103_final,G1JoystickFlatTerrain,weighted_mle,103,29,8192,1,6,3.523721943433684e-08,0.747412407940766,0.8128474128503177,0.05540881039725917,3.551370371165673e-08,0.24101391108093914,0.9725110228593573,0.025894508628385392,3.4475862394205255e-08,3.858985973611045,0.26101166256391334,0.011231871209433168,3.5150660692489337e-08,0.9378172399400739,0.7524683495942133,0.07311422270672724,369.17086435505377,158.281901647028,322.7464793016695,374.70778717976674,162.1360077285553,324.6998489874686,0.4904217762173703,0.49934118612667494,4.666751903624612e-09,0.6591800112692789,374.64339761553,g1,B,0,g1
G1JoystickFlatTerrain_weighted_mle_s103_final,G1JoystickFlatTerrain,weighted_mle,103,29,8192,1,7,3.524868027540948e-08,0.6363859320720063,0.8534531866799934,0.0629516201205717,3.679882321077288e-08,0.21539567722163863,0.9777452811436523,0.01716249310070555,3.258468759115302e-08,3.4829958946336195,0.2523747265327428,-0.026382438424588896,3.459796279843936e-08,0.7945404155981965,0.8034717186755976,0.08600494774341036,396.21830143843675,138.28928768023695,361.0460507488406,402.074198937551,142.09258307549788,363.44405048141715,0.38302395883686485,0.3909613677463752,5.0381932838031664e-09,0.7383207730078251,402.01260045029204,g1,B,0,g1
G1JoystickFlatTerrain_weighted_mle_s103_final,G1JoystickFlatTerrain,weighted_mle,103,29,8192,2,0,3.585949740211323e-08,0.6845842987378483,0.8368888601940011,0.06495039585900138,3.555030456395085e-08,0.2272028327876028,0.9751622259984446,0.001343033906566001,3.5528316761840736e-08,3.049805684838709,0.3120484049461536,0.0005593235821467357,3.599751949730295e-08,0.8591499124443036,0.7832773433186434,0.09080536796087044,352.52916836884646,146.6989821544959,311.7214591713628,359.03174129158606,150.24595115164874,314.497829839084,0.47060918598437107,0.4777328709343499,5.839902175253817e-09,0.6715979408060961,358.9711849823633,g1,B,0,g1
G1JoystickFlatTerrain_weighted_mle_s103_final,G1JoystickFlatTerrain,weighted_mle,103,29,8192,2,1,3.596773329874682e-08,0.7314608556399026,0.8171875442942792,0.04898390997578328,3.6448259564473625e-08,0.23827246911211492,0.9724963626927652,-0.022677305643761338,3.790879640656327e-08,3.584785734923888,0.25201713086617206,-0.01857879014627391,3.570504626163897e-08,0.9171989943734854,0.7594587595941931,0.0739298975858932,387.9309536362553,161.0026607098355,345.1335444248742,394.12513948605687,165.11443651180448,347.44631719401144,0.46649380597915413,0.4752228713928354,5.241033751279454e-09,0.6647261841861125,394.0585189878624,g1,B,0,g1
G1JoystickFlatTerrain_weighted_mle_s103_final,G1JoystickFlatTerrain,weighted_mle,103,29,8192,2,2,3.5771554253356105e-08,0.6953339162689155,0.8284591656464422,0.03992338764583082,3.640195609646103e-08,0.23527074703769282,0.9729758277250748,-0.04009785218133871,3.328095472021264e-08,3.434689138431012,0.32197631897948387,0.04853868603335424,3.5589164532119664e-08,0.8634023706396519,0.7743359314838731,0.06307015710458964,378.0326186549702,148.69407906839726,340.78716040019106,383.8297728344372,152.48064406471735,343.1072632095945,0.4363253559605453,0.44441100616273105,5.53152667230305e-09,0.6762785861697262,383.76739426545697,g1,B,0,g1
G1JoystickFlatTerrain_weighted_mle_s103_final,G1JoystickFlatTerrain,weighted_mle,103,29,8192,2,3,3.585024564023247e-08,0.7377926107626367,0.8160685149888305,0.054499793133761694,3.567510436322585e-08,0.2388046859342948,0.9726333046750743,-0.001376562054905612,3.7340832230166185e-08,3.7850614047519793,0.3111584837783183,0.06257372818719528,3.586485404617163e-08,0.9275523929910816,0.7568865246583543,0.07661225967235256,390.1598794226309,158.682344579012,348.6303392369661,397.01657369237313,162.98009188314364,351.35960866637936,0.45515930979017355,0.4638555140181037,4.913164405868441e-09,0.668893926505743,396.9478973100891,g1,B,0,g1
G1JoystickFlatTerrain_weighted_mle_s103_final,G1JoystickFlatTerrain,weighted_mle,103,29,8192,2,4,3.53867171831813e-08,0.6785349397170083,0.8377147325432016,0.0576571287053412,3.561693334410191e-08,0.2262588189611774,0.9752699006770067,-0.0071895282347702455,3.718573889719141e-08,3.1641087536657637,0.3310742243092255,0.03460621830788578,3.52319562467002e-08,0.8584406646900413,0.7812951487773006,0.08257345240420749,365.790069948643,147.89396076251194,323.1564099947983,371.1906295852277,151.3997941112705,325.2149018480295,0.45765442426127967,0.46553768985044236,5.11836236777335e-09,0.6845018505207684,371.13125459307093,g1,B,0,g1
G1JoystickFlatTerrain_weighted_mle_s103_final,G1JoystickFlatTerrain,weighted_mle,103,29,8192,2,5,3.579268584418768e-08,0.6693042990893062,0.8427496814256721,0.06786201264213144,3.677982040657774e-08,0.22538236333026043,0.975409497987285,-0.011574826363161416,3.388827338481177e-08,3.3531864392886033,0.3590350345902258,0.0850660486674436,3.541052188161472e-08,0.8423210545541924,0.790611080174968,0.09779143308507104,375.67444217672124,137.50038316579477,340.4038539104048,381.71081654085526,141.32540671972754,342.80929158705396,0.4039330976610648,0.4122566400270354,5.098218879879462e-09,0.7172739602432703,381.65203911298306,g1,B,0,g1
G1JoystickFlatTerrain_weighted_mle_s103_final,G1JoystickFlatTerrain,weighted_mle,103,29,8192,2,6,3.5646974260455716e-08,0.717959550498367,0.8231689136107173,0.05474968692534514,3.599168745387459e-08,0.22959412157560566,0.9745387413913343,-0.009335098293451265,3.543450347502998e-08,3.866072308945301,0.2977354352682122,0.05278444088799498,3.5500404828134573e-08,0.9199601447131142,0.7603568933623348,0.07992200182872011,407.08384100513604,165.05193896888605,362.581065042111,412.5618616238349,168.98678442991428,364.62810306778016,0.4552138952697822,0.4634496984959525,5.489906177689817e-09,0.6689174745061114,412.48687019833835,g1,B,0,g1
G1JoystickFlatTerrain_weighted_mle_s103_final,G1JoystickFlatTerrain,weighted_mle,103,29,8192,2,7,3.503189741623957e-08,0.7488176934966393,0.8093267682158398,0.04129510473576347,3.6401069542590316e-08,0.24857474610279176,0.9702491634386823,-0.015948379854822586,3.068965266687294e-08,4.084714707791812,0.18188630981724063,-0.06017865910105319,3.46345881940661e-08,0.9260174956498356,0.753007386959172,0.06225424087240625,372.2368197738933,157.6884776457197,328.4793436952114,377.8674085962784,161.47140280915283,330.68154927304533,0.48005599339005867,0.48829879732970716,4.289212310355071e-09,0.6556718546485953,377.8046033556949,g1,B,0,g1
G1JoystickFlatTerrain_weighted_mle_s103_final,G1JoystickFlatTerrain,weighted_mle,103,29,8192,3,0,3.609484272137874e-08,0.7023061467161404,0.8301758689305717,0.06232502859520203,3.824580532518406e-08,0.22710750800357238,0.9753154529861148,0.01327644469841896,3.710497558116635e-08,3.459132234735311,0.35688358650950724,0.09135408787340664,3.505076752775257e-08,0.9000490784968566,0.7683494596539112,0.08508487507047957,380.93090627948095,152.84893841024495,339.11367163817044,386.40758823496697,156.58834814420925,341.0503617231934,0.45073068765370267,0.45913555802442024,4.781761920131649e-09,0.6738783805554175,386.3447917730312,g1,B,0,g1
G1JoystickFlatTerrain_weighted_mle_s103_final,G1JoystickFlatTerrain,weighted_mle,103,29,8192,3,1,3.513852148304578e-08,0.6400977453048883,0.8568229307603633,0.09239357830982486,3.501407770582545e-08,0.21488369231914967,0.9784111417875093,0.06919184721086812,3.7648961250881424e-08,3.0478772920970596,0.3686686818360505,0.0676007614896051,3.5123518502945164e-08,0.8027098053776726,0.8076065312804538,0.11465863708090128,378.6514905661775,138.48153818094295,336.1807111814831,383.8543582062034,141.8431590116424,338.27355775820877,0.41192588859205825,0.41931494720325924,5.230099901841096e-09,0.72770623812586,383.79094447814475,g1,B,0,g1
G1JoystickFlatTerrain_weighted_mle_s103_final,G1JoystickFlatTerrain,weighted_mle,103,29,8192,3,2,3.55099571027656e-08,0.7976866554888392,0.7931424430407964,0.04721379247863904,3.7135995672821045e-08,0.25318713077737537,0.9692806621862482,-0.008956679786631713,3.8683605823927365e-08,4.5621615709417265,0.2557172343969598,0.04504894376792009,3.472219191131405e-08,0.9986114124850717,0.7311836230928539,0.06796392555268664,373.01573915314384,167.33213467793934,324.8153168292706,379.0594189046308,171.8604441901932,326.6740776459877,0.5151608498988731,0.5260914653180271,4.8665617171403866e-09,0.6284256138000748,378.9897592704211,g1,B,0,g1
G1JoystickFlatTerrain_weighted_mle_s103_final,G1JoystickFlatTerrain,weighted_mle,103,29,8192,3,3,3.540680538420442e-08,0.621228934855923,0.8588741418234206,0.06375329469445533,3.593185771587865e-08,0.20914215931183122,0.9789829650617086,0.018078781777332742,4.2207304696924925e-08,3.0597173037528056,0.4233785976222123,0.1361503534109468,3.4966671254435955e-08,0.786391921767944,0.805776264595984,0.08414666603324658,376.4598008211472,133.54824299828758,340.6528259880013,381.113089291836,136.62644993709273,342.59145985416257,0.39203621050538734,0.3988028481365318,5.055932230772924e-09,0.7166645003435768,381.0564553049677,g1,B,0,g1
G1JoystickFlatTerrain_weighted_mle_s103_final,G1JoystickFlatTerrain,weighted_mle,103,29,8192,3,4,3.545363504249036e-08,0.7129544477291693,0.8247856819792226,0.053912121314840925,3.645590631139027e-08,0.23743472676019003,0.9733490498453198,0.03066190002935513,3.793075943319038e-08,3.525043185690539,0.3136300708150825,0.04625699801534114,3.49302712607084e-08,0.8949273103031369,0.7654004360138229,0.0690824934976738,377.2064398418194,153.9854204254967,332.80321629565685,382.6840399135231,157.79235623308028,334.87690484252363,0.46269210417936024,0.47119509871032134,4.504825367503561e-09,0.6544359571449766,382.62154837620517,g1,B,0,g1
G1JoystickFlatTerrain_weighted_mle_s103_final,G1JoystickFlatTerrain,weighted_mle,103,29,8192,3,5,3.515842488711686e-08,0.7683285472637686,0.806440088519104,0.05983589600637364,3.495409132946175e-08,0.2564318200828718,0.969034179891717,0.023614680715955058,3.535843313317004e-08,3.7974445229712313,0.3243146940602726,0.07845403736988499,3.523268147899899e-08,0.9648682023071277,0.7454323037060526,0.07843537366729197,365.0957610486125,160.57714799060386,317.9509995333324,371.25207306414865,164.48476460624988,320.30512464596256,0.5050374058464605,0.5135252356266747,4.680997721966833e-09,0.6430466422615178,371.18572312329024,g1,B,0,g1
G1JoystickFlatTerrain_weighted_mle_s103_final,G1JoystickFlatTerrain,weighted_mle,103,29,8192,3,6,3.492764335084547e-08,0.6693430452255034,0.8407193118835506,0.05620127600790453,3.466058457605609e-08,0.2279375681617366,0.9750223764143168,0.002701464335141294,3.254024813128472e-08,3.2961896131935586,0.31098554116911803,0.02373758179119597,3.5114461338744375e-08,0.8407899374677174,0.7861239526678373,0.07860980994887411,388.7924834317044,147.92433166729597,351.9027853692763,394.5548555948836,151.38118124926405,354.4335369051351,0.4203556715587465,0.4271073854102613,4.8309719449287605e-09,0.696309641642117,394.49901739081315,g1,B,0,g1
G1JoystickFlatTerrain_weighted_mle_s103_final,G1JoystickFlatTerrain,weighted_mle,103,29,8192,3,7,3.5216602980393364e-08,0.6780512454384879,0.8407794224780591,0.07396722409119859,3.490192869266157e-08,0.2301691123908291,0.9747818050704586,0.022359145995363528,3.666584846250183e-08,3.4037241181028377,0.36171087126912627,0.09252093943011638,3.529986511873073e-08,0.8394899624836953,0.7913240525603056,0.09698726000612928,372.3783448626337,146.614327968191,326.53361206975643,378.2502044939393,150.19809556281066,329.01628400078084,0.44900225443520264,0.4565065708494043,5.08969665190974e-09,0.7062522591056297,378.195805148398,g1,B,0,g1
G1JoystickFlatTerrain_weighted_mle_s104_final,G1JoystickFlatTerrain,weighted_mle,104,29,8192,0,0,3.510923106221439e-08,0.5585200616321917,0.8802972289821682,0.06154899217295627,3.517422366732251e-08,0.2572341179722872,0.9681657113767076,-0.020453478688853152,3.945669819765589e-08,1.8116639575242923,0.4930145026620074,0.014630207242502366,3.500065477289169e-08,0.6234864185470496,0.8605659975140615,0.08024195223876013,326.07065759479184,140.8132040365282,282.0858465262259,330.37862789148517,142.26188329881137,285.39946757237703,0.4991856407210281,0.49846583285139934,4.021076593664766e-09,0.7811359993665036,330.32354054409114,g1,B,0,g1
G1JoystickFlatTerrain_weighted_mle_s104_final,G1JoystickFlatTerrain,weighted_mle,104,29,8192,0,1,3.5024275034656374e-08,0.5738858805397608,0.8765270416044172,0.0735304687327149,3.527291174514203e-08,0.2582086504836555,0.9685849075749485,0.02114839009782508,3.408913404936245e-08,2.04932218873748,0.44794830343574765,0.01301873743635139,3.497460536313806e-08,0.6394618560387894,0.856523097199488,0.08915511081056426,363.7606878549635,147.59949275298084,313.13603506770136,368.14447768375584,149.3864585087292,316.25383976310417,0.4713590140498161,0.4723625130389861,4.2099702682324104e-09,0.7822506095872921,368.0665268198912,g1,B,0,g1
G1JoystickFlatTerrain_weighted_mle_s104_final,G1JoystickFlatTerrain,weighted_mle,104,29,8192,0,2,3.53318836337427e-08,0.5962620338088589,0.8674607925920444,0.0630375423754744,3.684804661796921e-08,0.28110659047305053,0.9629238221665191,0.011763128597313738,3.460703804857268e-08,1.9145546757971543,0.4626763885248221,-0.00041717761078654517,3.492911142173764e-08,0.6612689924158097,0.8470963974013449,0.07699134523726216,344.831980402902,149.20726264360147,293.56169953081246,349.4551160176329,150.83961545276446,297.14504070464244,0.5082654272749911,0.5076295909064025,3.931348680728421e-09,0.7551172429559525,349.39124182882045,g1,B,0,g1
G1JoystickFlatTerrain_weighted_mle_s104_final,G1JoystickFlatTerrain,weighted_mle,104,29,8192,0,3,3.546529291453932e-08,0.5990758009920238,0.8622430740703639,0.03224997787898849,3.690554843933256e-08,0.27166325398431096,0.9647044989530192,-0.018222015544124556,3.237004769632069e-08,2.1576631180662935,0.4107484527489804,-0.012996219912702812,3.5132820107458924e-08,0.6632596550349039,0.8408279280206961,0.044124025873212694,308.77463489296014,143.8870947938303,270.64195549007997,313.88250865239945,145.76820825763699,274.5201477570592,0.5316511053627225,0.5309927502539312,4.498518322819914e-09,0.7344728931494995,313.8438801214441,g1,B,0,g1
G1JoystickFlatTerrain_weighted_mle_s104_final,G1JoystickFlatTerrain,weighted_mle,104,29,8192,0,4,3.5605530462216447e-08,0.5771929998277737,0.8735849646036504,0.05933393511631302,3.6277880720197655e-08,0.2708356702521607,0.965279125222127,0.0029717983336402147,3.616096935696303e-08,1.8286181539279773,0.4980900461074872,0.02733956117138618,3.5412424377772105e-08,0.6389227963029643,0.8541334667414338,0.07289099707717427,330.33365362656303,142.86060321175503,281.0361740920976,335.0246821153031,144.50780445569168,284.6443021748539,0.5083352834320113,0.5076785424881668,4.0815643696290305e-09,0.7672016776581444,334.9652388041411,g1,B,0,g1
G1JoystickFlatTerrain_weighted_mle_s104_final,G1JoystickFlatTerrain,weighted_mle,104,29,8192,0,5,3.5552001896251706e-08,0.6381431591567748,0.8508373159992724,0.05022817371555384,3.537883974390532e-08,0.2901031663003869,0.9600976825217488,-0.014375064259311149,3.589734594762418e-08,2.1057395665007843,0.4220071377319545,-0.009426092745440812,3.55902800776892e-08,0.7131394559091883,0.8270347203350246,0.06576220677699454,327.64150312039584,157.58927447406919,278.9776801646547,332.1866000479523,159.43804309479842,282.0045404967176,0.5648812993966336,0.5653740284250978,4.308489461155578e-09,0.7238668003900208,332.13459093997136,g1,B,0,g1
G1JoystickFlatTerrain_weighted_mle_s104_final,G1JoystickFlatTerrain,weighted_mle,104,29,8192,0,6,3.5383615105455814e-08,0.5464252841957354,0.8849528855841646,0.06610955628962215,3.5874202492117784e-08,0.25193725562341934,0.969499200334181,-0.014016527888101002,3.8673317309777634e-08,1.7004928734033018,0.5335555269623673,0.0422279768483645,3.5176651912969475e-08,0.6099834935429637,0.8657462019710804,0.08427764106648673,330.6678173730438,137.48653897460864,284.04862585977213,334.82789085966084,139.02179523536037,287.2795428869075,0.4840246579558596,0.4839251477439456,4.0128308486039854e-09,0.78789606364871,334.76880318370473,g1,B,0,g1
G1JoystickFlatTerrain_weighted_mle_s104_final,G1JoystickFlatTerrain,weighted_mle,104,29,8192,0,7,3.5381591342392486e-08,0.5949009501340616,0.8693697261889863,0.07356155179339824,3.470850590275553e-08,0.2744204660572782,0.9646730066286028,0.01711142886411564,3.568613349734689e-08,2.0044093248880697,0.4413750555327064,-0.00703230444572879,3.555430632279879e-08,0.6606585816722225,0.8494548390843766,0.08971561462029093,347.5365969734398,144.67359312435804,301.6428704153538,351.8640962051945,146.69106240440215,304.4267391383181,0.47961880526181855,0.48185997990719104,4.291472552842584e-09,0.7832611178421058,351.8054176956095,g1,B,0,g1
G1JoystickFlatTerrain_weighted_mle_s104_final,G1JoystickFlatTerrain,weighted_mle,104,29,8192,1,0,3.540390989693844e-08,0.5263890038576693,0.8926428118781439,0.07497598347601597,3.620717051778318e-08,0.2464112370378162,0.9711236891990503,0.011943755345573903,3.5105378042463645e-08,1.568720286748859,0.5056549060691305,-0.052153619307328807,3.516656992994086e-08,0.5917355217390441,0.8731099889689665,0.0931743533815118,333.17067668474493,136.0200570434724,286.85002343134437,337.66376299645003,137.42933072274042,290.29377643004693,0.4741852742990185,0.47341466431973867,4.210773865642791e-09,0.803382362421282,337.6067919472304,g1,B,0,g1
G1JoystickFlatTerrain_weighted_mle_s104_final,G1JoystickFlatTerrain,weighted_mle,104,29,8192,1,1,3.502865864946674e-08,0.5802322912379955,0.8746062655096929,0.07535335337042419,3.4712392256023066e-08,0.267446412653474,0.9665571445439701,0.028383763455765935,3.362846294545353e-08,1.8073823740767483,0.49102315692271015,0.010335177396251585,3.5142130804801605e-08,0.6446515828970066,0.8548113631247851,0.08940703961295464,334.19749169385693,145.199942129178,276.12540056203613,338.52175407012015,146.92233383649616,279.2127633007636,0.5258478279565443,0.5262020693453515,4.118172391828564e-09,0.772362024385013,338.45861649927537,g1,B,0,g1
G1JoystickFlatTerrain_weighted_mle_s104_final,G1JoystickFlatTerrain,weighted_mle,104,29,8192,1,2,3.4950766622248354e-08,0.6266768674476112,0.8580653199170865,0.07095157682967639,3.473243143932247e-08,0.28307192972199996,0.96294061330045,0.03533457033264872,3.2646268468470894e-08,2.1948997230863023,0.4406095339044671,0.03492006676684554,3.5078465554431534e-08,0.692402093864067,0.8375626819904748,0.08344526000772548,332.0529230809187,149.3862458781121,281.3949191921029,338.2854632338532,151.59642519875965,285.49655233740333,0.5308775521143239,0.5309921396865087,4.2046504615215776e-09,0.7568278487545429,338.2249358561022,g1,B,0,g1
G1JoystickFlatTerrain_weighted_mle_s104_final,G1JoystickFlatTerrain,weighted_mle,104,29,8192,1,3,3.547038716592316e-08,0.5985658205319377,0.8671035283238369,0.0662411500462735,3.524375010885313e-08,0.2774031463248908,0.964018644515656,0.020742664547283816,3.513779670132094e-08,2.098092335953916,0.42109554605886196,-0.01239451976299269,3.5538222261431526e-08,0.662129535697697,0.8473004367118957,0.07994277482490512,366.46090808077827,149.56542008913374,318.19055016774047,370.8742952970843,151.47775596888778,321.1238571033475,0.4700498490929001,0.4717113120628004,4.187761193553235e-09,0.7676121289239082,370.8001854080409,g1,B,0,g1
G1JoystickFlatTerrain_weighted_mle_s104_final,G1JoystickFlatTerrain,weighted_mle,104,29,8192,1,4,3.5167113014582314e-08,0.5734072520345357,0.8787798069518881,0.08999436426807343,3.585537366836073e-08,0.2735193113637772,0.965003848392332,0.022896321768977608,3.398178635712745e-08,1.7924354913851697,0.4941664023306618,0.010489308576188731,3.5004715854312103e-08,0.6361997544805216,0.8605996322479461,0.10809423425563601,366.58279843888045,152.42428439666077,311.58293291596107,371.129113860943,154.23799701017515,314.9097024090664,0.4891933039149213,0.48978483619351976,4.130800720926621e-09,0.7822732665303341,371.0495205055894,g1,B,0,g1
G1JoystickFlatTerrain_weighted_mle_s104_final,G1JoystickFlatTerrain,weighted_mle,104,29,8192,1,5,3.5432420481879225e-08,0.5520026039594422,0.8835217230133112,0.0700719865223834,3.5737717453744986e-08,0.25487298444533174,0.9689814210649347,-0.0026554895748359623,3.76006068773709e-08,1.7753888703325753,0.4980110663090004,0.01100252827918869,3.5300751857644897e-08,0.6170286622761786,0.8639731235234064,0.0884155591746816,339.5508897288491,138.17650745371623,298.71557993342606,344.4202616532603,140.03980422934916,302.0546860183618,0.46256880034349324,0.46362400820636734,4.398858422329059e-09,0.7856473581359537,344.3625285743093,g1,B,0,g1
G1JoystickFlatTerrain_weighted_mle_s104_final,G1JoystickFlatTerrain,weighted_mle,104,29,8192,1,6,3.5137797042610096e-08,0.6202265845514152,0.8598726794172074,0.06811894498532987,3.567539361910867e-08,0.2903962096877214,0.9607577324301849,0.0193571491920683,3.4919044231305955e-08,1.9566849517990903,0.4706811460774789,0.022267844599193207,3.4999407082604534e-08,0.6875338101300765,0.8389329244726474,0.08184515854425903,338.60149674254114,146.33046402691915,288.9676719151659,343.98556678791545,148.35467684143387,292.53884822213814,0.5063904313485897,0.5071281224460857,4.2033410660989464e-09,0.7529091648648842,343.9366112566536,g1,B,0,g1
G1JoystickFlatTerrain_weighted_mle_s104_final,G1JoystickFlatTerrain,weighted_mle,104,29,8192,1,7,3.541543370527217e-08,0.5877865458042227,0.8700396362017389,0.06033808419774064,3.593746012741312e-08,0.2712177676809775,0.9649639372726254,-0.009542853589465484,3.981059727571909e-08,1.8779609657597658,0.46778459799226524,-0.0032328025148740036,3.516405443522586e-08,0.6536788046875117,0.8497975172561187,0.07752891962520997,316.85025600257416,144.55629265963623,268.93060309425715,322.70152432206584,146.52213065930087,273.1953115215416,0.5375226582486424,0.5363273983116909,4.11361581917317e-09,0.7618808092079746,322.6397270543956,g1,B,0,g1
G1JoystickFlatTerrain_weighted_mle_s104_final,G1JoystickFlatTerrain,weighted_mle,104,29,8192,2,0,3.538704369508698e-08,0.6183928358652271,0.8606227177947893,0.06889323448862665,3.586215311347425e-08,0.29121874758914923,0.9600776494508022,-0.001736323843673478,3.67458483610671e-08,2.120505761825623,0.44620621472215966,0.026828252319664573,3.5225900878268315e-08,0.6780165700105817,0.8429575040744021,0.08617436746877812,333.0783133023241,150.78180152852397,290.5550406226804,338.972488701908,152.79411859142482,294.7523714067507,0.5189440224660608,0.5183813038117082,4.07176960773403e-09,0.7589347208281375,338.92190740485626,g1,B,0,g1
G1JoystickFlatTerrain_weighted_mle_s104_final,G1JoystickFlatTerrain,weighted_mle,104,29,8192,2,1,3.549582474467556e-08,0.5758703838394504,0.8752763513494751,0.06901441951543037,3.6660703921160785e-08,0.26752826580862066,0.9664832630877673,0.025453257553597165,3.4777517286256906e-08,1.7050995218459617,0.5237686618745753,0.028133193342670695,3.5172646929096013e-08,0.64237267131265,0.8544379290861857,0.08225973277262058,328.9752628050725,142.43005868786636,277.53770984043206,334.3501952286401,144.1465374866127,281.7793857069918,0.5131917344484639,0.511558136607278,4.198429966091421e-09,0.7698086832018908,334.30188307704714,g1,B,0,g1
G1JoystickFlatTerrain_weighted_mle_s104_final,G1JoystickFlatTerrain,weighted_mle,104,29,8192,2,2,3.5495619597250624e-08,0.5653836253854594,0.8781040505254729,0.06289072789534018,3.6017362986077754e-08,0.2657956652250354,0.9662753685005544,-0.010115073956957465,3.392552677077153e-08,1.77803234012781,0.503714265563718,0.02054756443659719,3.537981888608507e-08,0.630084995761771,0.8582684277732813,0.07994251480489771,345.0277483621371,140.06969224443122,295.2044336813206,349.3935450550197,141.6489223384049,298.39759363885355,0.47448370099901316,0.47469860802510405,4.443087461128333e-09,0.7847194486242188,349.3307100636366,g1,B,0,g1
G1JoystickFlatTerrain_weighted_mle_s104_final,G1JoystickFlatTerrain,weighted_mle,104,29,8192,2,3,3.527817100483595e-08,0.5775650411315658,0.8774883662108515,0.09068746044961185,3.6473042708978063e-08,0.2718115546559026,0.9658210832005952,0.04347990655298502,3.423077598644863e-08,1.6133020250178323,0.5539597595538039,0.044865646940995346,3.4975877775651984e-08,0.6421810100100025,0.8581086683652276,0.10480451886634796,325.1755851825247,148.72869142319428,265.33975441439514,330.50479901860103,150.35213324253925,269.63079731393304,0.5605217045272313,0.5576222550997489,3.926883010977137e-09,0.769346793105172,330.4376426488718,g1,B,0,g1
G1JoystickFlatTerrain_weighted_mle_s104_final,G1JoystickFlatTerrain,weighted_mle,104,29,8192,2,4,3.517934542372963e-08,0.6054171234113642,0.8663284620771468,0.07750762416504481,3.6420809654903654e-08,0.28221222785531125,0.9633815674914157,0.045718584707668423,3.350091685521887e-08,2.1996472557312465,0.43984257215697414,0.03484579283195614,3.487053993652185e-08,0.6708242007683768,0.8459762475571814,0.08947398766188222,335.3798281541913,146.16250314592668,283.01262084442453,339.8829799055235,147.9115030207702,286.18664018795533,0.5164522441077758,0.516835806603787,3.888732112011686e-09,0.7595507195103139,339.8307700606461,g1,B,0,g1
G1JoystickFlatTerrain_weighted_mle_s104_final,G1JoystickFlatTerrain,weighted_mle,104,29,8192,2,5,3.5849365474739944e-08,0.547876237673417,0.8835458256574691,0.0581111201789601,3.6725490239632295e-08,0.2500035316091368,0.9705023852936363,0.024318249261408843,3.499674318424854e-08,1.710442245564652,0.523565073970772,0.02960975473111209,3.558880139407961e-08,0.6178734146249298,0.8608295341338977,0.06907634431744904,341.97333168676647,143.58468701757116,300.4128838249812,346.71035496409394,145.0167131377698,304.2247761425206,0.4779578198823932,0.47667620953341794,4.361773402854894e-09,0.7689353358040985,346.66362384080566,g1,B,0,g1
G1JoystickFlatTerrain_weighted_mle_s104_final,G1JoystickFlatTerrain,weighted_mle,104,29,8192,2,6,3.555870248848147e-08,0.5898787904122778,0.8730203873000849,0.08793786176864997,3.698098069650759e-08,0.27666096125700557,0.9640206340492257,0.011709590784966193,3.6052682514852437e-08,2.0157618668887256,0.4866850797965586,0.060022427724259426,3.5172477709746895e-08,0.6477268585077436,0.8566203126890815,0.10691012690513685,344.6797147399019,140.05258537354862,291.53183558578064,349.46221425230664,141.69567829234754,295.0085112091286,0.48040237215307113,0.480310475489639,3.837539634421464e-09,0.7957608721918582,349.38906434085135,g1,B,0,g1
G1JoystickFlatTerrain_weighted_mle_s104_final,G1JoystickFlatTerrain,weighted_mle,104,29,8192,2,7,3.485430618435023e-08,0.5654040882828343,0.8798557547789015,0.07721522616508729,3.496027562172644e-08,0.2649481910159744,0.9671817357953384,0.03043334240347263,3.391182008679492e-08,1.6781006522500064,0.510674802796756,-0.0019489045397520438,3.484223361255682e-08,0.6313813049143894,0.8596668166401934,0.09185623958296389,330.1578406716454,140.04251436428564,284.1039076826665,335.6639697999921,141.63303119386757,288.3906016623022,0.4929270966617869,0.49111528037836555,4.048437653999665e-09,0.7796827265427575,335.618223200064,g1,B,0,g1
G1JoystickFlatTerrain_weighted_mle_s104_final,G1JoystickFlatTerrain,weighted_mle,104,29,8192,3,0,3.518637693078006e-08,0.6145575779054964,0.863664789774055,0.0806289013924274,3.6063096261420044e-08,0.2828838204615467,0.9627109004699997,0.02264746597031783,3.536532735700996e-08,1.9841176535790135,0.4628253614741689,0.018024192869712498,3.494575006848081e-08,0.6835322236160521,0.8430653657993866,0.09717816969409258,340.4700476795475,149.45893415765858,284.43268012945765,346.67570343980736,151.47688358671255,288.8098600921104,0.5254632979924557,0.5244865377463268,4.015774685403862e-09,0.7630460073394765,346.6132141060507,g1,B,0,g1
G1JoystickFlatTerrain_weighted_mle_s104_final,G1JoystickFlatTerrain,weighted_mle,104,29,8192,3,1,3.5065805333338195e-08,0.6064494960655732,0.8627820692700036,0.05500716980662152,3.4086438858856646e-08,0.2784587058679437,0.9634646288772244,0.005963217626591295,3.9774175885349266e-08,2.006248048606808,0.4638852351284113,0.025027506710501572,3.520208052003306e-08,0.6734755693372291,0.8412903898654333,0.06784315720369051,315.35706761301867,143.32087888359945,266.7333654355857,320.4081282707246,145.29809501521305,270.1596012074707,0.5373189014038438,0.5378231769879981,3.989073944302397e-09,0.7528354403575125,320.35740979393285,g1,B,0,g1
G1JoystickFlatTerrain_weighted_mle_s104_final,G1JoystickFlatTerrain,weighted_mle,104,29,8192,3,2,3.5299090331056157e-08,0.595605747390964,0.868346086309409,0.06784611381715891,3.570970996727889e-08,0.26586873261634997,0.9668238014569966,0.02264746455006015,3.707134287735137e-08,2.0241957200263356,0.44648672073324086,0.00495527418472294,3.5133734415162436e-08,0.6656605130437879,0.8465060219507565,0.08237266600910086,354.21973312669587,148.8520581623133,305.27406243126023,358.9647275419233,150.72230248432135,308.4763695145379,0.48760139324260615,0.4886024259216964,4.045715831242962e-09,0.7576387332584975,358.897917868133,g1,B,0,g1
G1JoystickFlatTerrain_weighted_mle_s104_final,G1JoystickFlatTerrain,weighted_mle,104,29,8192,3,3,3.5387645285644036e-08,0.5673111894223375,0.8757504286778025,0.049141194501261906,3.5346612503022124e-08,0.2596189572568254,0.9679791236975724,0.004186141230465623,3.5896408654747426e-08,1.8282398101480604,0.48769264603935203,0.011618166351489607,3.538944219986233e-08,0.6374175181971543,0.8528165298455593,0.06119772031927712,330.5989141055019,137.8803388860174,285.3714357708634,334.99710960746984,139.65717425676243,288.31587953600405,0.4831609670868628,0.4843894636726797,4.552526175361188e-09,0.7626622856142362,334.94260027643867,g1,B,0,g1
G1JoystickFlatTerrain_weighted_mle_s104_final,G1JoystickFlatTerrain,weighted_mle,104,29,8192,3,4,3.533313617482857e-08,0.5489799210082181,0.8871619664372241,0.09268324809973809,3.517662885053742e-08,0.253609822310305,0.9700527909067411,0.046365848869356734,3.7690881163912206e-08,1.740990699777785,0.4972837714923186,-0.0012063600782987072,3.5333585321254795e-08,0.6163804057433522,0.8672838513098974,0.10936061672365062,365.4911749695689,136.9043913970057,315.06594678356964,369.72814497900697,138.4870506806308,318.1369274156488,0.434526145382033,0.4353064317481628,4.543095233317388e-09,0.7959435632450036,369.66743550692644,g1,B,0,g1
G1JoystickFlatTerrain_weighted_mle_s104_final,G1JoystickFlatTerrain,weighted_mle,104,29,8192,3,5,3.493199073372727e-08,0.5567513703748731,0.8853057760125155,0.09846043552349235,3.5001359421494694e-08,0.2574606178536976,0.9685108201703715,0.005890783760393027,3.5924542136556434e-08,1.7877939158127896,0.501320455357478,0.019922354032961054,3.489342753558852e-08,0.6205447222154635,0.8678447945661544,0.12217260323561631,340.7290072206213,138.67089750934593,288.89078647985144,344.8412264771177,140.33062339600636,291.72250762216396,0.4800114922288011,0.48104146827697186,4.226592083239791e-09,0.8123078345840604,344.77197669813376,g1,B,0,g1
G1JoystickFlatTerrain_weighted_mle_s104_final,G1JoystickFlatTerrain,weighted_mle,104,29,8192,3,6,3.509667402877127e-08,0.5685627105590292,0.8796747124159635,0.08429929441775691,3.518010969471483e-08,0.27370022930424054,0.9648003090589973,0.014645512530114712,3.5254210679101194e-08,1.903881755899327,0.4726508440928352,0.011065973312241018,3.5071226291623666e-08,0.6257062968112094,0.863242298386562,0.10284126611306528,364.75247183316463,143.88596488922707,315.05456558087826,369.6328709407057,145.56764536215428,318.72453766260526,0.4567017291875726,0.45671929255804117,4.340837977666728e-09,0.7928959594570935,369.5657057115287,g1,B,0,g1
G1JoystickFlatTerrain_weighted_mle_s104_final,G1JoystickFlatTerrain,weighted_mle,104,29,8192,3,7,3.542730250870282e-08,0.5668134067580346,0.8778322197946197,0.06467092689184276,3.6561873833234644e-08,0.2610683593065317,0.9674497671592456,-0.007565595884053631,3.758528352506807e-08,1.9934846468922691,0.4666790292322361,0.025852203709379164,3.505090774989904e-08,0.6283672550694642,0.8592144627881729,0.0822920141176979,334.0972231945533,140.3976436595921,289.62488464147094,339.1054379900354,142.13689965069378,293.23177706451776,0.4847568392936643,0.4847254314440139,4.448697847175857e-09,0.780789252112253,339.05582009385313,g1,B,0,g1
G1JoystickFlatTerrain_weighted_mle_s105_final,G1JoystickFlatTerrain,weighted_mle,105,29,8192,0,0,3.539294915774531e-08,0.472030065026094,0.9083224138744352,0.05035014738923186,3.573385950370612e-08,0.21639283780802604,0.9777294194269439,0.034717311893417924,3.645163450196925e-08,2.0653468315735743,0.425379070450964,-0.014203408027529563,3.525425080693332e-08,0.5121011716496849,0.8958371004342068,0.05959221219524124,232.8181857672363,59.0304876391087,220.82577811410187,237.48505236120928,61.11914597374146,224.4895934837728,0.2673170140879434,0.2722582593930314,4.5623569184884175e-09,0.8852252964499082,237.48718516401846,g1,B,0,g1
G1JoystickFlatTerrain_weighted_mle_s105_final,G1JoystickFlatTerrain,weighted_mle,105,29,8192,0,1,3.563970972401531e-08,0.448850342808038,0.917542651404359,0.07335519973917914,3.580723268673381e-08,0.21868741894744773,0.9777579058593107,0.07571635039867643,3.4755455837771474e-08,1.7271430942046422,0.5006133971645601,-0.000695726665963479,3.56038891280519e-08,0.49256902059054725,0.9042251643338103,0.08033050517407792,250.72130791080005,61.539085811480085,237.54298385829512,256.40334812709153,63.52635823514869,241.97526993791666,0.2590650534565593,0.2625324408211109,4.38838501489446e-09,0.8895003562793679,256.4112406516806,g1,B,0,g1
G1JoystickFlatTerrain_weighted_mle_s105_final,G1JoystickFlatTerrain,weighted_mle,105,29,8192,0,2,3.561125696496087e-08,0.42177595762939396,0.9249904440055069,0.059069589971912834,3.579574406546376e-08,0.2020376036407626,0.9802353555960249,0.005175158691853923,3.721384842529156e-08,1.4485868417896137,0.5409476209210875,-0.04788943318811528,3.5518305917994054e-08,0.4730981282515772,0.9101083626191155,0.07624495340890139,261.06436550005753,61.67197960332809,249.8315939779851,264.92292699505566,63.17834069308868,252.85430144700564,0.24685420535227548,0.24986065228686502,4.589802572837483e-09,0.8888599893995052,264.9140487294105,g1,B,0,g1
G1JoystickFlatTerrain_weighted_mle_s105_final,G1JoystickFlatTerrain,weighted_mle,105,29,8192,0,3,3.554006272458994e-08,0.3968969816197954,0.9337776376485338,0.08121741010886506,3.60940190550289e-08,0.19497653959311398,0.9820543976003356,0.06671167491463613,3.787208542825579e-08,1.2765410141666789,0.5895681154700089,-0.05453549918670253,3.5307382313695346e-08,0.4424502722519031,0.9209430194719799,0.09287207701286185,245.8492876042307,52.285761669407734,233.8262468569342,249.92112344448051,54.031766185727065,237.36487904445332,0.2236094637459514,0.22763167998247902,4.3491218793302e-09,0.9098898280275679,249.92053387879918,g1,B,0,g1
G1JoystickFlatTerrain_weighted_mle_s105_final,G1JoystickFlatTerrain,weighted_mle,105,29,8192,0,4,3.5864177083060484e-08,0.4154584064217148,0.9269468348235195,0.05926607554440694,3.688496624134852e-08,0.20513217863743913,0.9799833224286664,0.043092104710784486,3.293140319187114e-08,1.4738369459784755,0.5342630041682405,-0.047179071844019885,3.5578044861487475e-08,0.456542331974438,0.9147825588307333,0.06885971887616549,262.72180336096943,59.94613790254363,252.38852555552597,267.4938454156091,61.6001437470526,256.2118418450943,0.23751530609641416,0.2404266067619771,4.56638405197804e-09,0.9004944952631062,267.50614687904994,g1,B,0,g1
G1JoystickFlatTerrain_weighted_mle_s105_final,G1JoystickFlatTerrain,weighted_mle,105,29,8192,0,5,3.5706519252844336e-08,0.408634866434022,0.9290219909409746,0.05913733336336936,3.5742183304024555e-08,0.2011918068388127,0.9807480545749959,0.04651556083178735,3.6797962432292943e-08,1.3681017183890656,0.5846865493773911,-0.010262993660783136,3.567505258006223e-08,0.4516024148774708,0.9162229059243203,0.06722330435799581,241.21342630953524,53.866945033607365,232.05116855489882,245.27778130458054,55.45784601674828,235.81848964035584,0.23213390981421952,0.2351717462923547,4.5216104258051695e-09,0.8993594394008456,245.27504185399036,g1,B,0,g1
G1JoystickFlatTerrain_weighted_mle_s105_final,G1JoystickFlatTerrain,weighted_mle,105,29,8192,0,6,3.536801649801024e-08,0.42015660962951273,0.9249479244901965,0.05032419299523246,3.532420983534498e-08,0.20042916152790743,0.980673603046849,0.021870889244288396,3.5902655603508394e-08,1.5043873560347993,0.5457553588812051,-0.0134791194428743,3.5373695889130546e-08,0.46995140538266156,0.9098891894183957,0.06128699935005912,247.49102029546225,55.143873271476004,238.64066245297093,252.31616627212088,57.26192848672629,242.21511979809102,0.23107492539056715,0.23640938903590838,4.5351031673309934e-09,0.8956675782915425,252.31776511758642,g1,B,0,g1
G1JoystickFlatTerrain_weighted_mle_s105_final,G1JoystickFlatTerrain,weighted_mle,105,29,8192,0,7,3.545370204527054e-08,0.3604356133795716,0.9422038716716944,0.035971638697412434,3.5782393004884824e-08,0.18679024108070594,0.9831801187206047,0.027557223590233274,3.6920105572566723e-08,1.1579401437043433,0.6067536338210068,-0.10446082600890465,3.5319254771916e-08,0.39798880237927386,0.9313538639935668,0.04286902564595567,243.78907482562417,46.92652083655762,236.98235329215908,248.43715739829864,49.24963428814097,240.75768493868543,0.19801694170327094,0.20456100622783166,4.6556910571993255e-09,0.9205612523948056,248.44988170720876,g1,B,0,g1
G1JoystickFlatTerrain_weighted_mle_s105_final,G1JoystickFlatTerrain,weighted_mle,105,29,8192,1,0,3.514884445029323e-08,0.42010853590213626,0.9256900506731599,0.062033990435602336,3.537600345234837e-08,0.20282258682976728,0.9805625169988625,0.05859132813646869,3.906556501421607e-08,1.547127822295755,0.5106881715310605,-0.05321558476286393,3.499228032356685e-08,0.4597244614688415,0.9138983716599187,0.07048209293493674,249.17420714799576,56.05445977778106,238.8085945983905,254.2089636800163,58.019567169597735,242.9205274831368,0.23472547071452268,0.23884176348013708,4.1099857051930065e-09,0.9058237873608015,254.21355968219032,g1,B,0,g1
G1JoystickFlatTerrain_weighted_mle_s105_final,G1JoystickFlatTerrain,weighted_mle,105,29,8192,1,1,3.537583273661046e-08,0.3979619602144757,0.9321766314758968,0.057920757361995354,3.501572243222941e-08,0.2022845089963392,0.9802055539409987,0.007306142417881992,3.589657502593572e-08,1.2537594777829346,0.6023278828286106,-0.04376243756705388,3.548531733958199e-08,0.4402459087735718,0.92020851974537,0.07314323707582163,246.3797046511681,54.38140592286809,239.94312701100893,250.15813110450827,55.91022281494264,242.85545471017997,0.22664289909155336,0.2302201648370008,4.4013942940706916e-09,0.9054686127569831,250.16082330845532,g1,B,0,g1
G1JoystickFlatTerrain_weighted_mle_s105_final,G1JoystickFlatTerrain,weighted_mle,105,29,8192,1,2,3.540832613867223e-08,0.3987179309905091,0.9328072646582858,0.0734080466277614,3.502729976828688e-08,0.19159749183280309,0.9825453569319612,0.05466976982114518,3.791084925526718e-08,1.363081717917989,0.5699375639125954,-0.040585249348336495,3.550291881994707e-08,0.44620410796649274,0.9192074001726946,0.08481590607892912,261.9588167967785,54.98345843033251,251.8029623643764,265.5172729084841,56.549508165193295,254.5740795636914,0.21835906104538755,0.22213380192560042,4.252128586692316e-09,0.9037814845060269,265.5183674697314,g1,B,0,g1
G1JoystickFlatTerrain_weighted_mle_s105_final,G1JoystickFlatTerrain,weighted_mle,105,29,8192,1,3,3.5355523176738585e-08,0.39585977102161873,0.9331096888991229,0.06352507794874152,3.574515039621602e-08,0.18701046127853072,0.9832202627293247,0.038509128445421495,3.561766438333426e-08,1.5462120046158452,0.5457245632360486,0.004501690121302278,3.520985712497189e-08,0.44061297361264606,0.9202188703048905,0.07490093691078038,263.3085969083031,55.05376881345807,254.85675205563194,268.04074547323603,56.92172320942065,258.6494652401026,0.21601848241964697,0.22007284320723558,4.5352723878087455e-09,0.9121077894097698,268.04672894613265,g1,B,0,g1
G1JoystickFlatTerrain_weighted_mle_s105_final,G1JoystickFlatTerrain,weighted_mle,105,29,8192,1,4,3.551590486000401e-08,0.4038754552804756,0.9312732027581291,0.07329778744692783,3.610897486888699e-08,0.19803065855575416,0.9810558129754876,0.013944000953161593,3.437883377410232e-08,1.4747645235699822,0.5794773931362053,0.0325737307054158,3.532719852104347e-08,0.45021906563702646,0.918420849629945,0.09082523822802134,252.02496321234156,53.807441192670254,243.4057779341775,255.83041359044,55.56736555260606,246.36420203324224,0.22106065702031444,0.22554967440078028,4.56937254333749e-09,0.9068074927669401,255.83188353378617,g1,B,0,g1
G1JoystickFlatTerrain_weighted_mle_s105_final,G1JoystickFlatTerrain,weighted_mle,105,29,8192,1,5,3.505413188594957e-08,0.4559933713710352,0.9143698724011952,0.06113453166610005,3.441609208428494e-08,0.21247054020691314,0.978547228519531,0.039471356665138194,3.6009245694457065e-08,1.8374379948046753,0.45341571934872826,-0.03584977406215513,3.524458706711094e-08,0.505761617380567,0.8991833439362216,0.07233805414619895,250.04324002736388,62.957180620843864,238.00450653663734,254.3418255947536,65.26043201274196,241.00439555162907,0.2645209602833813,0.27078523552804373,4.369722092673986e-09,0.8835610979174943,254.33481307892887,g1,B,0,g1
G1JoystickFlatTerrain_weighted_mle_s105_final,G1JoystickFlatTerrain,weighted_mle,105,29,8192,1,6,3.590411997317029e-08,0.40367626935047446,0.930083619990316,0.05131905040180226,3.673841002168515e-08,0.20190878197969506,0.9802490192260358,0.0038130645089899753,3.744795728235758e-08,1.3152339724945228,0.5809272818727841,-0.04741478034849689,3.5589908067927715e-08,0.4485020418684133,0.91710815051476,0.06594854278527697,248.85264038708095,54.132897803217055,241.82736768298244,252.6928451902029,55.76370070453612,245.10561032492248,0.22384934476969953,0.2275088710968841,4.268340057396039e-09,0.9043361245038186,252.69074526022249,g1,B,0,g1
G1JoystickFlatTerrain_weighted_mle_s105_final,G1JoystickFlatTerrain,weighted_mle,105,29,8192,1,7,3.5197985321489086e-08,0.38621606747927767,0.9373523795072016,0.09035306990604566,3.537265330433158e-08,0.18649448899620127,0.9835082453083358,0.06445733380556368,3.5384332495511225e-08,1.4312129277728662,0.5383808514080064,-0.06102391482876968,3.513271735572439e-08,0.4315664722362316,0.925099596332289,0.10550197735866146,262.094868948663,52.12097439585222,250.72493393984882,265.8300743753566,53.955173497554014,253.71156605341938,0.2078810973317728,0.21266343642446894,4.272618978524945e-09,0.9161920541265182,265.8305466950735,g1,B,0,g1
G1JoystickFlatTerrain_weighted_mle_s105_final,G1JoystickFlatTerrain,weighted_mle,105,29,8192,2,0,3.57313595261385e-08,0.36382418863023785,0.9426842105160327,0.06962580562874483,3.660034585220868e-08,0.17926610537280982,0.9845604328159767,0.04147417963954571,3.662122389512616e-08,1.15982920847361,0.6544771293011095,0.003415865712529204,3.539059970966859e-08,0.4098471459638689,0.9299721111105567,0.08132738117668092,255.51773512220151,51.22470028375489,247.73804879631845,259.47409922704185,52.70892395621625,250.87705643087327,0.206769612228075,0.21009862243317365,4.569876043736368e-09,0.9161557236538573,259.47945055411355,g1,B,0,g1
G1JoystickFlatTerrain_weighted_mle_s105_final,G1JoystickFlatTerrain,weighted_mle,105,29,8192,2,1,3.488991910218361e-08,0.4351428098729758,0.9204619718528646,0.05364629401896623,3.4418842704727026e-08,0.2034635871626955,0.9799704392496178,0.005966270754028241,3.55082055650262e-08,1.623461640368193,0.5060488738158693,-0.029503080871655495,3.503722726188108e-08,0.484572861412741,0.9057682292732959,0.06866947308795288,255.6317252514915,59.783177696920156,246.97789976976998,260.127335467093,61.640982165382766,250.44462226715356,0.24205881478727093,0.2461261959125999,4.428718283867099e-09,0.889128588098941,260.125151951497,g1,B,0,g1
G1JoystickFlatTerrain_weighted_mle_s105_final,G1JoystickFlatTerrain,weighted_mle,105,29,8192,2,2,3.506482140869318e-08,0.4198298543615978,0.9265474890884733,0.07432691258776303,3.476004137059919e-08,0.20002638251369928,0.981189063200771,0.07057092996803939,3.5653231037644446e-08,1.6612001854650398,0.49783094197643124,-0.028184443731275332,3.515478974932776e-08,0.46286455705507423,0.9139245743590445,0.08338736101809813,259.00272303023473,59.41981328033842,245.8781327094186,263.19199440206484,61.25949936756895,249.23669113885498,0.2416636755191286,0.2457884474699584,4.112635906711816e-09,0.9017557722014221,263.19272751814026,g1,B,0,g1
G1JoystickFlatTerrain_weighted_mle_s105_final,G1JoystickFlatTerrain,weighted_mle,105,29,8192,2,3,3.529745942452501e-08,0.4120695577725675,0.9288615547527942,0.07390936350330571,3.530629669764112e-08,0.201719327398192,0.9803689513192944,0.014266773228570213,3.558711743148558e-08,1.4296308482506923,0.538484346904058,-0.0616490396209339,3.528952710742291e-08,0.45689973860236627,0.9165845170133774,0.09363682632177553,236.54423260897067,52.708095062068026,227.13062870204058,240.66431439623454,54.56458861489031,230.33292853226416,0.23206071045227664,0.23689443347327074,4.272568906565606e-09,0.902458723247186,240.66355734222918,g1,B,0,g1
G1JoystickFlatTerrain_weighted_mle_s105_final,G1JoystickFlatTerrain,weighted_mle,105,29,8192,2,4,3.575135723580399e-08,0.45505857497500857,0.9146445618060676,0.06081430135687025,3.677628608819e-08,0.21781123930873872,0.9771566590964251,0.006710938906379047,3.3621954125391985e-08,1.7710851537436891,0.48575476767539555,-0.0089247266730292,3.5486311270435016e-08,0.495024585647531,0.9030950331960113,0.07666515252337365,242.0743568742329,57.62126196665944,231.91649735770892,247.76691951323417,59.863335213354176,236.1970080762135,0.24845693438437857,0.2534466278846253,4.282838946477089e-09,0.8933715767926638,247.76638563865052,g1,B,0,g1
G1JoystickFlatTerrain_weighted_mle_s105_final,G1JoystickFlatTerrain,weighted_mle,105,29,8192,2,5,3.556165589479677e-08,0.43053979934637615,0.9212903446031552,0.044139647304205824,3.645187410076102e-08,0.20606027740104896,0.9796522115461128,0.026455683372475516,3.9390564595096495e-08,1.8470089893157553,0.469747764961714,-0.009328237796693171,3.517525981297112e-08,0.47064163109625934,0.9089343862530738,0.05227690653353516,243.85465349475288,57.55900354375496,236.04018670477464,248.19305968680897,59.41497900971699,239.4010573693438,0.24385255895321833,0.24818177355855342,4.410876788863128e-09,0.8949876222400546,248.20291077942258,g1,B,0,g1
G1JoystickFlatTerrain_weighted_mle_s105_final,G1JoystickFlatTerrain,weighted_mle,105,29,8192,2,6,3.592080075507541e-08,0.4237427165344571,0.9250449184711477,0.06943959024789502,3.6892524115543505e-08,0.21162870873477801,0.9786446509699946,0.03303127408894705,3.485547815716303e-08,1.5556475552966498,0.513661411253109,-0.04474075061088836,3.563637008412653e-08,0.4622616655738197,0.9141153957911934,0.08341314950741717,247.70012956290574,54.37659924986433,235.52715865172286,252.2017765964116,56.10245268967981,238.99148948085374,0.23087188569311234,0.23474665483506305,4.496397835293248e-09,0.9063237803905428,252.20778710197018,g1,B,0,g1
G1JoystickFlatTerrain_weighted_mle_s105_final,G1JoystickFlatTerrain,weighted_mle,105,29,8192,2,7,3.568822062137594e-08,0.4069936362584385,0.9294667808293837,0.058210132613931174,3.7021035798732196e-08,0.1955493166323046,0.981689820703853,0.036381952896021114,3.4412014477942485e-08,1.5972573381710262,0.469249797663735,-0.09720216823360209,3.5241127001449666e-08,0.45025857472793795,0.9168788620159551,0.07035147443544694,254.6609255907456,55.5425230751948,246.5135845416015,258.8938794615449,57.13466243558437,249.97529344811457,0.22531222033251175,0.22856123758263788,4.357236834523658e-09,0.9043592989707208,258.90437554442224,g1,B,0,g1
G1JoystickFlatTerrain_weighted_mle_s105_final,G1JoystickFlatTerrain,weighted_mle,105,29,8192,3,0,3.575522699797274e-08,0.36631061875669213,0.9409322745027278,0.04605990507545043,3.4793911866868575e-08,0.17246398290064027,0.9855712719021568,0.022946608167098065,3.640761770370874e-08,1.2827105470687268,0.5754760692827157,-0.07807507638003006,3.609945698643497e-08,0.4111910367943585,0.9281112886902113,0.05689536234561966,264.72919993821506,50.3570090281545,257.392462636351,268.99864196064374,52.051674275730775,260.9385049279001,0.1956429046615077,0.19947870204174337,4.577314551363447e-09,0.9161990060823862,269.00416356816277,g1,B,0,g1
G1JoystickFlatTerrain_weighted_mle_s105_final,G1JoystickFlatTerrain,weighted_mle,105,29,8192,3,1,3.555138707236766e-08,0.42556411585332005,0.9242143424314547,0.06523012555189785,3.625545817902521e-08,0.20577411753632438,0.9795528398179014,0.008972306373704053,3.5195964612585386e-08,1.6173750359215846,0.5204723740276515,-0.008770088486383082,3.533242296616378e-08,0.4668470609927183,0.9125526868409527,0.08188104925835185,241.9352104148228,53.93895886861155,232.07358462499658,246.51693067012002,55.757275291077136,235.8673114348672,0.23242179395716356,0.23639255033639459,4.36631526797952e-09,0.900525532519468,246.51945657235734,g1,B,0,g1
G1JoystickFlatTerrain_weighted_mle_s105_final,G1JoystickFlatTerrain,weighted_mle,105,29,8192,3,2,3.5623872083092504e-08,0.39360538136462514,0.9331959964252832,0.05256540510785628,3.5713483395292914e-08,0.1899660012787027,0.9826519532123517,0.031713648530540504,3.7344998818198954e-08,1.3209964005764858,0.5746025982770134,-0.05603034179418173,3.5565679665714066e-08,0.43909162378534716,0.919831130667529,0.06259929364320821,257.68997028127416,54.972226505474055,247.8800756089401,261.22989547871083,56.48302279083308,250.8041346298526,0.22176944383460237,0.22520770191525313,4.341064104578585e-09,0.9090726496289722,261.2309009564145,g1,B,0,g1
G1JoystickFlatTerrain_weighted_mle_s105_final,G1JoystickFlatTerrain,weighted_mle,105,29,8192,3,3,3.501819829359872e-08,0.39243603777326636,0.9351425816735982,0.08244781064744235,3.50471121594835e-08,0.18654679632031432,0.9832901787184267,0.03705883475311726,3.95578409944047e-08,1.492604259233572,0.5350331802267182,-0.03710405089699073,3.493274290680552e-08,0.436201940033319,0.9233150595025614,0.0996998961451515,258.07841160713195,51.764190594083495,247.61087851788471,261.63813460965076,53.67143061743552,250.4546103707695,0.20905458962031995,0.2142960376651916,4.254073085301794e-09,0.9162560559813068,261.63671813330774,g1,B,0,g1
G1JoystickFlatTerrain_weighted_mle_s105_final,G1JoystickFlatTerrain,weighted_mle,105,29,8192,3,4,3.527061618465526e-08,0.4072181990370617,0.9306214398589476,0.07913713429598003,3.540420950682792e-08,0.19274104925397878,0.9822042543038932,0.037605145383675265,3.753335737751276e-08,1.3475358148718553,0.5523965760439677,-0.08162816852231619,3.518846020802122e-08,0.45774614666118246,0.9165466640605471,0.09647366771905631,255.82563093365502,55.52058660725961,245.11844594350944,260.0739256484045,57.35798458143059,248.36749744738307,0.22650513466479297,0.23093997874493105,4.619168744799242e-09,0.9017088413940904,260.07285386112227,g1,B,0,g1
G1JoystickFlatTerrain_weighted_mle_s105_final,G1JoystickFlatTerrain,weighted_mle,105,29,8192,3,5,3.509351454480394e-08,0.36525444455749295,0.9416678794945869,0.055868359842298855,3.529433664744448e-08,0.1766071953083265,0.9849037322039058,0.025556777906506553,3.489424468888937e-08,1.2464222247381846,0.6267714719493014,0.002076855068312865,3.502262659927918e-08,0.40919330942700627,0.9293070030635371,0.06687928197102033,256.77847330610007,49.42754402264836,247.8252537076625,260.75933002022543,51.085807249108896,251.13112266540173,0.19944514646176237,0.20342284423732548,4.135791937084315e-09,0.913663653988897,260.7600869789975,g1,B,0,g1
G1JoystickFlatTerrain_weighted_mle_s105_final,G1JoystickFlatTerrain,weighted_mle,105,29,8192,3,6,3.5472929794126505e-08,0.38165539200311993,0.9370895080022567,0.05946866377618475,3.497944148524495e-08,0.18654865833244602,0.9832676860782968,0.03398088083607151,3.722146063230351e-08,1.2611316638714156,0.6121259094357446,-0.018980146771119418,3.5616112048763934e-08,0.42538173305242377,0.9245636146450324,0.06975873030706878,246.66105575440164,51.40664717366111,238.23292293268204,250.64889454378573,53.06082317987294,241.45701911974473,0.21578313585224734,0.21975266394537282,4.578109697120195e-09,0.9079176230593964,250.64861113130314,g1,B,0,g1
G1JoystickFlatTerrain_weighted_mle_s105_final,G1JoystickFlatTerrain,weighted_mle,105,29,8192,3,7,3.551990624938788e-08,0.440771053777222,0.9195793541689062,0.06652941980422805,3.599993870030894e-08,0.2041871387559333,0.9800385497408971,0.029910509486002837,3.6157187144355856e-08,1.674649502176342,0.4859603235867412,-0.04159013813425732,3.535188933484614e-08,0.48549571038808886,0.9065525921342745,0.08095610545847534,255.0966447831394,59.400212842720016,244.30573362939785,260.23693049919564,61.757627826389644,248.4051638342724,0.24313884066604655,0.2486165217869304,4.897213387786046e-09,0.8937754447605549,260.2354117234795,g1,B,0,g1
G1JoystickFlatTerrain_weighted_mle_s106_final,G1JoystickFlatTerrain,weighted_mle,106,29,8192,0,0,3.570667181899419e-08,0.31079252335193996,0.9557158209670377,0.0286084217247694,3.5654690958707264e-08,0.14114448765942186,0.9902604198158146,0.02531595992287602,3.434470846084122e-08,1.8283204202001153,0.5002248874988322,0.030478122358823183,3.57504101354998e-08,0.3561780788697382,0.9432991088914849,0.03264326030102279,399.1799180546529,61.31000403012613,392.58473326509767,404.8063467062202,63.323081561940725,396.9518173368161,0.15617011777359574,0.15952334463860265,4.193402292398301e-09,0.9520991166994105,404.7843195737996,g1,B,0,g1
G1JoystickFlatTerrain_weighted_mle_s106_final,G1JoystickFlatTerrain,weighted_mle,106,29,8192,0,1,3.556440762542276e-08,0.3598525232040123,0.9423290830604119,0.03491409045977803,3.581733408914556e-08,0.16358655424056912,0.9869578606167541,0.01711018731244817,3.771932239406309e-08,2.30875610403622,0.3889079618132114,-0.011019021841771441,3.541054141162954e-08,0.40513434918769764,0.9292135928839165,0.043766741873237834,388.2070364436813,68.05162005167841,379.0544141451973,392.69312617826466,70.27988378493302,382.20596661848384,0.1795299500868257,0.1838796092241173,3.990822064780517e-09,0.9402959830273548,392.6620823110191,g1,B,0,g1
G1JoystickFlatTerrain_weighted_mle_s106_final,G1JoystickFlatTerrain,weighted_mle,106,29,8192,0,2,3.489578248778227e-08,0.3437542073214375,0.9470465874791791,0.03820814858403957,3.438215304827437e-08,0.15791040858083236,0.9879026842727613,0.03407490695568278,3.277382718716757e-08,2.113600808568927,0.4160610509388136,-0.015638731497496366,3.5154777467229056e-08,0.386413276022144,0.9349407954455005,0.044571155366756154,390.4474648845105,65.99446676173712,381.54031466987794,396.2606585549582,68.59770271086813,385.8759914015347,0.17296852842100752,0.17777136758810833,3.8806677879401005e-09,0.9422680646006586,396.2321841984246,g1,B,0,g1
G1JoystickFlatTerrain_weighted_mle_s106_final,G1JoystickFlatTerrain,weighted_mle,106,29,8192,0,3,3.570441304495184e-08,0.24137751063264062,0.9725354312057208,0.03317895911629489,3.5042538358891575e-08,0.12265348414247815,0.9925796276423264,0.009486192606899053,3.8586251736873556e-08,1.1856610454523058,0.6257266993234838,-0.04194726936018476,3.599712916240243e-08,0.2759208164734791,0.9648281188407749,0.04263564038574021,389.6787842218783,47.970910292191725,385.2098104409346,394.40882456552595,49.06788192881455,389.2275773998911,0.12453190181548382,0.12606476205153944,4.2246520794751655e-09,0.969865795443131,394.3933486086546,g1,B,0,g1
G1JoystickFlatTerrain_weighted_mle_s106_final,G1JoystickFlatTerrain,weighted_mle,106,29,8192,0,4,3.530856119448933e-08,0.27916417974994234,0.9636541532705176,0.023968194464333667,3.457853819077953e-08,0.13545022857507102,0.9910314005379358,0.03012676871411844,3.49581231602784e-08,1.5484934745108792,0.5318154297212245,-0.017904790585203063,3.5666941957504846e-08,0.3180597261842679,0.9537001029686072,0.02585198578705936,379.26527702468945,53.496914192978046,373.5992336101776,383.8589276110718,55.402617643724774,377.2616321764218,0.14319331888351214,0.1468546306289007,4.008983446163362e-09,0.9591010067523803,383.8361598763514,g1,B,0,g1
G1JoystickFlatTerrain_weighted_mle_s106_final,G1JoystickFlatTerrain,weighted_mle,106,29,8192,0,5,3.599514831861109e-08,0.3119836088730085,0.9553096518777774,0.02535332780016612,3.6538933864843624e-08,0.14361467005443093,0.9899026372289372,0.019135525522155025,3.986709471659598e-08,1.8463499239038033,0.4812724327962241,0.007415593317187225,3.566018832190241e-08,0.36029344371369165,0.9420028296632957,0.030093526599760275,397.2839245871802,60.94588887946479,391.77103513612775,401.62837504536736,62.631180543560674,395.0947239594452,0.15556507095601876,0.15852193599525094,4.068238994444916e-09,0.9477583236111419,401.60267142149513,g1,B,0,g1
G1JoystickFlatTerrain_weighted_mle_s106_final,G1JoystickFlatTerrain,weighted_mle,106,29,8192,0,6,3.5945460727494076e-08,0.2908545224693311,0.9607006858034323,0.021930035122483746,3.6001720307882617e-08,0.13880746838556576,0.9905235904070154,0.007625548599717018,3.494394100368696e-08,1.6620614168184984,0.5222201805604214,0.010654575232314598,3.593052736912052e-08,0.33102069873476303,0.9502250770393534,0.027721195613223188,383.70566753281963,57.38975273387792,378.97023397066516,388.36426393245205,58.9743581627967,382.6638985832457,0.1514360432284508,0.15411529120238424,4.337561542796826e-09,0.9564250349079803,388.34146346280215,g1,B,0,g1
G1JoystickFlatTerrain_weighted_mle_s106_final,G1JoystickFlatTerrain,weighted_mle,106,29,8192,0,7,3.576171012664831e-08,0.2985026000590237,0.9592230166661204,0.040794310286090305,3.6257862696535576e-08,0.1411438110233318,0.99035672663971,0.053336546968738414,3.354593559209893e-08,1.639690803866213,0.5350153622469969,0.023230467020917387,3.555200986878578e-08,0.3394773131796019,0.9484032091348146,0.042739785468689354,394.343680038362,56.38117700787064,387.4680068874101,400.310277197376,58.25375976678865,392.2782737440528,0.14551182550732156,0.14850111175108552,4.299078282626733e-09,0.9559254928708033,400.2887399240609,g1,B,0,g1
G1JoystickFlatTerrain_weighted_mle_s106_final,G1JoystickFlatTerrain,weighted_mle,106,29,8192,1,0,3.525485219755884e-08,0.2998046935361962,0.9592983747008298,0.05615123982596299,3.4891897061736906e-08,0.1446500282669788,0.9899725414411956,0.07512230394339353,3.6283862599829516e-08,1.5960034161927947,0.5173459798752988,-0.022179688286557475,3.541357971507449e-08,0.3411609434950329,0.9485440895886048,0.059187087630109055,379.37257728568386,57.2332809136437,368.79690264265935,384.43765319437057,58.896748699458406,372.9429291112961,0.15518915832408425,0.15792429377815576,3.990962205609377e-09,0.9558584753294551,384.4090077082679,g1,B,0,g1
G1JoystickFlatTerrain_weighted_mle_s106_final,G1JoystickFlatTerrain,weighted_mle,106,29,8192,1,1,3.572530781411339e-08,0.3410202466671783,0.9481488762474876,0.04748507553060725,3.557532662121718e-08,0.1563496387514258,0.9882733327608434,0.06329715447532577,3.5309118302817865e-08,2.0800961403710296,0.43076151187703393,-0.0034336632621772114,3.580115255112336e-08,0.38648741092548067,0.9352259311459449,0.05069417757552012,387.80927739509826,65.87053153695072,377.2981087196993,392.689841987794,68.11151859231073,380.9990657146981,0.1745848442242969,0.17877082838652997,4.224515345631734e-09,0.9418558206490156,392.6663973353633,g1,B,0,g1
G1JoystickFlatTerrain_weighted_mle_s106_final,G1JoystickFlatTerrain,weighted_mle,106,29,8192,1,2,3.5486904653742406e-08,0.31346249840873575,0.9555178306553274,0.04614945669572722,3.582931089845999e-08,0.14691844788755426,0.9895814470452428,0.05603144686269987,3.328770853237094e-08,1.8495900967653394,0.481215180057998,0.008275700944425786,3.53515788269979e-08,0.3567230914331854,0.9438458034143481,0.049935827612785214,392.01063810617313,60.063097684992655,382.44530514951475,396.54517302396795,62.160687529847145,385.88010311085,0.1570501634515063,0.16108808676251019,4.165948805310506e-09,0.9514523504795136,396.5239400333685,g1,B,0,g1
G1JoystickFlatTerrain_weighted_mle_s106_final,G1JoystickFlatTerrain,weighted_mle,106,29,8192,1,3,3.5630347132229066e-08,0.3452676201902731,0.9461567456177342,0.025601424836032623,3.581657299792003e-08,0.15660554456252523,0.988112442033845,0.037477373700911365,4.3002902341722016e-08,2.2091196341023194,0.4184196148371267,0.008002011200271249,3.539931778505589e-08,0.39279716371608503,0.9320929521579279,0.02653509236875637,374.7481975301151,65.49002898265877,367.52674296916695,380.49497977493843,67.74115756491533,371.83144612737965,0.17819119352670554,0.18218243311704413,4.172326867270864e-09,0.942401256163507,380.47564943804684,g1,B,0,g1
G1JoystickFlatTerrain_weighted_mle_s106_final,G1JoystickFlatTerrain,weighted_mle,106,29,8192,1,4,3.4780026854648785e-08,0.32181630804475747,0.9539933101683488,0.06723951223941908,3.457016619349253e-08,0.15506459915913917,0.9886922219646619,0.10659565609882624,3.3432273734536505e-08,1.8433069470863517,0.47511680406669865,-0.002552134349528969,3.489631186896563e-08,0.3627679580968912,0.9428750079419145,0.06722440618434986,391.15555872873466,63.84094096492517,376.040286592792,397.073365372165,65.48697848581911,380.9466353012429,0.16977154640363662,0.1719059112676858,3.7112463304561847e-09,0.9502345522200059,397.0464371624195,g1,B,0,g1
G1JoystickFlatTerrain_weighted_mle_s106_final,G1JoystickFlatTerrain,weighted_mle,106,29,8192,1,5,3.543826343677136e-08,0.2927842354689497,0.9608008763952391,0.04638548088523944,3.589750895302656e-08,0.14036743633362317,0.990389577483395,0.032846366107615196,3.784611371727279e-08,1.5900513534132248,0.5275405600180163,-0.007950705318503566,3.519148755085064e-08,0.3347833149025197,0.9501281911557241,0.05503018986975708,389.53315615946,61.28474679798787,380.9879218852338,394.18551316208914,62.76175782254077,384.8925797517648,0.16085745315687122,0.16306304959949758,4.035890226391643e-09,0.9526682131257753,394.1599441768658,g1,B,0,g1
G1JoystickFlatTerrain_weighted_mle_s106_final,G1JoystickFlatTerrain,weighted_mle,106,29,8192,1,6,3.534503183623872e-08,0.3220290900765993,0.9522024226571328,0.011672715047785411,3.470402040365616e-08,0.15404933755113737,0.9883366769103519,-0.0013716419986267985,3.772875538607088e-08,1.8590423769719358,0.4591015492008835,-0.02124509513913649,3.5595349144003705e-08,0.3628601352002136,0.9406833720503318,0.01628982610620854,382.39147379707464,64.80226103668569,375.10617481586513,387.13753499352913,66.61606486861596,378.8647680855403,0.17275711621781786,0.1758307197716922,4.228657165499586e-09,0.9464140187801715,387.1098111637069,g1,B,0,g1
G1JoystickFlatTerrain_weighted_mle_s106_final,G1JoystickFlatTerrain,weighted_mle,106,29,8192,1,7,3.544361681988361e-08,0.31022761866782317,0.9568254598681899,0.062081660987505734,3.531364589547059e-08,0.14897090162828194,0.9895320359637918,0.1056980033557047,3.2892319902256994e-08,1.7165420063311903,0.5327988930069072,0.04636230302836997,3.5541951687715244e-08,0.35275111146777816,0.9453457107390069,0.059258294968421714,385.8225553506243,60.44184382736191,373.22636417818654,390.3604134666599,61.98419286124514,377.0089206795105,0.161944196949885,0.16441041434649975,4.146652396905012e-09,0.9526750525925843,390.3374692626092,g1,B,0,g1
G1JoystickFlatTerrain_weighted_mle_s106_final,G1JoystickFlatTerrain,weighted_mle,106,29,8192,2,0,3.5449918676129456e-08,0.29479390740053957,0.9602831078644923,0.04573413506058116,3.535845273568831e-08,0.1369898342342811,0.9908661881402926,0.04175849873804123,3.649848135674639e-08,1.6556380470331293,0.5089911136093433,-0.012725150554454296,3.548289862762537e-08,0.33923675005185777,0.9488300296832234,0.052683290715015874,401.5933977312024,61.699772232488364,393.06932216908035,407.0012959253548,63.330137141152484,397.3004734030444,0.1569691877555069,0.15940111170445698,4.071142590822046e-09,0.9543236578604478,406.9851421457175,g1,B,0,g1
G1JoystickFlatTerrain_weighted_mle_s106_final,G1JoystickFlatTerrain,weighted_mle,106,29,8192,2,1,3.54526565792358e-08,0.3064205621081307,0.9574525863305374,0.0500395422736148,3.5747668257695914e-08,0.1458294016384202,0.9897107906877913,0.050810171905835755,3.607434009647054e-08,1.6938329286819496,0.5269365085152699,0.02935074061928765,3.530558345130525e-08,0.3486806822627612,0.9463303224912789,0.055522525895751886,382.86666604996304,59.9451748794323,373.6140358295918,388.8762539107054,61.83128900401063,378.52531515597593,0.16044679570543113,0.1633478304576066,3.878751747032909e-09,0.9525647075860847,388.85987871166026,g1,B,0,g1
G1JoystickFlatTerrain_weighted_mle_s106_final,G1JoystickFlatTerrain,weighted_mle,106,29,8192,2,2,3.491180832378824e-08,0.33265809662306345,0.9507828158745025,0.057312814459548916,3.4485848673492605e-08,0.1491996358067453,0.9894066750916533,0.08713519492453535,3.4024703797882117e-08,2.050920571079982,0.4502413918541701,0.01658697971350599,3.513262557847624e-08,0.37899695371855796,0.9378428821528921,0.058998309389501034,384.11548628199887,64.70054055333806,372.65187698269546,390.0451139540403,67.00722253418317,377.1381085435903,0.17362193658383834,0.17767290288681653,3.915628797414741e-09,0.9463043684829427,390.02494564425274,g1,B,0,g1
G1JoystickFlatTerrain_weighted_mle_s106_final,G1JoystickFlatTerrain,weighted_mle,106,29,8192,2,3,3.54855231288236e-08,0.33727344791964464,0.9491371281782036,0.04626380528188169,3.586094034255728e-08,0.15349399499473598,0.9886151833445079,0.04790073572306868,3.37240073483983e-08,2.0447847732697912,0.423473580847809,-0.021701751698528872,3.532686189726113e-08,0.3868663916940191,0.9352241268690166,0.05288774868462378,368.1949612317305,63.00227980213533,358.6338283147889,373.24529227562084,64.84716483534399,362.51447992295886,0.17567299799402983,0.17888158522419587,4.0297346844077134e-09,0.942945983994757,373.2213329408993,g1,B,0,g1
G1JoystickFlatTerrain_weighted_mle_s106_final,G1JoystickFlatTerrain,weighted_mle,106,29,8192,2,4,3.538056705256678e-08,0.3599262303512075,0.9430894300065183,0.053600704902078924,3.5319573404032354e-08,0.15760058017245204,0.9880529646509268,0.05595484779041195,3.299645122188303e-08,2.394421677077878,0.3823272025958338,-0.0038785597741789403,3.545740122484918e-08,0.4087211263854838,0.929151090140677,0.06179609685119951,384.3882602431094,66.51186697273768,372.00717369917544,389.5551217397005,69.16417475561373,375.7408500349164,0.17879189347709323,0.18407414245532883,4.152216412704717e-09,0.9404003016704804,389.52539403289376,g1,B,0,g1
G1JoystickFlatTerrain_weighted_mle_s106_final,G1JoystickFlatTerrain,weighted_mle,106,29,8192,2,5,3.560658308899183e-08,0.3203583523839503,0.9527520563689509,0.014793881410610821,3.59877012199774e-08,0.14771480417384228,0.9892493809399315,-0.005259663925246621,2.9603335470746268e-08,1.9368688751320937,0.44934820848508106,-0.013353487102331803,3.551077696267959e-08,0.3624804740663478,0.9409993788118034,0.021264863744072885,397.1648847455447,60.175570543052686,391.51057229332525,402.1621662472764,62.478833785070265,395.1778140607326,0.1537010103981768,0.1581030907151789,4.0836539027054274e-09,0.9523604284869198,402.155202858116,g1,B,0,g1
G1JoystickFlatTerrain_weighted_mle_s106_final,G1JoystickFlatTerrain,weighted_mle,106,29,8192,2,6,3.55883180585662e-08,0.3176702087476886,0.9536954408864,0.02211013960356895,3.5018359039443844e-08,0.1461280210637605,0.9895108884554241,0.0063501624899848985,3.731516958594885e-08,2.01129768466801,0.43314707782370504,-0.016690424949323233,3.584209983408592e-08,0.36446328420152424,0.9407335136240316,0.028905446125376804,377.60596999038313,60.80569759544113,372.9767350525322,382.77865093685574,62.83126017591011,376.8809980955973,0.16302812449381524,0.1667137916037161,4.109087088125675e-09,0.9485439664022967,382.76547068809396,g1,B,0,g1
G1JoystickFlatTerrain_weighted_mle_s106_final,G1JoystickFlatTerrain,weighted_mle,106,29,8192,2,7,3.571431322180648e-08,0.30569596088103035,0.9577136916130148,0.05274035899083354,3.65637236685598e-08,0.14674153767353826,0.9896159859059961,0.05845328423599698,3.7260469791608344e-08,1.5098545078735452,0.5450061088648679,-0.012334794891377872,3.5303309435757e-08,0.34786359865913774,0.9466455916673151,0.05777467792245147,407.2987583111045,63.12217953490649,397.8245390744366,413.9526097720549,64.62895170261801,403.3198035332709,0.15866839104939073,0.16024244566331203,3.9349329973539885e-09,0.951241763124506,413.9235159602568,g1,B,0,g1
G1JoystickFlatTerrain_weighted_mle_s106_final,G1JoystickFlatTerrain,weighted_mle,106,29,8192,3,0,3.568446075072726e-08,0.30176530785213973,0.9580595044869381,0.028053735339841224,3.614525428929343e-08,0.14055475494371752,0.9903328309547672,0.02296613258767784,3.874096884586788e-08,1.9056937535963547,0.4610691366535292,-0.005156178525091114,3.5408331035021614e-08,0.34533321457691507,0.9464157534061969,0.03316051616648732,401.4028070845044,59.51876732663384,397.3175929900013,406.63020359030503,61.65890625232745,401.20151107687616,0.1498014897319976,0.15368562816931297,3.780317163401487e-09,0.9559392255356763,406.6106398989516,g1,B,0,g1
G1JoystickFlatTerrain_weighted_mle_s106_final,G1JoystickFlatTerrain,weighted_mle,106,29,8192,3,1,3.5553987706230364e-08,0.3000573798826627,0.9582388409362398,0.01763080205464878,3.578796497003716e-08,0.13991810417836342,0.990292847279483,-0.0246179459906074,3.3060123026813525e-08,1.6517960217762964,0.526556456216666,0.013914459241148458,3.546897641908699e-08,0.34478453667087106,0.94641114414023,0.028810707887560204,375.0196837911612,58.885585575270845,372.81027854736686,380.3369599808663,61.02494572019791,376.6291530625814,0.15795054204169176,0.16202926731499653,3.893258289629424e-09,0.9523641333931615,380.31513644562676,g1,B,0,g1
G1JoystickFlatTerrain_weighted_mle_s106_final,G1JoystickFlatTerrain,weighted_mle,106,29,8192,3,2,3.5805748823794554e-08,0.36053895399598496,0.9420267799107469,0.03241338521851126,3.615066976045571e-08,0.16396453911989387,0.9867799383466632,-0.01045478305650861,3.724164667425847e-08,2.1383494338539153,0.47500208206609096,0.07078026290715829,3.562275383088894e-08,0.4072023910233524,0.9286156485049429,0.044460364905726434,371.02158027750437,66.77322183653718,365.3299435282958,377.54454960761973,69.63373302272976,369.78395364415735,0.18277511334453542,0.18830923390942492,4.034270610359714e-09,0.9358210490117781,377.5304517842721,g1,B,0,g1
G1JoystickFlatTerrain_weighted_mle_s106_final,G1JoystickFlatTerrain,weighted_mle,106,29,8192,3,3,3.567396200982657e-08,0.2850120990911039,0.9623326746015297,0.02945974706194761,3.5868480442957086e-08,0.13460178277020343,0.9911708485708567,0.04007772789394193,3.3780344756463704e-08,1.519409925519719,0.5481208897565785,-0.002818708449816921,3.5594706148269115e-08,0.32895389961760096,0.9508911673153448,0.03070567294325211,390.6779898930991,55.82557363319663,387.13847264870526,395.87434520068257,57.370120932664214,391.35841960969975,0.14420053179228554,0.14659227464654795,4.196960044295529e-09,0.9567629440313387,395.861122561041,g1,B,0,g1
G1JoystickFlatTerrain_weighted_mle_s106_final,G1JoystickFlatTerrain,weighted_mle,106,29,8192,3,4,3.490909175668689e-08,0.3209559795947702,0.9534810883942383,0.04417328489152177,3.44154626185468e-08,0.1461113423862483,0.9896145838607567,0.03591847803228272,3.534903751704017e-08,1.913742963291051,0.4693276736720084,0.00894295284452213,3.51338556109639e-08,0.364419630006234,0.9417400469788041,0.05206424781664993,391.4030232582641,61.83221796268493,384.7061909391758,396.9905684107815,64.48449926943745,388.66040410016114,0.16072581990878534,0.16591476412096526,3.825532216301276e-09,0.9516691781654165,396.97290232648567,g1,B,0,g1
G1JoystickFlatTerrain_weighted_mle_s106_final,G1JoystickFlatTerrain,weighted_mle,106,29,8192,3,5,3.570162997046497e-08,0.35859426721106524,0.9422297798247735,0.023460212723831177,3.571616840955315e-08,0.1593289623316217,0.987487273522652,-0.015184759473080334,3.629311123451207e-08,2.151129670710313,0.408543407826579,-0.01733768115691877,3.568448125535316e-08,0.40790708092686273,0.9278714717229624,0.035178267298115885,391.11859381833796,70.77927089832977,386.4550689405149,396.9238406957553,73.15759296492097,390.66485444534044,0.1831500647471758,0.18726433190103248,3.9686239136280106e-09,0.9344896173789492,396.89439743633807,g1,B,0,g1
G1JoystickFlatTerrain_weighted_mle_s106_final,G1JoystickFlatTerrain,weighted_mle,106,29,8192,3,6,3.54282167348512e-08,0.30254099269485835,0.9582358351243301,0.04237247243346989,3.537450395995132e-08,0.1463379709123488,0.9896158875801181,0.044560241099785396,3.348324194199121e-08,1.6885630931294684,0.5026840985452673,-0.010759308533626184,3.5475246731436505e-08,0.3446490032210217,0.9471281593434498,0.047104500625319956,382.7670627636712,59.88843119674567,374.8170897541513,388.124234953104,61.72007723768777,378.82102777446835,0.1597804177926554,0.16292674564631807,3.9305662738547925e-09,0.9509935502525559,388.1095220713931,g1,B,0,g1
G1JoystickFlatTerrain_weighted_mle_s106_final,G1JoystickFlatTerrain,weighted_mle,106,29,8192,3,7,3.586242562902027e-08,0.30678853333124245,0.9566058843209148,0.02255341296419454,3.709587988153501e-08,0.14780846434687342,0.9892489000896769,-0.0010337069349557687,3.671176931262232e-08,1.6586814394252587,0.5380460888568196,0.035035240558422484,3.526090417946532e-08,0.3485444913641557,0.9453809461026432,0.02986230710599098,388.9348842765945,63.4075748627785,383.60583848309545,394.0926893278458,65.19995037122197,387.6141370878614,0.16529356047737148,0.16820839111046865,3.94092603408052e-09,0.9489567057135314,394.07019281523407,g1,B,0,g1
G1JoystickFlatTerrain_weighted_mle_s107_final,G1JoystickFlatTerrain,weighted_mle,107,29,8192,0,0,3.5121234065250974e-08,0.7635044356952128,0.8032202732892871,0.03769574895989913,3.504732624431834e-08,0.3437990627775237,0.9457748560720777,0.002974413349995158,3.281420931051262e-08,3.6671786081399933,0.27491407579828664,0.013217179531182762,3.527658103153596e-08,0.9555433498018416,0.7414013577618243,0.0565266924820786,356.87294547843305,167.69164074019469,306.697806598273,361.7988308464618,172.35687315190344,308.72556432117347,0.5467650473283117,0.5582850695596965,4.663683524857171e-09,0.6675787778479427,361.7381759252464,g1,B,0,g1
G1JoystickFlatTerrain_weighted_mle_s107_final,G1JoystickFlatTerrain,weighted_mle,107,29,8192,0,1,3.561798472096991e-08,0.8544499647758135,0.7692078061037237,0.03278005079520928,3.614018920164666e-08,0.3801163440104448,0.934395873130058,-0.007889163178619431,3.505207935777344e-08,4.628826895288371,0.2318359062405487,0.022232835624511088,3.5411227455016565e-08,1.0571346627639508,0.7072888693004943,0.053147869248040554,367.9922734351816,182.62796623260394,312.4119370838313,373.458668500957,188.16686514954642,314.1690993945395,0.5845742257396449,0.5989349860065082,5.055094131792376e-09,0.6389085036482091,373.3983163255577,g1,B,0,g1
G1JoystickFlatTerrain_weighted_mle_s107_final,G1JoystickFlatTerrain,weighted_mle,107,29,8192,0,2,3.549541323458868e-08,1.0350521329998517,0.7069766513310425,0.03295419318843987,3.565311387118796e-08,0.4540675660064876,0.90951836579856,-0.014432380961954525,3.772260020437886e-08,5.745035506120956,0.18779434086102664,0.0171047326457113,3.5189608607422123e-08,1.2513367870434822,0.650248101462129,0.05544099204154105,373.0701016579019,207.27393837686168,299.84957469079177,380.4986360652723,214.43439064279838,302.16955952679115,0.6912597377888702,0.7096492147607785,4.674497315077286e-09,0.5985944334296476,380.4222110533997,g1,B,0,g1
G1JoystickFlatTerrain_weighted_mle_s107_final,G1JoystickFlatTerrain,weighted_mle,107,29,8192,0,3,3.5741785309335695e-08,0.8984669070288477,0.7541033361062891,0.03453299131143182,3.638201927533693e-08,0.4010345217878311,0.9279435534673165,-0.00392188952611866,3.967284973455687e-08,4.599178023303043,0.22188614043676355,0.010116786240793195,3.514478051887474e-08,1.096375617538686,0.6952391222276796,0.053756108946139726,350.8675317061493,184.15306407525824,291.4615496954564,357.2011489344375,189.88742780670137,293.48688551200297,0.6318262709701373,0.6470048141177835,4.601951415259269e-09,0.6232702577070042,357.1409223656311,g1,B,0,g1
G1JoystickFlatTerrain_weighted_mle_s107_final,G1JoystickFlatTerrain,weighted_mle,107,29,8192,0,4,3.527661700227525e-08,0.8273539794875999,0.7796831615836899,0.03568801696679239,3.474107167856996e-08,0.35820446540499384,0.9416050243368239,0.004676086467745987,3.783262153900009e-08,4.283388507085585,0.24709563617980468,0.02148411218287457,3.536606541222702e-08,1.0483903819316747,0.7103695197585461,0.05397828326268113,380.4319581304729,179.8675271273155,325.7044472497196,385.19974939734476,185.3392311952041,326.9746992075248,0.5522415448918,0.5668304968072534,4.2474213041671e-09,0.6395173336180892,385.12765202803206,g1,B,0,g1
G1JoystickFlatTerrain_weighted_mle_s107_final,G1JoystickFlatTerrain,weighted_mle,107,29,8192,0,5,3.546057858771864e-08,0.9374524133527774,0.7409347258756369,0.035845971087636444,3.645041842149396e-08,0.40808227367459077,0.9258784741806971,8.519308265637848e-05,3.509872974665852e-08,5.105414187964447,0.19136247620939414,-0.0009050244643246838,3.50770685965584e-08,1.13303950475877,0.6845840462560283,0.05514695088229406,359.8638476052988,187.7736929379702,298.6422939939262,366.20124983881925,194.25359294263683,300.6481532492233,0.6287578709189412,0.6461160357822288,4.604487256920393e-09,0.6452878478023243,366.139416484499,g1,B,0,g1
G1JoystickFlatTerrain_weighted_mle_s107_final,G1JoystickFlatTerrain,weighted_mle,107,29,8192,0,6,3.508322188418251e-08,0.9040341273374832,0.7553908888051322,0.045441737408726264,3.631352846221252e-08,0.40396324732580113,0.9271427038873085,-0.0011700378858158376,3.182721002207216e-08,4.593883892702441,0.18080049705326276,-0.03395668972260068,3.4795582756848656e-08,1.0998832704189843,0.7011700607557989,0.07169806867443533,361.8601505787863,179.89628753787392,301.75337092756655,367.9345976320919,185.9305067159257,303.73104596529674,0.5961699350197349,0.6121550930857719,4.3535265711473555e-09,0.6630193608503797,367.87755118494994,g1,B,0,g1
G1JoystickFlatTerrain_weighted_mle_s107_final,G1JoystickFlatTerrain,weighted_mle,107,29,8192,0,7,3.587178421793157e-08,0.8506438309732628,0.770914355577752,0.03406044904271555,3.671713803488686e-08,0.3792645596194082,0.9354272845912887,0.00924902226988485,3.440194558173537e-08,4.433765446532905,0.18558506273275005,-0.03680387785167014,3.558648018884408e-08,1.0371307811590693,0.7126277974171055,0.05031634583107573,363.35197976308257,179.01963102795352,307.46797810923147,369.4732545408981,184.7512593289192,309.69533905406746,0.5822382939805009,0.5965580880010086,4.782314516439773e-09,0.6477640052056328,369.4131770329081,g1,B,0,g1
G1JoystickFlatTerrain_weighted_mle_s107_final,G1JoystickFlatTerrain,weighted_mle,107,29,8192,1,0,3.54106906905085e-08,0.9656828537479536,0.7293982746459308,0.030209262991581855,3.4884447546066144e-08,0.42118301217578236,0.9218154697105346,0.0038049561068333733,3.497122836933285e-08,5.144583477470564,0.17935972266060843,-0.0120762471458783,3.567087619147365e-08,1.1883715945509774,0.6643004875533789,0.046296581362242704,382.17622059251227,204.60226309586233,313.22822544660096,388.9534719341596,211.28539525912066,315.3513452219158,0.6532050641481612,0.6699999808481438,4.572169621807693e-09,0.605533618315922,388.8743824350592,g1,B,0,g1
G1JoystickFlatTerrain_weighted_mle_s107_final,G1JoystickFlatTerrain,weighted_mle,107,29,8192,1,1,3.5092145273650085e-08,0.7462347466867811,0.8094204168571036,0.037348720630139234,3.54137488060916e-08,0.3450528942608866,0.9456895723892954,0.010898267687634744,3.400119836505427e-08,3.862177028612844,0.2391660529615057,-0.01262653845769861,3.4992149913784826e-08,0.9120702237513167,0.7551705143234758,0.053920052986897435,349.1986553834964,157.22828237663256,304.83854359713274,353.72359726438356,161.5820025406577,306.67137649572066,0.5157755988508499,0.526889742326219,4.599414270716984e-09,0.6917841046944868,353.6734491094708,g1,B,0,g1
G1JoystickFlatTerrain_weighted_mle_s107_final,G1JoystickFlatTerrain,weighted_mle,107,29,8192,1,2,3.5417825510960926e-08,0.8244020754906883,0.787957127844268,0.06408131381112687,3.536942803458364e-08,0.3559436187403257,0.9424418057982155,0.009009749341341834,3.586411687917599e-08,4.594039973870234,0.21953289994418895,0.007342896590287066,3.540662849829455e-08,1.0114230333540937,0.7368892275135076,0.09628090216949949,364.65617317854117,170.87045074652235,307.909611327893,370.5789845467889,176.6262493772818,309.85278090709846,0.5549370479525623,0.5700328035146411,5.25761752908e-09,0.6962056494321519,370.5045172186018,g1,B,0,g1
G1JoystickFlatTerrain_weighted_mle_s107_final,G1JoystickFlatTerrain,weighted_mle,107,29,8192,1,3,3.492805912641157e-08,0.902757230326027,0.7520442831437547,0.03266864502822629,3.4657968769637934e-08,0.41572935992627286,0.9225505364365371,-0.014882270782940478,3.312273965396526e-08,4.553872598171123,0.21310935997739341,-0.001473621629751965,3.518491226555732e-08,1.099495106201504,0.6950058786899235,0.055618426063014155,366.1814789664696,188.22481656673313,304.40158023327183,372.6824926711405,194.24452900076543,306.39497456623735,0.6183437563710751,0.6339677381319857,4.934182313332623e-09,0.6243658505415915,372.6179728733115,g1,B,0,g1
G1JoystickFlatTerrain_weighted_mle_s107_final,G1JoystickFlatTerrain,weighted_mle,107,29,8192,1,4,3.552237877627044e-08,0.8441810282414556,0.7791223747276842,0.056320615814345915,3.639832869605181e-08,0.3756073917949273,0.9366043913167297,0.01054129138356746,3.4166487936526646e-08,4.329148021812916,0.21001530023852533,-0.01621468973965023,3.51952421721739e-08,1.050554633858851,0.7208044292849513,0.08433143272974347,374.33397504680596,182.06245133323858,311.69989069237687,379.59917952442447,187.3610287207255,313.35101685800703,0.5840953326253143,0.597926984885536,4.6084985572943184e-09,0.6663343780203005,379.52100380096186,g1,B,0,g1
G1JoystickFlatTerrain_weighted_mle_s107_final,G1JoystickFlatTerrain,weighted_mle,107,29,8192,1,5,3.533305080592718e-08,0.9463287948831631,0.736448967008198,0.03137628758513401,3.536585186444689e-08,0.41186118265833405,0.9248041406050361,0.002845274884965555,3.570763755201561e-08,5.4514799176120246,0.16268446468635453,-0.01858391498486232,3.5285013833401833e-08,1.1732399216581897,0.6700447648648554,0.04920138409793609,386.34318031876575,202.17387108794117,318.8893854020903,392.6951241496464,208.83080600556704,320.6657986772668,0.6339937305627712,0.6512412825657892,4.437211781471248e-09,0.5997891173048415,392.6120464953723,g1,B,0,g1
G1JoystickFlatTerrain_weighted_mle_s107_final,G1JoystickFlatTerrain,weighted_mle,107,29,8192,1,6,3.6078641109442814e-08,0.9119099082513304,0.7522563839875375,0.04402955252561147,3.552915432095447e-08,0.404745357002096,0.9264942051390965,-0.00872619521389671,3.75361886833624e-08,4.6834707560631745,0.22795493568275646,0.020552573489696007,3.618773503020441e-08,1.110021407950206,0.6972630337775162,0.06948850332681732,369.5179921882509,189.10636738067436,308.1332530765511,375.77380664862807,194.9862685954188,310.1070501041594,0.6137161941872371,0.6287708342326489,5.076138094283908e-09,0.6282580580968131,375.7014579132017,g1,B,0,g1
G1JoystickFlatTerrain_weighted_mle_s107_final,G1JoystickFlatTerrain,weighted_mle,107,29,8192,1,7,3.571814760089329e-08,0.8701100552078342,0.7637272773054751,0.03315426779566524,3.618163780399531e-08,0.3884399956298114,0.931483309023096,-0.014116257321318807,3.1973508827202014e-08,4.423123286172582,0.19845193092206326,-0.023662165503877702,3.5766040048368205e-08,1.0549875285874926,0.7086541013354454,0.05499252743678735,357.3407018089319,181.64761788596147,299.15105690695975,363.90348699970497,187.81379321680865,301.3893327485136,0.6072103497279498,0.6231600551487477,4.875653993487791e-09,0.6293702484566164,363.84448333972216,g1,B,0,g1
G1JoystickFlatTerrain_weighted_mle_s107_final,G1JoystickFlatTerrain,weighted_mle,107,29,8192,2,0,3.5764328444870353e-08,0.8419562211889021,0.7722807442822202,0.027482075751034257,3.667530523157504e-08,0.3788938686118727,0.9346326602577555,-0.011209199926637072,3.295323538832089e-08,4.1325418137420495,0.23513114582620723,-6.830636949962201e-05,3.553659478086811e-08,1.02602615608662,0.7143848132475055,0.04523101917923615,353.19404187497315,166.35060633246334,304.0633099483896,358.5565323509431,171.84932253279254,305.7954717610465,0.5470920064663455,0.5619747131739015,4.290661127211729e-09,0.6610426398878317,358.51093447026,g1,B,0,g1
G1JoystickFlatTerrain_weighted_mle_s107_final,G1JoystickFlatTerrain,weighted_mle,107,29,8192,2,1,3.5638413910871505e-08,0.8128027159391649,0.7867438425120673,0.04304196509818982,3.59527827541813e-08,0.37242017008313616,0.9373540334747942,0.0054423802311983184,3.728673777016073e-08,3.865107964887448,0.22291731119602676,-0.03015771167631628,3.5380145379870024e-08,0.9883291730126401,0.7334986635484545,0.0650693869083766,354.38078737851765,170.04839062868552,300.143387578981,360.37101681085613,175.14841271167637,302.3853420332414,0.566557177888644,0.5792225626215096,4.758801427967668e-09,0.6710116111861515,360.3115891309598,g1,B,0,g1
G1JoystickFlatTerrain_weighted_mle_s107_final,G1JoystickFlatTerrain,weighted_mle,107,29,8192,2,2,3.536317530134281e-08,0.8540441150102992,0.7717265068470858,0.04154573179956098,3.601029880084475e-08,0.3844603306827681,0.9328511563923544,-0.011862154448408374,3.573125509541744e-08,4.21062291350385,0.2697108704143801,0.042344870608258256,3.504593824639781e-08,1.04811596116747,0.7148998393684508,0.06608668740549799,387.29833260220687,184.86495017039832,329.3618338257955,393.0157469428269,190.32695572151871,331.38240556367845,0.5612822470140109,0.5743423685930872,4.769032549781579e-09,0.6675480996939508,392.954351727444,g1,B,0,g1
G1JoystickFlatTerrain_weighted_mle_s107_final,G1JoystickFlatTerrain,weighted_mle,107,29,8192,2,3,3.568487340456409e-08,0.8613461539149406,0.7688400658670728,0.040407152080996614,3.6341070243725806e-08,0.37941230351912814,0.9347002561454253,-0.005980553232729103,3.3186734215236564e-08,4.584358036457346,0.2314446740321397,0.019724897150702934,3.555266955740824e-08,1.0754239492856243,0.7060624591824739,0.06507360263054293,374.5579021933363,184.96315975838286,315.63244291614046,380.5411651112372,190.3680484838712,317.608830136322,0.5860080733447437,0.5993789543009936,4.702988446290961e-09,0.6323152920620201,380.47093757253424,g1,B,0,g1
G1JoystickFlatTerrain_weighted_mle_s107_final,G1JoystickFlatTerrain,weighted_mle,107,29,8192,2,4,3.497670472478313e-08,0.9538676444834218,0.7363895676546135,0.039234100212495564,3.4852407579182614e-08,0.44328239343978143,0.9134552082871004,-0.011346250037810594,3.2060247325719055e-08,4.755372624129806,0.23008503802897898,0.02605952983140477,3.524372801842823e-08,1.1560113552287044,0.680879685855126,0.06278398426058994,357.7464918100548,195.60489478098125,288.85529644430216,365.1595824080322,201.72285891111378,291.5473497354803,0.6771726092226861,0.6919042793362223,4.787705394100955e-09,0.6001240503521523,365.0881546501904,g1,B,0,g1
G1JoystickFlatTerrain_weighted_mle_s107_final,G1JoystickFlatTerrain,weighted_mle,107,29,8192,2,5,3.546382981081842e-08,0.867339391871073,0.7635103073615384,0.028835667224988853,3.5483634819895445e-08,0.3796047350249999,0.9344964179511569,-0.009238645457371946,3.811492062887854e-08,4.373595033407343,0.22483321271672857,0.0020954485748206067,3.524848490942777e-08,1.0556158060538896,0.7053368492230867,0.0466165105742132,367.5406247710629,181.7976305546063,310.1679273775367,373.41478175669334,187.64393229244183,312.08907360479844,0.5861264641115567,0.6012512073077465,4.448966776263306e-09,0.6466748328867653,373.355919404672,g1,B,0,g1
G1JoystickFlatTerrain_weighted_mle_s107_final,G1JoystickFlatTerrain,weighted_mle,107,29,8192,2,6,3.5555204869640186e-08,0.7833983397662396,0.7968468910197888,0.0412734183632759,3.5971235300507534e-08,0.3662596815341133,0.9382716690713878,-0.01819439000501422,2.9690600591276387e-08,3.958517006933832,0.21102341982532238,-0.03688180717118359,3.5682931364061104e-08,0.9564004722280435,0.7456104828901966,0.07052065317219393,356.07411196094273,166.7448207875106,306.8415626830503,361.84266222093606,171.71017694807034,309.0703663779979,0.5434231899012582,0.5555698495470301,4.65422286209316e-09,0.6859889094559204,361.7804508265718,g1,B,0,g1
G1JoystickFlatTerrain_weighted_mle_s107_final,G1JoystickFlatTerrain,weighted_mle,107,29,8192,2,7,3.538693061060088e-08,0.7955184860596315,0.7919940015782149,0.03918786130307535,3.660111912460065e-08,0.36017875447485165,0.9403357902204452,-0.01295218473927172,3.3446564167234216e-08,4.3544881115219,0.24700222589308354,0.025171453423346694,3.491919508080268e-08,0.9753770697821756,0.7374329071620837,0.064308689500625,374.5751331592298,174.0170440883045,323.01773509829263,380.5048750697775,179.3933779116921,324.9967093828291,0.5387228785916397,0.5519852131806526,4.830804239704887e-09,0.6712148508682871,380.4373607554424,g1,B,0,g1
G1JoystickFlatTerrain_weighted_mle_s107_final,G1JoystickFlatTerrain,weighted_mle,107,29,8192,3,0,3.553967395757183e-08,0.8461171101700371,0.7727218596899422,0.034768590573260684,3.622974814975405e-08,0.3768998166861251,0.9346549500322688,-0.02535701515577369,3.747691074705591e-08,4.027386255171342,0.2779576004109035,0.04081915801662473,3.507951360229306e-08,1.0534263199383571,0.711323232408403,0.06087375349647496,350.74525435681295,177.65332912878716,298.1977588787123,356.6263433097276,183.47630916897447,299.99821629509705,0.5957567548354531,0.6115913335581137,4.5387393933613005e-09,0.6434716120594293,356.5689271044066,g1,B,0,g1
G1JoystickFlatTerrain_weighted_mle_s107_final,G1JoystickFlatTerrain,weighted_mle,107,29,8192,3,1,3.600253601551572e-08,0.9438818435504207,0.7397538803960196,0.03909349998228135,3.604981137491377e-08,0.413055490218045,0.9236111976420409,-0.011709780580020044,3.947613563689429e-08,5.298792109017332,0.18329155394008814,-0.002272453575938156,3.566139255593779e-08,1.1565145698954715,0.6815861440682506,0.06483532253737999,379.84753197567386,198.2034280173362,312.1514974863762,387.1420144218948,205.09103784349992,314.2790646926407,0.6349590811301045,0.6525762002126188,4.573096064780893e-09,0.6134556697516419,387.05882399062864,g1,B,0,g1
G1JoystickFlatTerrain_weighted_mle_s107_final,G1JoystickFlatTerrain,weighted_mle,107,29,8192,3,2,3.593596300116203e-08,0.7961559641017528,0.7928614539138605,0.043766487550471495,3.74467178708765e-08,0.36379560905538194,0.9387822011219368,-0.024656203672692934,3.337406078909498e-08,4.219828005652274,0.27157801730905573,0.04492213164875559,3.540370977702216e-08,0.9637976975234558,0.7439819151245417,0.07288871076081262,373.4074360643608,170.32080005196318,321.9469118814457,378.6948486298477,175.6063798737295,323.682201036896,0.5290338057806309,0.5425271433251032,4.536130318147169e-09,0.6966593929234757,378.6348582176932,g1,B,0,g1
G1JoystickFlatTerrain_weighted_mle_s107_final,G1JoystickFlatTerrain,weighted_mle,107,29,8192,3,3,3.5357839090140654e-08,1.0208384954148078,0.7082960963361183,0.02350823273044355,3.5876218040222617e-08,0.45378924381321994,0.9095095567734037,-0.015956441617082387,3.459427082623919e-08,5.298981064768894,0.19902576131643623,0.014352254360499398,3.5222430284363725e-08,1.2429477540143818,0.6459259232438014,0.040871126945640886,370.8234352582989,214.4288607202016,301.08653179120734,377.9899436265679,221.00315870788125,303.2216517897079,0.7121835023457628,0.7288501906227723,4.099285309589425e-09,0.5836480408417184,377.91703517717605,g1,B,0,g1
G1JoystickFlatTerrain_weighted_mle_s107_final,G1JoystickFlatTerrain,weighted_mle,107,29,8192,3,4,3.548963578390403e-08,0.8397282336845325,0.7744501851783454,0.03265187443694374,3.7500512796985426e-08,0.3772144973105999,0.9341048072081956,-0.036176087367289916,3.371545194443692e-08,4.4052508074583265,0.19373456271343775,-0.02961248648322694,3.4718955822217056e-08,1.0095933670862696,0.7257733717877974,0.06244765363400525,351.61088850061316,169.13285956759978,304.0581657298557,357.2764518186137,174.66768924091434,306.12605776664367,0.5562516604729748,0.5705743918541587,4.8756288504463286e-09,0.6779753844287141,357.21802672316556,g1,B,0,g1
G1JoystickFlatTerrain_weighted_mle_s107_final,G1JoystickFlatTerrain,weighted_mle,107,29,8192,3,5,3.568978067684937e-08,0.8932159185609218,0.7554439109075426,0.03280334360823967,3.591385028972001e-08,0.39317771985390837,0.9302387734772344,-0.0084467826575416,3.516299089850965e-08,4.777963545301693,0.18826340965505253,-0.01763286972355567,3.563279369381646e-08,1.091490311641879,0.6966748674588918,0.05355608739462941,377.88653635587525,188.64535446869698,318.6225493226901,382.673163507478,194.33291295165836,320.11546697646145,0.5920652975431527,0.6070713008251717,4.723533322123031e-09,0.6540362850213519,382.6053428654618,g1,B,0,g1
G1JoystickFlatTerrain_weighted_mle_s107_final,G1JoystickFlatTerrain,weighted_mle,107,29,8192,3,6,3.587265438682926e-08,0.9773592384189437,0.7178663656682375,0.007951308211828913,3.618193664505301e-08,0.4334731751667213,0.9151447598380866,-0.03850708900213306,3.6807774990280336e-08,5.244470614746892,0.18218565144072943,-0.0053931284265259,3.566048285576494e-08,1.213225473324981,0.6476260262918343,0.025425508482851484,371.266354076252,208.0101889143286,308.40905209455667,377.08914812708224,214.39316567924914,309.7976248978382,0.6744620091454159,0.6920426383189631,4.428537322484892e-09,0.5622475027641157,377.00906727677057,g1,B,0,g1
G1JoystickFlatTerrain_weighted_mle_s107_final,G1JoystickFlatTerrain,weighted_mle,107,29,8192,3,7,3.538921778259336e-08,0.8636759072748591,0.7665387212736998,0.03504244048801806,3.627850959233732e-08,0.3801150647204568,0.934379428756904,-0.00826975215502499,3.303961053822794e-08,4.6426482610618915,0.21428292884095526,0.003982692810288437,3.515813952885894e-08,1.061718003331528,0.7075009450768192,0.0575848765858703,357.66841593688355,175.31962330911324,305.610449831188,363.21824272425147,180.97184588759777,307.2734308710761,0.57367025049685,0.5889602800169477,4.2537299747176815e-09,0.646580812694511,363.1530188255869,g1,B,0,g1
G1JoystickFlatTerrain_weighted_mle_s108_final,G1JoystickFlatTerrain,weighted_mle,108,29,8192,0,0,3.584025279330732e-08,1.1646589992203062,0.6679124668972111,0.03816814891105177,3.633031080653907e-08,0.5734871982098243,0.8694266922890748,0.015814164331920042,3.3844109158449464e-08,8.414769606698353,0.15293144386459728,0.03581387727105569,3.592999981653172e-08,1.2649481103577274,0.6433846037738439,0.0488781801421465,450.0113075599126,257.9128807340131,372.7604065306723,459.6357465897228,266.2246931544968,375.340008221875,0.6918998805008284,0.7092894104620002,4.938651524034832e-09,0.582926168560115,459.62878224573564,g1,B,0,g1
G1JoystickFlatTerrain_weighted_mle_s108_final,G1JoystickFlatTerrain,weighted_mle,108,29,8192,0,1,3.58020892713854e-08,1.3783665077698484,0.6130128307793642,0.04944835014848264,3.824063093336637e-08,0.6530244983924537,0.8390438543514878,0.010753876363901235,3.634214939657447e-08,9.454354481964437,0.11605558380424841,0.011066617013274507,3.515631807029286e-08,1.506602073421368,0.5909914736546988,0.06722153313961077,475.6976818090762,313.6736386594512,363.9866608664147,487.5446354613295,323.4908949057985,366.43479464551984,0.8617723460326764,0.8828061626045497,4.700108910307062e-09,0.5361073839252629,487.50293374795757,g1,B,0,g1
G1JoystickFlatTerrain_weighted_mle_s108_final,G1JoystickFlatTerrain,weighted_mle,108,29,8192,0,2,3.50041263764721e-08,1.3960152488489908,0.6033634006370314,0.039680011061639216,3.522043892536484e-08,0.6527463303394265,0.8377019389751965,0.0019024106858631133,3.6680137490320945e-08,10.188071904724119,0.15569016696853086,0.059181839166395835,3.472666476191704e-08,1.5338206517152484,0.5774509305807423,0.054282217135340434,459.64851932860967,305.4447839462906,352.27753222961195,471.0132091512144,315.6904256231484,354.36465664712205,0.8670572375509972,0.8908631820399445,4.701329052376926e-09,0.5053708786312755,470.96336309901693,g1,B,0,g1
G1JoystickFlatTerrain_weighted_mle_s108_final,G1JoystickFlatTerrain,weighted_mle,108,29,8192,0,3,3.560993932476591e-08,1.17504344259906,0.6674732944878634,0.044459286305767745,3.598801933169634e-08,0.5651727372261871,0.8716872277287452,0.0092790543483322,3.781313045979104e-08,7.976984661205712,0.17337422147771842,0.050455298695019045,3.527048199231197e-08,1.2915692071749956,0.6407248036003934,0.058829029687463404,461.8054411868358,268.342151470493,381.1923601837232,472.31661199883894,276.8799733664386,383.95493648561535,0.7039546945304975,0.7211262235635066,4.519502519687109e-09,0.582392798078298,472.31339740922334,g1,B,0,g1
G1JoystickFlatTerrain_weighted_mle_s108_final,G1JoystickFlatTerrain,weighted_mle,108,29,8192,0,4,3.494427114844029e-08,1.2952018106874323,0.6370744980703626,0.0532550550753097,3.4424116718238625e-08,0.6207935504458286,0.8524014714130438,0.01904311634438332,3.495840922906688e-08,8.507379196068245,0.21535996888978992,0.10184318746852437,3.5060444950517074e-08,1.4150774659954621,0.6127310110875746,0.06691016926852436,466.83798076264503,295.2429200930043,365.31042699418543,478.04044326020227,304.5762787895964,367.8524446361928,0.8081973529260985,0.8279849250174821,4.68671647016441e-09,0.5519670718734603,478.0027115408783,g1,B,0,g1
G1JoystickFlatTerrain_weighted_mle_s108_final,G1JoystickFlatTerrain,weighted_mle,108,29,8192,0,5,3.5268008094550044e-08,1.301207432623091,0.6280495969076183,0.03798254000725806,3.4531942171389384e-08,0.6111112943373812,0.853011631335792,-0.001905739119248735,3.549082768323755e-08,9.099857825285964,0.12709981975360107,0.018225924772451604,3.5415952393656937e-08,1.4326145294758714,0.601650278821715,0.054103023974093424,462.39604391301015,287.3630975754202,367.1450781315388,473.9270885968916,297.2453399457492,369.4802159877138,0.782696309148027,0.8044959569787428,5.088137480543531e-09,0.5425041157482482,473.90090784419334,g1,B,0,g1
G1JoystickFlatTerrain_weighted_mle_s108_final,G1JoystickFlatTerrain,weighted_mle,108,29,8192,0,6,3.586804622359538e-08,1.0299507161198462,0.7120437161240029,0.042284804452315236,3.5403673743948146e-08,0.4869066379146571,0.8998806839410326,0.009428615726164819,3.262642084152385e-08,6.787863932679415,0.17320741896314104,0.028472510853434635,3.627411290972043e-08,1.1456795614111421,0.6812834362627723,0.05636595289068106,439.7443649784351,231.1622032483424,380.12550314989625,448.49576175684825,239.02695026012034,382.60211018031964,0.6081207425779763,0.6247402821366217,5.110087166120672e-09,0.6262646340458733,448.51131393223216,g1,B,0,g1
G1JoystickFlatTerrain_weighted_mle_s108_final,G1JoystickFlatTerrain,weighted_mle,108,29,8192,0,7,3.571751865443731e-08,1.3422541325575827,0.6175994803669748,0.03962552561889436,3.541666842917825e-08,0.6139499565704641,0.8532505512392241,0.0073021557110358485,3.5907194783947185e-08,9.529176662842026,0.16101415440001143,0.057928009305139874,3.5762047417813306e-08,1.4741205615392217,0.5909104254515084,0.05306691748154139,464.0360525501921,291.5827665999412,366.57818202534645,475.69342865463733,301.77645700971374,369.07304777975577,0.795417678676194,0.8176605114492075,5.584031673529518e-09,0.5318995098845063,475.66564772796613,g1,B,0,g1
G1JoystickFlatTerrain_weighted_mle_s108_final,G1JoystickFlatTerrain,weighted_mle,108,29,8192,1,0,3.485778275798495e-08,1.1295124500091442,0.6787592058123161,0.038270727287024776,3.575831986613411e-08,0.5493781138518667,0.876771830593353,0.002916757583662333,3.3196283721640356e-08,7.5899389570620865,0.15476508070912232,0.024850796348845683,3.477171694287295e-08,1.2492839002003833,0.649352724161588,0.05223947226269949,443.1564761552948,252.99054746871724,372.57115824243493,452.7992753001707,261.04102510380693,375.31539447702886,0.6790395388150084,0.6955244281081127,4.474064045821305e-09,0.5942139664986225,452.80147920944484,g1,B,0,g1
G1JoystickFlatTerrain_weighted_mle_s108_final,G1JoystickFlatTerrain,weighted_mle,108,29,8192,1,1,3.4879491348042065e-08,1.2085877309831328,0.651400880221378,0.03071965221581061,3.618140624882053e-08,0.5906930927809944,0.8601723682583715,-0.00635946755581209,3.240039272057297e-08,7.873347319973902,0.16172243865807892,0.036758172138686686,3.480135403725984e-08,1.327098138756896,0.6234966050057968,0.04321870447484304,447.5368828179369,274.47528463995405,365.584847019273,457.29583686761066,283.00209289095477,367.8189871242588,0.7507840844002033,0.7694058838657737,4.567082102455891e-09,0.5631362792935121,457.2849115779027,g1,B,0,g1
G1JoystickFlatTerrain_weighted_mle_s108_final,G1JoystickFlatTerrain,weighted_mle,108,29,8192,1,2,3.6175947103857514e-08,1.079102801031358,0.7002277569964056,0.0527598634673714,3.728424369526592e-08,0.5217837339732166,0.8875316152119822,0.0096958128081816,4.2415830436922986e-08,7.138249384736033,0.2126233302870526,0.07686476379266104,3.521829052298009e-08,1.1893105461781799,0.6740313028127889,0.06942759850918814,440.123797489912,242.31265568155067,368.77983235891907,449.3399658678282,250.10144670881073,371.22299158066636,0.6570659087607494,0.6737229438399783,5.0364865703295815e-09,0.6155359184198957,449.32420535090284,g1,B,0,g1
G1JoystickFlatTerrain_weighted_mle_s108_final,G1JoystickFlatTerrain,weighted_mle,108,29,8192,1,3,3.607819021118872e-08,1.1955289141223988,0.6563820433990826,0.03311163280547392,3.6248250808946026e-08,0.5745922502066696,0.8681075692222165,0.00846347062615245,3.796859795876444e-08,7.904403436808855,0.1233321564173296,-0.0022310856261307395,3.582125466527295e-08,1.3129684179191665,0.6280572299288916,0.04465987588033458,459.27550420100613,269.21201298024897,382.2373867928808,469.8449327431565,278.4470197968511,384.7741197166063,0.7043058117340142,0.7236635873585574,4.992222041906603e-09,0.5704656498324846,469.8247565306434,g1,B,0,g1
G1JoystickFlatTerrain_weighted_mle_s108_final,G1JoystickFlatTerrain,weighted_mle,108,29,8192,1,4,3.5920936972525015e-08,1.2843972844966003,0.6404367786878713,0.054093989318654306,3.6238867342882304e-08,0.61055919484018,0.8553707754438143,0.013255245310394341,3.8355466461425894e-08,9.181175663269224,0.13681686309157298,0.02913849537157639,3.554323635716331e-08,1.4063403018591039,0.6177718835533361,0.07248039509886647,462.45654373887567,286.1580666429722,370.85904223940287,473.44563315580064,294.8553668069387,373.38063544714817,0.7716087085676235,0.789691105576027,5.426143487069593e-09,0.5551126575961274,473.4140764028549,g1,B,0,g1
G1JoystickFlatTerrain_weighted_mle_s108_final,G1JoystickFlatTerrain,weighted_mle,108,29,8192,1,5,3.504725720068085e-08,1.2711089996287168,0.6397071041913146,0.04473364325671051,3.7286211203055216e-08,0.5838991631083538,0.8634932586823507,-0.0005686588139841075,3.419090572568376e-08,9.13181896791588,0.12357119780891028,0.01500437176617004,3.460051167033539e-08,1.3981860212421224,0.6149077672801067,0.06298635611725374,473.64366261192276,291.87432610407603,375.319380252833,485.6815662300545,301.77393838033373,377.94134620552546,0.7776692104400652,0.798467649570755,4.787059199495984e-09,0.5630578207509923,485.6703287354735,g1,B,0,g1
G1JoystickFlatTerrain_weighted_mle_s108_final,G1JoystickFlatTerrain,weighted_mle,108,29,8192,1,6,3.500823506083676e-08,1.1625451854609057,0.6715446365655925,0.04520390577984844,3.476899685479213e-08,0.571785150015979,0.8689025204604471,0.00647261931366485,3.64554855656739e-08,8.218830735412574,0.14672454765975362,0.02660554902199289,3.49239556861979e-08,1.2792054917103797,0.6451170554436716,0.060994273333818794,441.5643629330625,262.97547842953014,362.8130301430483,450.98431103416704,271.16597299607406,364.982195228414,0.7248236876328411,0.7429567155361416,5.166460272089511e-09,0.5725176957399164,450.96534791102465,g1,B,0,g1
G1JoystickFlatTerrain_weighted_mle_s108_final,G1JoystickFlatTerrain,weighted_mle,108,29,8192,1,7,3.583507616422714e-08,1.2771016592749338,0.6373529174367023,0.043317219017297785,3.691015915519003e-08,0.5815009562045517,0.8653030188257018,0.00656846586350622,3.669679574422393e-08,9.010624498184795,0.14479278690746336,0.03526375055510063,3.545584776474413e-08,1.406029004515188,0.6109899976193185,0.059226739360077094,459.0257861833155,275.2755350032226,370.3667915650589,470.4388300847291,284.90750707813686,373.11247740358147,0.7432511263766118,0.7635968356264927,5.263192668387095e-09,0.5645406902355335,470.42771551882896,g1,B,0,g1
G1JoystickFlatTerrain_weighted_mle_s108_final,G1JoystickFlatTerrain,weighted_mle,108,29,8192,2,0,3.554087417478353e-08,1.1458241500849322,0.6752895625545136,0.04203780161467549,3.533073104506204e-08,0.5649505594299338,0.8707164419665995,0.0004545799697074708,3.868252076688016e-08,8.220964128940773,0.14349048285533847,0.02331125896432135,3.524827807496964e-08,1.2524744156626588,0.6512972102828387,0.05841443030881683,460.6349876758289,263.6453448232205,384.5595965324165,470.5979957856441,272.06061436662947,386.894046655524,0.6855773388585709,0.7031915241871409,5.101611721984472e-09,0.5894959689513061,470.587490558407,g1,B,0,g1
G1JoystickFlatTerrain_weighted_mle_s108_final,G1JoystickFlatTerrain,weighted_mle,108,29,8192,2,1,3.5485290568135606e-08,1.1941236851666976,0.658234142909336,0.036353604880968504,3.578732321574014e-08,0.5612859740645808,0.873788517126704,0.014962904524000504,4.104528176635954e-08,8.141706976846354,0.1547006672220052,0.033672579610694774,3.479244783835178e-08,1.3252922816180988,0.6256145218845905,0.04651527222724862,443.02127037131675,267.4923230778336,362.82107213251237,452.7084682488354,275.87040318528096,365.086792235246,0.7372568564047933,0.7556296449298044,4.462304189757433e-09,0.5580585380810478,452.69091994783884,g1,B,0,g1
G1JoystickFlatTerrain_weighted_mle_s108_final,G1JoystickFlatTerrain,weighted_mle,108,29,8192,2,2,3.5136954897612994e-08,1.1187839425805728,0.6823369631406014,0.03884898426271245,3.427423703507504e-08,0.5427101297306501,0.8798217352199428,0.008402710197554954,3.2741425547380856e-08,8.388845315080072,0.1142510300302997,-0.004202846396181076,3.559839580537588e-08,1.2256203415641282,0.6562983884561284,0.05272073620358863,457.0132961125113,253.48754536654968,388.9368996454361,466.24969487469394,261.5879618865956,391.6377400920662,0.6517446547181154,0.6679334882922694,4.8036846514106034e-09,0.6077960120656609,466.2455352740106,g1,B,0,g1
G1JoystickFlatTerrain_weighted_mle_s108_final,G1JoystickFlatTerrain,weighted_mle,108,29,8192,2,3,3.50638325979524e-08,1.2753862967338194,0.6398487101650764,0.04757440044146779,3.594607002677554e-08,0.6025910727832897,0.8577020927119038,0.008641603595166034,3.091100623259646e-08,9.564186705012553,0.17005166609359207,0.06761343066603408,3.532752485953535e-08,1.3983563321607804,0.61517998121309,0.06359740945402749,449.46074461518305,278.44095962137396,357.69406420683606,459.7958206478964,287.36322007515037,359.70833748565207,0.7784332687734093,0.7988783971030746,4.738008138270218e-09,0.5512229902290747,459.7809548505447,g1,B,0,g1
G1JoystickFlatTerrain_weighted_mle_s108_final,G1JoystickFlatTerrain,weighted_mle,108,29,8192,2,4,3.5463302128781455e-08,1.0882356934794242,0.6989195267016926,0.0567429546008837,3.5077204975403956e-08,0.5308908749430409,0.8845520569663686,0.012606781292827423,3.953181797283325e-08,7.288511076691853,0.18639844616132079,0.05226198730591683,3.514422783731038e-08,1.1895144135127573,0.6762445950006267,0.07472065533335541,454.76586409142374,245.27266674911948,384.3041542369871,464.51919596789713,253.40436298352097,387.00074098989313,0.6382253848806112,0.6547903818875069,4.386556964585428e-09,0.6307099601292497,464.51749070812076,g1,B,0,g1
G1JoystickFlatTerrain_weighted_mle_s108_final,G1JoystickFlatTerrain,weighted_mle,108,29,8192,2,5,3.5907426556231987e-08,1.244728536814995,0.6542024583228134,0.060033503192135636,3.4933816340484733e-08,0.6011271932360465,0.8600150411185401,0.02148555855854066,4.1819580467553463e-08,8.568904937719621,0.14123878247808017,0.025919999341870472,3.544390793811898e-08,1.3676319175367564,0.6304971658835923,0.07859238062819071,470.99428595020305,285.6704585981555,379.6952754262753,481.37637686949046,294.4375940064882,382.21015084476295,0.7523676934811447,0.7703552439821911,5.172193862013804e-09,0.5789279517480985,481.3552734901723,g1,B,0,g1
G1JoystickFlatTerrain_weighted_mle_s108_final,G1JoystickFlatTerrain,weighted_mle,108,29,8192,2,6,3.526760733158092e-08,1.1754874147113858,0.6734184081122588,0.05865463467857498,3.6396286025275525e-08,0.570370423186457,0.8710437974065418,0.019687981670489605,3.265474875321612e-08,8.212655300085153,0.15192599722045697,0.03186891101580612,3.522994822799725e-08,1.2957049326489942,0.6481935090865518,0.07693010419856518,445.84021157159077,265.55758050292695,359.8409923577053,455.5619699017676,273.5126623909023,362.3511572595633,0.7379859052826997,0.7548276220764929,5.820585139473736e-09,0.5822048336814202,455.54066165457095,g1,B,0,g1
G1JoystickFlatTerrain_weighted_mle_s108_final,G1JoystickFlatTerrain,weighted_mle,108,29,8192,2,7,3.585987956270176e-08,1.317322205904149,0.6291133444914658,0.04924536111766773,3.589959958863547e-08,0.6062459345966353,0.8572330319173005,0.015075962717012384,3.618752644800065e-08,9.183292353086093,0.1178640036584827,0.009792212255335551,3.5809063226593566e-08,1.4485254894754882,0.6041645744216354,0.0661634655056889,461.2897440820034,287.7162958370672,364.66748315409154,471.9178518069494,297.6755287917987,367.0236006994805,0.7889825913419619,0.8110528266424345,5.255832002152177e-09,0.5501724185590667,471.88659586469873,g1,B,0,g1
G1JoystickFlatTerrain_weighted_mle_s108_final,G1JoystickFlatTerrain,weighted_mle,108,29,8192,3,0,3.5575287280502354e-08,1.1787125161210377,0.6645719076656375,0.040282252497666385,3.567929781703212e-08,0.5571468886135019,0.8745844842655006,0.008809892546064957,3.175927152265563e-08,8.42748522516608,0.1301902282733903,0.012637938832392427,3.5925865425528766e-08,1.3078741204273536,0.6342401981899621,0.05452742051476737,462.37062301841905,270.5992736941344,382.02040853457964,471.9839047165562,279.6422548568934,384.1471142330082,0.7083372187683519,0.7279561514219077,4.796664746508872e-09,0.5648631410202709,471.97009710103544,g1,B,0,g1
G1JoystickFlatTerrain_weighted_mle_s108_final,G1JoystickFlatTerrain,weighted_mle,108,29,8192,3,1,3.558929489133958e-08,1.2899994790434353,0.6345859037090467,0.045067534710241546,3.662143504477794e-08,0.6195800994167393,0.8507755951426886,0.004877666088437263,3.731524454874369e-08,8.819862925033748,0.14254967117553013,0.03057268944054815,3.5137456948010166e-08,1.4074582085205345,0.6116232376481179,0.061135334807515915,443.00107516166617,277.2864567359586,351.96856464310156,453.7370452845589,286.2109696679562,354.35762216445187,0.7878159716255573,0.8076896100604527,5.005246339670806e-09,0.5584305896974343,453.70988193989433,g1,B,0,g1
G1JoystickFlatTerrain_weighted_mle_s108_final,G1JoystickFlatTerrain,weighted_mle,108,29,8192,3,2,3.5144965895153835e-08,1.1407073553390592,0.6782288418022537,0.045349167912652796,3.6378098834613493e-08,0.5650493891416452,0.87219635070295,0.013152996574254939,3.307136999542698e-08,7.752535094467935,0.1787641750334636,0.05245070098774458,3.502782798520405e-08,1.2461432783562014,0.6534249963825466,0.05919726218849351,450.3652858218096,259.6619244560269,369.06390404747793,459.7585967916004,267.4133123448169,371.44011191631256,0.70356900690733,0.719936549031263,4.672148261300096e-09,0.5985606258927367,459.7642788285993,g1,B,0,g1
G1JoystickFlatTerrain_weighted_mle_s108_final,G1JoystickFlatTerrain,weighted_mle,108,29,8192,3,3,3.5640139739988e-08,1.2134011883881366,0.6506704132923727,0.03228999898506325,3.644566175265604e-08,0.567027068992215,0.8712581841484782,0.011389911730466813,3.553671883412367e-08,9.172736186981309,0.13238302416805878,0.02449970732661211,3.5440627012039623e-08,1.327149852916271,0.6232541138399096,0.042757139513579144,447.8131538128927,259.8094944060193,375.7727864050463,457.68482524697936,269.0136628527425,378.07490491793277,0.6914005053201735,0.7115353580823767,5.201257726835406e-09,0.5705339905864888,457.66930876773324,g1,B,0,g1
G1JoystickFlatTerrain_weighted_mle_s108_final,G1JoystickFlatTerrain,weighted_mle,108,29,8192,3,4,3.606568200024972e-08,1.1968525327610118,0.6567850526847333,0.0349217141944487,3.637191380614814e-08,0.5723681042729006,0.8697101659519575,0.014786394155626076,3.652888546869582e-08,8.474339524002847,0.14179451010256278,0.02519304816220766,3.593116250669645e-08,1.3148986499875739,0.62781850774627,0.04525057273004812,429.4686462309227,253.84403231375617,355.1808038035131,438.80772272371394,261.9295324504588,357.73390144457994,0.7146896160924919,0.7321909704189333,5.514708132948414e-09,0.5627806007728859,438.79741777590664,g1,B,0,g1
G1JoystickFlatTerrain_weighted_mle_s108_final,G1JoystickFlatTerrain,weighted_mle,108,29,8192,3,5,3.5639641151964416e-08,1.0941205292556964,0.696037475414251,0.05401297105654214,3.4054992613367e-08,0.5288619931943799,0.8869165678095516,0.028398370216326373,3.735080744329151e-08,7.162953208017309,0.18606668660008235,0.04953400636903568,3.588051520658522e-08,1.2010277778664111,0.6698667730761371,0.06752100979738998,467.63042484758574,250.62863668028268,394.4234741174005,477.2124373973669,258.37814728038364,397.39213950307476,0.6354303258473967,0.6501843433628959,5.30193754117733e-09,0.6259238278790777,477.2283970340214,g1,B,0,g1
G1JoystickFlatTerrain_weighted_mle_s108_final,G1JoystickFlatTerrain,weighted_mle,108,29,8192,3,6,3.4839519917256884e-08,1.0884198258092928,0.6983594975088239,0.05544305320501558,3.590229837156406e-08,0.533780323102342,0.8856425066789928,0.0327481312778634,3.375268461681625e-08,7.185706998503872,0.17721383420516293,0.04074910701394331,3.4643056349979534e-08,1.2010270644447203,0.6703248941390622,0.06857330235565573,455.87354786925016,252.34414469761657,382.07220041314264,464.7770580064411,259.60440943263114,384.5403322852789,0.6604619347462362,0.6751032015025091,4.227058820825014e-09,0.6170304455825334,464.7682968923914,g1,B,0,g1
G1JoystickFlatTerrain_weighted_mle_s108_final,G1JoystickFlatTerrain,weighted_mle,108,29,8192,3,7,3.5559289761731896e-08,1.266237545003978,0.640509879731379,0.04352015811438641,3.5046745332196446e-08,0.6125110357100096,0.8554473280681336,0.018876095742341056,3.5226186577526407e-08,9.091194211792505,0.135095451418996,0.026301665633260883,3.5718019691928925e-08,1.3873259590031934,0.6139633548732432,0.055800963305177365,473.1619667239264,292.4121707518974,378.27767962218246,483.59733891495694,301.6505459808299,380.69557545905667,0.7730093169757019,0.792366829105087,5.085099444445101e-09,0.5511976441074765,483.59221429999866,g1,B,0,g1
HopperHop_pathwise_fa_s101_final,HopperHop,pathwise,101,4,2048,0,0,3.448493119262689e-08,20.788698467061295,0.24697822697934751,0.20154091101303157,3.588799568331907e-08,8.641254495891015,0.4774508400218853,0.38563261245580105,3.4189429123360526e-08,57.341082509114656,0.2747907194207215,0.2586294377998076,3.555413892916456e-08,10.176908011292246,0.31534996930358683,0.22548598218884472,2090.3855922271377,1946.3551069584182,223.01996404300468,2643.267288042622,2524.3954295263898,225.00875173657153,8.727268499528124,11.21909885746048,3.941672921574159e-09,0.6167310777794457,2609.639196438761,hopper,A,0,hopper
HopperHop_pathwise_fa_s101_final,HopperHop,pathwise,101,4,2048,0,1,2.9439635055268652e-08,18.379455202323708,0.2650680548036444,0.2141172577849216,3.882356837097189e-08,8.299573095953688,0.5591133254579521,0.47349398479283833,2.6995149643094554e-08,61.06863071014181,0.2999456812494929,0.28500728151611754,3.5987208068988336e-08,8.414257777024433,0.3243537744098643,0.21595493196296808,2332.376748159677,2131.415720621988,290.0388021052538,2864.251372806568,2696.612353346675,291.41757932430687,7.3487261192331745,9.253430625561933,5.992327785523146e-09,0.6865156785245982,2831.341633449437,hopper,A,0,hopper
HopperHop_pathwise_fa_s101_final,HopperHop,pathwise,101,4,2048,0,2,3.399358484816003e-08,20.711928442610084,0.24971978067328174,0.2041761911687707,3.1483421741187965e-08,9.004982055903458,0.5062745044345586,0.4213615193557318,3.40552403718668e-08,59.13024302794827,0.28474565455711304,0.26916762540196804,3.593404145250463e-08,9.586031286952585,0.29863955061079306,0.2021410837279756,2206.2903786956263,2050.487078046877,235.39818999605245,2782.7394935156863,2654.206212787825,237.31256705414012,8.71071726626808,11.184431763288318,7.324448575732169e-09,0.6405426032740502,2746.4263692944546,hopper,A,0,hopper
HopperHop_pathwise_fa_s101_final,HopperHop,pathwise,101,4,2048,0,3,3.027449716272812e-08,21.892148082709866,0.2512031770410282,0.20816149616841273,3.2747979503657384e-08,9.439868932694583,0.481554466191547,0.39810634588805954,2.926800970377164e-08,64.3206642083565,0.3023537004992426,0.2881946763270229,3.531587497091661e-08,10.693715285349487,0.2991920663177629,0.21285663908819594,2275.8499691972997,2133.6870563977,219.6273892364267,2818.5010928787005,2698.769101498424,221.27153383306398,9.715031735412552,12.196639372213465,5.8304151383904075e-09,0.6127512860155613,2784.9489106988894,hopper,A,0,hopper
HopperHop_pathwise_fa_s101_final,HopperHop,pathwise,101,4,2048,0,4,2.9214121660355692e-08,20.59175080958384,0.23317417440361607,0.1869912730696765,3.351482626780758e-08,8.58134371628677,0.46439305764879146,0.3705127971217136,2.7729490796997904e-08,60.49134308081996,0.25761835762330354,0.2421513341804477,3.643199828131643e-08,9.668069151839365,0.31445806132290144,0.21973323134267447,2124.992161088015,1979.3398329676693,233.5569221969536,2704.0378932120684,2585.20617069267,235.32569324583986,8.474764157486737,10.985651991650347,5.034750297077352e-09,0.6006768686556453,2667.9940480767264,hopper,A,0,hopper
HopperHop_pathwise_fa_s101_final,HopperHop,pathwise,101,4,2048,0,5,3.107921755968567e-08,20.334805860488988,0.2381332952142768,0.19147344725606136,3.140099509282451e-08,8.732672561420868,0.460083127045496,0.3674260428313611,3.039144760344866e-08,64.88784177311099,0.3141058036122603,0.3001814819017954,3.6155399699472185e-08,9.48801340730806,0.2814745840616552,0.1829855650961404,2492.623141431353,2326.6023760135827,280.5488064091067,3139.04947844687,3001.4972174384184,282.1966668146069,8.293039652504655,10.636189474946152,2.164236078761241e-09,0.5789814966445322,3093.750355060568,hopper,A,0,hopper
HopperHop_pathwise_fa_s101_final,HopperHop,pathwise,101,4,2048,0,6,3.254919081611782e-08,20.222512923312813,0.2568944051000405,0.2104144685523718,3.22128678895467e-08,8.53626654166692,0.5287803991063956,0.4417682304822355,3.2300036030271366e-08,64.1850970142055,0.28936898938494665,0.27506144727734355,3.489756483621078e-08,9.520156616265767,0.3292181646863153,0.23393926485677252,2319.7590239834108,2133.4245753754813,270.10606641799643,2901.507228453227,2748.3067367894582,271.5857045942658,7.898469677737415,10.119482322883186,5.03456553618833e-09,0.6665383740433134,2864.58204789432,hopper,A,0,hopper
HopperHop_pathwise_fa_s101_final,HopperHop,pathwise,101,4,2048,0,7,3.411912768133066e-08,18.80743058903841,0.2503852066017554,0.20021617219403395,3.808166114579596e-08,7.793223480976699,0.51334361829311,0.4157192609301864,3.356626653195047e-08,57.99466191614587,0.2895667480802862,0.2737301449271477,3.4724585366170376e-08,8.546023960681921,0.3231389868426049,0.21635656809828285,2222.3983447121436,2033.5181436123476,284.4955401216056,2832.129596567402,2679.078105910879,286.206818185219,7.147803240582005,9.360636908996003,4.7237803852723934e-09,0.6469449007190172,2792.123975984605,hopper,A,0,hopper
HopperHop_pathwise_fa_s102_final,HopperHop,pathwise,102,4,2048,0,0,3.369150928173999e-08,0.058396460900347,0.9983064297358236,-0.1449120012648886,3.3551539391008e-08,0.05303352932153194,0.9986110683092112,-0.16629226479079096,3.124959824716091e-08,0.08287484003676128,0.996597882817622,-0.18650679119185545,3.574526417507843e-08,0.055997404959355256,0.9984313062692538,-0.040208718917200535,24.963190686871936,0.7960636993984874,25.079201088837106,25.423800483811554,0.9011284714002894,25.557086802701033,0.03174198797555749,0.03525943619305692,9.598279768769577e-09,0.9991412808295892,25.4237939595706,hopper,A,0,hopper
HopperHop_pathwise_fa_s102_final,HopperHop,pathwise,102,4,2048,0,1,3.815707267613253e-08,0.057480768789849396,0.9984309709072862,-0.27998541823065387,3.823764033305616e-08,0.052009936336506656,0.9987527665962236,-0.3276136357616363,4.087723058471891e-08,0.0849776085408116,0.9963830929747451,-0.09294734736753349,3.5893174329190665e-08,0.052781939374502956,0.9987299026319137,-0.345686814779336,22.709205676192223,0.7645648777609251,23.211522464146753,23.118123804563457,0.8474218917944233,23.625527370637275,0.03293902323476899,0.035868909019470034,7.802690227926288e-09,0.9994880301041693,23.117228589713992,hopper,A,0,hopper
HopperHop_pathwise_fa_s102_final,HopperHop,pathwise,102,4,2048,0,2,3.847353053360883e-08,0.059058045594270976,0.9983880184841205,-0.33051403289565195,3.990473133218155e-08,0.052257971746940586,0.9987798567985215,-0.3733174628567833,3.3898026206920685e-08,0.09244899108807139,0.9957360457462164,-0.15764166572514687,3.6079791304644325e-08,0.052754595201576465,0.9988198588346693,-0.43464787661368587,24.59066330117094,0.943438761781864,25.21307110744834,25.049852345982742,1.0374239481809768,25.68560414331774,0.037418637252132285,0.04038931466795296,5.306365799916526e-09,0.999244107968553,25.04876222060632,hopper,A,0,hopper
HopperHop_pathwise_fa_s102_final,HopperHop,pathwise,102,4,2048,0,3,3.601449324493654e-08,0.05624106774885215,0.9985200549397292,-0.3070142025517837,3.6131040033487534e-08,0.04462859958557526,0.9991448501505756,-0.4143606984589092,3.610135684120463e-08,0.09901363621240823,0.9950874040569968,-0.08265183216735299,3.555642034601731e-08,0.05620105449192432,0.9985425556819945,-0.33038051895102855,24.444301123625564,0.6917385884432299,24.86521573251959,24.836319572622514,0.8044039911349734,25.262105697795516,0.02781952893087199,0.031842317531160416,8.233492386209913e-09,0.9995685819560028,24.8364714580833,hopper,A,0,hopper
HopperHop_pathwise_fa_s102_final,HopperHop,pathwise,102,4,2048,0,4,3.240060273081057e-08,0.047059704763752555,0.99890024231682,-0.13243663193235478,3.044058437809215e-08,0.036051428813548045,0.9993620073656397,-0.17154396534890004,3.5529403059878896e-08,0.08578968042149204,0.9963139062191528,-0.07269111884163051,3.668465553342917e-08,0.04376053348641431,0.9990522443803612,-0.14633714832006456,26.149072730211447,0.4553550100455539,26.30172725575941,26.57756987807318,0.6114790231448405,26.732989026292582,0.01731274169249951,0.022873574763503338,5.87215317396748e-09,0.9997075672847998,26.57854844853151,hopper,A,0,hopper
HopperHop_pathwise_fa_s102_final,HopperHop,pathwise,102,4,2048,0,5,4.172772235045608e-08,0.05911323104831052,0.998463684657747,-0.39978210744913306,4.447736338040883e-08,0.05064908859170381,0.9989694354699122,-0.4840158563280617,3.318484980678897e-08,0.094479347342362,0.9955286379449119,-0.07440182078869112,3.579458015397772e-08,0.060482413058847044,0.9985393361960583,-0.49704898527208674,25.428506772714098,0.9996147673534592,26.257241865227424,25.779541797572254,1.0672724844772459,26.611223600406152,0.03807005977566955,0.04010610336838914,1.4160335732039994e-08,0.9995719291253601,25.777543055100015,hopper,A,0,hopper
HopperHop_pathwise_fa_s102_final,HopperHop,pathwise,102,4,2048,0,6,3.652483804797799e-08,0.052394307510424974,0.9986905338256494,-0.2655579264919984,3.614872026427687e-08,0.047120721595859824,0.998996767109256,-0.3533547762205666,3.914067179250401e-08,0.07748556242516785,0.9969954095921869,-0.0521593834314143,3.603906001061423e-08,0.04976171950789048,0.9987964047969318,-0.21685914927461128,23.281121169914893,0.7425587500386123,23.796521573539767,23.714968623853952,0.7898276658095121,24.221063687593844,0.031204508093496307,0.03260912385999106,7.179633044383372e-09,0.9995890202709004,23.713915366324787,hopper,A,0,hopper
HopperHop_pathwise_fa_s102_final,HopperHop,pathwise,102,4,2048,0,7,3.759909888975002e-08,0.05117625064712173,0.9987304794013211,-0.22584849899006326,3.873667172892698e-08,0.04279084943202072,0.9991460248346321,-0.29973387695519377,3.1865339723804615e-08,0.08800587519448934,0.9961237217380073,-0.056915762491832084,3.695862675441248e-08,0.046154237179416885,0.9989768122608864,-0.24373079265248332,23.174356587828726,0.6074018071802357,23.5757447899373,23.58052089791762,0.704454266605919,23.982462030135547,0.025763843840024253,0.029373725921913122,7.788235099423682e-09,0.9995995996957519,23.580176776756286,hopper,A,0,hopper
HopperHop_pathwise_fa_s103_final,HopperHop,pathwise,103,4,2048,0,0,3.321796063740297e-08,3.312217121155227,0.44259926385833204,0.1833007454406208,3.062281672768535e-08,2.434229888674505,0.5473752364044404,0.2262873715075604,3.499677891309382e-08,5.426238108794458,0.33207092546242706,0.16304734391190792,3.402303435776203e-08,3.378396624149761,0.42554047134434475,0.16759261089862856,598.1251806460858,489.69722349978525,204.2123831635954,621.716759964668,512.1749817927334,208.9561129450323,2.39798006327307,2.451112698136106,4.495683610830852e-09,0.6989355139533112,621.5362553706295,hopper,A,0,hopper
HopperHop_pathwise_fa_s103_final,HopperHop,pathwise,103,4,2048,0,1,3.461333885289044e-08,3.12313027601864,0.49060236946058405,0.22799526703876716,3.1743609906859355e-08,2.359574127726387,0.6034656612551218,0.29849508997009017,3.68764317036245e-08,5.060431812396948,0.34830364765775707,0.16863757282670006,3.578957151148879e-08,3.2691078644831157,0.4562572140502525,0.19681365577388496,656.2101370087712,525.8086560201655,218.65903027943793,674.8560673292859,543.0638369705798,223.476904493909,2.404696734217652,2.4300669377912336,5.459233114866405e-09,0.7413563897579964,674.6851065584599,hopper,A,0,hopper
HopperHop_pathwise_fa_s103_final,HopperHop,pathwise,103,4,2048,0,2,3.321269199945371e-08,3.0266612615825057,0.410552713540521,0.11677073024091757,3.364956706364222e-08,2.02013765624462,0.5514231187362004,0.15771183944244274,3.141329906477975e-08,5.611981041689347,0.25772367965456716,0.08752059179687774,3.550890936999993e-08,3.1064109626662932,0.40479364263166545,0.11769229481819111,537.9881184461314,429.5530323700521,219.2241192815263,564.3510181969734,457.3061972534199,223.3897738103358,1.959424144468432,2.047122343396451,6.8670728020652065e-09,0.7031218389763715,564.1537391868251,hopper,A,0,hopper
HopperHop_pathwise_fa_s103_final,HopperHop,pathwise,103,4,2048,0,3,3.124089686261732e-08,2.5887127735221984,0.5229264049957437,0.2131064331445851,2.9665794668310325e-08,2.1795139078442345,0.5865406874032759,0.24356810259078654,3.115334255301478e-08,3.6377529926565484,0.4509705786068433,0.2181976094083831,3.392610100094631e-08,2.717861211755727,0.47667077683269704,0.1667123824099786,633.8558148749197,519.920696407034,212.9090882194073,647.2453293847257,530.8209750518439,217.6249563169692,2.441984514401012,2.4391548838668324,6.346918938560759e-09,0.7117669036028267,647.126520046821,hopper,A,0,hopper
HopperHop_pathwise_fa_s103_final,HopperHop,pathwise,103,4,2048,0,4,3.298692310907537e-08,3.3494421191237183,0.46420698550868567,0.2134605452279354,3.3669582932839816e-08,2.74433022009547,0.5497118009032205,0.2693502434221749,3.015731052019447e-08,4.909825221861415,0.3310268652638998,0.14350077568386652,3.466443354062385e-08,3.559810498335531,0.4289619437100827,0.1856979567583208,796.8842988742457,674.3587531394629,223.84389214491344,813.0881465103936,689.2403828357185,228.66138194623926,3.0126296798971373,3.0142404325963676,4.192919918672477e-09,0.679582295016714,812.8991009470894,hopper,A,0,hopper
HopperHop_pathwise_fa_s103_final,HopperHop,pathwise,103,4,2048,0,5,3.342115826940546e-08,2.45629299406812,0.5131843092637465,0.18093647561284074,3.45495647489599e-08,2.0410303168537447,0.5791903607007144,0.20539793401982234,3.0012376960780246e-08,3.4218484419883226,0.42870349014511394,0.17496164341351397,3.519228315856056e-08,2.5555076637160257,0.4840049515016667,0.15510212318237201,546.6061459760576,439.7573365636101,208.14057105304175,560.6061460318037,451.1222022432858,213.56323005453427,2.1127900934390245,2.1123589586469906,5.108040329598433e-09,0.720924033791219,560.5092797163084,hopper,A,0,hopper
HopperHop_pathwise_fa_s103_final,HopperHop,pathwise,103,4,2048,0,6,3.0646713119913046e-08,3.0597753799925647,0.46033649421321265,0.18297085004292726,2.970568775660374e-08,2.223704458722103,0.5663184038507083,0.2205102232716261,2.824368311363335e-08,5.396144274836923,0.3498439287751051,0.18189520122121786,3.516184330333143e-08,3.159496228667737,0.4353108414992574,0.1607349846817844,567.9722224507991,450.9958094276516,212.2190066335198,590.6917878630982,473.01484674922585,216.34577012578464,2.125143344047748,2.186383613944521,4.441081382759458e-09,0.7227132756194631,590.5313672469342,hopper,A,0,hopper
HopperHop_pathwise_fa_s103_final,HopperHop,pathwise,103,4,2048,0,7,3.517550196462541e-08,3.4729114843292117,0.40919443768490715,0.1550892262187405,3.645906573958913e-08,2.351078098031865,0.5447618967779342,0.20981884374445192,3.461092791248547e-08,6.122710557853802,0.29806705362532226,0.14560663460269527,3.4463168713818755e-08,3.491358464488861,0.3815157206426717,0.12316976870985556,518.2351445391621,411.0154654206817,201.14306826425982,549.9801305668598,443.36073870674954,205.46759501055598,2.0433986066111487,2.1578134434481973,4.1475873877546616e-09,0.6939872095236184,549.7456913165801,hopper,A,0,hopper
HopperHop_pathwise_fa_s104_final,HopperHop,pathwise,104,4,2048,0,0,3.262830732030252e-08,0.8553199631787546,0.7886471367650864,0.1062591053123905,3.2413495802453566e-08,0.06360810083347301,0.9980178328797689,-0.20741507192235065,3.2030740550400845e-08,1.3261600469308172,0.6842156548155045,0.170425206324744,3.4031757097354945e-08,1.662447595911966,0.6598293526260877,0.24894689537826262,207.29613851756687,13.470243105179351,202.36645317351676,308.6082733001002,190.96938858520707,221.1111361670579,0.06656361711112949,0.863680554022035,9.921617367478173e-09,0.9968397005144292,309.5150758918783,hopper,A,0,hopper
HopperHop_pathwise_fa_s104_final,HopperHop,pathwise,104,4,2048,0,1,3.65633161552159e-08,0.8930263777688406,0.7770281825506524,0.10748554199308301,4.296965004800928e-08,0.0732060831367145,0.9973384328305647,-0.16203737226189135,3.223390999430933e-08,1.3947552389761024,0.6698887770979246,0.17185823515693152,3.480260852775668e-08,1.7346763850174485,0.6482082651722878,0.24816163360184085,204.3021546327195,16.710608708892607,199.91187665669725,312.0107735266045,199.432887097497,218.4892739988122,0.08358987464056054,0.9127811331305,7.560001627021863e-09,0.9960683382407153,313.0116940719288,hopper,A,0,hopper
HopperHop_pathwise_fa_s104_final,HopperHop,pathwise,104,4,2048,0,2,3.502518620699372e-08,0.8544982617326119,0.7897356088307099,0.10937248887698263,4.08897979561438e-08,0.06841307442401579,0.9976914847800848,-0.18823816012921685,3.115354440800149e-08,1.3123903702505562,0.6901988856380629,0.1768173663163622,3.3058324180808336e-08,1.6631752351418745,0.6586526670972439,0.24697194056302066,202.90894233242474,14.504836998160584,198.60476300150012,305.30953950693134,190.21478935123042,217.8977056283074,0.07303368146337433,0.8729545306718387,1.4419144301133178e-08,0.9965604683141427,306.2117797636495,hopper,A,0,hopper
HopperHop_pathwise_fa_s104_final,HopperHop,pathwise,104,4,2048,0,3,3.1457815213782024e-08,0.8977415259654307,0.7784650749987284,0.11768566468563636,3.076194732216565e-08,0.0733727904099933,0.9973244731626916,-0.15844494621121583,3.078500784045996e-08,1.4169550702671798,0.6722997833043598,0.1864985018004431,3.351713855475239e-08,1.7295070323325004,0.6621532365582644,0.27208071317526034,194.80068226138658,14.55493826177326,190.16386732107836,303.6307877392913,195.48809313483196,208.58228158078674,0.07653892648911158,0.9372229110415394,9.075332594261302e-09,0.995968116772011,304.6280317533572,hopper,A,0,hopper
HopperHop_pathwise_fa_s104_final,HopperHop,pathwise,104,4,2048,0,4,3.601766343600753e-08,0.9031980407586205,0.7746969193341297,0.1104663409408206,4.0000034828733355e-08,0.07832007364973595,0.9969562397511509,-0.172675851212063,3.341784263198423e-08,1.4550980159647746,0.6596251494413716,0.1766009467439651,3.499156183954473e-08,1.7242930743067655,0.6606474805178114,0.26792402909705976,202.18600384871672,17.202212770763907,196.88867662835136,308.13995109886696,196.76947224110455,213.98654971632777,0.08737024934773092,0.919541309965285,4.093874304780277e-09,0.9955006944795983,309.12292037350363,hopper,A,0,hopper
HopperHop_pathwise_fa_s104_final,HopperHop,pathwise,104,4,2048,0,5,4.144423702654238e-08,0.8472584434328444,0.7926151546313163,0.11156774631754782,5.282054379246826e-08,0.0649098658072954,0.9979035110567126,-0.1409476168619088,3.4101716044382454e-08,1.3262868151097693,0.6869213172257747,0.17641088292185036,3.487520019598868e-08,1.6385248531626608,0.6648205516528067,0.25115243746603255,201.43382476105631,12.707989225309808,195.66173972117355,298.86407972968794,184.02238096815893,213.79451038995396,0.06494876946008545,0.860744182030247,3.2813517064708083e-09,0.9969237683608878,299.7059237082952,hopper,A,0,hopper
HopperHop_pathwise_fa_s104_final,HopperHop,pathwise,104,4,2048,0,6,3.787498882565863e-08,0.846822284608837,0.7914462468402859,0.10656497342618981,4.123241066429855e-08,0.05897615698810303,0.9982734418101463,-0.14815119344208985,3.799180592090033e-08,1.277557885266433,0.6924784154165248,0.16410192070248947,3.2192889653061685e-08,1.6536823413600978,0.6548303270000774,0.23703170763267145,203.0137588816272,10.738520731672102,197.49439636366878,304.10510420131385,188.4884877740595,217.60531214745774,0.05437379960846076,0.8661943309836645,1.8043212477906838e-08,0.9972746647997299,304.97454893409986,hopper,A,0,hopper
HopperHop_pathwise_fa_s104_final,HopperHop,pathwise,104,4,2048,0,7,3.5660380083498534e-08,0.8712468322701553,0.7835747366822431,0.10626885205302879,3.6254410024427385e-08,0.07250267198371675,0.9974399754314484,-0.23512335785270538,3.6580375535329724e-08,1.3503075041419987,0.6835807811141206,0.18060007631997105,3.2962766803188696e-08,1.7005621233213026,0.6503006092158414,0.242442834148871,204.32008386971688,17.487272045399667,200.03489636435808,310.68325647069366,196.80557995929482,219.26677724934706,0.08742110683301474,0.8975622409750175,7.927266946157478e-09,0.9960996619067835,311.6378139982189,hopper,A,0,hopper
HopperHop_pathwise_fa_s105_final,HopperHop,pathwise,105,4,2048,0,0,3.369800699223e-08,0.015500924851358152,0.9999518650718212,0.7679295509161284,3.3463840132606406e-08,0.01461897283121177,0.9999645394882681,0.8125280592446665,4.0246735548268566e-08,0.23980639851089186,0.9708238653330692,-0.24976865483310193,3.745168318641441e-08,0.0210553968256964,0.9998619315742351,0.6009453085222396,2056.2430838269142,25.524107255205383,2032.0483566749651,2056.261430972244,25.547176732824518,2032.0645954011668,0.012560777489060542,0.012572029841295978,7.179065115539316e-09,0.9999712161840058,2055.876364442131,hopper,A,0,hopper
HopperHop_pathwise_fa_s105_final,HopperHop,pathwise,105,4,2048,0,1,3.381771328362274e-08,0.016657858368112486,0.9999143804217037,0.6084676801095245,3.365240329897699e-08,0.015846179761711994,0.9999282063437707,0.645254833693159,3.357913216076295e-08,0.3701073085914794,0.9313704445530694,-0.19063781933596982,3.650182659862209e-08,0.019799310364543323,0.9998457337814923,0.4458809202852257,2088.0780992112345,27.813744199842127,2065.823148046113,2088.0984400110315,27.836890077172185,2065.842380601751,0.01346375861174214,0.013474837353788665,1.169128430711085e-08,0.9999441828819535,2087.7154276488586,hopper,A,0,hopper
HopperHop_pathwise_fa_s105_final,HopperHop,pathwise,105,4,2048,0,2,3.08105610158975e-08,0.017646377765355013,0.9999434201362863,0.7914233697745476,3.055746356972945e-08,0.01691949323528224,0.9999548523291905,0.8220233608557157,3.341100928153484e-08,0.24902386503730586,0.9693723232573986,-0.08192375885704456,3.483291707616533e-08,0.023388938460491306,0.9998445722137759,0.6437204595939577,2147.2942357237353,31.72070424333535,2118.1888679370522,2147.3139791991466,31.731415566492796,2118.207152205125,0.014975389930279817,0.01498031745075514,8.836013377683335e-09,0.9999610929931878,2146.902241760252,hopper,A,0,hopper
HopperHop_pathwise_fa_s105_final,HopperHop,pathwise,105,4,2048,0,3,3.3855578733435744e-08,0.011909863927855948,0.9999341626550968,0.256750133841646,3.3908504746568424e-08,0.01123845300734652,0.9999425133359212,0.28929688764410316,3.813324994024794e-08,0.2726303616631248,0.9627697538362476,-0.14303511092131033,3.293677463260478e-08,0.01585120560517269,0.9998743717691984,-0.006920551243228795,2251.729373201851,20.590816537767484,2243.384968471478,2251.7586058149295,20.60479592153401,2243.4153155022123,0.009178458814314403,0.00918456595136572,7.790801826467356e-09,0.9999515280157728,2251.300761237865,hopper,A,0,hopper
HopperHop_pathwise_fa_s105_final,HopperHop,pathwise,105,4,2048,0,4,3.253340407445639e-08,0.00999796187168693,0.9999628293466004,0.4988042638208588,3.237238872533969e-08,0.008772594103745748,0.9999742675710618,0.569681743169715,3.482925997128104e-08,0.42288010256247904,0.9238311344307379,0.04605327205411615,3.5139874061434726e-08,0.01685688549355095,0.9998706723060526,0.2842775853694215,2172.4691345357696,11.931609429288192,2161.494665790148,2172.4993314619023,11.965292120843547,2161.525521701161,0.0055200735019748535,0.005535577535733482,1.1976104992428556e-08,0.9999859850954409,2172.0616425692933,hopper,A,0,hopper
HopperHop_pathwise_fa_s105_final,HopperHop,pathwise,105,4,2048,0,5,3.48015372832507e-08,0.014281610954278861,0.9999304280298157,0.5539795629170478,3.489239984211872e-08,0.01334460524477387,0.9999441037734652,0.6017093883930275,3.916106585574417e-08,0.34108069682511505,0.9418978257951518,-0.1672477501882422,3.319418334353345e-08,0.018394997081935125,0.9998510986839815,0.33012938103807465,2054.003516516757,23.242448978182548,2036.4447930132803,2054.0237926330005,23.270573756639887,2036.4624638604118,0.011413247762926695,0.0114269593324726,8.599110084826558e-09,0.9999561573388772,2053.6342626270502,hopper,A,0,hopper
HopperHop_pathwise_fa_s105_final,HopperHop,pathwise,105,4,2048,0,6,3.290608515377105e-08,0.015889481657947558,0.9999587054161846,0.815066852772682,3.292559644737922e-08,0.015021406816374223,0.9999721253520693,0.8639825243466394,3.8658474564328534e-08,0.4464881149904465,0.9031095964893814,-0.16559901703794097,3.2564706296073186e-08,0.02021102507157352,0.9998785030193081,0.6244307221793838,2276.0007681067204,30.07089020285647,2246.4147152114797,2276.031522961058,30.09491513633945,2246.442439501938,0.013386170416011344,0.013396699869599961,8.676771558180083e-09,0.9999810030916032,2275.5669530776895,hopper,A,0,hopper
HopperHop_pathwise_fa_s105_final,HopperHop,pathwise,105,4,2048,0,7,3.563880246192051e-08,0.017911781609657083,0.9999626925639076,0.8718367443166638,3.5598262940807445e-08,0.017214335498759635,0.9999746497306953,0.907476172568139,3.43109359576514e-08,0.3028042107882652,0.9555325351863758,-0.07008248409363349,3.631797868698459e-08,0.02314700865822512,0.9998583386019578,0.6741306320751826,2215.0252920462367,35.47504409122064,2180.5141513451067,2215.056044175321,35.491457886289396,2180.543118488246,0.01626911894579401,0.016276430209229406,4.882411193757598e-09,0.9999832855180184,2214.59781205719,hopper,A,0,hopper
HopperHop_pathwise_fa_s106_final,HopperHop,pathwise,106,4,2048,0,0,3.554203829248228e-08,7.076155036233295,0.23649731069275065,0.10084167592717375,3.4699820114787836e-08,7.147218242850179,0.2367538653824678,0.10248417352293401,3.4391668526531934e-08,8.270968957061505,0.26334840248720826,0.14903116960038568,3.7410040359028694e-08,6.409252754523084,0.22402225345846427,0.07322300162445913,490.1637216833229,478.56984581009766,27.984600391978088,491.4015594917663,479.6949153390376,28.766716820245012,17.10118562019077,16.675344577432917,5.773080133442439e-09,0.32318696023629995,491.1860027976335,hopper,A,0,hopper
HopperHop_pathwise_fa_s106_final,HopperHop,pathwise,106,4,2048,0,1,3.314682821997094e-08,6.024503718063519,0.3989921487198356,0.2547792877497097,3.225546107987056e-08,5.603878851381353,0.47404331959708085,0.32980765410348445,3.281608507708524e-08,7.729877584442194,0.27684115359159345,0.1552405026944112,3.456412433148904e-08,5.731528057340411,0.3731320607318797,0.21802904007141038,494.64295172945594,458.40420592229594,47.81281315860809,496.0168971934584,459.6999673234039,48.372328548701624,9.58747615208574,9.503366513782048,7.781089842436117e-09,0.6056591458366088,495.7984102660338,hopper,A,0,hopper
HopperHop_pathwise_fa_s106_final,HopperHop,pathwise,106,4,2048,0,2,3.393348220035735e-08,6.661212561068387,0.4157054296733837,0.28763241452815647,3.4180644832380845e-08,5.9598544972302845,0.4875979704072131,0.35444060340468225,3.397358003411376e-08,9.969452942522624,0.25830270699382546,0.1634731688297487,3.359922032886044e-08,6.332178028135052,0.40980989627941933,0.27413434353671484,594.2459839552026,550.0664977208525,58.79166166488266,595.6671360812976,551.4566515849982,59.14636780935238,9.356199198047296,9.323592842801602,4.865950282206453e-09,0.6259406371133727,595.361061516796,hopper,A,0,hopper
HopperHop_pathwise_fa_s106_final,HopperHop,pathwise,106,4,2048,0,3,3.714245544408077e-08,5.097296679829193,0.3884278483587043,0.21544492007573607,3.9735903412194136e-08,4.810694530028192,0.44927063129551453,0.27554254319774096,3.25887030984193e-08,6.294829056750291,0.28085337367621377,0.13123996910758567,3.664904051760597e-08,4.868743057242915,0.3742078827180837,0.19072684395620565,375.8955587880602,346.0016480033503,41.75337529042449,376.7925206327637,346.8194657622952,42.29880745917991,8.286794674601845,8.199272901416476,9.172400021642628e-09,0.5838468973072991,376.6673711390876,hopper,A,0,hopper
HopperHop_pathwise_fa_s106_final,HopperHop,pathwise,106,4,2048,0,4,3.539331059929748e-08,6.979590708696239,0.38281646519436835,0.2571701269637338,3.1298148080266365e-08,6.484412125752074,0.4617589158641746,0.33608453400272675,4.429481179046713e-08,8.53996672313997,0.23380789397304366,0.1215923775906647,3.347821405567685e-08,6.843262393142831,0.3663555668013781,0.23643702597559574,609.7036810475437,569.9237142420267,52.81049264178225,611.0149267975215,571.1783768104979,53.35865172177157,10.791865133844775,10.704512921143266,9.95408604190325e-09,0.5823768446348608,610.6695752426077,hopper,A,0,hopper
HopperHop_pathwise_fa_s106_final,HopperHop,pathwise,106,4,2048,0,5,3.648374317188181e-08,6.723294861664717,0.40810795428812546,0.2803638956879515,3.411092608024044e-08,5.824454614335918,0.5032767790646424,0.36950412032861907,4.342586539926677e-08,10.128446726313367,0.25550500321119257,0.16205197849878686,3.270533922992371e-08,6.41700581254634,0.38179182427931485,0.2446904463579432,546.2495714755906,504.46012732289967,53.457971535916926,548.0666184904372,506.25879642441913,53.871593669286035,9.436574430886466,9.397509186980754,5.800481492030847e-09,0.6277013934513904,547.7974721875937,hopper,A,0,hopper
HopperHop_pathwise_fa_s106_final,HopperHop,pathwise,106,4,2048,0,6,3.497382457737802e-08,8.272958570911932,0.2919342750704137,0.1794027245539204,3.527969335826031e-08,7.84686364960926,0.3456949244896196,0.23100450918146728,3.593086715260496e-08,9.947550734706711,0.23898230261822379,0.14305510522184742,3.382899758793029e-08,7.889422968262542,0.26001369757855874,0.13987621714264134,665.1274141282653,640.649585924893,40.43403331922732,666.8773379508576,642.3140026732474,41.1528016077109,15.844315625575582,15.608026126534234,6.034197920041398e-09,0.44487984628928506,666.4838706875648,hopper,A,0,hopper
HopperHop_pathwise_fa_s106_final,HopperHop,pathwise,106,4,2048,0,7,3.123137394066097e-08,5.832465878085507,0.37781589263477167,0.2260450998310593,2.6990695647760365e-08,5.407577850611,0.4358610946879428,0.27998740281742157,3.379143683136487e-08,7.566537047805102,0.2640355108070315,0.13893429924319262,3.424296470902751e-08,5.555878964446659,0.3708714036769909,0.210420820328818,491.73005264518287,457.44622712379595,47.75600563326073,492.92964145885026,458.586514170974,48.27327854026786,9.578820947394894,9.499800470117808,4.8042152210617045e-09,0.5615559752418176,492.71688770153287,hopper,A,0,hopper
HopperHop_pathwise_fa_s107_final,HopperHop,pathwise,107,4,2048,0,0,3.554564532659689e-08,3.211614854337722,0.40815502903250495,0.13181972443418175,3.3900579060611555e-08,1.918659259512025,0.547437920703787,0.12762138458484565,3.594187422515191e-08,6.775997623017175,0.2977071812194997,0.16023789460938978,3.615987466549156e-08,2.7597664125965005,0.4728874784088763,0.16681765877606422,295.681288669194,252.87081105848048,123.64159138325827,323.0209459324755,279.29378848393435,126.00328096248224,2.045192141490978,2.216559651070455,6.862902533498526e-09,0.5569404200990037,322.8891848747882,hopper,A,0,hopper
HopperHop_pathwise_fa_s107_final,HopperHop,pathwise,107,4,2048,0,1,3.582121111223423e-08,3.594521427913892,0.3383274476540735,0.08017102651684696,3.6118023395735696e-08,2.1147663725741506,0.4713742463922756,0.06062961415925124,3.6390839935326235e-08,8.18320839588117,0.22734697056439143,0.10984618706824228,3.452481472301004e-08,3.278195425608947,0.39006818408360866,0.11573276852898876,336.3964834539652,307.3713172662103,123.72925900567373,365.284955976687,335.22361023133635,125.44265235163869,2.484224990405164,2.6723255921888565,4.241766868038687e-09,0.4423523391068556,365.1291479655997,hopper,A,0,hopper
HopperHop_pathwise_fa_s107_final,HopperHop,pathwise,107,4,2048,0,2,3.3696117949257165e-08,2.975814144895324,0.3951640537429086,0.09229712601602551,3.3215872406939685e-08,1.8106351006680506,0.5237529840438109,0.06137571404488765,3.239086211433049e-08,6.0175609326158135,0.23356493487252084,0.07338092693443525,3.5765566006824384e-08,2.675044024051334,0.47855715280753924,0.16382916997956445,271.70405961564575,237.74269447749597,115.99991583289577,297.0568664128007,261.7710932992731,118.36564749592844,2.0495074739534753,2.2115461608764093,6.6192510772237285e-09,0.48993134756989487,296.95103054734363,hopper,A,0,hopper
HopperHop_pathwise_fa_s107_final,HopperHop,pathwise,107,4,2048,0,3,3.668635207571613e-08,1.8426435621513617,0.5508507095936731,0.11308246576151468,3.370397015491914e-08,1.1263392960081073,0.7125340201540332,0.12032037815874098,3.9936498787484553e-08,4.0134467620845955,0.3636340538444206,0.13748773460842448,3.4196147050984827e-08,1.5772585395094283,0.6116817417633154,0.13238349013317094,216.0157145563355,153.37946884355063,134.4521321400737,230.64651765819278,168.44392916635636,136.4637753949323,1.1407737936335371,1.2343490327661741,6.734852940466123e-09,0.7038434894941973,230.60134902254828,hopper,A,0,hopper
HopperHop_pathwise_fa_s107_final,HopperHop,pathwise,107,4,2048,0,4,3.3322721656148203e-08,2.7823659794536435,0.4271481242373531,0.11013389811169202,3.545411998450723e-08,1.6732458554353322,0.5787042092338934,0.10782099047652537,3.1422717913109824e-08,6.509554418071669,0.26570511508411737,0.12000021828414456,3.462057934721375e-08,2.3408986258699627,0.508342483816118,0.15589910547056374,276.5169136557088,228.70696889254145,126.9308481587036,300.02837914952914,252.4111101983974,128.71406652516185,1.8018233724128576,1.9610219536421258,1.037764824148546e-08,0.5814322539508955,299.91765858093265,hopper,A,0,hopper
HopperHop_pathwise_fa_s107_final,HopperHop,pathwise,107,4,2048,0,5,3.3358957943110496e-08,4.789968335993772,0.3531012532310797,0.16356009991198378,2.5392801675532572e-08,2.8137908136675107,0.4744276496648148,0.17521243723679283,3.5578523280464925e-08,9.481528050058957,0.26331352288158766,0.16379132910994015,3.3900152032746335e-08,4.16621913590306,0.4193433120391992,0.2114492289366109,394.31138707272606,357.2010936934664,97.2562828265658,433.37551252723927,395.0099748606805,100.00265670755742,3.672781678592927,3.9499948087961623,6.570742809550197e-09,0.5217086524680374,433.1329321817788,hopper,A,0,hopper
HopperHop_pathwise_fa_s107_final,HopperHop,pathwise,107,4,2048,0,6,3.698934687003806e-08,5.605911130564036,0.27233562244523957,0.1031410120763117,2.958455061554752e-08,3.2565425030457016,0.3853713458822913,0.1081065675883638,4.001389938326019e-08,12.767191691788685,0.14521420090851472,0.06810340544641867,3.473207253434077e-08,4.4101895905383595,0.3825735296975359,0.1805236129191363,452.6435374690287,422.2803967855489,113.41046619463822,503.25498566006354,472.2294370956764,115.60339396041435,3.7234693671112833,4.084909801673955,6.556006352090641e-09,0.41372918424145144,502.85136566825645,hopper,A,0,hopper
HopperHop_pathwise_fa_s107_final,HopperHop,pathwise,107,4,2048,0,7,3.34608418673305e-08,6.421767523883885,0.27701484479911515,0.1301255631834086,4.199257395828478e-08,3.728796185255362,0.3731752773747669,0.1306038478274884,3.050026607418037e-08,14.10522427835299,0.18256842997104056,0.11359169367726579,3.30035057610334e-08,5.052003168631025,0.38227761296525353,0.2068137586750097,570.3982640013387,528.5268998259522,125.20430665867617,633.3848514757794,590.8684002087841,127.83737723181264,4.221315655433352,4.6220316233282395,1.2167326772243697e-08,0.46001020729608605,632.7720383620265,hopper,A,0,hopper
HopperHop_pathwise_fa_s108_final,HopperHop,pathwise,108,4,2048,0,0,3.53481691957118e-08,0.04498902040266107,0.9990048699349512,-0.17510167083651262,3.588119388883029e-08,0.043075442319413286,0.9990803661741946,0.053153285586824056,3.384456817950433e-08,0.04680528987993975,0.9994181262069691,-0.7092507460504731,3.5910751745107474e-08,0.0550124253166623,0.9984908414416783,0.0035036420728262086,46.86419252880214,2.1217017341032367,46.672526376740095,52.10983575774307,2.279559002185454,52.2737447056334,0.04545932904888926,0.043608106039125,4.9448276604175576e-09,0.9995340382771946,52.10533673877518,hopper,A,0,hopper
HopperHop_pathwise_fa_s108_final,HopperHop,pathwise,108,4,2048,0,1,3.356373100941333e-08,0.0417000394678844,0.9991536270135596,0.12345021686395405,3.513903643619004e-08,0.04041296278782436,0.9993515952892911,0.42175396327878273,2.8969319917129604e-08,0.04113034149102441,0.9993405379524288,-0.5014435876917844,3.498416523714356e-08,0.05543325557106313,0.9984649793967021,-0.014421315507770774,54.27884330838327,1.7800862246457145,54.325638610982,60.59277359784503,1.939892349800035,60.88908807067947,0.032766963631898016,0.031859441671193936,5.576193694206981e-09,0.9997519339272563,60.58417738680249,hopper,A,0,hopper
HopperHop_pathwise_fa_s108_final,HopperHop,pathwise,108,4,2048,0,2,3.438523211239551e-08,0.08403398222188956,0.9964628927754761,-0.08303907847248487,3.4030956743301734e-08,0.09057145042991417,0.9960636181602026,0.11779014972720732,3.484896674108953e-08,0.062286011449605994,0.9991291076972173,-0.7697538976219349,3.603392391933607e-08,0.10022383280720414,0.9950356323252755,0.018955887846142036,49.21672277334958,8.895672913893314,44.280820813672804,54.38958969005236,8.998731097609829,50.55873642429729,0.20089223168027528,0.17798568030044915,5.187197078696806e-09,0.9958497727693016,54.384263807224244,hopper,A,0,hopper
HopperHop_pathwise_fa_s108_final,HopperHop,pathwise,108,4,2048,0,3,3.1697636835712696e-08,0.048860539674520385,0.9988417314908205,-0.22103483911986335,3.236348190627399e-08,0.04278444843105622,0.9990843593467752,-0.04878495318439248,2.8765863830848696e-08,0.056870052515284555,0.9989058147744172,-0.6068150732663619,3.573491939680213e-08,0.06662155047838836,0.9977977341051538,0.027191050264057635,48.92134255306268,2.828403232413979,50.41488555401556,54.40143173704339,3.019301883608302,56.14499278978993,0.05610254196418858,0.05377686831152846,5.754768134962385e-09,0.9994045176260546,54.39412229528036,hopper,A,0,hopper
HopperHop_pathwise_fa_s108_final,HopperHop,pathwise,108,4,2048,0,4,4.0174752978343166e-08,0.04489536461096845,0.9990151874760622,-0.19630274098510553,4.2959609774681795e-08,0.04470717698078757,0.9990021977973769,-0.08998680573066097,3.364563406118265e-08,0.04041659789881557,0.9993544512916032,-0.4897529075643838,3.7014789426414246e-08,0.06352986892398772,0.997985797952835,-0.11707213063011024,46.4733733173679,2.5798824225414867,47.32878588925332,52.37638379660843,2.656445118930096,53.36652966131507,0.054509795129294276,0.04977736299866019,5.802449066556496e-09,0.9992621030265294,52.36833620911382,hopper,A,0,hopper
HopperHop_pathwise_fa_s108_final,HopperHop,pathwise,108,4,2048,0,5,2.8727291006533536e-08,0.06536247383157368,0.997909734293745,0.08576697644557375,2.7708191841407908e-08,0.07343114008992455,0.9974813095067926,0.18961449961441001,2.9406706470628402e-08,0.03899705191974568,0.9993179298751008,-0.3561521579934069,3.593268549265812e-08,0.0677262274367588,0.9977377072986717,0.0541911420868171,64.47932603239607,7.517030971111621,59.185613885074254,69.24426494298032,7.53906230432158,64.5020179983854,0.12700773849719552,0.1168810300556826,4.961870405610829e-09,0.9974804554294832,69.2364042169584,hopper,A,0,hopper
HopperHop_pathwise_fa_s108_final,HopperHop,pathwise,108,4,2048,0,6,3.991003081105529e-08,0.06171240516801569,0.9983033603895722,-0.3856804009832049,4.490480891018129e-08,0.06640241630001036,0.9980140032238225,-0.3754661017057359,2.854929243303446e-08,0.04751156796133053,0.9990908838506178,-0.47931827372857805,3.625421116178486e-08,0.07346461100860788,0.9973846226322476,-0.2497469905895972,45.60784211092818,3.747929991647371,46.61855898531616,50.71697514370042,3.8087176799656013,51.84318206136506,0.0803956637275684,0.07346612473472933,1.0046908157833502e-08,0.9980642815852672,50.71081813272604,hopper,A,0,hopper
HopperHop_pathwise_fa_s108_final,HopperHop,pathwise,108,4,2048,0,7,3.484183095752858e-08,0.04587904623351688,0.998953595572139,-0.12461862620600095,3.599853003550091e-08,0.04531458825855908,0.9989804206644037,-0.13118816102545258,3.133116600168841e-08,0.040857105801182236,0.999166675693961,-0.08552849339852066,3.6878199470995173e-08,0.06800010569731713,0.9977228149741948,-0.19382194105158324,57.044559956340386,2.820179236473376,58.20269061383781,62.149920921227256,2.8653666342297806,63.23435846177405,0.04845444783961283,0.045313445157538594,1.2689145735626274e-08,0.9992646017441692,62.14256555009511,hopper,A,0,hopper
HopperHop_weighted_mle_s101_final,HopperHop,weighted_mle,101,4,2048,0,0,3.646410150182955e-08,0.39365600699751624,0.9194455666024229,-0.34938352923529437,3.4945201843988434e-08,0.29779920982472713,0.9607985000236469,0.0926239202171876,3.608590110309541e-08,0.45991537856421616,0.8959326417607386,-0.6612803088782242,3.828727931611063e-08,0.3967619352230349,0.9188276941384206,-0.29808956542996584,28.61447797511785,7.457025218871303,27.90206996600396,31.085107533204326,12.987954274684288,34.05959600407921,0.2672570611412242,0.38133025045653446,5.8031258005687374e-09,0.9418209263722179,31.085208715648992,hopper,B,0,hopper
HopperHop_weighted_mle_s101_final,HopperHop,weighted_mle,101,4,2048,0,1,3.8819139127992885e-08,0.46085728243684704,0.8891201877345173,-0.3501860980594627,3.3863353249230386e-08,0.34250377908163226,0.9509740219202584,0.1293738427993406,4.7452808352872165e-08,0.5508892699155317,0.8379464692940936,-0.6548283155888854,3.77996768749755e-08,0.4472957566382904,0.8971096396117508,-0.29629177016542035,25.026027513635476,7.534369022364428,22.519816514325914,27.32698459746084,13.69091518059617,28.89927756122316,0.3345661816370097,0.4737459319386609,4.632018221178936e-09,0.9281745393007608,27.32494330683708,hopper,B,0,hopper
HopperHop_weighted_mle_s101_final,HopperHop,weighted_mle,101,4,2048,0,2,3.995608710347664e-08,0.4047333034830013,0.9149183433789432,-0.3353131456695682,3.726853275118796e-08,0.2708660600177672,0.9669480891516238,0.08633013962252853,4.677737567522966e-08,0.5062436552548262,0.8655182316684975,-0.621255607628529,3.839986936439283e-08,0.4117653469987665,0.9122038235472973,-0.31728095465965944,34.996339799297,7.207853272059728,33.763648290940196,36.97589015906055,13.42545511626905,38.846314460156755,0.2134796930103551,0.345604346328368,6.746091816562945e-09,0.9489667116259696,36.974626883446824,hopper,B,0,hopper
HopperHop_weighted_mle_s101_final,HopperHop,weighted_mle,101,4,2048,0,3,3.721951805754984e-08,0.45874617357005004,0.8913064570795474,-0.31245840821850196,3.4908132427387215e-08,0.3486580423246293,0.9497598844492904,0.1375792095418847,3.984412441413643e-08,0.5548019193934101,0.8351384536888005,-0.6545056484899086,3.850881242434861e-08,0.45778035381265214,0.8926186686849954,-0.2888038729817348,29.814675734111795,8.59994355134743,26.896630506738955,31.347172629439314,13.77651101489859,31.54019209640333,0.3197405544606189,0.4367922355320452,5.8226595453034266e-09,0.9242836011176616,31.34730426121397,hopper,B,0,hopper
HopperHop_weighted_mle_s101_final,HopperHop,weighted_mle,101,4,2048,0,4,3.987243397770479e-08,0.45872098965465796,0.889454781726322,-0.378876624968072,3.599979182970036e-08,0.29615195534423394,0.959424346336376,0.02492044671294427,4.935822928549951e-08,0.5941724135197255,0.807131817892212,-0.6777461760698343,3.860080480387678e-08,0.4506059058427597,0.8945959903786277,-0.3283080550457035,25.89793009717888,7.219534588235416,24.40170994112758,27.743176978886055,14.161215389841779,30.099421096760814,0.29586183122630433,0.47048132069773546,8.54626477490961e-09,0.9347241180928062,27.742360172372575,hopper,B,0,hopper
HopperHop_weighted_mle_s101_final,HopperHop,weighted_mle,101,4,2048,0,5,4.024059532977389e-08,0.4165692380116444,0.9093725209004774,-0.36715748565052975,3.663923899965214e-08,0.2630867861342888,0.9692215240850294,0.11136439716760861,4.677132524005583e-08,0.5053560694577484,0.867253036810977,-0.6392353609135403,3.9227024928920875e-08,0.4314611304855414,0.9031498254685214,-0.3374517952057051,30.567929550635785,6.556562930416588,29.67652045168266,32.65456945626456,12.590574380822725,35.03361323175121,0.22093435586868507,0.35938555060062827,6.181410664374505e-09,0.9443286408397001,32.653217438698455,hopper,B,0,hopper
HopperHop_weighted_mle_s101_final,HopperHop,weighted_mle,101,4,2048,0,6,3.771575803533422e-08,0.43328542047816243,0.9015945753728923,-0.38052775308863984,3.2535467157249397e-08,0.2585879518976325,0.9693128738123883,0.0669995757234933,4.474849703772198e-08,0.5548004829339142,0.8349594244821013,-0.6518586558747882,3.888804565496908e-08,0.44056609947612935,0.8984972200416333,-0.36120621089606314,31.25074485805294,6.60267225823279,29.852238626813175,32.88546011467386,13.392176204444787,34.81624296155356,0.22117846305509806,0.3846531120325919,4.728852550516314e-09,0.9465675925362156,32.886517512626426,hopper,B,0,hopper
HopperHop_weighted_mle_s101_final,HopperHop,weighted_mle,101,4,2048,0,7,4.111210324645038e-08,0.41424991446375703,0.9102023596483028,-0.39552064246414914,3.54719248083658e-08,0.2714714950771537,0.9691605331412048,0.18285982536722906,5.248617671168199e-08,0.5030266722017891,0.874521317847467,-0.6996939784216141,3.862549974811493e-08,0.41336869622252703,0.910804488848132,-0.36616868308962836,26.88139780816907,6.81147362309491,24.02215785758609,29.41267162295152,13.252978235694172,31.338156619707764,0.28354961546235924,0.42290229117558537,6.258329975215961e-09,0.9510233138026335,29.413735289284602,hopper,B,0,hopper
HopperHop_weighted_mle_s102_final,HopperHop,weighted_mle,102,4,2048,0,0,3.722252042067812e-08,0.06437536983908987,0.9979396292925321,0.017630714596076985,3.8266168450201936e-08,0.051627390003091606,0.9987311739465432,0.17088871819321505,3.4743914093626663e-08,0.08268590996616726,0.9966367729606277,-0.21424565046438007,3.570539288094754e-08,0.08045569366731947,0.996759229363829,-0.09829726218923208,28.76538928208644,0.9905524094907275,28.39270049101571,29.720099893995467,1.0856721300988963,29.423211718085,0.034887572945170635,0.03689849158892298,1.0882389042403546e-08,0.99927962561885,29.71992924060118,hopper,B,0,hopper
HopperHop_weighted_mle_s102_final,HopperHop,weighted_mle,102,4,2048,0,1,3.649173320708045e-08,0.06371795593987147,0.9979738219245823,-0.009898583342853333,3.670257987922517e-08,0.05393320332715066,0.9986201711320368,0.1764214695832432,3.706381812871518e-08,0.08414379755465826,0.996614201565438,-0.29223046611836595,3.5570146026897135e-08,0.07210171622503812,0.9974229064707695,-0.17029242761413324,27.829177353063198,1.221670127006281,27.093298747517792,28.8991816182176,1.3009504185524823,28.26189035326652,0.04509122858722258,0.04603196751140435,8.084838783574713e-09,0.9990314886317812,28.89954762347308,hopper,B,0,hopper
HopperHop_weighted_mle_s102_final,HopperHop,weighted_mle,102,4,2048,0,2,3.43216145751331e-08,0.05802095692785722,0.9984220116627486,0.19675841008156017,3.318986766750017e-08,0.04994467666484251,0.9991531053913616,0.53242784257569,3.7155811085975586e-08,0.07180165010185925,0.9975700583925333,-0.3088438147816804,3.54876548747867e-08,0.06654915354150849,0.9977838470980781,-0.08423890866789327,33.04354010392548,1.3043551427469569,31.98387705010955,34.23284159223919,1.3911435158634424,33.28552331628557,0.04078164572429309,0.04179425099147404,6.336274833251983e-09,0.999432335495503,34.23370111662931,hopper,B,0,hopper
HopperHop_weighted_mle_s102_final,HopperHop,weighted_mle,102,4,2048,0,3,4.060512751996634e-08,0.05700471462527311,0.9984711577012252,0.19048550419266294,4.2453814454764304e-08,0.053229462507200336,0.998798557550742,0.34485832396269717,3.9806927195453614e-08,0.06928377236063077,0.9976020848202278,-0.11503365658999135,3.5709322330603096e-08,0.05843721950093331,0.9983084975726131,0.04288473213608846,29.049366212246955,1.0820593377215164,28.30651426353459,30.045875854145628,1.1386583668172672,29.365437958909574,0.03822651307919689,0.03877546006330737,1.698925024662474e-08,0.9993957389719177,30.045753695881526,hopper,B,0,hopper
HopperHop_weighted_mle_s102_final,HopperHop,weighted_mle,102,4,2048,0,4,3.438982539588892e-08,0.0548923059016111,0.9985471190539607,0.13746999828921863,3.387539828982986e-08,0.04725586570658588,0.9990302326088775,0.3217890575054241,3.331443619535796e-08,0.06953409859279085,0.9976015278676235,-0.1638533711524602,3.638678729785751e-08,0.063310728206052,0.9979967980010506,-0.025068256238511562,33.47707548974566,1.2612693687646288,32.54108077198992,34.60039205944097,1.3134287312156592,33.73263044095224,0.03875929559937177,0.03893644563280441,7.590957737431645e-09,0.9995409160138354,34.60102730497327,hopper,B,0,hopper
HopperHop_weighted_mle_s102_final,HopperHop,weighted_mle,102,4,2048,0,5,3.61792008874783e-08,0.05922889391344517,0.9982517887091619,-0.12358980146857217,3.533466291108239e-08,0.051046014548333324,0.9986965962803517,-0.03605417565974094,4.006486730488055e-08,0.07428302817005003,0.9974219848537534,-0.3271062134695353,3.5875647221852063e-08,0.0681160537936438,0.9976985792408147,-0.16270360165843403,30.31797306901526,1.3238319534923881,29.96151179748001,31.380437548716813,1.4096458822035343,31.114237783495643,0.0441844177436897,0.04530549300331011,9.769135968097452e-09,0.9991592959727015,31.38032009357363,hopper,B,0,hopper
HopperHop_weighted_mle_s102_final,HopperHop,weighted_mle,102,4,2048,0,6,3.906348413726217e-08,0.05397391262697924,0.9985432039496621,-0.02972432707436497,4.050599383700226e-08,0.04368245568001477,0.9990529065947249,0.044843657812039986,3.767482338646335e-08,0.07718065624060798,0.9970365999257113,-0.15718125372047262,3.604012132759161e-08,0.05937271367694779,0.9982359717031701,-0.06639000036635008,29.12819890326801,0.8776060473442322,28.89573837228844,30.312306046346123,0.9708875849465882,30.134452905882412,0.030371469869959877,0.03221852369375631,9.397371909411647e-09,0.9995728916973226,30.31297110709409,hopper,B,0,hopper
HopperHop_weighted_mle_s102_final,HopperHop,weighted_mle,102,4,2048,0,7,3.725915820087863e-08,0.05468910706461393,0.9985159371518116,-0.1454772811673949,3.680573258362485e-08,0.04290898843198491,0.9990801274888721,-0.07803171667662805,4.142947214423692e-08,0.07972753352566286,0.9969184240958738,-0.2552618448947343,3.596385703168917e-08,0.06591407625692369,0.9978735478693793,-0.21300317592656307,32.67751597259453,0.6965427750567393,32.61650160150559,33.57746715355413,0.8344675605765347,33.57534310613452,0.021355532962019606,0.02485358252151547,6.867309952561779e-09,0.9996037105302987,33.57559393409775,hopper,B,0,hopper
HopperHop_weighted_mle_s103_final,HopperHop,weighted_mle,103,4,2048,0,0,3.923949435479032e-08,0.34964999138447567,0.9376596097087019,-0.4479636112070461,3.694842954633823e-08,0.2893402477524368,0.9647527532139573,0.16168447436064975,4.2305113838189176e-08,0.4286048447216952,0.9160384488210996,-0.6982630185334328,3.925142327655631e-08,0.32983561599048644,0.9456702795934538,-0.47970183983391307,65.36909064290127,19.240771173541127,57.35731728874226,71.90442106262323,25.725138729581815,72.55613192019325,0.3354545171051306,0.3545549914082705,5.440515538069072e-09,0.9673231789812875,71.89461744352037,hopper,B,0,hopper
HopperHop_weighted_mle_s103_final,HopperHop,weighted_mle,103,4,2048,0,1,3.924021643832777e-08,0.3469263150417483,0.9379819918332293,-0.38149447024469574,3.659157903389428e-08,0.27563652768329905,0.9716717928751984,0.29741416444044066,4.3627480852422146e-08,0.4374049179201903,0.9038589793497982,-0.6065445891332205,3.878770251614559e-08,0.322254174174981,0.9473385055696456,-0.4241378864745427,68.90937364169486,17.6525805957455,60.917263751615955,76.56824832588053,24.561922188289532,77.15246751464589,0.28977960447668566,0.31835562723417254,4.6649019408203144e-09,0.9734231138172679,76.55994451556249,hopper,B,0,hopper
HopperHop_weighted_mle_s103_final,HopperHop,weighted_mle,103,4,2048,0,2,3.930670569484627e-08,0.34598832046956096,0.9383510576141648,-0.38473996518697823,3.38042506134386e-08,0.3014282498936499,0.9644251561246638,0.23153346183183163,4.5260757062691836e-08,0.3787136239716467,0.9352671325613832,-0.663487074885208,3.918477773933757e-08,0.3423404437845116,0.9397904928497159,-0.39628241763345484,60.9990563775361,18.508699935896082,54.62448374147781,70.25050030528645,26.076274717567426,73.90681771580279,0.3388352377569767,0.352826376828175,3.3535716797536595e-09,0.9642957645151127,70.23938028359855,hopper,B,0,hopper
HopperHop_weighted_mle_s103_final,HopperHop,weighted_mle,103,4,2048,0,3,3.746570617881975e-08,0.37595651460597623,0.9272011202258794,-0.29344304431081075,3.403048663182722e-08,0.3224383774714918,0.9647835151721406,0.3433751961824569,3.9044035740246825e-08,0.48933519431055167,0.872247391543093,-0.5177815614701482,3.820150085263967e-08,0.3355929762987365,0.9420078470842308,-0.3322322632956813,72.29365548818518,17.538801146794476,59.07286439705931,80.07650214740023,23.745976571183174,75.20860773205217,0.29690114616597585,0.3157348246065573,4.220874371895474e-09,0.9801534090275976,80.06745020813293,hopper,B,0,hopper
HopperHop_weighted_mle_s103_final,HopperHop,weighted_mle,103,4,2048,0,4,3.745443187117218e-08,0.40857215751958414,0.9157969439387769,-0.2268650402771052,3.486492670069209e-08,0.42964469824803764,0.9360453220698307,0.24890566236644787,3.941521749105162e-08,0.4260248988408948,0.9058979424381889,-0.5195401261277341,3.7817666116626584e-08,0.3957569326346435,0.9204341449132336,-0.24230376744307464,86.76475510417798,41.63139072063535,67.16446333838111,94.61918732405776,45.25357918863167,83.95607390936898,0.6198425276011175,0.539014952479586,4.424549281566139e-09,0.925308556833683,94.60674078410868,hopper,B,0,hopper
HopperHop_weighted_mle_s103_final,HopperHop,weighted_mle,103,4,2048,0,5,3.7097265737078574e-08,0.5376044578107256,0.8596209303801227,-0.21818146970569677,3.295436783487789e-08,0.5999707974353383,0.8671573142925276,0.07012551349322624,3.7967147319277677e-08,0.6355923871983636,0.8008184196614196,-0.29620903034262913,3.811726528781612e-08,0.4716256338320152,0.8871989321444678,-0.2675112419433204,71.40409507498497,40.49987633890422,58.61771713370197,81.490441042622,44.655722454504094,76.86822185966344,0.6909152781662717,0.5809386684660204,2.9668092791265553e-09,0.8785452811573271,81.47767717184466,hopper,B,0,hopper
HopperHop_weighted_mle_s103_final,HopperHop,weighted_mle,103,4,2048,0,6,3.9009059648045834e-08,0.3348634147910699,0.942292110528362,-0.31523924103450957,3.937256566508137e-08,0.28611981649526697,0.9688624784620339,0.27126448979332685,4.195894836808928e-08,0.40666320223485636,0.9169462372989325,-0.5685492168143902,3.785179503315711e-08,0.3147719270581134,0.9492036486290922,-0.339589612846641,69.92002169940098,17.52471620191615,62.34495151871128,78.5938667789763,23.921497466369598,79.06346460823706,0.28109278738722354,0.30256070341593766,4.905865521452267e-09,0.9775145335556369,78.58232476687321,hopper,B,0,hopper
HopperHop_weighted_mle_s103_final,HopperHop,weighted_mle,103,4,2048,0,7,3.9162512540729285e-08,0.4796041622788712,0.8839661587805611,-0.25886873784450276,3.6719482482527414e-08,0.5913221348133441,0.8704440962371754,0.07246086467137007,4.334348623800662e-08,0.49874532472921673,0.8685590700179042,-0.39483310973380914,3.824657842842468e-08,0.4413217030049728,0.8997828718246778,-0.2965685064883046,75.71263958660687,48.84981671757375,61.35231731947046,86.2346742070302,52.22052102822397,81.21078080122999,0.796217956417275,0.6430244914900808,5.591163156452338e-09,0.8707372149198835,86.22176123747785,hopper,B,0,hopper
HopperHop_weighted_mle_s104_final,HopperHop,weighted_mle,104,4,2048,0,0,3.401881125336188e-08,0.1055303897248188,0.9944352963617248,-0.04691045958021076,3.044731044194043e-08,0.10459782385707352,0.9956417814361207,0.36768663875748636,3.623553136802964e-08,0.10308593398242641,0.9968784839617587,-0.7014465896561174,3.629877551444359e-08,0.10815599898732327,0.9941818862958395,-0.017519245053945687,84.11946418216903,7.775640483333693,79.28498155366083,88.71147455658155,8.346224861537197,85.0056217265962,0.09807204758029701,0.09818438700890963,5.663444775410037e-09,0.9964388264903415,88.70818841033436,hopper,B,0,hopper
HopperHop_weighted_mle_s104_final,HopperHop,weighted_mle,104,4,2048,0,1,3.442882551688392e-08,0.09776424539571936,0.9952155229559567,-0.13259009466061183,3.176790738742596e-08,0.075357316466811,0.9977303194638154,0.38774867430494603,3.7086387654102505e-08,0.11213960097394679,0.9964725417329141,-0.7237674739904761,3.5880587671582486e-08,0.10897622931022763,0.9940447763668688,-0.1173089372297218,81.59191320513435,6.557909938019516,78.43861234826495,85.28390648347737,7.176511350022042,83.04893509965035,0.08360563428764548,0.08641304480799021,6.773962345661281e-09,0.9981317928485609,85.27759221081874,hopper,B,0,hopper
HopperHop_weighted_mle_s104_final,HopperHop,weighted_mle,104,4,2048,0,2,3.458894078040129e-08,0.09314683253378904,0.995872462488962,-0.31227148229537655,3.1353031336420664e-08,0.07917880517767739,0.996860696945112,-0.08835907857617623,3.78030986750778e-08,0.10769340138496274,0.9962044891581688,-0.6569509078601391,3.5991446741592e-08,0.09652726206949039,0.9954499764440026,-0.25321151804659753,78.08803922201808,5.286826631084203,78.13087572838722,82.23070077547855,5.983803050299561,82.99217924183303,0.06766629174186099,0.07210080642494196,4.389282001186481e-09,0.9972504103429817,82.22697770580464,hopper,B,0,hopper
HopperHop_weighted_mle_s104_final,HopperHop,weighted_mle,104,4,2048,0,3,3.427659049204155e-08,0.08359260295279067,0.9965998886739976,-0.24941917845448014,3.381136094597549e-08,0.0690889067593802,0.997619716404195,-0.006925082389782231,3.271541434449522e-08,0.08632322099718123,0.9974970880799261,-0.630128215222574,3.5799615865298825e-08,0.09589227681294757,0.9954557727644697,-0.21179128007411155,77.4648501575438,4.806591996921684,76.73819254868106,81.61507951237817,5.332150341544106,81.51074889630566,0.06263624197132898,0.06541652989015431,5.889978667237617e-09,0.9981179840064371,81.60902280157862,hopper,B,0,hopper
HopperHop_weighted_mle_s104_final,HopperHop,weighted_mle,104,4,2048,0,4,3.570678337150509e-08,0.10106412163524674,0.9949569032074318,-0.22139988368779323,3.4250063950763026e-08,0.08819728076214209,0.9961486184871041,0.02047535245057981,3.8794964973924617e-08,0.10629997827387222,0.9966806645633254,-0.7032272196585407,3.541943849480059e-08,0.11056050859785131,0.9938703718706478,-0.12307089195542355,75.46295746324081,5.470857266575968,75.40251856137345,79.93822005810895,6.119583052896701,80.72793865099727,0.07255536513840612,0.07580502060572591,6.248337959904128e-09,0.9966635954631633,79.93390608773993,hopper,B,0,hopper
HopperHop_weighted_mle_s104_final,HopperHop,weighted_mle,104,4,2048,0,5,3.6821517545736186e-08,0.12460448907933017,0.9922126691301043,-0.15238687710412935,3.618245723313242e-08,0.1300783698560015,0.9917498785725534,0.042135075619264994,3.889801813683319e-08,0.09240147308758721,0.9976196969162403,-0.7155229859321309,3.629922605612481e-08,0.13658737529962586,0.9906329779551885,-0.1138014646846595,79.42609842715451,9.759206266138712,77.91794051033902,83.49860950169524,9.99760340956483,82.6912445708638,0.12524979744355058,0.1209028049033302,7.501105493084192e-09,0.9928225798262744,83.49644464257366,hopper,B,0,hopper
HopperHop_weighted_mle_s104_final,HopperHop,weighted_mle,104,4,2048,0,6,3.2711728298731436e-08,0.09737089749562369,0.9953897263659156,-0.26608331593240236,3.218117938037322e-08,0.08707058888502822,0.9962045672421167,-0.06187849888193504,2.836789068812651e-08,0.09316828950218468,0.9975425390644163,-0.7102210093265426,3.568461959805057e-08,0.10991625661410907,0.993975125391965,-0.1839402051202294,76.93253511310867,5.398610715213908,76.51051669737281,81.19896523210991,5.920260327193652,81.48126835793232,0.07056037455043372,0.07265793042379946,6.43863731782165e-09,0.9978864973214197,81.19459539653727,hopper,B,0,hopper
HopperHop_weighted_mle_s104_final,HopperHop,weighted_mle,104,4,2048,0,7,3.479129033313181e-08,0.08474164596067532,0.9965348866562543,-0.27232240393976115,3.3086753056211457e-08,0.06395881219541164,0.9979588542551816,-0.008366667310354466,3.6497769640052733e-08,0.09158942683244632,0.9976741001638788,-0.71709041653236,3.565855440931353e-08,0.09951311313428396,0.9950821354349761,-0.1941501357380162,84.51709830015093,5.297078670171233,85.2355908623106,88.98193693031584,5.894152692519135,90.37637707717548,0.062146324282869835,0.06521784655613991,6.118576361717341e-09,0.9978077831731654,88.97669142292,hopper,B,0,hopper
HopperHop_weighted_mle_s105_final,HopperHop,weighted_mle,105,4,2048,0,0,3.49614004043032e-08,0.19472025061938072,0.9808733112442596,-0.2214325959983383,2.9292910817552284e-08,0.19218286182011277,0.9831135037094361,0.1260621506322932,3.639372181867658e-08,0.20590437426289418,0.9877433670794392,-0.7625201655771793,3.676951906284678e-08,0.1912354892018388,0.9816050594371374,-0.13449787230835583,106.0591050552595,13.164453799416645,103.03482690683718,112.39971803242007,15.99279744849369,112.54553826655128,0.12776702979585391,0.142100679376702,3.863808381369576e-09,0.9784240375644921,112.39063566089197,hopper,B,0,hopper
HopperHop_weighted_mle_s105_final,HopperHop,weighted_mle,105,4,2048,0,1,3.79223906834105e-08,0.16156029902654953,0.9870755009849406,-0.2841388455153669,4.279158838043325e-08,0.110249955264818,0.9945101465979865,0.2138767747963012,3.6802587201711314e-08,0.2271304228350415,0.9821921626088631,-0.7073324981028148,3.6164644639249286e-08,0.14844782144531507,0.9889532592219246,-0.20184401867143334,102.56326198795645,8.164735189192152,99.74803096683384,108.90279248011986,12.606162134334111,109.3339490527469,0.08185359761043143,0.11529961410478551,7.388549987474286e-09,0.9937441353559164,108.89340457912564,hopper,B,0,hopper
HopperHop_weighted_mle_s105_final,HopperHop,weighted_mle,105,4,2048,0,2,3.665578294225677e-08,0.19293541680789114,0.9812978036531621,-0.2582658786049048,3.436778638649491e-08,0.18143087379807726,0.9852481092144175,0.16580801823851132,3.856163624981163e-08,0.21259439192353047,0.9831527767482997,-0.6592077802493344,3.6849320824854916e-08,0.18739237540235845,0.9822873557490974,-0.1983041066192632,89.31488107408556,10.456451625649919,86.20630543389892,97.46693540120235,13.946931209474931,98.08828532841711,0.12129567057792047,0.14218753200525394,3.585106221013719e-09,0.9827120806909692,97.45787180172142,hopper,B,0,hopper
HopperHop_weighted_mle_s105_final,HopperHop,weighted_mle,105,4,2048,0,3,3.5797557285340454e-08,0.1662459961558653,0.9861430785314454,-0.22940970819956566,3.468040473317121e-08,0.14016731580025285,0.991030073687531,0.1715094207233689,3.7835446240373476e-08,0.20336628147624758,0.9839781624110833,-0.6296538607653813,3.5662295199587885e-08,0.16048983510650502,0.9870476093639851,-0.18784959107210447,110.29819993544523,10.996251422562285,107.52898670609761,117.45634738023219,14.225587020752812,117.7509793091008,0.10226313628917162,0.1208107746043452,4.778855505844557e-09,0.985735063506124,117.44543940187738,hopper,B,0,hopper
HopperHop_weighted_mle_s105_final,HopperHop,weighted_mle,105,4,2048,0,4,3.679923507521993e-08,0.22581540769806596,0.9743707898531357,-0.13875841591087676,3.798658367804978e-08,0.19545333470741788,0.9834409749805648,0.20027018526980497,3.809512178594301e-08,0.3010390492761257,0.9541206822144822,-0.3965654085257519,3.5910153203645085e-08,0.20142243732894835,0.9796731631325961,-0.11135921745705352,104.85805529649667,12.107509466934392,98.96934920284787,112.05762074681616,15.365588227222107,109.367729742055,0.12233595112481424,0.14049471689191936,6.144645242337657e-09,0.9883894386583116,112.05226473106812,hopper,B,0,hopper
HopperHop_weighted_mle_s105_final,HopperHop,weighted_mle,105,4,2048,0,5,3.680643866206477e-08,0.3212460850679756,0.9488507400068348,-0.13513985879499105,3.5835124354227024e-08,0.3079237653311404,0.9572428102712093,0.05620096371016339,3.785017578741238e-08,0.41276322727258963,0.911981299251579,-0.3068676049060001,3.678982706762407e-08,0.280202473245403,0.9611151320973009,-0.10924266505340895,98.93479769275892,13.949685211275352,93.28446438435228,106.1813340386908,17.452526019060063,103.98127618149616,0.14953921109306548,0.16784296808010937,3.5536355773287756e-09,0.9835513767041473,106.17102673548857,hopper,B,0,hopper
HopperHop_weighted_mle_s105_final,HopperHop,weighted_mle,105,4,2048,0,6,3.666867061085217e-08,0.167200734421103,0.9864967914446292,-0.35894007398352407,3.697303073673502e-08,0.13054476516857963,0.9920001714196337,0.13067539724747804,3.710858453794353e-08,0.2118846924625905,0.9852416019284213,-0.7189777758867165,3.6404727263768895e-08,0.1582565906507275,0.987747932022363,-0.3179722046776235,91.26011629728245,8.861434136327802,91.07786563532623,98.84844893517557,13.046469332069679,102.2167047409305,0.09729514492367104,0.12763539350183503,4.709510092840921e-09,0.9868612656890933,98.8377844822586,hopper,B,0,hopper
HopperHop_weighted_mle_s105_final,HopperHop,weighted_mle,105,4,2048,0,7,3.6968329328630976e-08,0.16734287160584807,0.9866276168151711,-0.38230372501716453,3.6294626453978884e-08,0.13636527853070596,0.990746650822091,-0.03913486112391894,3.9365082103029834e-08,0.20759685821524235,0.9867200587077714,-0.741558489212737,3.651026032712572e-08,0.16146245800979847,0.9872928359335276,-0.33120706219612706,106.12316934496519,9.00069770733025,109.4996521238809,111.9859678633712,12.813682977124866,117.98142287215131,0.0821984137186788,0.10860763216095555,4.0300875737193934e-09,0.9890622644285351,111.97538540128447,hopper,B,0,hopper
HopperHop_weighted_mle_s106_final,HopperHop,weighted_mle,106,4,2048,0,0,3.40391901065763e-08,1.0257558202089054,0.7752691343959106,0.22191356168922918,3.187885972470857e-08,0.5994386899912976,0.9204011987520844,0.44267119219599343,3.637827131944665e-08,1.078303303770589,0.6600665959404074,-0.0497984271463006,3.4339914007884276e-08,1.1757491232820307,0.7439118335394624,0.23222425024543827,270.99471116304625,147.94444141344673,151.07612598335842,274.11568616129534,150.79894723136155,156.10471981609933,0.9792708176124556,0.9660114531387055,3.0543799432333453e-09,0.8790687580854825,273.7476551183398,hopper,B,0,hopper
HopperHop_weighted_mle_s106_final,HopperHop,weighted_mle,106,4,2048,0,1,3.5043527550058316e-08,0.9768431852049368,0.7651403871751367,0.15102228874957485,3.515755954567772e-08,0.6504454547071287,0.8868846226822958,0.2961676802197696,3.9344272420949526e-08,0.8658902140919482,0.7145178401946585,-0.14426651642620192,3.423203097389574e-08,1.1134106506070969,0.7419019742779576,0.18850002020208143,198.6826429045834,114.61716039661859,109.62357348051357,202.32330948223085,116.9916185280308,117.34768530513229,1.0455521267694454,0.9969657111158468,3.1820412584063114e-09,0.8769292819484132,202.08630327575798,hopper,B,0,hopper
HopperHop_weighted_mle_s106_final,HopperHop,weighted_mle,106,4,2048,0,2,3.315939618826906e-08,1.0006978609233068,0.7911201916265727,0.2522639834856128,3.0291711972891834e-08,0.6270143563205726,0.9171364620064567,0.45463397561414637,3.1241759077816416e-08,1.06986448191057,0.6662228143885195,-0.0421350289908594,3.426740550903307e-08,1.1015130771286092,0.7804111099786075,0.2875639381158921,265.0949571438334,136.4262056902732,147.224871497821,269.27535709566064,139.76812296440067,153.68806410065153,0.9266518917782955,0.9094273116282116,3.1786862448654157e-09,0.9132486317878992,268.8392638610853,hopper,B,0,hopper
HopperHop_weighted_mle_s106_final,HopperHop,weighted_mle,106,4,2048,0,3,3.4058344177110516e-08,0.96855451007785,0.7834017950323517,0.2020156512630934,3.2544290859482674e-08,0.5887458454697846,0.9240286341556938,0.45441055825746807,3.629463323299667e-08,0.9862871683305136,0.6774655755183169,-0.0972413444644929,3.4061673893428736e-08,1.08359050568579,0.7634823920214528,0.22814086566159217,247.0570497853373,123.9144932359128,145.0190312230028,252.53303549647705,128.64360532637855,153.40526344226987,0.8544705628695217,0.8385866458538395,4.076875692890007e-09,0.8680498501562317,252.26393315696245,hopper,B,0,hopper
HopperHop_weighted_mle_s106_final,HopperHop,weighted_mle,106,4,2048,0,4,3.5063078474808063e-08,1.823370290015949,0.678638218073926,0.32529296307243183,3.4570031180940536e-08,1.1269203019390053,0.8402294506831485,0.47567100152350694,3.381133913752959e-08,1.446144943112459,0.6018829296379492,0.060799431912938726,3.530322706113729e-08,2.131987397058334,0.656137270863575,0.34654483379471307,467.29355044580325,336.7950614210735,154.70105530677662,470.0037116701053,338.9103390792756,159.32670101789907,2.1770702258830563,2.1271408804303285,2.7213487437932845e-09,0.8748445421629831,468.0204877122043,hopper,B,0,hopper
HopperHop_weighted_mle_s106_final,HopperHop,weighted_mle,106,4,2048,0,5,3.504782853900617e-08,0.8395603562087397,0.7839056432056093,0.06850618607657372,3.081049056627258e-08,0.40338170138553875,0.9458234390085909,0.2999275152221978,4.314679934223733e-08,1.0380420215568855,0.6434503001367687,-0.12989870806008572,3.426873864781534e-08,0.9210428091233931,0.7610169619598264,0.08328258572838795,185.99579728344355,65.86091164228635,157.62263728391525,192.1937198143966,73.28750116586751,164.30546321186293,0.4178391681370933,0.44604421382730797,3.904074489776065e-09,0.8091641350364083,192.13809805729088,hopper,B,0,hopper
HopperHop_weighted_mle_s106_final,HopperHop,weighted_mle,106,4,2048,0,6,3.347714932331157e-08,0.9929044898985744,0.8088557433620229,0.30354004006981494,3.192273695310923e-08,0.5292273517316708,0.9414387819604321,0.510795533306845,3.464484995813622e-08,1.1469500073915575,0.6570276577174523,-0.00033381847903344425,3.370096793157508e-08,1.1115423471527863,0.7969245242529269,0.34067359411380166,347.935643658565,165.16524525867018,200.80526165616007,351.79024885486035,169.27678941541933,205.491130952899,0.8225145292332166,0.8237668877992538,2.842760619736222e-09,0.9190321889738844,351.13047975492714,hopper,B,0,hopper
HopperHop_weighted_mle_s106_final,HopperHop,weighted_mle,106,4,2048,0,7,3.507362546059213e-08,0.9239369592442417,0.8031856734352582,0.2298256477026221,3.523405658837594e-08,0.5314220552690595,0.935145854183206,0.46088256597907434,3.9539137035768965e-08,1.0471469495502166,0.6781568221697754,-0.03270311711681731,3.4037523277755815e-08,1.0176084658423017,0.7888732984225222,0.2576227842649404,235.2868879087391,103.07212282510284,150.4973116272409,240.26440349599565,107.92888514548102,156.85705753935574,0.6848768374042205,0.6880715910305838,2.8011628038094558e-09,0.8906914958144642,239.98595361478226,hopper,B,0,hopper
HopperHop_weighted_mle_s107_final,HopperHop,weighted_mle,107,4,2048,0,0,3.4972675363408406e-08,0.17241262878143254,0.9852469662011148,-0.05032013488073042,3.4764907768243254e-08,0.06929315015391438,0.997601011730421,-0.025209922429644316,3.721421607741139e-08,1.202400591975812,0.50181354688813,-0.2736700146627351,3.5988701871027584e-08,0.2602666332373034,0.9664148755538361,-0.10081131428113257,198.67392971298094,17.04474539992366,193.53681670822183,198.832538686816,19.897525660054683,193.61258272019742,0.08806978274123632,0.10276979615942541,8.723327470718021e-09,0.9970501743294893,198.83056675677818,hopper,B,0,hopper
HopperHop_weighted_mle_s107_final,HopperHop,weighted_mle,107,4,2048,0,1,3.418906954162075e-08,0.15800049655988282,0.9876963348847705,-0.013859974810498816,3.3980932122671503e-08,0.04700390291100303,0.9989073530327746,0.06035664687961918,3.431106539743745e-08,1.459647171701308,0.39022191837002085,-0.2779789158742383,3.557310572124063e-08,0.24445999799510612,0.9707249067218908,-0.05544524934397534,214.41586616146654,11.00991260065405,211.5494598174001,214.58940872843093,15.383895750171476,211.59562507084794,0.05204415369416332,0.07270422413043964,1.0305291539877868e-08,0.9988178772097567,214.58788015077587,hopper,B,0,hopper
HopperHop_weighted_mle_s107_final,HopperHop,weighted_mle,107,4,2048,0,2,3.414805070531335e-08,0.17445425580321614,0.9847846430724285,-0.08655647828941719,3.3557909159605183e-08,0.06443800905498484,0.9979810974914806,-0.23121144641711025,4.203234465621724e-08,1.631485747203969,0.5468929547428046,0.039783149600101965,3.6440055438455265e-08,0.27809437663768927,0.9621210092956067,-0.07734344100502631,204.91774031426627,13.918402790342576,208.53706379606135,205.2003346519408,17.682182304961817,208.56191358254864,0.06674306493522897,0.08478145410745447,8.86945939164691e-09,0.9981575374139483,205.19943993502545,hopper,B,0,hopper
HopperHop_weighted_mle_s107_final,HopperHop,weighted_mle,107,4,2048,0,3,3.786911610486625e-08,0.16801837374916878,0.9861941971587035,0.003762442435360732,3.8173163150076175e-08,0.04953946870404412,0.9988020528246572,0.10744654985298964,3.4162099063464036e-08,1.3105147474858214,0.4729367796974126,-0.24229331663556253,3.630742120386197e-08,0.2625528693541912,0.9668669843690777,-0.02222625043559725,197.7157210066085,9.093494091859347,194.61004569798433,197.87841536675293,13.524782645825848,194.66206173412527,0.04672674557597869,0.06947826672204004,1.125603526573294e-08,0.9988819322570242,197.87178242529893,hopper,B,0,hopper
HopperHop_weighted_mle_s107_final,HopperHop,weighted_mle,107,4,2048,0,4,3.584360884003882e-08,0.1668148862848972,0.986806116709448,0.08047811323892223,3.59392758850243e-08,0.07233575571319846,0.9976006611127142,0.22287726578369088,3.608744437208214e-08,1.531160253104571,0.47933283005602406,-0.11026454323833952,3.5108218328937955e-08,0.25430835148412795,0.9693745046367681,0.014520082199915978,196.01612492860147,17.24570104552436,189.1320412081413,196.19641193141987,19.677396718474707,189.1609926338345,0.09118339195919342,0.10402460065625065,6.0892060771492095e-09,0.9970916745413814,196.19237166951305,hopper,B,0,hopper
HopperHop_weighted_mle_s107_final,HopperHop,weighted_mle,107,4,2048,0,5,3.5603859309655794e-08,0.17498143311747782,0.9848797978739531,-0.032875301140006585,3.5491069529279385e-08,0.05755027079113056,0.9983505405480539,0.011756679394070827,3.438990081458335e-08,1.3896586173983347,0.35851278224339467,-0.36153654064074203,3.6535161613432746e-08,0.2724140763403215,0.9640874146525195,-0.044413761031580345,202.46086361153334,13.073570382402531,199.94645019568955,202.61890159486546,16.979907039079794,200.00740809465162,0.06538535877784894,0.08489639059291308,7.263583333704357e-09,0.9980625236143279,202.61622347725176,hopper,B,0,hopper
HopperHop_weighted_mle_s107_final,HopperHop,weighted_mle,107,4,2048,0,6,3.8800556970143993e-08,0.1724251841221686,0.9853979034727308,-0.012729083835375283,3.923721063180016e-08,0.05361135498343216,0.9985697504260742,0.02054018564848513,3.465097784046293e-08,1.5957010421048152,0.4336572636390164,-0.15093210787409683,3.6404186588993266e-08,0.26385166470161825,0.9662432860630662,-0.04298714472329667,180.93028683079817,11.484513862037838,178.12716467670347,181.1408181401297,15.264911971049493,178.15966146877645,0.0644736802659038,0.08568107867517853,7.559435797341794e-09,0.9984993321243103,181.1372664452654,hopper,B,0,hopper
HopperHop_weighted_mle_s107_final,HopperHop,weighted_mle,107,4,2048,0,7,3.885301982536912e-08,0.1640649920142314,0.9868625759813582,0.012629290357509768,3.919106386517382e-08,0.06588367856593726,0.9978720823297855,0.07864111831968548,3.574528798516776e-08,1.4423847048844998,0.5249152276040872,-0.07848920313531244,3.6949211461071506e-08,0.2514630211338961,0.969122816393201,-0.051704034206360494,223.85602350790126,18.033335043369643,218.6249802250074,224.07436986632453,21.14485571748626,218.66340466384847,0.08248524493774577,0.09670047784169544,8.735676047732208e-09,0.9978760734458133,224.06773543605757,hopper,B,0,hopper
HopperHop_weighted_mle_s108_final,HopperHop,weighted_mle,108,4,2048,0,0,3.908837970533806e-08,0.9128428215748187,0.6216746703120358,-0.35284003141904374,3.202207885079589e-08,0.22739471126599453,0.985632997572351,0.534477194736077,4.4865854066384605e-08,1.237161586666145,0.25955123288530724,-0.5916218239964703,3.927766316269932e-08,0.859025786436489,0.6754506715634087,-0.2865331963818417,28.933726874431592,5.205197730196108,24.652184711267566,35.810075489570906,30.87047529528044,32.7077655270785,0.21114549445253838,0.9438270942025089,6.851525976549818e-09,0.985206770896985,35.81764880458537,hopper,B,0,hopper
HopperHop_weighted_mle_s108_final,HopperHop,weighted_mle,108,4,2048,0,1,4.114435570681365e-08,0.8825665909734276,0.6151344408244845,-0.4278767965213414,3.4163335917605996e-08,0.23764360676256455,0.9806414886444831,0.39431692753776326,4.6201796511813346e-08,1.1055778891587609,0.3468006356414307,-0.6121213010702581,4.0960106100922485e-08,0.8514383145988436,0.6513583930232808,-0.3806772852151434,22.64282312105811,4.7922124789464435,19.063624192679033,29.473472257049114,28.636785609930087,30.08666915331717,0.25137992810341575,0.9518097687716894,4.7172882559743635e-09,0.9768985576044811,29.477543947650418,hopper,B,0,hopper
HopperHop_weighted_mle_s108_final,HopperHop,weighted_mle,108,4,2048,0,2,3.940607396233167e-08,0.8030666831617064,0.6875436306829984,-0.36294991260321335,3.300406522152894e-08,0.24045735836792914,0.9857884170914576,0.5879466131851924,4.666409732969744e-08,1.0650626971410035,0.3753806754498069,-0.6216927253820926,3.9175020549134985e-08,0.7791699745778412,0.7135913126814541,-0.3175348987159251,30.501692973334798,6.400041680930328,25.26254370030243,35.175539744050184,27.35702498916955,33.8950151043416,0.2533411423986357,0.8071105708303575,8.930321218895184e-09,0.9871586224095086,35.17630375049526,hopper,B,0,hopper
HopperHop_weighted_mle_s108_final,HopperHop,weighted_mle,108,4,2048,0,3,3.95691091277233e-08,0.8548357297868632,0.6531664004003754,-0.3676295598202376,3.41358988105153e-08,0.2545415913466206,0.9842691470005006,0.5859316545348587,4.396550203422661e-08,1.0683560030592094,0.4035219327953306,-0.5752810181733707,3.950023596300106e-08,0.8480823993598126,0.6694826772568144,-0.32760447185201397,26.976826432590023,6.233741017688935,21.407979302953095,33.25584755816109,28.01514793222133,31.31806515920036,0.29118773563223405,0.894536357524321,8.224831149051235e-09,0.9858427164167842,33.25677215187905,hopper,B,0,hopper
HopperHop_weighted_mle_s108_final,HopperHop,weighted_mle,108,4,2048,0,4,4.3521781104839065e-08,0.8082206558461643,0.660920851835946,-0.45144430657247014,3.3863632234886696e-08,0.23894381423733163,0.980886949847788,0.4108618402939651,5.3850109575487645e-08,1.0205026908207175,0.3846411946656084,-0.6709106282271942,4.121717286494814e-08,0.776590550607583,0.7011391326695784,-0.37684257091244483,28.05256882650834,5.896622864564047,23.761891753598565,32.80558025891862,28.753160374844917,34.59929973651185,0.24815460510086695,0.8310330149399391,5.146221456337323e-09,0.9795291943215624,32.807435275420154,hopper,B,0,hopper
HopperHop_weighted_mle_s108_final,HopperHop,weighted_mle,108,4,2048,0,5,3.981807022605094e-08,0.882172021159094,0.6357376530882807,-0.367652067216922,3.063620180247694e-08,0.25190412274694185,0.9806825496330873,0.46604280793118463,4.5868916232791996e-08,1.1072705734545116,0.38878371704673875,-0.5509666409853452,3.9346436143591964e-08,0.8564369111028258,0.6647405719210792,-0.3266438156087157,25.027602071750636,5.585238278561312,20.29610587025304,32.91081057524733,28.74308728341742,30.626086267832093,0.27518767956108436,0.938516499694138,6.061157133032839e-09,0.9766572246184196,32.91455190397248,hopper,B,0,hopper
HopperHop_weighted_mle_s108_final,HopperHop,weighted_mle,108,4,2048,0,6,4.076567048296484e-08,0.9165180981031785,0.6047191834851267,-0.39285157413564287,3.6726667814412416e-08,0.2619395871882374,0.9778219586245804,0.4197999123076485,4.445553897867114e-08,1.1876720145900406,0.29018843567139535,-0.5992155911563259,4.019119015961938e-08,0.8818790487864933,0.6392882493304554,-0.3575362279541505,24.862447306634422,5.834576421899741,20.536214137200894,31.861938991808838,30.10945535392247,30.427486250857697,0.2841115885780648,0.9895479076281811,8.90109432857721e-09,0.9683500343361524,31.868291862462783,hopper,B,0,hopper
HopperHop_weighted_mle_s108_final,HopperHop,weighted_mle,108,4,2048,0,7,3.938845629897443e-08,0.819194512932283,0.6786738219133432,-0.3578252799475246,3.2398449030153265e-08,0.23696914146594064,0.9834010099718521,0.4935990236291284,4.4961339875391915e-08,1.052309310847538,0.4195377374779138,-0.5708006890439961,3.9935554442536596e-08,0.811771359821758,0.6953816428996107,-0.31279426663152,28.684380637757112,5.4583979205124376,24.26970605636966,34.02342157997006,25.771393233133654,32.32211192437842,0.2249058108835084,0.797330115477238,5.6649842394172685e-09,0.9869563534359728,34.02741503336394,hopper,B,0,hopper
LeapCubeRotateZAxis_pathwise_fa_s101_final,LeapCubeRotateZAxis,pathwise,101,16,2048,0,0,4.19747779149011e-08,1.6164093920539964,0.137392983391295,-0.49840248539410503,3.232546999080031e-08,0.3453198512623613,0.9578051088636025,0.2916736328137989,4.306121802810214e-08,1.1508635723996248,0.33219827092135595,-0.5826790804086035,4.326725922081842e-08,2.1771450235601804,-0.17674131859288603,-0.6026179131434006,282.49134379717304,277.7293920435704,79.29292800718297,413.74095169584257,516.8692250198482,177.509287374497,3.5025745551785907,2.911786941769361,2.402635219856518e-09,-0.0966257266770227,413.9523430740465,leap,A,0,leap
LeapCubeRotateZAxis_pathwise_fa_s101_final,LeapCubeRotateZAxis,pathwise,101,16,2048,0,1,4.0968447507386884e-08,1.6776680025457984,0.1191012666131364,-0.49160649823185404,3.370407945943486e-08,0.3523479972340005,0.956097922267504,0.2871244708059316,4.5331650200041706e-08,1.1646605468916562,0.30496737664449963,-0.6032178625603446,4.1092862483721675e-08,2.306239682389748,-0.19287995462140223,-0.5920265512640953,291.54721536151067,284.0991712639315,72.19409228614575,429.8632772906211,525.8490698437085,167.45804131514583,3.9352135648147355,3.1401840467851256,1.2829636601878462e-09,-0.06068463197882885,430.09587921535797,leap,A,0,leap
LeapCubeRotateZAxis_pathwise_fa_s101_final,LeapCubeRotateZAxis,pathwise,101,16,2048,0,2,4.1331848618278836e-08,1.6892143568575104,0.13308492128816404,-0.4737357498787061,3.392803407164527e-08,0.3223435835243978,0.9614958013626022,0.26819214578890765,4.5973428839982346e-08,1.2267425364514948,0.24754491077478286,-0.6133782708059792,4.15448663324817e-08,2.330401827893663,-0.1662402010322682,-0.5678760748412893,306.9573640424513,280.40890774444125,91.05256671722921,442.77500340616683,522.296106426626,170.19647311401224,3.0796375967661596,3.0687833705974863,4.072694821158942e-09,0.04690305560522376,442.9916399334911,leap,A,0,leap
LeapCubeRotateZAxis_pathwise_fa_s101_final,LeapCubeRotateZAxis,pathwise,101,16,2048,0,3,4.1485569018796994e-08,1.652020251378099,0.1894633395441549,-0.43122385909849764,3.4285101561940935e-08,0.32285377983895075,0.9626654728102246,0.29768416203546955,4.897184308403703e-08,1.1742701127022421,0.3070800595115272,-0.5913980167132262,4.0970239261101005e-08,2.345458239674938,-0.10505285261570424,-0.5167931677647176,313.54204313680304,277.1920879442703,88.21069162482846,449.68046531326934,512.978707302699,161.3612248297887,3.142386516174266,3.1790704851417035,2.9528938464079638e-09,0.18578452487931216,449.8924587738059,leap,A,0,leap
LeapCubeRotateZAxis_pathwise_fa_s101_final,LeapCubeRotateZAxis,pathwise,101,16,2048,0,4,4.2694681502620835e-08,1.6834498393981274,0.10968603243232812,-0.4983456036332292,3.351354434404502e-08,0.3425262873139741,0.960764264930544,0.3391290901384221,4.785194020824501e-08,1.2150373833616126,0.2279062316255562,-0.643941950412357,4.315571983142968e-08,2.3013779458715247,-0.19583376497890934,-0.5950232998775667,300.70222614692335,281.7609814122615,76.60443944126106,429.7847933973049,516.675662230628,165.4685181969319,3.6781286237112565,3.1225012942685852,3.0781698312509996e-09,-0.02921273533612333,429.97683848968245,leap,A,0,leap
LeapCubeRotateZAxis_pathwise_fa_s101_final,LeapCubeRotateZAxis,pathwise,101,16,2048,0,5,4.2131555785626285e-08,1.69066415068957,0.14205325099266516,-0.4643877487601179,3.5001426619558074e-08,0.32840739240934985,0.9610230114698108,0.2859377516092126,4.747606921837067e-08,1.1955717844466391,0.30055517067101756,-0.579630953044793,4.2020545117286806e-08,2.3424386751087116,-0.16580890565611053,-0.5655678006115321,310.56685949683873,293.1405644495368,84.05442663503642,458.1564842748201,547.1033111946132,172.51172537661532,3.4875089413475755,3.171397828177841,2.5839713807547106e-09,0.012813957231059995,458.42822151438384,leap,A,0,leap
LeapCubeRotateZAxis_pathwise_fa_s101_final,LeapCubeRotateZAxis,pathwise,101,16,2048,0,6,4.19907296751495e-08,1.6718936039151315,0.11557814405028921,-0.49716556682056634,3.5712352384175435e-08,0.3357346817972423,0.9590137605018026,0.2752081133910841,4.6016625978495065e-08,1.1927873859330074,0.2743857625894943,-0.6129132311992682,4.20952904275041e-08,2.275410769912031,-0.18966885888735951,-0.5947734703430616,294.6182481491367,282.8229430630034,83.62453412758693,430.1772802642772,524.6051216538226,172.77186573492253,3.3820570244552126,3.036403637955162,3.2057258913590767e-09,-0.08911466707597725,430.4051694695492,leap,A,0,leap
LeapCubeRotateZAxis_pathwise_fa_s101_final,LeapCubeRotateZAxis,pathwise,101,16,2048,0,7,4.186561554256145e-08,1.636259999576012,0.141233149244584,-0.48650846289764804,3.422283859150244e-08,0.34365649845752344,0.959824608232561,0.32501557399548486,4.410348603207316e-08,1.1457413007433204,0.321989706872358,-0.6009607579107287,4.2627371725126415e-08,2.244165526262025,-0.17176332948987214,-0.586782569263995,294.89490644813674,284.1265468721934,73.10563744109166,427.306329464133,520.9066634305523,168.8229884129237,3.8865203398457195,3.085519740691149,2.3423612930425878e-09,-0.07703760270600568,427.51725752375347,leap,A,0,leap
LeapCubeRotateZAxis_pathwise_fa_s102_final,LeapCubeRotateZAxis,pathwise,102,16,2048,0,0,3.576163497443738e-08,0.03229166111727622,0.999537121657862,-0.3637731927032767,3.5560814844210935e-08,0.03297891767344007,0.9995105224326304,-0.3459426006378515,3.7507333960252814e-08,0.062025540506897375,0.9982583731714528,-0.3644099548179006,3.592684390820033e-08,0.03128056786315536,0.9995723699783293,-0.38230561979452693,1242.015424310455,28.099775779702064,1261.4912973550547,1243.3343231217193,28.120577263642204,1262.8112145992,0.022275045288555156,0.022268235297995268,2.7476186514094277e-09,0.9997616985320134,1242.5761223152629,leap,A,0,leap
LeapCubeRotateZAxis_pathwise_fa_s102_final,LeapCubeRotateZAxis,pathwise,102,16,2048,0,1,3.5851817361351674e-08,0.03157714222327188,0.9995138974998011,-0.18951140331155683,3.534008332946051e-08,0.03240384127847367,0.9994909384046241,-0.20629110839202813,3.392125629652419e-08,0.05977870363930313,0.9984687483842831,-0.42962390303554854,3.6306972089951756e-08,0.03042821164687685,0.9995461037711486,-0.1703116331781333,1233.2659048267296,23.347472849227717,1243.3126568047248,1234.649052676839,23.375832788309562,1244.6671586400962,0.01877844058085115,0.01878079021049259,3.7020168723847513e-09,0.9997728619664951,1233.9047814032292,leap,A,0,leap
LeapCubeRotateZAxis_pathwise_fa_s102_final,LeapCubeRotateZAxis,pathwise,102,16,2048,0,2,3.5029842945968274e-08,0.03086381373035079,0.9995320189531351,-0.1631845390190282,3.420621226647265e-08,0.030942100790675768,0.9995314100497973,-0.17637371012522493,3.604858079643171e-08,0.06450775600113182,0.9981952647599027,-0.4204598877297402,3.5733642883642915e-08,0.030339179740917408,0.9995460225770414,-0.14740789443473015,1265.3734114847728,23.270841875030673,1275.0583037447327,1266.6898535194625,23.292344981231903,1276.367330534215,0.018250806105639457,0.018248935415389418,2.594772076019631e-09,0.9997628473276874,1265.915917343317,leap,A,0,leap
LeapCubeRotateZAxis_pathwise_fa_s102_final,LeapCubeRotateZAxis,pathwise,102,16,2048,0,3,3.661568729300483e-08,0.03756484777647986,0.9993265129685233,-0.24965760353272318,3.599330316654994e-08,0.037460940639164254,0.9993394687130324,-0.2778450968624054,3.709197995649011e-08,0.06457796281835583,0.9982793560720458,-0.4714769003601395,3.7166493937716134e-08,0.03730374831230857,0.9993277786989728,-0.22081157398874748,1219.3241875598726,28.356641534886077,1236.4711083990262,1220.5302126325653,28.38577251744294,1237.6866322117903,0.022933525370925998,0.022934539146404555,1.874179348336261e-09,0.9996639125288919,1219.825256915302,leap,A,0,leap
LeapCubeRotateZAxis_pathwise_fa_s102_final,LeapCubeRotateZAxis,pathwise,102,16,2048,0,4,3.691893930831832e-08,0.03378953820125777,0.9994476691879725,-0.21351572009773986,3.6922024679675277e-08,0.03483373333881038,0.999418031544077,-0.23585588805103563,3.792461950329804e-08,0.05910300841756381,0.9985779711915211,-0.47921423647668027,3.6906382847118493e-08,0.032504775121006996,0.9994846752569351,-0.1890198587762273,1246.3341652233069,24.337752296279582,1257.9829702522202,1247.839035887557,24.364895603764747,1259.476414747088,0.019346646871857057,0.019345257535971706,4.4423581332400215e-09,0.9997385101636005,1247.0761327286666,leap,A,0,leap
LeapCubeRotateZAxis_pathwise_fa_s102_final,LeapCubeRotateZAxis,pathwise,102,16,2048,0,5,3.546796794440954e-08,0.03160222641375451,0.9995063159228137,-0.13884594567751027,3.5587254113960184e-08,0.03299703925592916,0.9994682207897844,-0.18526541094679472,3.993293097740743e-08,0.06667596081590625,0.9980373047359328,-0.40150639317866804,3.532448677142842e-08,0.029832011767985233,0.9995565759718249,-0.09056550395689189,1256.0582841057733,23.45942562047278,1263.3147857897025,1257.5143093356132,23.487200912055275,1264.7512995812026,0.018569738820723287,0.018570608245140827,3.218884866038796e-09,0.9997347732565641,1256.732723425737,leap,A,0,leap
LeapCubeRotateZAxis_pathwise_fa_s102_final,LeapCubeRotateZAxis,pathwise,102,16,2048,0,6,3.561370364999746e-08,0.03596105711419199,0.9993798267076994,-0.23724878024881102,3.599955748374514e-08,0.034794612457463917,0.9994258240189816,-0.26033344408591885,3.508842640612225e-08,0.062427284316701685,0.9983683800827252,-0.4557319537894579,3.525441298060711e-08,0.03669120988210661,0.9993481486036152,-0.21405474714281233,1213.2373634070154,27.08952410963717,1227.4925757599028,1214.4610542214941,27.11732944751439,1228.7130231596416,0.022068992224141853,0.022069701334964307,3.107930694736419e-09,0.9996646988688555,1213.7498826243482,leap,A,0,leap
LeapCubeRotateZAxis_pathwise_fa_s102_final,LeapCubeRotateZAxis,pathwise,102,16,2048,0,7,3.66622332334203e-08,0.03439051263567397,0.9994230324684069,-0.19032587476702442,3.7798660257168736e-08,0.035054562704362864,0.9993932824787343,-0.1477682740333453,3.38856035003962e-08,0.0568191183431013,0.9986691645312507,-0.46589366551996203,3.566379093085332e-08,0.033501278403885455,0.9994595589688432,-0.22501185670301382,1247.84087920902,26.58034207274478,1261.468859903105,1249.1087119057447,26.604101822767802,1262.7508593329399,0.021070945877162937,0.02106836960445361,2.3193183446484894e-09,0.9996680650006995,1248.362526055256,leap,A,0,leap
LeapCubeRotateZAxis_pathwise_fa_s103_final,LeapCubeRotateZAxis,pathwise,103,16,2048,0,0,3.520969194767081e-08,0.5368671276050426,0.892130424662453,0.10179409148998596,3.570491547190537e-08,0.06713696432801958,0.9985325936303499,0.5465209553819502,4.127269766843311e-08,2.694900689514646,-0.17634778902934317,-0.5236948456986035,3.3553464720918164e-08,0.6622067437775725,0.8758413766705367,0.248030413086445,577.1769681938108,98.46727691041849,497.4409815907204,608.0689312480262,188.25766994631653,499.785214487834,0.19794765721862906,0.37667714948157754,2.700737747835424e-09,0.9905086695085863,607.8914379320485,leap,A,0,leap
LeapCubeRotateZAxis_pathwise_fa_s103_final,LeapCubeRotateZAxis,pathwise,103,16,2048,0,1,3.3816086265429405e-08,0.5779782076211127,0.8800730110200544,0.11165706352878434,3.3096933794648906e-08,0.0760357009832462,0.9981166934935181,0.5402528634842537,3.641825938079508e-08,2.7482592908922916,-0.10769247294328829,-0.46004567354873505,3.405730891820224e-08,0.7130351487956655,0.8642437810169038,0.2575284477991427,572.0360417449432,105.64752800902033,486.503595247571,606.0495671746829,197.70352889950098,489.03947214896635,0.21715672615997503,0.40426906243526717,2.760282824890464e-09,0.9884965214509395,605.8832762190268,leap,A,0,leap
LeapCubeRotateZAxis_pathwise_fa_s103_final,LeapCubeRotateZAxis,pathwise,103,16,2048,0,2,3.6152760300541156e-08,0.5939024097145909,0.8758467328961543,0.11835556095134138,3.6983334103435304e-08,0.07604845968272042,0.9982933962149598,0.594630946288942,3.9863798062259013e-08,3.0068886656216094,-0.14890770011426502,-0.4658206054956051,3.448256219637547e-08,0.7313011926971689,0.8604381517482653,0.26213376249672776,559.7031953054919,102.78648249254753,473.38567946598613,594.2796996382814,197.07747051622448,475.7501225307178,0.21713052792069676,0.4142457588195352,4.4997088781654465e-09,0.9892779010091137,594.1314268967303,leap,A,0,leap
LeapCubeRotateZAxis_pathwise_fa_s103_final,LeapCubeRotateZAxis,pathwise,103,16,2048,0,3,3.57000512742017e-08,0.5513707447849173,0.8861912517076489,0.09108676063701542,3.685004094868162e-08,0.0659429721592794,0.9984874395163607,0.5054590040788026,3.724739559579358e-08,2.906381868548,-0.20053634474811824,-0.5190337592108384,3.4078425472955863e-08,0.6831126373214504,0.867133039254296,0.23028453641946367,575.92502951979,99.25416255545196,496.14622513487234,605.9008730311612,190.0999627279324,497.85606933516783,0.20005022214664742,0.3818371903787166,1.1885095860540481e-09,0.9903621084521225,605.7330544490195,leap,A,0,leap
LeapCubeRotateZAxis_pathwise_fa_s103_final,LeapCubeRotateZAxis,pathwise,103,16,2048,0,4,3.2408789159480036e-08,0.5970198022500698,0.8699604960036376,0.0831025906581335,2.981545735493861e-08,0.07262034292328408,0.9982120153417238,0.5177056742956458,3.7851861983562e-08,2.818764900980115,-0.2048158103892294,-0.5319541496660232,3.3911285462487844e-08,0.742162261640234,0.8499716302325223,0.22470224518164694,534.5235098994852,102.02768203734018,455.30316588553643,567.5366998382015,194.8108332478723,457.3300342902405,0.22408735471650507,0.42597428255550973,1.5322868686808163e-09,0.9876634061773896,567.3995514980518,leap,A,0,leap
LeapCubeRotateZAxis_pathwise_fa_s103_final,LeapCubeRotateZAxis,pathwise,103,16,2048,0,5,3.3872068015671356e-08,0.5514309736311851,0.8875698136721032,0.10297406061305972,3.305820456201051e-08,0.0727052433718349,0.998113981544461,0.48296494484373714,3.6554419365479055e-08,2.8555471224585145,-0.16250509825072176,-0.49344305058741544,3.42612076528475e-08,0.6790186126774145,0.8714546249068136,0.2483662661620199,570.8357181627055,99.67471560266668,490.5984225307719,602.0111593356908,189.46746091233226,492.7037189843585,0.20316966183562188,0.3845464395984126,2.6172430314099533e-09,0.9899925431203515,601.8441086321483,leap,A,0,leap
LeapCubeRotateZAxis_pathwise_fa_s103_final,LeapCubeRotateZAxis,pathwise,103,16,2048,0,6,3.570767613583292e-08,0.5568330664812794,0.8852223198456265,0.09798728256406666,3.5904451178465524e-08,0.07060324573178348,0.9983143229864201,0.5207554319563045,4.156291761027825e-08,2.6233935011063103,-0.21238082002102804,-0.5610891739526096,3.446403396380498e-08,0.6786579948283066,0.8733980816246044,0.258802602851594,588.1181085424552,101.66600964753991,503.1436563076799,619.2527197982589,190.49016113883252,505.73650917403126,0.20206159488050746,0.37665890771844934,1.9646305840185044e-09,0.9905155703066271,619.071309956764,leap,A,0,leap
LeapCubeRotateZAxis_pathwise_fa_s103_final,LeapCubeRotateZAxis,pathwise,103,16,2048,0,7,3.395877892075584e-08,0.5685335978224286,0.8833875896218545,0.11382757121948513,3.1286683215468396e-08,0.07751843893318945,0.9983368966123299,0.6245455679706962,4.431939514731851e-08,2.9065816890363476,-0.21823178463456458,-0.5332248399865139,3.4699907593635093e-08,0.7052357998682285,0.8649542985291108,0.2505773953374847,589.4582226208403,108.7501295391811,500.0222022491798,621.4784027611672,200.28902456992543,502.1659011889321,0.21749060151730346,0.39885030842540103,1.7186664647872019e-09,0.9888177557031942,621.3057318198333,leap,A,0,leap
LeapCubeRotateZAxis_pathwise_fa_s104_final,LeapCubeRotateZAxis,pathwise,104,16,2048,0,0,3.6952711083460006e-08,0.06355434323833023,0.9981206769435813,-0.32376915653436017,3.734680821688665e-08,0.05047028842509333,0.998897840507121,-0.41081248843844914,3.629194865336122e-08,0.4220094165630133,0.9098121622852768,-0.2432501460236059,3.626208227975174e-08,0.0756539304553493,0.997238015741475,-0.262646455957579,767.5441987370086,37.75344023676293,781.6003853988188,768.5260266384189,38.18665332523779,782.3984193585321,0.048302740047267034,0.04880717084851216,3.0217850402355347e-09,0.9979686436844163,768.22905812366,leap,A,0,leap
LeapCubeRotateZAxis_pathwise_fa_s104_final,LeapCubeRotateZAxis,pathwise,104,16,2048,0,1,3.7419347413599366e-08,0.06468896157431296,0.9980261945476433,-0.30044596439341176,3.778338803452628e-08,0.048137648442740995,0.9989498126072759,-0.34998130548154754,3.657706135228308e-08,0.3919987738516697,0.9251327344860367,-0.13724343206125691,3.678492782082038e-08,0.07910316507529738,0.9970242405803631,-0.2987008076712103,728.1625130418215,34.89281402753481,740.0565929109085,729.0693693503955,35.43435697004503,740.779532024141,0.04714884559069839,0.04783387693396775,4.216245502573199e-09,0.9977243782821793,728.8048537433407,leap,A,0,leap
LeapCubeRotateZAxis_pathwise_fa_s104_final,LeapCubeRotateZAxis,pathwise,104,16,2048,0,2,3.5034355737842974e-08,0.062389579833051954,0.9980972056300543,-0.21312167558548287,3.4644178326639674e-08,0.0459987349706341,0.9989924033339266,-0.2628100855077086,3.448350803705437e-08,0.443028629345434,0.9102187418962735,-0.06374277837422723,3.5721599815489455e-08,0.07807908012268668,0.9969913626559376,-0.19681589594165508,818.4533432345812,38.029743347391275,825.3856294533159,819.5967463093725,38.61351148637554,826.2829176191922,0.046075121725319794,0.04673158631626371,2.2318283003537947e-09,0.9977261505126485,819.214058629947,leap,A,0,leap
LeapCubeRotateZAxis_pathwise_fa_s104_final,LeapCubeRotateZAxis,pathwise,104,16,2048,0,3,3.348862438668285e-08,0.06318742699916502,0.9981390378945681,-0.32041703098098173,3.221150765024012e-08,0.04935790008175193,0.9989277499931047,-0.38976377499952103,3.6238648928153966e-08,0.44327355730316204,0.9017721499155108,-0.2212266272196238,3.5562175452882706e-08,0.07616737385288898,0.9972255246402947,-0.2839497353066637,746.9070142560416,35.85906919634729,759.9566700085469,747.8287008515789,36.26650964957218,760.7046995948797,0.04718567598853229,0.04767488575906813,4.0000091302075464e-09,0.997989710212766,747.5377849407747,leap,A,0,leap
LeapCubeRotateZAxis_pathwise_fa_s104_final,LeapCubeRotateZAxis,pathwise,104,16,2048,0,4,3.335023559028751e-08,0.06044921579639669,0.9982424507512958,-0.25495040781156936,3.2811381575663305e-08,0.04697312545172794,0.9990189252017337,-0.37484148836433945,3.931371413586404e-08,0.3949192539114961,0.9230931050460957,-0.16462946007200416,3.421820235364705e-08,0.07243413246369818,0.997391631253226,-0.15542275175619846,802.848540438583,35.3552380661788,814.0209776410595,803.9677112686965,35.90134674841598,814.9243053907145,0.04343283408817574,0.0440548238786461,1.997314260090862e-09,0.9980865802142791,803.6065003074143,leap,A,0,leap
LeapCubeRotateZAxis_pathwise_fa_s104_final,LeapCubeRotateZAxis,pathwise,104,16,2048,0,5,3.7313817068570854e-08,0.06757782576990008,0.9978110691968564,-0.270206186506962,3.826086209327619e-08,0.04871812518762174,0.9989823820769443,-0.4194402501369653,3.932911902732696e-08,0.44514341483180997,0.904071456669824,-0.15749213693004746,3.565025144807106e-08,0.08518765564578158,0.9963899887938594,-0.16726329952513216,777.2012974688134,38.28201428186484,788.568615897217,778.4520173242781,39.120128768257366,789.4997252690282,0.048546205758275465,0.04955052866538595,4.441885744679757e-09,0.9972517306410311,778.0985204417901,leap,A,0,leap
LeapCubeRotateZAxis_pathwise_fa_s104_final,LeapCubeRotateZAxis,pathwise,104,16,2048,0,6,3.585308089782145e-08,0.06343372193310198,0.9980526087227826,-0.24268583136310856,3.6119116733946814e-08,0.04800247446235246,0.9989492764120145,-0.34090943182798106,3.595511190766434e-08,0.4414080361765204,0.9039226717503905,-0.19085750008759603,3.542596334497996e-08,0.07597189212378855,0.997140363063331,-0.17737472761418197,767.6026144566854,36.23621746297927,777.0540440011267,768.8664662946579,36.786991377276905,778.0731500218817,0.046632814979503126,0.04727960523537189,3.0266213590899982e-09,0.9978336667905668,768.5293167649802,leap,A,0,leap
LeapCubeRotateZAxis_pathwise_fa_s104_final,LeapCubeRotateZAxis,pathwise,104,16,2048,0,7,3.599424986851223e-08,0.05984695392800638,0.9982972850871832,-0.2801075669119653,3.584580023706726e-08,0.046329085634015305,0.9990095745602338,-0.32098897297615225,3.479576525864298e-08,0.5090319241126557,0.8787902358782933,-0.1415254245512259,3.625791235750009e-08,0.0719667417196144,0.9975189950240978,-0.27601527595703335,766.0444448923498,33.73941340647746,778.2881377372694,766.9442704698004,34.13123580058402,779.0376880117276,0.043350800006497076,0.04381204699825789,3.1482729532921173e-09,0.998256322910252,766.6542095985853,leap,A,0,leap
LeapCubeRotateZAxis_pathwise_fa_s105_final,LeapCubeRotateZAxis,pathwise,105,16,2048,0,0,3.59776207217002e-08,0.032446632675327394,0.9994737244135327,-0.010438234117793533,3.6081406320260955e-08,0.03289392810911244,0.9994590001762971,-0.04962537964209436,3.618390728517548e-08,0.2095368988328629,0.9789929296217874,0.027261527852141886,3.589160516952098e-08,0.030239098057033256,0.9995440142457598,0.02354968842303247,660.318998954858,13.752181949853224,659.5712752779847,660.5678304336725,13.779697705194842,659.8111240708013,0.020850183240707643,0.020884306436331292,2.2405789910975346e-09,0.9997180360398846,660.2641884035584,leap,A,0,leap
LeapCubeRotateZAxis_pathwise_fa_s105_final,LeapCubeRotateZAxis,pathwise,105,16,2048,0,1,3.441488783602267e-08,0.040325213545063736,0.9992060882320045,0.11524315635564328,3.285193075304122e-08,0.0423289767673113,0.9991429567586984,0.16851067879318707,3.5744798421766426e-08,0.18818972451592994,0.9831363943777169,0.05431494391445823,3.5637452486393935e-08,0.03730484757431539,0.9993119223849664,0.07017288556109581,627.149425416167,19.29665341403497,622.1335325839939,627.3945202405273,19.319198250929624,622.3675853710047,0.031016899754442523,0.031041459589212162,2.0805927052419843e-09,0.9995395620995567,627.1177946014633,leap,A,0,leap
LeapCubeRotateZAxis_pathwise_fa_s105_final,LeapCubeRotateZAxis,pathwise,105,16,2048,0,2,3.5610568409707185e-08,0.03404941910352428,0.9994216215911531,0.01637069841668006,3.602104120539823e-08,0.03504974031675109,0.9993855711093744,-0.03684026482032792,4.040304692627957e-08,0.18977222236513544,0.9834567433700109,0.12027909880627866,3.525328088105207e-08,0.03153509054984614,0.9995071496261116,0.06385752932645895,645.6463952674222,14.25951523676536,643.7407065052971,645.9031543488945,14.287784657400213,643.9839251639441,0.022151023063581892,0.022186554817750823,2.1158265218643256e-09,0.9997012224524336,645.610404334547,leap,A,0,leap
LeapCubeRotateZAxis_pathwise_fa_s105_final,LeapCubeRotateZAxis,pathwise,105,16,2048,0,3,3.574126161764534e-08,0.03801508055369347,0.9992911983303534,0.1019317314634299,3.615461474241728e-08,0.04002835672543508,0.9992120944671763,0.0905478406052431,3.653084245134334e-08,0.20121246450399768,0.9801358945336158,-0.03009136867695993,3.5407869414558964e-08,0.03490149455702191,0.9994047734436411,0.11746534201468314,648.1456704208476,18.429990989229847,644.063653186612,648.3914326529355,18.45065811925087,644.2991224339145,0.028615170096999532,0.028636789150901443,2.521236335839219e-09,0.9995863803747621,648.0962075143285,leap,A,0,leap
LeapCubeRotateZAxis_pathwise_fa_s105_final,LeapCubeRotateZAxis,pathwise,105,16,2048,0,4,3.486233136784767e-08,0.032469917325008535,0.9994735003955432,0.006191024760392644,3.50651596815066e-08,0.0329538900038417,0.9994581189289165,0.014983987161227572,3.555127824162393e-08,0.2000528414288242,0.9808038361333383,0.029039702501839987,3.46949959581668e-08,0.030609760783430657,0.9995318050107714,-0.0016220883938305676,664.3300508070471,14.936186247399952,662.5451941116982,664.5827243996785,14.957614784117638,662.7897766584574,0.022543648916547487,0.02256766068349517,1.4510626289987902e-09,0.9996946706435981,664.2719987128687,leap,A,0,leap
LeapCubeRotateZAxis_pathwise_fa_s105_final,LeapCubeRotateZAxis,pathwise,105,16,2048,0,5,3.4743200308567935e-08,0.036338979125000954,0.9993550549719923,0.11775085001599019,3.486296231131063e-08,0.03630515676312623,0.9993548200252421,0.11043993559177537,3.6154075367837545e-08,0.18186079712667425,0.9846077851084796,0.10412713318787865,3.4637392998737826e-08,0.03516491265454134,0.9993976367674263,0.12704080869909315,695.1497353313584,18.2557899504752,690.1397822476147,695.4010055970242,18.27771688406448,690.3788789558479,0.026452307807877093,0.02647490738956018,2.6292251391707976e-09,0.9996134047187676,695.0705490369671,leap,A,0,leap
LeapCubeRotateZAxis_pathwise_fa_s105_final,LeapCubeRotateZAxis,pathwise,105,16,2048,0,6,3.5960861593763974e-08,0.034377632414045164,0.9994136083666597,0.05494313321460193,3.6789688422819644e-08,0.03541454019141618,0.9993798996878019,0.07197866912454848,3.3673667461676205e-08,0.1727391330819169,0.9862172770618591,0.12488401984596939,3.525579519550773e-08,0.03216847830569863,0.9994851214021157,0.03965402184064984,679.4477275757977,17.07725747134946,676.174607999758,679.6826857579415,17.096350613717778,676.4017006583088,0.02525569175374232,0.025275440018969066,3.4064736863010214e-09,0.9996386362917469,679.3738381393894,leap,A,0,leap
LeapCubeRotateZAxis_pathwise_fa_s105_final,LeapCubeRotateZAxis,pathwise,105,16,2048,0,7,3.673762831784968e-08,0.03633546044976275,0.9993413497814836,0.01446498442353849,3.83775917115861e-08,0.035820874824564225,0.9993593356636374,0.005781189932239379,3.482027460127256e-08,0.1780858256034263,0.9852126900582243,0.10383405025543208,3.530909461285354e-08,0.03544620111568374,0.9993735686667505,0.02079177794335598,659.5545168188473,16.878712905028834,657.8539660406045,659.8063087066593,16.901361334124356,658.0943467038135,0.025657233635932825,0.025682277045499486,4.474027528446373e-09,0.9996173567595549,659.5043018345455,leap,A,0,leap
LeapCubeRotateZAxis_pathwise_fa_s106_final,LeapCubeRotateZAxis,pathwise,106,16,2048,0,0,3.306400757133433e-08,1.479708220631416,0.7406300107400697,0.3547650150937169,4.1262102704352406e-08,0.6411719606630735,0.8423038389617685,0.0030558221216690443,3.435720139224931e-08,2.0185350592640363,0.4437525237018142,-0.0002318325278932818,3.0979396170545276e-08,1.9414878121053638,0.8023418807078887,0.579993929345717,1140.4551424503964,560.5532519380555,659.4690399417549,1372.7601206004542,809.8766387218812,685.480803756751,0.850006926765756,1.181472383009681,4.140639422685601e-09,0.8836154609377049,1371.8342647041306,leap,A,0,leap
LeapCubeRotateZAxis_pathwise_fa_s106_final,LeapCubeRotateZAxis,pathwise,106,16,2048,0,1,3.352606752642513e-08,1.3696742970897866,0.7466866847707845,0.3296810382889863,3.5734367266436856e-08,0.597226210724806,0.8584238505971536,-0.0008748139082858438,3.2161914834568976e-08,1.7586846660916409,0.49081274969707106,-0.005281194781213398,3.3123189533777355e-08,1.8215267250050613,0.7940854381903768,0.545761223049098,1155.361103753455,555.256639351448,680.8800556837516,1361.0466984776256,785.8069254342007,702.2258499946427,0.8154984636667744,1.1190230684902793,1.4785336659856843e-09,0.8840925592175083,1359.778960660309,leap,A,0,leap
LeapCubeRotateZAxis_pathwise_fa_s106_final,LeapCubeRotateZAxis,pathwise,106,16,2048,0,2,3.500448047123015e-08,1.420720573941473,0.7251687082422873,0.30058035424007806,3.333720648655677e-08,0.6175925665177692,0.8483169123937762,-0.017286674284365675,3.656994989828337e-08,1.741049000745051,0.4881438390596728,-0.015121866061642423,3.522364378161216e-08,1.9142919845759312,0.7689428916227019,0.5112795263277654,1131.7200921091483,563.291088899774,644.7994676545145,1331.052317048568,792.0653139848441,662.809968684567,0.8735911196527013,1.1950111667101206,2.0680811955524675e-09,0.8713225638479559,1329.8461840338948,leap,A,0,leap
LeapCubeRotateZAxis_pathwise_fa_s106_final,LeapCubeRotateZAxis,pathwise,106,16,2048,0,3,3.408386061710559e-08,1.3935415236012978,0.7352854062478444,0.31283179543463147,3.508899431985413e-08,0.5863975745486999,0.8616048745423436,-0.007903285082775971,3.209475816589148e-08,1.7906969855608712,0.49060456804503366,0.004571077612526502,3.403657843521369e-08,1.8729268100619627,0.7786655582011156,0.5234764640132518,1106.59996079892,541.1462997909509,641.4438583235965,1306.4539708148084,768.1426932466466,660.6491047534594,0.8436378223422818,1.162709050416863,2.6959718920609826e-09,0.8731630750699451,1305.3614462816327,leap,A,0,leap
LeapCubeRotateZAxis_pathwise_fa_s106_final,LeapCubeRotateZAxis,pathwise,106,16,2048,0,4,3.368978706778131e-08,1.4938149946044001,0.7411582014296253,0.360396489665429,3.568256662914767e-08,0.6580295474481889,0.8363001461091389,0.005625630641558531,3.428265166161191e-08,1.9010479814708983,0.4598750139247581,-0.008156075184378737,3.3228791587004786e-08,1.9472862367537385,0.8021493409503385,0.5804009655853332,1149.6095249039645,585.9670319946256,635.6216938930792,1369.7059287231214,819.9243487934682,660.312119147465,0.9218801649227423,1.2417223991770419,1.871807095492155e-09,0.8843448315249021,1368.603881941112,leap,A,0,leap
LeapCubeRotateZAxis_pathwise_fa_s106_final,LeapCubeRotateZAxis,pathwise,106,16,2048,0,5,3.460110545774601e-08,1.2872151461336534,0.7523391650918356,0.3091943564645397,3.5412503197489495e-08,0.543427357171288,0.8807577234376524,0.019317696089260275,3.656504542779596e-08,1.7209750566774846,0.48999346687220624,-0.019072516022734826,3.420793120583797e-08,1.747151037119454,0.785839514012019,0.5160603890528624,1207.0818853979047,552.7649156455707,744.1105630933068,1387.1401061048857,769.8830768693335,760.4161957735856,0.7428532036256776,1.0124496047669211,4.576171110718565e-09,0.8840377005036246,1385.5356429429576,leap,A,0,leap
LeapCubeRotateZAxis_pathwise_fa_s106_final,LeapCubeRotateZAxis,pathwise,106,16,2048,0,6,3.2130702770237455e-08,1.3476334514500596,0.7416698658467755,0.3094080198423666,3.6762409284891435e-08,0.584400203299117,0.863219727159599,-0.0012303815867205,3.4272456200512535e-08,1.6618670432765035,0.5029667421856004,-0.01991679538529245,3.0715540346068096e-08,1.8167422739619983,0.7818104466515674,0.5203292442273475,1119.9734717330773,541.4331390985388,656.1180540312834,1306.3238985122741,756.6953439016285,673.7590373852579,0.8252068903940307,1.1230949076961265,2.3024016751103128e-09,0.8799942603764759,1305.0086944138554,leap,A,0,leap
LeapCubeRotateZAxis_pathwise_fa_s106_final,LeapCubeRotateZAxis,pathwise,106,16,2048,0,7,3.289443050511954e-08,1.3403402909927087,0.7579366482143812,0.3446343655643692,3.5974803619737356e-08,0.5960390310326578,0.8565059710135946,-0.01857443157344412,3.246299415719592e-08,1.8831176729579624,0.47330597431795335,0.006254581009925915,3.2202012168520126e-08,1.7508073762845067,0.8096644722874438,0.5660852025649858,1153.0321732974194,533.4015288638974,698.5628060310976,1355.2176999654125,756.5212606020871,721.9952838735696,0.7635698955895334,1.0478202247295598,2.4098623833003423e-09,0.8914204779330237,1353.952913989573,leap,A,0,leap
LeapCubeRotateZAxis_pathwise_fa_s107_final,LeapCubeRotateZAxis,pathwise,107,16,2048,0,0,3.0240114350774225e-08,0.5060104521626023,0.8964095776420997,0.044239335748093564,2.9035562779133306e-08,0.37790865703678284,0.9355501140584026,0.0026765418148408204,4.0707305896619596e-08,3.0157035774974723,0.2958427181797237,-0.021966102951424257,3.399658555338212e-08,1.049596524618397,0.7575693923470941,0.1872893397514863,5454.137361502267,644.4619913943709,5340.448899152318,5455.061966286126,648.7919277599702,5340.594505738254,0.12067562176218284,0.1214830908923846,5.662148359974006e-09,0.8582957607037224,5451.726190734608,leap,A,0,leap
LeapCubeRotateZAxis_pathwise_fa_s107_final,LeapCubeRotateZAxis,pathwise,107,16,2048,0,1,3.173764534874425e-08,0.4996432800845653,0.8992502791465684,0.05157335191811697,3.1441446875044446e-08,0.374590739841029,0.9366123565791376,0.003631619609948511,3.409057955768113e-08,2.684936143679015,0.3509238048279884,0.002307504820916853,3.2693229912884376e-08,1.0050938361864112,0.7761544247862665,0.20885286873243397,5153.897407634212,612.8300267334979,5044.632233437003,5154.7724324769115,616.6690548448175,5044.781731138755,0.12148160626487634,0.12223899619649493,5.915337434871164e-09,0.8652648023952413,5151.614027529921,leap,A,0,leap
LeapCubeRotateZAxis_pathwise_fa_s107_final,LeapCubeRotateZAxis,pathwise,107,16,2048,0,2,3.7463956170626876e-08,0.5613967482963496,0.8780911852410636,0.05141797683386,3.8389897892215715e-08,0.41871145940064974,0.9227431357244786,0.005831433891473348,4.3509988919809753e-08,3.251274123623582,0.2703455633662723,-0.02687144748767714,3.3991625516364315e-08,1.111553802430448,0.7471698808846202,0.20148677183510397,4766.445369070959,630.5043988315891,4637.950716081927,4767.549610425705,635.6168484820032,4638.094491664355,0.13594460946843134,0.13704266905823978,7.1678989573130386e-09,0.841985188606762,4764.62374739465,leap,A,0,leap
LeapCubeRotateZAxis_pathwise_fa_s107_final,LeapCubeRotateZAxis,pathwise,107,16,2048,0,3,3.4134542341593194e-08,0.537265548978363,0.8857619264595833,0.04516963085885432,3.38696364158365e-08,0.3983271451469295,0.9291216477044036,0.0021678253105050786,4.121251656868139e-08,3.184408555429611,0.2901027871579419,-0.010908962236323597,3.471611387634193e-08,1.1123826885677455,0.7437711655332752,0.19284816445607572,5031.770784067693,634.5965783391192,4920.875674079399,5032.820089729665,639.6279772660876,4921.011326331133,0.12896009173364045,0.129978968722058,7.37909331080385e-09,0.8476569891625296,5029.851152472874,leap,A,0,leap
LeapCubeRotateZAxis_pathwise_fa_s107_final,LeapCubeRotateZAxis,pathwise,107,16,2048,0,4,3.374436876315941e-08,0.519584112005804,0.8924098994433596,0.05059706990518945,3.393437123505417e-08,0.392720529553287,0.9309869196438925,0.003922399628050887,2.7295655883395275e-08,2.493544068741113,0.3070683870908396,-0.07939748125783022,3.325972947225406e-08,1.014375337926529,0.7709448691827252,0.20014136113376393,4851.668427332871,602.8376322333032,4737.753734321856,4852.493826703732,606.3913082678391,4737.90698199657,0.12724123414565594,0.12798717040500102,4.532141898417116e-09,0.8564862605132881,4849.749662356275,leap,A,0,leap
LeapCubeRotateZAxis_pathwise_fa_s107_final,LeapCubeRotateZAxis,pathwise,107,16,2048,0,5,3.51710072900479e-08,0.5255446545420274,0.889053639599479,0.03782283289330673,3.5720998486124185e-08,0.39141937475027105,0.9309203740556916,-0.0059343592869978545,3.7336761444394035e-08,2.696077347175766,0.3035685018779557,-0.0527492810607157,3.30514993361567e-08,1.0845970370728,0.7472968442113278,0.18351555238275633,5062.893061827275,627.2944532831198,4965.682529620235,5063.820644566665,631.6615482529321,4965.829544411981,0.1263259279145044,0.12720161709210034,5.013127213642455e-09,0.8500080456829229,5060.802529170737,leap,A,0,leap
LeapCubeRotateZAxis_pathwise_fa_s107_final,LeapCubeRotateZAxis,pathwise,107,16,2048,0,6,3.685474632622179e-08,0.5033757546971104,0.8975039346858168,0.04635163223792953,3.749899922760947e-08,0.38003153418250957,0.9348042652567935,0.0006793338117406565,3.5879061948726766e-08,2.089916053148659,0.4159859134805568,-0.021146876542262973,3.4504979901727175e-08,1.0113116422088106,0.7696616007732706,0.19383382153039252,4738.683854348877,571.7943074253513,4635.147240132377,4739.353732061875,574.5323088634689,4635.285674997704,0.12336054882455495,0.12394755127228559,3.5231032055222414e-09,0.8603738683235548,4736.769427934248,leap,A,0,leap
LeapCubeRotateZAxis_pathwise_fa_s107_final,LeapCubeRotateZAxis,pathwise,107,16,2048,0,7,3.113569268597235e-08,0.5310700120356269,0.8882910032173965,0.048795419614389025,3.0121562767527096e-08,0.3975201626713269,0.9292019826651424,-0.0013347274124027317,4.152396617211918e-08,3.041002797891219,0.3123497541849049,-3.831931368693711e-05,3.388102604790515e-08,1.0521073270005572,0.7643847258968822,0.2089025435217338,4987.633753498449,629.5824657883932,4878.655511515979,4988.68677113723,634.1389411275227,4878.826057576392,0.12904835447025823,0.12997777203857475,4.80114120361398e-09,0.8528750288899177,4985.724439971101,leap,A,0,leap
LeapCubeRotateZAxis_pathwise_fa_s108_final,LeapCubeRotateZAxis,pathwise,108,16,2048,0,0,3.6345576617991775e-08,0.04675364181056748,0.9989172524012444,-0.1455446413404889,3.677793642763714e-08,0.0354685913748593,0.9994033100783127,-0.26080254624161725,3.245346666829592e-08,0.217891009390566,0.9768086464466489,-0.029318682522597738,3.546433120632725e-08,0.059688883928457566,0.9982191095302039,-0.02553649556279691,1140.4659304985908,56.1780304864597,1139.4347963411026,1140.7600707068216,56.485115975091745,1139.6620237940601,0.0493034183850237,0.04956304131908032,2.629252695277214e-09,0.9987318603340238,1140.3998855144873,leap,A,0,leap
LeapCubeRotateZAxis_pathwise_fa_s108_final,LeapCubeRotateZAxis,pathwise,108,16,2048,0,1,3.7323469969569786e-08,0.050265159961858256,0.9987780636190969,-0.2309271716356562,3.7976931883192954e-08,0.03780706868826504,0.9993557331927267,-0.34823060056064215,3.7679095973590334e-08,0.21360723477534796,0.9780475616424127,0.011724811589659854,3.587973671875584e-08,0.06484022415929473,0.9979048622194384,-0.13051743725331438,1038.9449152126078,56.667770635758416,1042.590717753876,1039.2192773399781,56.9497666165469,1042.812246300939,0.054352843997922395,0.0546117163646274,6.0274494996485195e-09,0.9986535630780171,1038.9124049806605,leap,A,0,leap
LeapCubeRotateZAxis_pathwise_fa_s108_final,LeapCubeRotateZAxis,pathwise,108,16,2048,0,2,3.7562196237655097e-08,0.046038516224893564,0.9989567188566848,-0.1719522533893667,3.890696717231639e-08,0.03525816147974177,0.9994273863026748,-0.3134239086968726,4.100690949507879e-08,0.20593760600485203,0.9795006162464047,0.006521940154372637,3.4481168990340245e-08,0.05845438755198318,0.9982923877659078,-0.02172018786050701,1160.3218548302846,56.05647216291132,1158.7359220024027,1160.6345233543182,56.342795958703526,1158.9708519516319,0.04837726275546935,0.04861450645098266,3.6402406781277337e-09,0.9988060546835011,1160.2468983898655,leap,A,0,leap
LeapCubeRotateZAxis_pathwise_fa_s108_final,LeapCubeRotateZAxis,pathwise,108,16,2048,0,3,3.686426052983201e-08,0.04796441614962716,0.9989032817294412,-0.2624866005546605,3.704476154182343e-08,0.03805627213703436,0.9993603606441561,-0.37539968905374493,3.5361746349412745e-08,0.20263848213955013,0.9802186049830718,0.017037509453338574,3.6506829032042296e-08,0.0592251426737695,0.9982613137158901,-0.15588237736524585,1048.6014859984698,53.14278303437942,1058.8487023470504,1048.895526876822,53.3946347493511,1059.095463792995,0.050189212978759626,0.05041531814150729,4.146362343035959e-09,0.9987997184554777,1048.5941930964848,leap,A,0,leap
LeapCubeRotateZAxis_pathwise_fa_s108_final,LeapCubeRotateZAxis,pathwise,108,16,2048,0,4,3.780885671965373e-08,0.04860426916874323,0.9988712320352675,-0.25812043714545446,3.848896466285651e-08,0.036716129902595464,0.9993883880658883,-0.3378997870953854,3.4325026259066866e-08,0.20133696700903503,0.9798083317284596,-0.08329148266004034,3.6347692295791856e-08,0.06296130634088604,0.9980557820319097,-0.2030123496199921,1047.130597105164,59.13366560561775,1055.4757684261517,1047.376229057369,59.390164110774194,1055.7031921474409,0.05602560226824865,0.05625649761460571,3.954985427501236e-09,0.9986398313702162,1047.1085181850924,leap,A,0,leap
LeapCubeRotateZAxis_pathwise_fa_s108_final,LeapCubeRotateZAxis,pathwise,108,16,2048,0,5,3.58334256888789e-08,0.045118412164906176,0.9990265581257558,-0.2528806070080865,3.5551489301079865e-08,0.03407298965993371,0.9994944985475597,-0.38919486465815595,3.4198530265680423e-08,0.19524565279158346,0.9810215426981063,-0.07752938850178434,3.6456558323195915e-08,0.05791347185969971,0.9983295814705103,-0.12642657868284324,1091.7796841243542,51.72845971696696,1099.7812425230122,1092.0595287765964,52.035320236709666,1100.016123235544,0.04703522638583694,0.04730414321896936,2.0077496151930415e-09,0.9989218945529053,1091.7373840938144,leap,A,0,leap
LeapCubeRotateZAxis_pathwise_fa_s108_final,LeapCubeRotateZAxis,pathwise,108,16,2048,0,6,3.889861440708234e-08,0.04487469518403577,0.999030660454974,-0.23726118024087497,4.0229751620916106e-08,0.035531274739568325,0.9994404345678204,-0.36862396100859124,3.147756985952281e-08,0.19659819092103173,0.9811249906377013,-0.013262774048366696,3.604857005552146e-08,0.05538580439734462,0.9984680576849017,-0.09961679036164865,1155.385741721507,51.03919827570576,1160.4419404271061,1155.7071557330694,51.33782414595748,1160.7002528203775,0.04398255224808619,0.04423004476927787,5.033630286202938e-09,0.9989266015940191,1155.3330674845367,leap,A,0,leap
LeapCubeRotateZAxis_pathwise_fa_s108_final,LeapCubeRotateZAxis,pathwise,108,16,2048,0,7,3.4981582022573356e-08,0.048174819336864676,0.9988807322041829,-0.2359437379002504,3.477764277976132e-08,0.03687924654417165,0.9993837145888309,-0.3398650998981765,3.6231042763728596e-08,0.2044667499495801,0.9790410410977238,-0.11614160843279737,3.539102308227977e-08,0.06163101756546429,0.9981111413912093,-0.1409604958604429,1072.4102058199417,53.31383729756532,1078.997788402019,1072.6620278125856,53.605367610255534,1079.2046797734822,0.04941051582369074,0.049671177872863646,2.9063703986677304e-09,0.9987427588490179,1072.3376893067366,leap,A,0,leap
LeapCubeRotateZAxis_weighted_mle_s101_final,LeapCubeRotateZAxis,weighted_mle,101,16,2048,0,0,4.057993137007296e-08,0.6290140620917891,0.7913572758886988,-0.40798776327837616,3.5113526115591754e-08,0.0685218606378067,0.9976511721228892,-0.04281295306628694,3.931639425088228e-08,0.8159051079472831,0.7110667254626304,-0.2452127232050226,4.331133906387485e-08,0.6899392581264451,0.7363017139445881,-0.5198230494766811,424.03415893673406,101.29695163600793,441.05141139912575,540.7177347448154,546.7571246964093,787.7565462531306,0.22967152812110575,0.6940686526782839,2.84545267125444e-09,0.9864879059102142,540.4575284479755,leap,B,0,leap
LeapCubeRotateZAxis_weighted_mle_s101_final,LeapCubeRotateZAxis,weighted_mle,101,16,2048,0,1,4.022597075088253e-08,0.5851734918406233,0.8199584192890923,-0.3897159184123805,3.5710427657415166e-08,0.06266377843855982,0.9980551507121478,0.039763412241498715,4.1948353830899983e-08,0.8311422593936261,0.7102899667325682,-0.21847518930512588,4.183960127741524e-08,0.6407442414867196,0.7738263303526055,-0.5092919171197814,501.470629040202,97.22117911240824,498.5451762383437,618.327404654859,529.7668208134477,849.0740092051087,0.19500976791304603,0.6239347984628659,3.6709792627348375e-09,0.9889706612469839,617.8778031077084,leap,B,0,leap
LeapCubeRotateZAxis_weighted_mle_s101_final,LeapCubeRotateZAxis,weighted_mle,101,16,2048,0,2,3.8741297359425356e-08,0.6031272904206011,0.8086564193094975,-0.39548426212181836,3.45238329337325e-08,0.059055528773837906,0.9982570671736049,-0.02222189284480122,3.7277805698672895e-08,0.8183868116003692,0.7057137584645621,-0.26013779442667956,4.1157674822868876e-08,0.6643627704777638,0.7570017903621419,-0.505770004231447,516.2955503747693,101.50840755000259,512.6323937152365,624.5634708279292,542.116861927996,843.2159830708559,0.19801403265668294,0.6429157805497158,4.3805088723868155e-09,0.9874923232454453,624.1738595934852,leap,B,0,leap
LeapCubeRotateZAxis_weighted_mle_s101_final,LeapCubeRotateZAxis,weighted_mle,101,16,2048,0,3,3.929192753298602e-08,0.6547986922503463,0.7757822608932162,-0.40082035640863295,3.5277330982266196e-08,0.06887530755828554,0.9976375688183555,0.003215486176747689,3.8608753861570106e-08,0.8658897957511623,0.6795378271428298,-0.2606424256900021,4.116790005624587e-08,0.7128942787224537,0.7206397265198219,-0.506508786347953,412.6709953738577,99.34824055079845,428.51726494519806,529.4157508511313,544.4436218711518,762.5455101763494,0.23184186187574868,0.7139818077812048,3.723977023245322e-09,0.9858861457022369,529.2719143018687,leap,B,0,leap
LeapCubeRotateZAxis_weighted_mle_s101_final,LeapCubeRotateZAxis,weighted_mle,101,16,2048,0,4,4.039410504231935e-08,0.6118049541724233,0.8027348673221372,-0.40188944275915867,3.80792298922188e-08,0.06749659528062657,0.9978240897779206,0.1491643051310737,3.7241498207589196e-08,0.8249251130442644,0.7086626262763155,-0.2362483345553615,4.24054337704359e-08,0.663632378811731,0.7563811681896824,-0.5172329814987541,412.1128348402521,99.45646094908136,410.2587237523889,534.2322548184587,532.0350671744079,784.1892493757024,0.24242375650031983,0.6784523858213606,4.937899093459376e-09,0.9880160133834563,533.867208668293,leap,B,0,leap
LeapCubeRotateZAxis_weighted_mle_s101_final,LeapCubeRotateZAxis,weighted_mle,101,16,2048,0,5,4.060724306086856e-08,0.6086380079189305,0.8050542463465162,-0.3979918819235075,3.513409442963578e-08,0.06289817052918112,0.9980230948481945,-0.02304169240054729,4.339762293185754e-08,0.8096636953761333,0.711476745210552,-0.25646952364993225,4.1860989125750055e-08,0.6598066649474178,0.7608382209380173,-0.5007500172198832,486.4867062599607,100.9439230496799,492.538607944752,603.1021911178484,535.6900413089835,831.6044235568025,0.2049462142082526,0.6441644923169323,2.7609251494304853e-09,0.9874763105483046,602.7125317238836,leap,B,0,leap
LeapCubeRotateZAxis_weighted_mle_s101_final,LeapCubeRotateZAxis,weighted_mle,101,16,2048,0,6,4.0254767743797135e-08,0.5769284223736673,0.8245664856996622,-0.3933945105380802,3.408259078142774e-08,0.0540855296657367,0.9985448866501322,0.022655473936929484,3.862881101885415e-08,0.8131548409382725,0.7070499081052531,-0.2659449045952751,4.347313557614719e-08,0.6305134975111236,0.7817162052045912,-0.5016714337268714,521.2573030890318,98.63897667442762,516.230623075543,630.4799789505443,518.6565665929305,849.6461373212055,0.19107540751218283,0.6104383269818289,2.5919698984595135e-09,0.9890489302362154,629.9610465691671,leap,B,0,leap
LeapCubeRotateZAxis_weighted_mle_s101_final,LeapCubeRotateZAxis,weighted_mle,101,16,2048,0,7,3.97234523810879e-08,0.5934793444175713,0.8152059113802326,-0.3872830248836031,3.8218455560251826e-08,0.060315807120563836,0.9982201595603317,0.09042817893224939,3.7686196813474415e-08,0.7669853760422284,0.7352875277973682,-0.25469834706197364,4.1120632921370514e-08,0.6575020422459857,0.7627867228874269,-0.4979634400606123,468.0393848763938,99.44745295484238,460.1957056178198,578.0630986576979,526.1462890448563,792.3492766393224,0.2160981767992216,0.6640332799651909,6.194056839325486e-09,0.9878435581190876,577.718104248749,leap,B,0,leap
LeapCubeRotateZAxis_weighted_mle_s102_final,LeapCubeRotateZAxis,weighted_mle,102,16,2048,0,0,3.4428773196685193e-08,3.2983117044960344,0.5549215436952527,0.32715764719505175,3.961020703103161e-08,0.05422975813362463,0.9986285331357934,-0.31084812356088454,3.4858581588944685e-08,4.508849868504883,0.3434371222700652,0.14027751762981638,3.4189926013422144e-08,4.292353509806778,0.6229270952068079,0.4699242617361558,369.38693695511415,195.8499847636687,201.31478091957857,1869.6148383929267,1665.5004396652298,285.27743565709727,0.9728544713361413,5.838177968155711,3.4571374827250926e-09,0.9211607068534796,1889.2654553890536,leap,B,0,leap
LeapCubeRotateZAxis_weighted_mle_s102_final,LeapCubeRotateZAxis,weighted_mle,102,16,2048,0,1,3.391304397546846e-08,3.5065935462076094,0.49916259479975805,0.2695611031134401,3.6871412127237596e-08,0.059902292950473626,0.9982104596915644,-0.0009996656437023643,3.578137167665104e-08,5.611070582286699,0.2827925831745724,0.11466343265762592,3.3566898320540534e-08,4.685634797881146,0.5537965810188626,0.39701756135902455,359.04650345378093,195.50963549940604,193.68087618363336,1778.0192479537334,1625.3679089359746,242.41191617386343,1.0094421264081737,6.704983544497939,2.005537199764078e-09,0.9193148872633714,1795.8094356245751,leap,B,0,leap
LeapCubeRotateZAxis_weighted_mle_s102_final,LeapCubeRotateZAxis,weighted_mle,102,16,2048,0,2,3.5757007829433905e-08,3.3156872700902764,0.5329522894171221,0.2993744338731782,3.566123776094187e-08,0.05014854864574303,0.9987419901875996,-0.06334435157491893,3.6718122160876006e-08,4.393483793483783,0.3798062436922602,0.17651536518095215,3.563580049102991e-08,4.418570410421502,0.5886194961999094,0.4307794477930547,368.5399421420939,194.65809851151056,206.52138964370263,1856.2040237389363,1676.3391785110136,272.10987341446014,0.9425565983617487,6.16052316469133,2.580949380561743e-09,0.9133408386548922,1875.7746649298622,leap,B,0,leap
LeapCubeRotateZAxis_weighted_mle_s102_final,LeapCubeRotateZAxis,weighted_mle,102,16,2048,0,3,3.3698744826460655e-08,3.4741749592925344,0.5649553009614353,0.35282280491354656,3.747888387883485e-08,0.05733204083451786,0.9983596668103193,-0.004971996328896168,3.198273415881109e-08,5.041592610029146,0.3388447958308746,0.15731597649220092,3.3779746521756255e-08,4.474518499343138,0.6402444593879187,0.49886174009434253,364.2673206630489,197.75672527217338,193.89370515043717,1898.1250628693667,1691.9721651829332,279.63829671422565,1.0199233911113204,6.050573848660028,3.3477194404592917e-09,0.9225122753531402,1918.589256966192,leap,B,0,leap
LeapCubeRotateZAxis_weighted_mle_s102_final,LeapCubeRotateZAxis,weighted_mle,102,16,2048,0,4,3.4640553254018456e-08,3.116240690801529,0.6149238397310174,0.39535158277635646,3.768878898568947e-08,0.05081239044217661,0.9987084813065489,-0.06510697141818467,3.3021621172900664e-08,4.775209278527437,0.4026452246480391,0.21971454621119305,3.4706396623031247e-08,4.119125564084584,0.7036342519664516,0.5705117628122797,400.70226110481855,193.08190088120662,227.62106642183835,1877.111579484959,1626.5982113333052,324.5115300151073,0.848260241973285,5.0124512101544605,3.2001515886819814e-09,0.9303362755296063,1896.7552588129004,leap,B,0,leap
LeapCubeRotateZAxis_weighted_mle_s102_final,LeapCubeRotateZAxis,weighted_mle,102,16,2048,0,5,3.3939052417132393e-08,3.2312668231017883,0.5707357386458621,0.34333221843577494,3.3218689652167146e-08,0.061781009581708415,0.9981019978815379,0.01856689493464252,3.4455036404927235e-08,4.632246331465643,0.36754802030697276,0.1733496477475505,3.390073402624385e-08,4.197037339578476,0.6385324575875956,0.4865882200870477,382.15731165986836,199.68621011987057,209.60026600825302,1851.9182159354245,1640.1027563505597,292.6041951246255,0.9527001750656507,5.60519221418546,3.0567758215777278e-09,0.9217406440784063,1871.0817728783409,leap,B,0,leap
LeapCubeRotateZAxis_weighted_mle_s102_final,LeapCubeRotateZAxis,weighted_mle,102,16,2048,0,6,3.4439949119779045e-08,3.6161934999995875,0.4908954946533832,0.26654079657893764,3.6484556745382505e-08,0.05060967237732653,0.9987191456275595,-0.07282961595221367,3.37440961081735e-08,5.2032206982082325,0.30369002666690836,0.12409171404830772,3.445558179840776e-08,4.975431578565742,0.5506359781585098,0.4027828719295109,372.46023951751664,197.2328503988011,201.2767626487814,1834.0188874168348,1679.4629914041554,249.57856671474272,0.9799086978707139,6.729195593641263,3.0682237550191673e-09,0.9092367343084932,1853.0610475051822,leap,B,0,leap
LeapCubeRotateZAxis_weighted_mle_s102_final,LeapCubeRotateZAxis,weighted_mle,102,16,2048,0,7,3.483875209126322e-08,3.1115783741611267,0.5508316319764245,0.30677792523341246,3.4192881977748315e-08,0.0476456625715847,0.9988643644371926,-0.05513285148772193,3.097062994575263e-08,4.72071964083432,0.3546776516598573,0.16246698056230355,3.531670804630086e-08,4.202860295626657,0.6128046817004786,0.4532928350549611,392.29136194264873,194.32872976829412,226.99877071175666,1854.8836850748362,1655.8770662543075,296.4595439327674,0.8560783353979134,5.585507702966142,4.23450981986145e-09,0.9210171709176453,1874.2292154981292,leap,B,0,leap
LeapCubeRotateZAxis_weighted_mle_s103_final,LeapCubeRotateZAxis,weighted_mle,103,16,2048,0,0,3.7515593781065084e-08,0.14645514363763887,0.9898608328812573,-0.378961824597336,3.6764334175479834e-08,0.03976493897280603,0.9992359895329963,0.14592495577267373,4.226060224284475e-08,0.2727627537251765,0.9707705067806929,-0.6724222573973991,3.7430244131028384e-08,0.17156148899374374,0.9872609282863622,-0.5168179414106489,940.2421502311358,23.605295188054644,936.0865637953713,972.7065602120853,78.5083046044894,986.8322467738362,0.025217000329912587,0.07955587675732081,2.9804817587449073e-09,0.9988931348280854,972.36635650382,leap,B,0,leap
LeapCubeRotateZAxis_weighted_mle_s103_final,LeapCubeRotateZAxis,weighted_mle,103,16,2048,0,1,3.587118614901085e-08,0.15443995239211175,0.9885821309518014,-0.36374176969761773,3.438366457133714e-08,0.04373228074819987,0.9990979386431023,0.1975042100715377,3.712388060141838e-08,0.2761189162023614,0.9731518914240403,-0.729442926515188,3.749139026926793e-08,0.18520612187023097,0.9845151486451318,-0.48359957758695904,900.6398061436862,28.197678718230897,892.7830149849035,927.467298250472,84.3029575084011,938.74175188083,0.03158402237155875,0.0898042058313637,3.6918953105468272e-09,0.9986517880779326,927.132359668454,leap,B,0,leap
LeapCubeRotateZAxis_weighted_mle_s103_final,LeapCubeRotateZAxis,weighted_mle,103,16,2048,0,2,3.790518337447943e-08,0.15509683048261377,0.9886434505615038,-0.39008458402058527,3.746300629218041e-08,0.038344052423862865,0.9992646004529182,-0.03602762022524386,4.0875881167079724e-08,0.2917458918808168,0.9673032420286392,-0.6985581594180386,3.790309887874995e-08,0.18872841681755934,0.9841433842926655,-0.5028989288343119,931.5534259587024,27.864109598665674,937.0746706017111,955.5798548433914,83.91197892475462,977.9582317304969,0.029735207313600357,0.08580323392367413,6.34705582718594e-09,0.9984964636857456,955.2432530938044,leap,B,0,leap
LeapCubeRotateZAxis_weighted_mle_s103_final,LeapCubeRotateZAxis,weighted_mle,103,16,2048,0,3,3.8380516188616366e-08,0.16238953454257926,0.987396469887705,-0.3753401473958714,3.7919719937189286e-08,0.04472181133360074,0.9990311608679527,0.13442510287104062,4.103100771683086e-08,0.3054027927603111,0.9656143553137644,-0.7280035122725804,3.846252821671607e-08,0.19012167317351789,0.9836954563366872,-0.4891933165513553,916.8863552060174,29.464553044758983,911.4840574705278,944.8573634171661,87.11751181261899,958.5402358502978,0.03232591157603617,0.0908856076712722,4.3539469106562395e-09,0.9986016845454202,944.5114548978579,leap,B,0,leap
LeapCubeRotateZAxis_weighted_mle_s103_final,LeapCubeRotateZAxis,weighted_mle,103,16,2048,0,4,3.7749439698093864e-08,0.15016068620982675,0.9892104447100579,-0.35997890023753326,3.823036750674998e-08,0.041657916886077555,0.999194424858706,0.22938004323524863,3.717500581111605e-08,0.28427550530321105,0.9725881050190147,-0.7496746277379667,3.7182607220919024e-08,0.18033218055445527,0.9855103117263786,-0.4942075801966562,1030.8333300544791,28.79852448602259,1022.5683486293022,1058.2878030254958,83.70596001669813,1067.556188433994,0.028162933582508622,0.07840895020194388,7.0220298927268205e-09,0.9988879010040723,1057.9520515238369,leap,B,0,leap
LeapCubeRotateZAxis_weighted_mle_s103_final,LeapCubeRotateZAxis,weighted_mle,103,16,2048,0,5,3.755955614849731e-08,0.17017867715728252,0.9859570032313791,-0.3535714736052431,3.659335859666846e-08,0.04173625954922263,0.9992065582026808,0.26069127836540607,4.137437536680087e-08,0.3042407425096971,0.9651816841174499,-0.7177843296761055,3.7984051762045424e-08,0.20409830489265018,0.9806811932459093,-0.46731295141996565,841.4472659711388,26.139263722234066,836.181525504377,866.8025156774107,87.5377415404285,881.1830247755979,0.031260274144979554,0.09934115737501951,2.5555902642544324e-09,0.9983467513397517,866.4931625780586,leap,B,0,leap
LeapCubeRotateZAxis_weighted_mle_s103_final,LeapCubeRotateZAxis,weighted_mle,103,16,2048,0,6,3.513953870910858e-08,0.1516601417773202,0.9890969512825679,-0.37937040875049716,3.2322948780269844e-08,0.03625470805520946,0.9993465981597202,0.04206361265964221,4.033863438774731e-08,0.2947966341589375,0.9677128050859094,-0.7173708188789627,3.785456394330916e-08,0.18475772595850717,0.9848257685141162,-0.5008608756093509,984.6684414158974,26.52553981112243,984.667134331712,1010.0659729430065,83.3583998745615,1027.1148164909825,0.026938585524259564,0.08115782046582254,3.6671876018661866e-09,0.9986356474485497,1009.7259610015385,leap,B,0,leap
LeapCubeRotateZAxis_weighted_mle_s103_final,LeapCubeRotateZAxis,weighted_mle,103,16,2048,0,7,3.731498169599643e-08,0.15720716213644176,0.9883365891357551,-0.3928899324624702,3.623723282415557e-08,0.040254280577115074,0.9992080099267319,0.11176554461087342,3.791932419320117e-08,0.2856644196927751,0.9707795093956207,-0.728242480541943,3.837376341747063e-08,0.1816756982450765,0.9852630145176314,-0.4931077101482924,858.6143395222654,27.243928149099798,852.5723049421727,890.361384671381,82.56387018651077,904.5052905440174,0.03195497671126866,0.09128069349030826,3.0336934886442098e-09,0.9986001683432342,890.0207851083443,leap,B,0,leap
LeapCubeRotateZAxis_weighted_mle_s104_final,LeapCubeRotateZAxis,weighted_mle,104,16,2048,0,0,3.628786196347301e-08,0.6826600587177742,0.8364623406229618,0.05882234348100393,3.888507838264761e-08,0.034298418227661935,0.9994650744841298,-0.3323549722282077,3.437178851569614e-08,2.186338329491829,0.442902792398901,0.03628601157482733,3.4462489818128565e-08,1.056367186481564,0.7332051821045494,0.12335558122220643,1333.1577217085044,164.66421662105674,1218.3843159602795,1416.368055099536,484.9012927277739,1222.7297812300642,0.13514965225998923,0.39657273436160495,2.768881000562077e-09,0.9846999325216917,1415.939590488679,leap,B,0,leap
LeapCubeRotateZAxis_weighted_mle_s104_final,LeapCubeRotateZAxis,weighted_mle,104,16,2048,0,1,3.4109498760300735e-08,0.7693807777748042,0.8204193524345564,0.12406375977879187,3.2952205877949556e-08,0.03714564994475971,0.9993350632171204,-0.22672251166891313,3.558489420417466e-08,2.5053416580642,0.4441206605462225,0.09433114889270663,3.458525140196366e-08,1.1517487168223899,0.7455823746583238,0.22250657385131623,1132.1932722565632,169.12545377053468,1012.8551861854816,1247.4214232318047,489.1909975617118,1017.9593746530544,0.1669789088087495,0.4805604327072872,3.0001213957663873e-09,0.9835500279718906,1247.4323753776412,leap,B,0,leap
LeapCubeRotateZAxis_weighted_mle_s104_final,LeapCubeRotateZAxis,weighted_mle,104,16,2048,0,2,3.420356409985386e-08,0.689273722476418,0.8454115610691866,0.12049127226084021,3.4484193343061226e-08,0.03627243225762801,0.9993564381846191,-0.183790800774104,3.323849213112553e-08,2.153321226935195,0.49986542081838276,0.10928723583931017,3.410789800515088e-08,1.0746137619510236,0.7638141233786014,0.22303190869187942,1359.120440871779,174.76045561088497,1231.134611033783,1454.8574387563224,484.09971641652714,1235.7708972639111,0.1419507290629565,0.39173904927552483,3.1593443668524973e-09,0.9847339418348603,1454.489452324324,leap,B,0,leap
LeapCubeRotateZAxis_weighted_mle_s104_final,LeapCubeRotateZAxis,weighted_mle,104,16,2048,0,3,3.563054813617556e-08,0.7280751395493248,0.8260483121013773,0.0866665682282769,3.698723334187081e-08,0.03384651915790592,0.9994906327716622,-0.3630247238231858,3.655516973996742e-08,2.3491622914776267,0.4575393767249298,0.08692646444192767,3.457223168398771e-08,1.1503141637619771,0.7272829832669082,0.17413938221944858,1209.3719230286376,161.9866826681541,1101.7533950578031,1303.7477648775728,469.1802393575459,1105.6614875548948,0.14702626140730465,0.4243434764062461,3.37684651261704e-09,0.9815011080110214,1303.5220156461555,leap,B,0,leap
LeapCubeRotateZAxis_weighted_mle_s104_final,LeapCubeRotateZAxis,weighted_mle,104,16,2048,0,4,3.5657595842027843e-08,0.6921111130250363,0.8343359893317991,0.06542051396874324,3.716012853238365e-08,0.029113308591592613,0.9995819467381636,-0.14591751238883907,3.5611997988264055e-08,2.1710121911311884,0.3999704165977424,-0.024346641948305422,3.4500704492730657e-08,1.0862406783963474,0.7271984424701982,0.12982423463223064,1319.1740799895438,175.0810327401743,1197.9851957708593,1403.2278654183533,482.7547496203383,1201.7213851632175,0.14614624066995752,0.4017193632239226,2.1517397744095554e-09,0.9829207078597562,1402.7739525089628,leap,B,0,leap
LeapCubeRotateZAxis_weighted_mle_s104_final,LeapCubeRotateZAxis,weighted_mle,104,16,2048,0,5,3.460103935910922e-08,0.6895200562303441,0.837661517815154,0.07861507827384824,3.423459233911883e-08,0.03188152740078986,0.999538317079618,-0.33175330398493436,3.367844532515083e-08,2.486868038913309,0.40520545682802145,0.040742361051621545,3.494604022062629e-08,1.0706262089858805,0.7418527837708946,0.15832670304855373,1363.4563906632145,174.77376123387404,1238.2990671782497,1458.7284073319345,503.9564661371391,1242.4247405362282,0.1411401864592665,0.405623334512505,2.489182422509429e-09,0.9853507140958877,1458.3071347881523,leap,B,0,leap
LeapCubeRotateZAxis_weighted_mle_s104_final,LeapCubeRotateZAxis,weighted_mle,104,16,2048,0,6,3.32157334196038e-08,0.5927620252646165,0.8763448842008932,0.11931980725133351,3.189901497327811e-08,0.030814877532751486,0.9996099268776543,-0.4477231620956208,3.344311120049154e-08,2.3370055551584423,0.5239930091876409,0.17754363044928734,3.423033734570636e-08,0.9443193353899401,0.80100348257343,0.239943762893533,1571.309949387988,166.970414919683,1462.4048361376292,1663.0037428622488,482.8706920986033,1467.5551041214865,0.11417523437673387,0.329030706065147,3.2958293253869183e-09,0.98723044344602,1662.3153483083136,leap,B,0,leap
LeapCubeRotateZAxis_weighted_mle_s104_final,LeapCubeRotateZAxis,weighted_mle,104,16,2048,0,7,3.4535640055897024e-08,0.6424394951391017,0.8633279418074115,0.13786559530909062,3.6914482947660525e-08,0.03379873464278202,0.9995021863250099,-0.3879631717590989,3.363860838565189e-08,2.4201730263860397,0.5339662567839458,0.20493691321965268,3.281807845888934e-08,1.0081690456517631,0.7930711407127633,0.26391732894765907,1477.504544010583,170.0220464663957,1363.5645487396487,1577.5474041168495,490.0128124469726,1369.4511436390605,0.12468940075007673,0.357816936166744,5.757271916371463e-09,0.9860336209482145,1577.0047296168066,leap,B,0,leap
LeapCubeRotateZAxis_weighted_mle_s105_final,LeapCubeRotateZAxis,weighted_mle,105,16,2048,0,0,3.667795694684993e-08,0.5409538681413711,0.8622082050281732,-0.17178378147353618,3.449157868947317e-08,0.058877019993304386,0.9983768073845083,0.1979878825292849,4.1099862864791165e-08,0.9960524631518973,0.5436756128438911,-0.4144360162928586,3.7949944903509724e-08,0.7063142189824325,0.7739064236011083,-0.22515706612860178,953.5425185967289,136.14809669683177,930.6519743877768,988.934506534929,422.3639425491692,966.97249160825,0.14629324435312754,0.43679002889389457,3.546842220531127e-09,0.9809353363527357,988.2084510561818,leap,B,0,leap
LeapCubeRotateZAxis_weighted_mle_s105_final,LeapCubeRotateZAxis,weighted_mle,105,16,2048,0,1,3.690359489334528e-08,0.5796761632005591,0.8418656133049084,-0.19519206056681854,3.407912545668554e-08,0.06705531002170206,0.9979703856383423,0.25217273871119833,4.321751169309342e-08,1.0452825953569995,0.506256369481038,-0.4254020764004189,3.844272234927555e-08,0.7623201567622037,0.7347331544039173,-0.26842660990629186,903.5540689284896,152.57916188348545,850.6108800808529,937.2545883454402,428.56138856937275,889.6640961662973,0.17937598196367086,0.48171145763452833,2.1687465620030873e-09,0.9759297598820124,936.6449200717371,leap,B,0,leap
LeapCubeRotateZAxis_weighted_mle_s105_final,LeapCubeRotateZAxis,weighted_mle,105,16,2048,0,2,3.684382422287026e-08,0.5497769105020237,0.8562877943669847,-0.19184484952574254,3.387139835007681e-08,0.05364883142791238,0.9986894682055398,0.25067496409902046,4.419542609946469e-08,0.9941762017658071,0.5395252614056781,-0.42617287821445515,3.8433872607766334e-08,0.7258685576210463,0.7567547662027131,-0.2597424577966076,913.2970266175084,129.32210789867375,860.1377243533467,945.4926225140332,415.77306010164045,900.7368472504816,0.150350466253411,0.46159215243696994,3.726975958694759e-09,0.9802524370616452,944.8121915801465,leap,B,0,leap
LeapCubeRotateZAxis_weighted_mle_s105_final,LeapCubeRotateZAxis,weighted_mle,105,16,2048,0,3,3.735312605767694e-08,0.5870853640522562,0.8420321118131554,-0.1633130453039662,3.610507844460116e-08,0.05649255332991772,0.9985237713946115,0.2222449187379045,4.5913404783247825e-08,1.0101930556061995,0.5238838363775813,-0.436580757598168,3.7186715966342414e-08,0.806085372586295,0.7246673678032448,-0.21310335076364573,953.6032664992754,134.3070408058246,879.5214028591397,993.8194005223675,421.5879297738682,906.7225270393498,0.15270468730973508,0.46495804085781994,3.0417224926646753e-09,0.9769022734106195,993.1695379572125,leap,B,0,leap
LeapCubeRotateZAxis_weighted_mle_s105_final,LeapCubeRotateZAxis,weighted_mle,105,16,2048,0,4,3.823088566121725e-08,0.5645002232242264,0.8489539444907214,-0.1962804631210389,3.687049892961476e-08,0.06398160476528104,0.9981320162473999,0.23813758213154448,3.9381471283203145e-08,0.9924827349774219,0.541111356537575,-0.42518050382538936,3.923516290676535e-08,0.7322865538196465,0.7527325936894576,-0.26217957767131117,963.6622474252611,145.86733246875522,918.7545615369244,998.5508014039804,430.1700078296911,958.8030757310689,0.15876637632660365,0.44865313714361443,4.856679300661948e-09,0.9772857134239582,997.8293429919925,leap,B,0,leap
LeapCubeRotateZAxis_weighted_mle_s105_final,LeapCubeRotateZAxis,weighted_mle,105,16,2048,0,5,3.7184585377005843e-08,0.5498127381867083,0.8575294928350072,-0.17869642191491716,3.490519923605903e-08,0.05829829312623452,0.9985068215301686,0.2975439235122253,4.171323176069059e-08,0.985815875609626,0.5567055162997713,-0.4002541389717687,3.8583980306455154e-08,0.7272766332100483,0.7582264659694952,-0.2485459498551692,966.2753340221665,138.68980085529907,923.8127927445217,998.9807645624254,424.45548031085326,961.2733327056848,0.15012760371424436,0.4415554513679714,3.450457544127275e-09,0.9797703747279174,998.2603711790725,leap,B,0,leap
LeapCubeRotateZAxis_weighted_mle_s105_final,LeapCubeRotateZAxis,weighted_mle,105,16,2048,0,6,3.775338758339335e-08,0.5295755192676295,0.8672769286562694,-0.1722001265991676,3.6655604809579295e-08,0.05333243392014238,0.9986401364140032,0.159616545808331,4.055888303742333e-08,1.0203220650919669,0.5319123679543639,-0.40605321810445744,3.84149437730436e-08,0.7013550433057489,0.7756340095291551,-0.22985705838487175,1053.5729360328687,137.73099359477604,1043.5009499570517,1084.6395387554653,427.0428531430427,1074.6481851812478,0.13198933225738282,0.3973792158510166,3.3807861187411018e-09,0.9804221611612666,1083.7973116919852,leap,B,0,leap
LeapCubeRotateZAxis_weighted_mle_s105_final,LeapCubeRotateZAxis,weighted_mle,105,16,2048,0,7,3.777062009485295e-08,0.5309767094919038,0.8637145370063363,-0.2064637691941396,3.642047671216117e-08,0.053280516711574036,0.9986517024625375,0.17437068033107525,4.0673824256265584e-08,0.998313068869702,0.5447749462973615,-0.40882048877892013,3.864813576319774e-08,0.6955811672505703,0.7693442368899862,-0.2823563245712235,1004.2089803748577,134.68793516338707,970.5535633737649,1031.5139387704653,416.9328686972925,1012.2313640422235,0.13877434512238038,0.41189483304718116,3.4385879479986055e-09,0.9792057252824335,1030.7408316902045,leap,B,0,leap
LeapCubeRotateZAxis_weighted_mle_s106_final,LeapCubeRotateZAxis,weighted_mle,106,16,2048,0,0,3.5736471162974616e-08,19.1124090002913,-0.2658910392111597,-0.31417556619124115,3.2958225320146894e-08,0.7244267863971275,0.8474750404960688,0.18771251996321017,3.776106248112175e-08,11.367371279466486,-0.24118372168832525,-0.32315699472323967,3.5404851043522175e-08,29.66584331182427,-0.4046980136822424,-0.4326936563244809,469.55303676668274,431.710843649804,54.9777302254139,5588.505447074599,5667.791431472869,130.44787984394813,7.852467569682139,43.448704863989185,4.900940145548334e-09,0.6272500648080865,5789.279148249492,leap,B,0,leap
LeapCubeRotateZAxis_weighted_mle_s106_final,LeapCubeRotateZAxis,weighted_mle,106,16,2048,0,1,3.5159200713613725e-08,20.068587278573645,-0.40741430391741085,-0.44855040924442313,3.714429299140104e-08,0.7930517108792381,0.8015045395313197,0.0755513224997103,3.4719429746953724e-08,12.518179757789182,-0.3211504423940648,-0.3918749064372007,3.52269293444612e-08,28.7315488635448,-0.5786273890123245,-0.6015461265383318,438.7154743685199,441.26163231903917,58.593445894713504,5704.856072010854,5827.059502548563,157.04588600461938,7.5309042774499755,37.104184329776885,5.553116698486243e-09,0.3721628548209845,5914.93930585048,leap,B,0,leap
LeapCubeRotateZAxis_weighted_mle_s106_final,LeapCubeRotateZAxis,weighted_mle,106,16,2048,0,2,3.5541296639984064e-08,17.87269013812012,-0.4241050350994805,-0.469447850754887,3.630813658554775e-08,0.6226797618149505,0.8664937257981576,0.11776578241468134,3.687643913163517e-08,12.324189160043543,-0.3393198830626765,-0.4101288306488645,3.531942504114978e-08,25.410020487135355,-0.616329653263538,-0.6404388474529148,400.6490249000773,438.46862621594363,76.51901899287553,5612.789837363496,5760.767787550327,181.10564537131626,5.730191421517865,31.808880257372103,7.104331106763357e-09,0.29556912710061667,5816.303882314662,leap,B,0,leap
LeapCubeRotateZAxis_weighted_mle_s106_final,LeapCubeRotateZAxis,weighted_mle,106,16,2048,0,3,3.5213523259098746e-08,21.23424823426462,-0.4128505573046487,-0.451537413782157,3.0739251298544616e-08,0.8118712623947477,0.8113980556124016,0.14234727273077835,3.38752589334892e-08,14.047742586596662,-0.27796832054234566,-0.3430032288177063,3.5433452995687185e-08,29.615698763384916,-0.5951317601489535,-0.6167192323311396,429.44853896508494,435.3265873142068,69.20897226470987,5586.3462533310585,5705.674974775883,154.88361445475252,6.290031090899128,36.83846735409635,4.777574225983276e-09,0.33422729492566017,5788.194937513025,leap,B,0,leap
LeapCubeRotateZAxis_weighted_mle_s106_final,LeapCubeRotateZAxis,weighted_mle,106,16,2048,0,4,3.708312420848158e-08,17.206169805221393,-0.348161791802572,-0.39871841237280725,3.17857317707378e-08,0.5951084336445219,0.8803877298954979,0.15388368499757718,3.58845591327112e-08,11.641065561172239,-0.3005482210105449,-0.3776810293906911,3.728246804102461e-08,25.342166977881412,-0.5232172390210823,-0.5515788448607399,454.09401027842233,442.2699404925198,61.22829874515211,5662.589661181495,5788.7566311868695,163.43548961621218,7.223292979825449,35.41921430149778,8.03940181683352e-09,0.5367821675834543,5869.094349423699,leap,B,0,leap
LeapCubeRotateZAxis_weighted_mle_s106_final,LeapCubeRotateZAxis,weighted_mle,106,16,2048,0,5,3.633564374012912e-08,15.824252419172142,-0.4490526829152313,-0.49878741997817566,3.376090057540353e-08,0.5779912105603144,0.8853739234250423,0.1522037356567647,3.587746983449626e-08,11.358246650255712,-0.3264355451951755,-0.4039632550931683,3.6415393007955666e-08,21.909977460334904,-0.6530241306082263,-0.6788119015384925,435.5582585051104,429.4140304627899,88.21185465331098,5490.5935722349595,5666.644872661144,214.79323433466166,4.867985512270002,26.38185923413268,1.1658906123602459e-08,0.4785109752190069,5684.947910536129,leap,B,0,leap
LeapCubeRotateZAxis_weighted_mle_s106_final,LeapCubeRotateZAxis,weighted_mle,106,16,2048,0,6,3.5292146224323464e-08,21.03713598998205,-0.4195973757619506,-0.4583724859638519,3.8873097225579056e-08,0.8260505941362215,0.8062680791383818,0.13913748425999517,3.331868635131699e-08,13.322111834708382,-0.28597807262487823,-0.354161585299355,3.559977713576486e-08,29.86162780146797,-0.6084834846654382,-0.6293574501158965,439.61612137608614,437.36404618620475,40.546877574899554,5645.885434547452,5766.383228795155,146.07003807359365,10.786627043680006,39.47683799390722,1.2033417892820774e-08,0.42522286229092887,5851.882205461964,leap,B,0,leap
LeapCubeRotateZAxis_weighted_mle_s106_final,LeapCubeRotateZAxis,weighted_mle,106,16,2048,0,7,3.4434650460779734e-08,17.15463888337392,-0.44134891787628466,-0.4876830865092231,3.4487531323953505e-08,0.6685259655537492,0.8643061112633681,0.19096540211010365,3.689396622925485e-08,11.326518432648408,-0.31227681242134114,-0.39085526550026656,3.401289260700192e-08,24.05952207692468,-0.6386100362034591,-0.6628963106463694,428.6033670583205,433.37505375903964,67.26845832611383,5538.360309671564,5695.504904412743,191.11422367024988,6.442470431804079,29.801575178620855,7.694782011804506e-09,0.3980598341940414,5736.35056716292,leap,B,0,leap
LeapCubeRotateZAxis_weighted_mle_s107_final,LeapCubeRotateZAxis,weighted_mle,107,16,2048,0,0,3.540736035420014e-08,0.06163088704787838,0.9983304922502482,0.2940940471168663,3.493568698825025e-08,0.05847745599488841,0.9987044215169543,0.4477836086314117,3.870617602750348e-08,0.12634567915461514,0.9932797675318941,-0.5044056552322163,3.54640682829542e-08,0.05877920092034415,0.9985014734383382,0.31346147039974687,1689.087307381519,90.95416862227077,1612.2323380191533,1706.9975315674226,92.36066806103463,1631.4421580643811,0.05641505041017865,0.05661289773865815,1.6887357283794507e-09,0.9994179927866355,1704.0526273310177,leap,B,0,leap
LeapCubeRotateZAxis_weighted_mle_s107_final,LeapCubeRotateZAxis,weighted_mle,107,16,2048,0,1,3.5894336430359896e-08,0.06353572871081162,0.9980916831861742,0.17499289615940794,3.6739222922082264e-08,0.06034561179994439,0.9986464676844314,0.4615637794393673,3.6518182992981914e-08,0.11092804933758751,0.9946579030000112,-0.46021917831351156,3.551437294944464e-08,0.061232923573299694,0.9981900398459629,0.12881206997783015,1457.0041903287063,99.84051438321434,1372.7654777486578,1479.906950332799,101.28852076573455,1398.0769876653326,0.07272947637563935,0.07244845717321871,1.3259457876353529e-09,0.9990119470453782,1477.6387611372304,leap,B,0,leap
LeapCubeRotateZAxis_weighted_mle_s107_final,LeapCubeRotateZAxis,weighted_mle,107,16,2048,0,2,3.508454698859331e-08,0.0556058960733341,0.9985187118051397,0.1527857526578514,3.460178244650693e-08,0.05314859379291901,0.9987777304493513,0.32119248915769805,3.8556907191443124e-08,0.11845905292025902,0.994632859561035,-0.5746853444516529,3.513617642498039e-08,0.052137805787809015,0.9987019051164542,0.1634066664573998,1716.3358831189516,76.93055515350649,1654.7886450652081,1733.6717928300216,78.63456186323307,1673.5526582929501,0.04648965617628766,0.04698660748652003,1.4465016280605129e-09,0.9994425676651368,1730.5840009243366,leap,B,0,leap
LeapCubeRotateZAxis_weighted_mle_s107_final,LeapCubeRotateZAxis,weighted_mle,107,16,2048,0,3,3.571287230374907e-08,0.05816691084437771,0.9983175279168096,0.021364626015818435,3.52815858207551e-08,0.055969233365012236,0.9985374460825361,0.20605875976627835,3.731963669094301e-08,0.11828611569520751,0.9941312954357557,-0.50100476251115,3.5803608256563244e-08,0.05475705443786189,0.9985050608332755,0.005063249468388693,1543.7099431472634,74.1347104028879,1499.7021021728315,1563.4911935457753,75.93639320839539,1521.1915031714063,0.049432957582361436,0.04991902272007294,2.0011539587013894e-09,0.9993076899932104,1560.8408360598569,leap,B,0,leap
LeapCubeRotateZAxis_weighted_mle_s107_final,LeapCubeRotateZAxis,weighted_mle,107,16,2048,0,4,3.541677078545669e-08,0.06152088370407521,0.9981099882505156,-0.014453853094778455,3.6164275752575344e-08,0.05373947110527519,0.9986385914022251,0.1894886470066287,3.4393695265228e-08,0.11697011539193251,0.9943368151989272,-0.511940764317571,3.520332189760322e-08,0.05915411346320784,0.9982515830849574,-0.019730511477085738,1217.4643418295727,82.34430050125306,1156.5982888790904,1244.7140751430818,84.11224316265134,1186.9074796341272,0.07119524669283095,0.07086672264343594,1.8697819129878717e-09,0.9989033798021592,1242.8604107907279,leap,B,0,leap
LeapCubeRotateZAxis_weighted_mle_s107_final,LeapCubeRotateZAxis,weighted_mle,107,16,2048,0,5,3.53478219529308e-08,0.058055296308673655,0.9984789614742235,0.26038054791896525,3.4786213453945e-08,0.0540349910785226,0.9987708845481925,0.35228391180881485,3.4281420022903496e-08,0.12452581752431618,0.993243818799392,-0.46839696165356415,3.558059700136851e-08,0.05551201056118639,0.9986421995017681,0.2961339562044051,1977.724302321048,99.80482644983044,1892.8802961257345,1995.8550838295835,101.34183224680433,1912.3532195983137,0.05272643317916437,0.05299326045430611,1.655131575541581e-09,0.9995078065137919,1992.0936935920026,leap,B,0,leap
LeapCubeRotateZAxis_weighted_mle_s107_final,LeapCubeRotateZAxis,weighted_mle,107,16,2048,0,6,3.5016173742983274e-08,0.06153298229692487,0.9983187482265293,0.2805104507795371,3.397417620055338e-08,0.06086142556585139,0.9984807340004509,0.3740968234559209,3.758517630050554e-08,0.10964593019849254,0.9949267062275009,-0.4879748288538683,3.52572810562746e-08,0.05860301397874707,0.9985164153927855,0.31853762812623765,1828.7303711945192,109.64869425830021,1732.790730922843,1849.0388896851468,110.89104018373128,1754.6976332073953,0.06327867081785685,0.06319666595835918,1.7385721479870386e-09,0.9993395739325296,1845.522083414686,leap,B,0,leap
LeapCubeRotateZAxis_weighted_mle_s107_final,LeapCubeRotateZAxis,weighted_mle,107,16,2048,0,7,3.529407710561658e-08,0.05718398424634728,0.9984934964080547,0.22850596684946994,3.493310556648318e-08,0.05802348872436842,0.9985781809292865,0.3453955473870718,3.621599765632879e-08,0.11626846733389729,0.9945233367255931,-0.5296854825586989,3.5398382200275395e-08,0.053309931403561925,0.9987051974699696,0.25003683459099096,1949.7816562933197,93.87340650272095,1871.6458591785506,1965.522979034159,95.21970925286634,1888.5397521026505,0.050155538796170095,0.05041975375252291,2.137693248349175e-09,0.9994751638080148,1961.7810057378117,leap,B,0,leap
LeapCubeRotateZAxis_weighted_mle_s108_final,LeapCubeRotateZAxis,weighted_mle,108,16,2048,0,0,3.77358233490945e-08,0.2188405017616483,0.9764512887832978,-0.0488418541698561,3.889296069567324e-08,0.015678596615571992,0.9998880005899026,0.28369705227000264,3.6968614038026195e-08,0.6432876673070835,0.821132423523423,-0.12754341850816736,3.674165448942214e-08,0.2616848888581249,0.9663381641852449,-0.07628765594618753,1369.597985834233,91.75500497487643,1314.3555077129688,1385.3862009156019,197.1476611682265,1340.4347827524405,0.0698098835790126,0.1470773988447275,4.202226453427151e-09,0.9962580821193382,1384.273580468379,leap,B,0,leap
LeapCubeRotateZAxis_weighted_mle_s108_final,LeapCubeRotateZAxis,weighted_mle,108,16,2048,0,1,3.8859493529070205e-08,0.21515213818518455,0.9769391667455484,-0.09171097277214443,4.0229933945494994e-08,0.023490802501347365,0.9997450880435396,0.2543065229930505,3.917712882833486e-08,0.6303527990086066,0.8172800577150221,-0.195478636320583,3.754408662802271e-08,0.2569108426306563,0.9668894955085976,-0.14194397427945557,1344.4988516040746,89.67368690107091,1296.6648799373013,1361.3032906383503,190.49487237395965,1329.154042977721,0.06915718030815095,0.14332038741513467,3.5927154274963775e-09,0.9958030229571831,1360.3034302768144,leap,B,0,leap
LeapCubeRotateZAxis_weighted_mle_s108_final,LeapCubeRotateZAxis,weighted_mle,108,16,2048,0,2,3.750828033921284e-08,0.20025834443483626,0.9803104571104155,-0.03146622600066787,3.933210698867832e-08,0.019963992676484143,0.9998208647906947,0.3000719759077905,3.982931865594046e-08,0.6401811008863728,0.8173515054601111,-0.1621664371819598,3.557377221736141e-08,0.2413120381435119,0.9714764725237348,-0.0530808547595502,1487.0152613746025,88.35836348605648,1431.3112415906717,1500.992887534753,187.7665565298193,1452.572738447761,0.06173245966255414,0.12926482203601666,3.542707106571052e-09,0.9971310715850744,1499.7254699710843,leap,B,0,leap
LeapCubeRotateZAxis_weighted_mle_s108_final,LeapCubeRotateZAxis,weighted_mle,108,16,2048,0,3,3.6211259676472526e-08,0.21560622146102118,0.9769575413104827,-0.07294529338616501,3.534532321822611e-08,0.020185395173419586,0.999799643443892,-0.1487937441096152,3.836117164292234e-08,0.637524240535291,0.8213627655360856,-0.1435123134860526,3.679742334227304e-08,0.2568848827730496,0.9673969009093593,-0.08786854437353299,1361.9531544196382,80.78362675136123,1316.0779176017397,1376.3084179020727,185.69294731999295,1338.41594291596,0.06138210030799044,0.13874083636169943,3.569053675448428e-09,0.9966677927236057,1375.185036839039,leap,B,0,leap
LeapCubeRotateZAxis_weighted_mle_s108_final,LeapCubeRotateZAxis,weighted_mle,108,16,2048,0,4,3.641065694863439e-08,0.2136080352982169,0.9774351468952195,-0.06362167836730556,3.656439407387103e-08,0.018632292911933464,0.9998264123902499,-0.011578101660001524,3.948262283582726e-08,0.6828268088036027,0.7824966926688426,-0.24660049719014385,3.609039286313582e-08,0.2569967185706917,0.967568680777347,-0.07024716680607321,1379.373255118984,86.23411522387673,1330.972341522558,1391.6628099191225,187.36359741565477,1350.3582413768183,0.06479031346754333,0.1387510304114704,2.317362097739085e-09,0.9964387550395922,1390.522440613494,leap,B,0,leap
LeapCubeRotateZAxis_weighted_mle_s108_final,LeapCubeRotateZAxis,weighted_mle,108,16,2048,0,5,3.8362450273765675e-08,0.20902578361073001,0.9785138398984679,-0.042491236286974154,4.070871467004504e-08,0.01568453645225664,0.9998839934531369,0.22378062085809966,3.38372144637174e-08,0.6409248149017852,0.8216992625805922,-0.1308683951997795,3.642236497727465e-08,0.25081273870005133,0.9691348278617269,-0.06402040874254811,1385.5566341119302,82.86329938093675,1332.7426881950598,1400.70623835331,186.81619785236933,1356.8002751975916,0.06217501706436588,0.13768879714087842,4.389466393216761e-09,0.996897647495342,1399.5963299292612,leap,B,0,leap
LeapCubeRotateZAxis_weighted_mle_s108_final,LeapCubeRotateZAxis,weighted_mle,108,16,2048,0,6,3.771679431359527e-08,0.2150030051801979,0.9771518313073405,-0.06270107655506477,3.883838378752777e-08,0.018773596078804904,0.9998244310511837,-0.0803700648744223,3.602612312549811e-08,0.6508695364620118,0.8173316305478555,-0.12985041382664753,3.6823427257233304e-08,0.25709769531018956,0.9674461847518325,-0.07868804870347648,1353.095753591635,80.07450298601562,1309.791998809914,1368.5231622515764,187.47812667837877,1333.4826157186706,0.061135281830070574,0.1405928539813312,5.966685633097818e-09,0.9964403442221029,1367.439178035523,leap,B,0,leap
LeapCubeRotateZAxis_weighted_mle_s108_final,LeapCubeRotateZAxis,weighted_mle,108,16,2048,0,7,3.894109529082222e-08,0.21867387333469884,0.9761545328082974,-0.09772916278444232,4.042398658296242e-08,0.017707818383298317,0.9998435765165308,0.031042801376830433,4.1069060488300956e-08,0.6656257067311283,0.8016705642687736,-0.18417738348013143,3.7348696573811725e-08,0.2636185622028713,0.9652100977933801,-0.13652802306712458,1316.5586117778091,82.30375786107165,1272.0445930434526,1331.0150065373634,185.48108348282733,1299.762564723634,0.06470194387144423,0.14270382031064704,6.703866050013253e-09,0.995865384032873,1330.066178059442,leap,B,0,leap
WalkerRun_pathwise_fa_pad16_s0_final,WalkerRun,pathwise,0,22,2048,0,0,3.6026171641171396e-08,2.210493768591598,0.4924506446254824,0.10999308744772233,3.392013688943633e-08,1.7004236406710123,0.5418783938571057,0.05565458830624407,4.1440180362662083e-08,6.177847774150508,0.35042696246733207,0.204385106751192,3.5337855217416025e-08,2.2356566178842,0.5129040475059059,0.14396018523698687,155.92761036755687,126.03791207196724,66.54033534001398,157.63960920088724,127.77989185340354,66.66414952818343,1.894158053576453,1.9167707494622797,6.337164052648593e-09,0.5675884114756575,157.61766161019509,walker,A,16,walker-pad16
WalkerRun_pathwise_fa_pad16_s0_final,WalkerRun,pathwise,0,22,2048,0,1,3.5026561230341474e-08,2.083458238569791,0.5073044977630027,0.10542756317463536,3.2997644906493126e-08,1.5951509884264208,0.5575946387038245,0.04415401596876233,3.8228632931784814e-08,6.319532611093882,0.38275035871550434,0.24358050168815748,3.482417393487006e-08,2.0247206661367807,0.5370765225250115,0.13681599353865845,152.2680969249623,120.18310613315012,73.16330504788382,154.39327525547878,122.27638918075546,73.3152042925355,1.6426691775951237,1.6678176151955868,3.98561154019833e-09,0.6068623559384678,154.37060639124672,walker,A,16,walker-pad16
WalkerRun_pathwise_fa_pad16_s0_final,WalkerRun,pathwise,0,22,2048,0,2,3.359192482056607e-08,1.8029519989123106,0.5601151689306781,0.11685112476942765,3.4922956367097085e-08,1.4998263260056572,0.5570848939037945,0.004069029793303851,2.961021527272111e-08,4.446377090599216,0.46222232588711715,0.27608478538019976,3.411721551617673e-08,1.7116592984561474,0.6151923610039752,0.18293164698458042,121.0932564046164,92.89643178074374,64.33284174847235,122.71435691423588,94.41201688927461,64.51953853113902,1.443997020121503,1.4633089299562667,7.62738908365565e-09,0.573764863907097,122.69931146646579,walker,A,16,walker-pad16
WalkerRun_pathwise_fa_pad16_s0_final,WalkerRun,pathwise,0,22,2048,0,3,3.289633656275203e-08,1.5327068537429775,0.6084004937050425,0.10955008234619579,3.328108384875585e-08,1.1367657366648525,0.6769794203328636,0.03940349363752525,3.091523806770611e-08,4.451399599768503,0.37244111215448994,0.17076989997987227,3.3270246320751384e-08,1.5498810791833342,0.6338339392321002,0.1632629795261411,117.78443501952988,80.4940272313781,70.24350245812487,119.02475272402032,81.84914872112753,70.3989454107987,1.1459284405609311,1.1626473698364705,3.6395880526165957e-09,0.6762631964225061,119.00814531006613,walker,A,16,walker-pad16
WalkerRun_pathwise_fa_pad16_s0_final,WalkerRun,pathwise,0,22,2048,0,4,3.67891233354877e-08,2.127270565536068,0.4435747536786326,0.024693127075793624,4.031162342319274e-08,1.5116938499287123,0.5100223567349642,-0.07002705221232258,3.530648351539378e-08,5.777779494086215,0.3163807775546276,0.15633485265048536,3.5662287393923353e-08,2.1520755433641208,0.4677122691276352,0.06342455210756721,118.21842839888845,98.98448370749321,65.64559243548292,119.9200412817148,100.56396124646157,65.82128727285827,1.5078618386264782,1.527833401823001,9.77284190569001e-09,0.5190937353547497,119.90156752058834,walker,A,16,walker-pad16
WalkerRun_pathwise_fa_pad16_s0_final,WalkerRun,pathwise,0,22,2048,0,5,3.7001972376430356e-08,1.0060708626047759,0.6983405451129332,-0.01847705716165102,3.944060366213465e-08,0.9127929321938731,0.6984702436879666,-0.12749462309007972,3.427845200940998e-08,2.6086292396610604,0.4930936213514904,0.1747276200577238,3.5519496866526664e-08,0.9509086095833774,0.743858943339514,0.05940876381394952,85.7939318337836,62.38385342822437,67.59867830477839,86.39930618022859,62.94881240715578,67.68705099921301,0.922856111874804,0.9299978574614921,5.602940705815474e-09,0.6368371987865076,86.39486164528583,walker,A,16,walker-pad16
WalkerRun_pathwise_fa_pad16_s0_final,WalkerRun,pathwise,0,22,2048,0,6,3.64939807016701e-08,1.1120657264789044,0.7263224425435911,0.14612359163304836,3.78033264228637e-08,0.9311672543434218,0.7572927671721533,0.08177459946685504,3.710959863577834e-08,2.4529392979155022,0.47345529109761525,0.12558784571456594,3.5480453600793905e-08,1.1341427576092835,0.7431392792969088,0.20523034896464054,110.73204895437708,69.416000416224,70.02660998096817,111.33930814139059,70.0451287959539,70.17169274996238,0.991280320939267,0.9981963673804986,6.219349531123174e-09,0.7735181965955144,111.33258904872297,walker,A,16,walker-pad16
WalkerRun_pathwise_fa_pad16_s0_final,WalkerRun,pathwise,0,22,2048,0,7,3.3528493702700395e-08,2.984226482606463,0.3824601819037069,0.07758751627634751,3.546493161822436e-08,2.2756579237710755,0.3924717061215464,-0.012758983997925659,3.018784785905971e-08,8.320979373055879,0.30705365634963316,0.19619121606092121,3.374340806557962e-08,2.9692314671531803,0.4246869507621958,0.12841939604504005,189.28496005089804,168.78211103063637,66.84766534803607,191.7560853709591,171.1955706019078,66.99271588299328,2.524876675226961,2.555435592444235,4.086179104047807e-09,0.39661481788382286,191.72074932760944,walker,A,16,walker-pad16
WalkerRun_pathwise_fa_pad16_s0_final,WalkerRun,pathwise,0,22,2048,1,0,3.6051004973968085e-08,1.9438923670669022,0.4987772431119882,0.060001407960507756,3.646326025917356e-08,1.5544336895698776,0.5214250840991262,-0.032574395268682506,3.817937118176779e-08,5.405073211545628,0.35760520102391,0.19087531805840677,3.5140306052977584e-08,1.9594186152427548,0.5349460038543392,0.11835194800361531,135.37548877741088,115.23327736142078,68.11865965223971,136.84044113230357,116.59777664615244,68.23733272171033,1.6916550905392083,1.7087094702494738,7.19489224447747e-09,0.4822411144751276,136.82020917397762,walker,A,16,walker-pad16
WalkerRun_pathwise_fa_pad16_s0_final,WalkerRun,pathwise,0,22,2048,1,1,3.5777317260476424e-08,1.057991056778311,0.6900362544309551,0.00816593399913808,3.6088027266204936e-08,0.9155035798592128,0.718298468582004,-0.06184002071477125,2.945643968899572e-08,2.9508031121898157,0.4944520385775072,0.21647602164703125,3.711492476214427e-08,0.9880189918445884,0.7230694407857096,0.03401835683715469,93.10832312718694,61.77791665290998,73.66096209506551,93.9598637357942,62.613959246156774,73.76844740044942,0.8386791985309624,0.8487905256600868,5.22866807351496e-09,0.7135691211140848,93.95678928238198,walker,A,16,walker-pad16
WalkerRun_pathwise_fa_pad16_s0_final,WalkerRun,pathwise,0,22,2048,1,2,3.610788121580048e-08,1.6045190614329163,0.5523228602156467,0.038812401114268306,3.4953373233683915e-08,1.1979138489688357,0.6222411996601456,-0.04057339791849715,3.958703696020288e-08,4.401441533873707,0.33018326252032776,0.12007217237800229,3.536622194416397e-08,1.5907828711210363,0.58352201330154,0.0871799762796786,101.20043980824002,78.14060406294267,60.769753066092505,102.51923098656988,79.43412463475988,60.91996095337471,1.2858469899977467,1.3039096445835503,7.72862307144839e-09,0.6226884176052049,102.51309934838729,walker,A,16,walker-pad16
WalkerRun_pathwise_fa_pad16_s0_final,WalkerRun,pathwise,0,22,2048,1,3,3.546535802337927e-08,2.1480885659206694,0.49165227155453245,0.09644182960932217,3.552322450756417e-08,1.6580226434503207,0.5233988514792505,0.011088744399923052,3.371163972847697e-08,5.143243898241784,0.4029211201255561,0.2336253581874486,3.605936925388452e-08,2.2215577919421863,0.5209720700420317,0.15301970523214303,141.7728317938476,117.55362133721162,66.03972749435165,143.6643390373671,119.35886412896319,66.20723613700622,1.7800440098312664,1.802806930075825,6.059976292675718e-09,0.48889208004285145,143.65001306195984,walker,A,16,walker-pad16
WalkerRun_pathwise_fa_pad16_s0_final,WalkerRun,pathwise,0,22,2048,1,4,3.761526709836226e-08,1.1921667080324494,0.6810568500196905,0.08771843623796763,4.2062708741130605e-08,0.9588209226744213,0.7255019511619695,0.011158154198462946,3.667387131514371e-08,3.4045019285033358,0.4281673404429455,0.1729273240589382,3.4837450238795595e-08,1.1369131828825392,0.7166804836215602,0.13820719134545575,94.36695196981985,61.675088215002546,64.20488257510546,95.39496972028091,62.75136471074411,64.35978650312438,0.9605981000409965,0.9750089010580674,5.850328303896991e-09,0.7206539358269551,95.38845773425133,walker,A,16,walker-pad16
WalkerRun_pathwise_fa_pad16_s0_final,WalkerRun,pathwise,0,22,2048,1,5,3.459214529890571e-08,1.7071480007977553,0.5339635085250817,0.04511485605850795,3.5788443832982016e-08,1.2466952091587287,0.58270946187521,-0.08787278178694195,3.278673084551149e-08,4.570855972571333,0.3883689232170018,0.19461545498512758,3.4546758609559797e-08,1.7684428999037747,0.565286853842825,0.11524844445537194,116.30839039045841,93.89542380157009,70.1805097902762,117.83140694706142,95.38546277357923,70.32478536277551,1.3379131055354396,1.3563562587717124,4.2725238977273974e-09,0.5615911059418088,117.81721833006463,walker,A,16,walker-pad16
WalkerRun_pathwise_fa_pad16_s0_final,WalkerRun,pathwise,0,22,2048,1,6,3.4529584506734495e-08,1.6202207415716727,0.5533919107691727,0.046481083702341754,3.4747442678962534e-08,1.2788933771427853,0.5986705980072089,-0.03497493333256569,3.849699420005252e-08,2.981506985997474,0.39371467607772065,0.091125102620037,3.3876305806287367e-08,1.77045485303652,0.5524704453521433,0.09498291974349346,115.65089640339895,88.00267610817119,66.82576210871167,116.21931595104736,88.51588333867456,66.97679022405396,1.316897455879482,1.3215904053115368,7.0047370420080186e-09,0.6321401963789075,116.20270831096855,walker,A,16,walker-pad16
WalkerRun_pathwise_fa_pad16_s0_final,WalkerRun,pathwise,0,22,2048,1,7,3.4171447880047495e-08,1.7303612223415452,0.5487000197339146,0.07648786887648631,3.4786482667102714e-08,1.3633717793127402,0.5907528682086884,-0.001306725274088583,3.1251944694993765e-08,4.067012728895139,0.3887432205216371,0.1699136045334688,3.4564142443092156e-08,1.8030430081591673,0.5691046983659942,0.13149095113973158,109.54557487343921,86.95379317407459,58.51691318897203,110.64702601940503,88.02403053169301,58.65125628721681,1.485960014556274,1.5008038378689694,4.7258689127259214e-09,0.559180070460006,110.6366997289883,walker,A,16,walker-pad16
WalkerRun_pathwise_fa_pad16_s1_final,WalkerRun,pathwise,1,22,2048,0,0,3.441551435097315e-08,1.857268018885146,0.5184275747305435,0.06649480835344178,3.511134677253029e-08,1.5642046541368433,0.5639774527391119,0.043020082752705344,3.280557248600295e-08,7.026542755067942,0.1744335098208693,0.03472505686593463,3.4955709887741406e-08,1.377898543619306,0.6549266542188006,0.13319301135149073,162.14353109047477,129.2544486713289,76.0853784103264,164.3117960889705,131.8146926215425,76.1994799035143,1.6988079887604877,1.729863416239164,4.658384540654046e-09,0.6060623270419776,164.2942453265173,walker,A,16,walker-pad16
WalkerRun_pathwise_fa_pad16_s1_final,WalkerRun,pathwise,1,22,2048,0,1,3.6324485082340126e-08,1.8002732070792924,0.5092055896570782,0.03580522011799491,3.664321146520703e-08,1.5298824335399552,0.5294915969037063,-0.029752845846324795,3.73168713769864e-08,5.896932090323475,0.2702749587488028,0.10945617039612132,3.4857992613454014e-08,1.3008575712182997,0.6629466499365962,0.11127971032824538,151.8866259204149,128.3696663867265,82.6879957945862,154.69864378077654,131.29298149431057,82.87729398434078,1.5524583121547813,1.5841851873097605,5.363663158852241e-09,0.521025088720957,154.68313060371347,walker,A,16,walker-pad16
WalkerRun_pathwise_fa_pad16_s1_final,WalkerRun,pathwise,1,22,2048,0,2,3.548580739299868e-08,1.840809400146219,0.5317813750250376,0.0825464959569566,3.553393656603822e-08,1.4522654284350833,0.596122998180586,0.05285162507208679,3.678503842315862e-08,6.347624908940523,0.27047634416201133,0.12133329773024762,3.428876025726815e-08,1.5081421048330212,0.6258287565989291,0.13226795512251396,145.64714339725276,119.13232440030761,72.41812684613875,147.8235161754993,121.46308873970536,72.56724211350638,1.6450622183782426,1.6738005359183508,4.636786205554807e-09,0.6044775047950088,147.80260351977145,walker,A,16,walker-pad16
WalkerRun_pathwise_fa_pad16_s1_final,WalkerRun,pathwise,1,22,2048,0,3,3.5480607496462934e-08,2.1394431400165037,0.4752404629635266,0.07134656110952857,3.465769444726883e-08,1.7802805541107705,0.5004250976211506,0.016219773480802484,3.7275726905932986e-08,8.009896801518877,0.23480987887926727,0.11511232813270465,3.4460118913965885e-08,1.5549090748941696,0.6269372325123821,0.15222286617663258,170.34974119328143,141.07654172305595,79.26402139838726,173.68146900563613,144.7639139727273,79.40951896981197,1.7798307382613392,1.823004544678811,3.689583011658434e-09,0.535615731279579,173.65151865216288,walker,A,16,walker-pad16
WalkerRun_pathwise_fa_pad16_s1_final,WalkerRun,pathwise,1,22,2048,0,4,3.353826792607048e-08,2.2537533910540812,0.46809597410824033,0.08413123083960397,3.376020013222943e-08,1.8101428184644188,0.5357430932718367,0.08000386515104528,3.250489280768477e-08,9.060862075298086,0.16426102392933023,0.055897785755494395,3.4764518635392335e-08,1.4264949981665378,0.6518939509562676,0.14904553886892016,178.13850674286735,137.75060524831434,84.36928619171798,182.6948248223463,143.30395536303996,84.5455218606321,1.6327103317585596,1.6949916708689279,1.0466124908705577e-08,0.6258226498409033,182.66394629797747,walker,A,16,walker-pad16
WalkerRun_pathwise_fa_pad16_s1_final,WalkerRun,pathwise,1,22,2048,0,5,3.460882735646695e-08,2.149645092796272,0.487261087505821,0.0904990123716014,3.659273039967178e-08,1.7717251834839496,0.5390614372564247,0.0738439711941471,3.278902364772583e-08,8.315136074579295,0.2926990636470128,0.18079790935521362,3.4131152065410715e-08,1.452407056893255,0.6338941639468024,0.12469046695488252,172.21179266090334,137.8139164668756,79.14762243845426,176.21027000212686,142.35932364071695,79.2775248895473,1.7412262329678814,1.7957084790305453,8.164801582592469e-09,0.6017578489734253,176.18174078865144,walker,A,16,walker-pad16
WalkerRun_pathwise_fa_pad16_s1_final,WalkerRun,pathwise,1,22,2048,0,6,3.700122076855183e-08,1.758831234666258,0.5417022108878301,0.0741141650565041,3.90999935400401e-08,1.4355106246169111,0.5887387068347046,0.03137078298483271,3.64690885660287e-08,7.126308960346957,0.24235728221400718,0.10801797324493495,3.4853092749710235e-08,1.2459360884829,0.6952259292887669,0.15318968566367341,152.37883587645004,117.58723145877411,80.38255391849908,155.21356649158727,120.93207605105931,80.51587413798572,1.4628451787933472,1.5019656352958177,5.821918445995894e-09,0.6229829767014929,155.19561435529948,walker,A,16,walker-pad16
WalkerRun_pathwise_fa_pad16_s1_final,WalkerRun,pathwise,1,22,2048,0,7,3.6906638000357764e-08,3.238343270312344,0.3613999583941968,0.0776278282298872,4.046413782512756e-08,2.4510558638524684,0.4350750422805728,0.07389651762164168,3.5415783486500683e-08,13.15178735486271,0.16451475619378927,0.09007402410966395,3.460885420508543e-08,1.926344819594858,0.5513807237146096,0.13569581245368065,213.39512315598603,183.1286642017867,76.5841728851345,221.67431670509626,192.3367111166642,76.75477176152873,2.391207703926653,2.505859983718502,1.584799599291745e-08,0.5363114721530565,221.62943627067727,walker,A,16,walker-pad16
WalkerRun_pathwise_fa_pad16_s1_final,WalkerRun,pathwise,1,22,2048,1,0,3.3406396406179114e-08,2.950488532431346,0.35775556801913533,0.043816843952356334,3.596259094530843e-08,2.134355140287732,0.43876960594379144,0.01966157551214555,3.088039492465577e-08,12.635398933309968,0.12107530772753666,0.04271854504668135,3.46755685668591e-08,2.0147780758965927,0.5163662374212067,0.10340739927697848,189.51952386982097,164.18692855426497,79.58079245240872,196.1189549075402,171.58223293535366,79.71178946757368,2.063147695500152,2.152532694114843,5.052391462456322e-09,0.4842124730739436,196.0789413979681,walker,A,16,walker-pad16
WalkerRun_pathwise_fa_pad16_s1_final,WalkerRun,pathwise,1,22,2048,1,1,3.646304729720173e-08,2.3149158680073394,0.4454548285721865,0.06452759619366001,3.420131751754283e-08,1.909974093821583,0.4746791415668439,0.01567713498177999,4.019162918936975e-08,8.526169841712408,0.20731639146795153,0.09370223667066284,3.416296873531496e-08,1.6069712301205918,0.6141557805775654,0.1474235210878985,184.08991821581674,157.5879062822954,79.30236731973181,187.79818275584614,161.59500137282225,79.46926323250749,1.9871778309836508,2.0334277027337357,4.363235400320856e-09,0.5157818116475528,187.76991146379015,walker,A,16,walker-pad16
WalkerRun_pathwise_fa_pad16_s1_final,WalkerRun,pathwise,1,22,2048,1,2,3.478858153603048e-08,1.8655121731267785,0.5297978440532716,0.08629426582382517,3.305475766607095e-08,1.5867514519826293,0.5659046088777552,0.055123294329148795,3.7095054389332374e-08,6.071110127334917,0.2653947866754029,0.10891384083836425,3.4710673737052996e-08,1.39548491828499,0.6576414589234688,0.14690937271698348,161.64634952820535,126.47249168588178,76.83241244237095,164.420037591207,129.6117884223986,77.0381175305617,1.646082527744945,1.6824371178459647,6.986035429646707e-09,0.6119784189674604,164.40253958729653,walker,A,16,walker-pad16
WalkerRun_pathwise_fa_pad16_s1_final,WalkerRun,pathwise,1,22,2048,1,3,3.312771901592909e-08,1.805882667275745,0.5311324521552343,0.07151048206364004,3.4122562695997066e-08,1.5595201411974153,0.5680486831566485,0.04819634698554413,3.092923065181078e-08,6.048058645056603,0.22461400132935866,0.06467892122512545,3.3972006694122076e-08,1.2442338642931288,0.687507257354082,0.13444527656810754,143.05730459445286,111.29176400503087,69.0336868206702,145.58132668084906,114.25048007441747,69.22481646258124,1.6121370468613894,1.6504266231774372,5.946963794578689e-09,0.6147322643175422,145.5685398842617,walker,A,16,walker-pad16
WalkerRun_pathwise_fa_pad16_s1_final,WalkerRun,pathwise,1,22,2048,1,4,3.784590703286037e-08,1.9337868845765003,0.5179671071662764,0.08615428803500458,3.710113642103891e-08,1.6795947570728331,0.5401818049551729,0.04583410632207632,4.1797988496286554e-08,6.257728045669423,0.27073109401763923,0.11941883886138074,3.5549704686569466e-08,1.5361225391236508,0.6284342765151577,0.14801061842224583,157.5960543400995,127.23084706317641,73.56714282550652,159.39588414091156,129.19859873100864,73.70424875940745,1.7294520648294416,1.7529328485899027,5.285948304832808e-09,0.5772044210335509,159.3744418834385,walker,A,16,walker-pad16
WalkerRun_pathwise_fa_pad16_s1_final,WalkerRun,pathwise,1,22,2048,1,5,3.380708057528623e-08,2.815372768706327,0.3645859976034553,0.03608770746265619,3.339821819000201e-08,2.18059290320013,0.419468788296191,0.003493512225100332,3.392047057236923e-08,11.533541010873181,0.07807399448480293,-0.008393359364899372,3.411780104856866e-08,1.7614828301696248,0.5690285143062879,0.1193330535031701,193.30825143793356,166.93271850453658,77.14023582680255,199.5311661910673,173.9222362658475,77.30266583862745,2.164016180600439,2.2498866549947345,4.012670539366667e-09,0.4883470365672739,199.49526200405333,walker,A,16,walker-pad16
WalkerRun_pathwise_fa_pad16_s1_final,WalkerRun,pathwise,1,22,2048,1,6,3.362945276951549e-08,2.097114021551342,0.47911667560833937,0.06774582224150216,3.302862062907973e-08,1.7124519200502413,0.5230631889552091,0.02948735350864665,3.363678269906975e-08,7.9347185067267105,0.24077145701257577,0.12024097234105037,3.4392144613231704e-08,1.514739166936971,0.6237279744621784,0.13092368871107934,158.6129388272898,131.01528718406843,74.5317811146953,161.70180804967057,134.4519491278117,74.66541852649507,1.7578445761607409,1.8007258484742779,5.656495493516568e-09,0.5744464348099564,161.68311559084555,walker,A,16,walker-pad16
WalkerRun_pathwise_fa_pad16_s1_final,WalkerRun,pathwise,1,22,2048,1,7,3.568677168299835e-08,2.1640894114659064,0.4602717504833915,0.055564534844994726,3.652810379295504e-08,1.772913697568387,0.5101395226247757,0.028832436623833044,3.5585986730297144e-08,7.932157559189529,0.1614852480440363,0.0374490237082409,3.458750145402733e-08,1.4776931081524902,0.6304172426041887,0.12864614455683593,152.79280909133686,122.73687249034029,75.56280449893154,156.56048281197312,127.16546787514928,75.72138337706816,1.624302767799919,1.6793864850818219,9.514178668530737e-09,0.5717575722898971,156.5406003395025,walker,A,16,walker-pad16
WalkerRun_pathwise_fa_pad16_s2_final,WalkerRun,pathwise,2,22,2048,0,0,3.418096542770304e-08,0.9131326647300491,0.7471570575606632,0.028550897288036798,3.5646965086111004e-08,0.5463733080820762,0.8696634073667069,-0.07326777218876661,3.260697471924504e-08,3.755751227165163,0.33701501318069993,0.09023701714133835,3.4023927835716416e-08,0.6132796449516182,0.8722313039968165,0.13617325835846708,84.7064509557511,37.99687634104571,77.69043853796798,87.46213737772922,42.849744626517726,77.96632169297445,0.4890804718842696,0.5495929998500669,5.681865650163816e-09,0.8345469625657471,87.4561176288605,walker,A,16,walker-pad16
WalkerRun_pathwise_fa_pad16_s2_final,WalkerRun,pathwise,2,22,2048,0,1,3.694170161814211e-08,0.40688407888570305,0.9315420607735793,0.09296396989234725,3.8981619995573276e-08,0.3391029874890896,0.9480655635391048,0.030309498916933405,3.379984978732907e-08,0.8366804726148468,0.765388764185152,-0.00593105960417313,3.4941653390005575e-08,0.4258646974094609,0.932051846351751,0.18152085191310924,88.11001736970134,26.912333819213575,79.899841175861,88.38646395921891,27.131911250778277,80.1430656725703,0.3368258737833872,0.338543466276011,5.9851866095724106e-09,0.9369925732386641,88.38238467663358,walker,A,16,walker-pad16
WalkerRun_pathwise_fa_pad16_s2_final,WalkerRun,pathwise,2,22,2048,0,2,3.5623572563123906e-08,0.6127730105516881,0.8569307248626005,0.02988176298516741,3.636803658828559e-08,0.4721553533267831,0.8973230472970848,-0.09391160836582799,3.464479118355748e-08,1.7863630166241062,0.5161287603799782,0.04225948569417689,3.516814748289555e-08,0.5541558177763984,0.893983378518894,0.1636197752109703,78.31663533965039,30.63208431264517,72.87543381374773,79.0499254332658,31.86642054399527,73.1030901708802,0.42033484686942746,0.4359107182679464,6.069608191678304e-09,0.8750377797946929,79.0452258442033,walker,A,16,walker-pad16
WalkerRun_pathwise_fa_pad16_s2_final,WalkerRun,pathwise,2,22,2048,0,3,3.6578501887908675e-08,0.47335675372287905,0.9071554584513102,0.0413909965863162,3.8742731376211234e-08,0.38899931029375634,0.9308858449226649,-0.023176592203527406,3.410242853400006e-08,1.2849377402325801,0.6285452274038127,0.02953414913724118,3.4410238009848735e-08,0.42595245472942617,0.9284948074848809,0.131095247676125,84.53090005426425,28.82830693996548,79.43969144893464,85.21249099210493,29.919806040132446,79.73472210100367,0.3628955049315179,0.3752418676800713,4.765939364116237e-09,0.9132765412317683,85.20942444168072,walker,A,16,walker-pad16
WalkerRun_pathwise_fa_pad16_s2_final,WalkerRun,pathwise,2,22,2048,0,4,3.4700601076518994e-08,0.49607039132819203,0.8992966368681429,0.03889231628675492,3.446359404590382e-08,0.42527768855928105,0.9183986613355676,-0.03134191016150221,3.6244550009844727e-08,1.1843700068223562,0.6349758408442808,-0.022599504434266744,3.4670748994212154e-08,0.4562495349614289,0.9208312142709393,0.1447035182603439,85.28147973294108,31.148876496610136,79.03681441367614,85.82996242929751,31.97219110035776,79.32819280801304,0.39410592048380805,0.4030369275868315,5.101372792928048e-09,0.8974562028072821,85.82837424438425,walker,A,16,walker-pad16
WalkerRun_pathwise_fa_pad16_s2_final,WalkerRun,pathwise,2,22,2048,0,5,3.522817663964485e-08,0.40196960297213563,0.9316838715323438,0.07056943649721104,3.558374460317094e-08,0.3650582967207358,0.9393440078264891,-0.0004884296555868099,3.5305777459445054e-08,0.6218992877492603,0.8465783818839034,-0.017703408328196585,3.4817467048332904e-08,0.4213235083418011,0.9320662235325421,0.16429080639420182,92.84953503331771,29.616945047916936,84.0045385937559,93.12721492873695,29.802759572818463,84.25340160175972,0.3525636298193777,0.3537276715981951,5.010159086167486e-09,0.9166889323366283,93.12511673533803,walker,A,16,walker-pad16
WalkerRun_pathwise_fa_pad16_s2_final,WalkerRun,pathwise,2,22,2048,0,6,3.5292362334798295e-08,0.4543090295570329,0.9138048178459038,0.046337851464959286,3.5135151625076204e-08,0.3562915462656499,0.9412710825644249,-0.01952423152909933,3.895437129716922e-08,1.3363241863067774,0.6469787694187381,0.096228788517428,3.4658215170406384e-08,0.41002611632699687,0.9318213543801831,0.11243583210339289,77.63453816875605,24.974137540063882,72.58154187121795,78.27621758617113,25.97426890056724,72.82271170436412,0.34408386617599507,0.35667813368463586,4.630883107109873e-09,0.9205601711219155,78.27446043007994,walker,A,16,walker-pad16
WalkerRun_pathwise_fa_pad16_s2_final,WalkerRun,pathwise,2,22,2048,0,7,3.595402170086708e-08,0.5420012556180862,0.8858198713697466,0.06046693910738262,3.717664914876227e-08,0.3353912476120152,0.9483703769855304,0.008449251262481304,3.379435121250064e-08,1.9060478348536145,0.4999032262949805,0.05178114172372913,3.529516082373969e-08,0.45676178580346566,0.9207795400419284,0.14588885927905126,89.58505608357065,22.995637586123255,84.31984046650985,90.29864293771878,24.644613045008352,84.550414629201,0.2727191780593607,0.2914783227626728,6.341415763094912e-09,0.9386983638246146,90.29362947059572,walker,A,16,walker-pad16
WalkerRun_pathwise_fa_pad16_s2_final,WalkerRun,pathwise,2,22,2048,1,0,3.679462966666596e-08,0.6057474256424162,0.8551823254098592,-0.0009652022963825948,3.789081008669784e-08,0.4486103302570062,0.9049255834064946,-0.11743342952896751,3.838307736763907e-08,1.8897206234762034,0.5236891833840216,0.08340349522261963,3.4947753369031966e-08,0.4919053396221965,0.9064046718342692,0.10174451037241211,81.94561250887922,31.82200419935663,78.49305636904393,83.10658129007332,33.72448208694603,78.79386812553211,0.40541170991917425,0.4280089668045835,6.479451989628344e-09,0.8834232307481046,83.10320742259388,walker,A,16,walker-pad16
WalkerRun_pathwise_fa_pad16_s2_final,WalkerRun,pathwise,2,22,2048,1,1,3.596732416991889e-08,0.9583524402141108,0.7338470169033685,0.03611325561548863,3.7622976179360727e-08,0.6416745765044662,0.833223099793073,-0.05369158924123691,3.551577327650936e-08,3.390130566276942,0.3473039657209809,0.07435856932764329,3.4671585242404476e-08,0.6755028282440775,0.8531785835882492,0.13930813417878296,86.67411429560303,41.81148965129419,77.84393571546254,89.34679956405516,46.196213044172566,78.1570956827777,0.5371194206331531,0.5910687013201227,5.0938884158764795e-09,0.8059167285942599,89.34057332654912,walker,A,16,walker-pad16
WalkerRun_pathwise_fa_pad16_s2_final,WalkerRun,pathwise,2,22,2048,1,2,3.5313546092081344e-08,0.4949555931619625,0.8994795540519177,0.03670985832266454,3.652983165358312e-08,0.38886552656186724,0.9297247986489036,-0.05007410068804462,3.4649643755271775e-08,1.5782604506951845,0.5640761708200446,0.04871032796346358,3.418421186302997e-08,0.41727802578114076,0.9314633470532155,0.13884406879671063,89.99908034571088,30.805369740199357,84.13622368638845,90.64495262235933,31.86285941314672,84.3668292780574,0.366136824193866,0.37767046226345996,4.4683209352782394e-09,0.9099579844995276,90.64154803034033,walker,A,16,walker-pad16
WalkerRun_pathwise_fa_pad16_s2_final,WalkerRun,pathwise,2,22,2048,1,3,3.430269995791755e-08,0.6580887515628534,0.8463624558613843,0.06606875840815234,3.661053626962523e-08,0.5018013653435432,0.8908735255994249,-0.03267743032130773,2.9192323572589238e-08,1.8884446714135263,0.5060484474245048,0.05625402132867292,3.342335458990524e-08,0.5917058808628484,0.8860332199451817,0.18727215576881254,89.45282982710586,37.29783724636604,80.71091727376479,90.44238072122663,38.831273740133526,80.99420112599789,0.46211638408041367,0.47943276432501053,5.686198763286811e-09,0.8703950343537057,90.43809327765189,walker,A,16,walker-pad16
WalkerRun_pathwise_fa_pad16_s2_final,WalkerRun,pathwise,2,22,2048,1,4,3.4974248882718835e-08,0.5742217797975081,0.8737406480148247,0.05241429447380447,3.6559510241112124e-08,0.38470574159436055,0.932391480214689,-0.020336732590571553,3.199788807176152e-08,1.9147945006083404,0.49585228814566334,0.04808109981529201,3.434945440803577e-08,0.44739215513895075,0.9245177920316513,0.1594586698093288,88.94506124303469,27.220307748431676,82.02018480898809,90.06756957701828,29.594367381377054,82.34316374935055,0.3318732798740102,0.3594028457718824,5.50687403996513e-09,0.9159818913902988,90.06339707546631,walker,A,16,walker-pad16
WalkerRun_pathwise_fa_pad16_s2_final,WalkerRun,pathwise,2,22,2048,1,5,3.5106951229670594e-08,0.5419271380156708,0.8825275846573699,0.030535916976096717,3.497036084517201e-08,0.3849479752247862,0.9315239980773657,-0.038242742834042276,3.334272322229592e-08,1.7604140859999002,0.5345985505709469,0.06326612600958478,3.577227720210331e-08,0.4736485381172436,0.91217123030933,0.10278435381470366,80.60217951863888,26.28521401383529,75.93118806181982,81.33469964238223,27.60517982727178,76.15820209955834,0.34617150982063766,0.3624715272451463,6.113070765335151e-09,0.9172676540356084,81.33108019260554,walker,A,16,walker-pad16
WalkerRun_pathwise_fa_pad16_s2_final,WalkerRun,pathwise,2,22,2048,1,6,3.426226588852325e-08,0.6876939490344849,0.832467273615115,0.04667455422350682,3.3672954375507684e-08,0.46091894426137486,0.9033109715187152,-0.06889520689481135,3.349863579119702e-08,2.2691342817389577,0.4880588528954557,0.11478776533026326,3.5212924559729445e-08,0.5473036775508165,0.8961629405759861,0.1648610741601636,85.42703330167173,32.126165466935156,78.7771344165087,86.8437803141286,34.48999405880505,79.09738213037524,0.4078107905915695,0.43604469743328783,5.431102442119914e-09,0.8800590122518394,86.83893563217677,walker,A,16,walker-pad16
WalkerRun_pathwise_fa_pad16_s2_final,WalkerRun,pathwise,2,22,2048,1,7,3.6469205978054164e-08,0.5584745092975123,0.8768579871870541,0.032390452920803246,3.706793246896333e-08,0.4452702366163453,0.9090235865633802,-0.06991683192642441,4.174455292494217e-08,1.5984551127065694,0.5816445420705217,0.08674113580864762,3.418722857040419e-08,0.48310443831163236,0.9128034874547627,0.1423654258557916,80.47714772562114,29.89816202399448,75.00190496401527,81.31828038496117,31.096254506526286,75.29917530695123,0.3986320352574878,0.41296939016615275,6.551142356949006e-09,0.8941634188160329,81.31673318865629,walker,A,16,walker-pad16
WalkerRun_pathwise_fa_pad16_s3_final,WalkerRun,pathwise,3,22,2048,0,0,3.6407174070109525e-08,4.81820050016897,0.23123226106525696,0.030020066468818944,4.075297145147792e-08,3.3865557444466985,0.29479214279701277,0.013189416648520446,3.50489876751655e-08,19.69052206739336,0.08258676791483065,0.03204145621133022,3.470226589751658e-08,3.123337303522297,0.36041417844564155,0.06538483209251697,247.28955432863262,234.89352027891354,57.30774975880309,271.9016867737572,260.4885948532186,57.511816551123985,4.098808996471323,4.529305636201874,6.648351654911687e-09,0.2852876104591125,271.68746661369977,walker,A,16,walker-pad16
WalkerRun_pathwise_fa_pad16_s3_final,WalkerRun,pathwise,3,22,2048,0,1,3.667752267649439e-08,4.286960632877295,0.26039025062440374,0.03625099245388493,3.63213235071264e-08,3.328795479326463,0.29663324372548505,0.010188412506019304,3.8148890150529485e-08,16.332463885071174,0.07968695954927972,0.018699451082858254,3.444632058165806e-08,2.9627868602261556,0.39087334617920366,0.08557920038640775,239.59574160143603,228.59719018955187,52.436966826811116,255.87197215932707,245.54771540333596,52.61180406030526,4.359466308273676,4.667160151396386,6.223028133293632e-09,0.28001037019140573,255.72133643210972,walker,A,16,walker-pad16
WalkerRun_pathwise_fa_pad16_s3_final,WalkerRun,pathwise,3,22,2048,0,2,3.377992258121175e-08,4.327234524486301,0.24802971664880213,0.02485645205650593,3.330850560228941e-08,3.144575385836961,0.31608765104024583,0.015123177178560173,3.338761454927656e-08,17.96614237909239,0.07418586052560802,0.018717566034880808,3.5087023565481015e-08,2.7695203459588136,0.38210838453473783,0.05185497959563466,217.40386918453984,206.74947377831745,52.90836404050042,238.30501983328028,228.5518764683218,53.10141957601036,3.9076897864400126,4.3040633996830175,3.5859753464480486e-09,0.2759903514281355,238.1428924236258,walker,A,16,walker-pad16
WalkerRun_pathwise_fa_pad16_s3_final,WalkerRun,pathwise,3,22,2048,0,3,3.549852363384879e-08,3.9382305397318786,0.2710352596861824,0.02754677098289984,3.3205286174002084e-08,3.0312254331282475,0.3102557955057002,-0.003540947152359197,3.7068589975014197e-08,14.481292400882225,0.06637096244355563,-0.002537191016481402,3.503709498594345e-08,2.7290498403764656,0.4095991697521045,0.08108480492892482,213.96927932067138,202.74276151555026,54.08017079655508,229.74908760910978,219.2779404258727,54.29800214826836,3.74892975612535,4.038416364327721,3.2952059222344153e-09,0.2736865399758764,229.61878912615762,walker,A,16,walker-pad16
WalkerRun_pathwise_fa_pad16_s3_final,WalkerRun,pathwise,3,22,2048,0,4,3.4168753694398825e-08,3.976814422683669,0.27768156910839636,0.037389290471111024,2.691588784930074e-08,3.0160434332280266,0.33578847153738456,0.024817020427954816,3.739040289081036e-08,13.053007930680035,0.09102280323713499,0.014781551640383028,3.502905947788149e-08,2.8011119708202474,0.39823705529784287,0.07589547677019777,234.3234103537591,221.44660053105278,54.72426001778715,250.71112586474376,238.61750964854767,55.012345380882564,4.046589217635312,4.337526567835912,3.3594399117783216e-09,0.31531841352064033,250.56674061814297,walker,A,16,walker-pad16
WalkerRun_pathwise_fa_pad16_s3_final,WalkerRun,pathwise,3,22,2048,0,5,3.620778068711168e-08,3.660868677482237,0.2805928413873143,0.019124248826033637,3.181438564401217e-08,2.8856149326889766,0.3301803312377088,0.0032493006643766064,3.931721640049075e-08,13.624053720364085,0.10458869938259605,0.03171298257985001,3.499731923276088e-08,2.4794986502710183,0.40441508654142894,0.03855274778965912,215.7773379765003,204.81928498868555,57.80349263149995,231.35390907606686,221.02086896490204,58.03145860129806,3.543372133141068,3.80863887091672,3.1373758404261013e-09,0.2563939287989385,231.22189540058977,walker,A,16,walker-pad16
WalkerRun_pathwise_fa_pad16_s3_final,WalkerRun,pathwise,3,22,2048,0,6,3.987464867939466e-08,4.471178847423176,0.23471111167036354,0.01776338702369802,4.5150278771474736e-08,3.396779128694981,0.2694747258856023,-0.014600156246490857,3.8808219873482305e-08,16.740723464037863,0.09199360394114982,0.032601670509703355,3.579240246992907e-08,3.021872531427233,0.35875201778612037,0.05287782538186165,228.25540403159633,220.15334167900724,49.37909417685904,246.37227816123297,238.78418040624547,49.598635957142825,4.458432163427072,4.8143295838330955,7.178565727169315e-09,0.21385341401194619,246.2205022611199,walker,A,16,walker-pad16
WalkerRun_pathwise_fa_pad16_s3_final,WalkerRun,pathwise,3,22,2048,0,7,3.723870274624405e-08,4.329607042993295,0.2348521511379434,0.010628217602680456,3.02970882967507e-08,3.1799508361568196,0.287941459936599,-0.013823325520104832,4.146329546232713e-08,17.49325144382764,0.06867462049502746,0.011667549471793286,3.455755790312059e-08,2.905010594880643,0.35822852451577397,0.03916548352657613,222.65305223156747,214.25726568419185,54.87524589375351,242.61970049737477,234.8818295568032,55.089814143464885,3.9044429267619374,4.263616300195164,3.0576477840443575e-09,0.20421321117870944,242.45294728889175,walker,A,16,walker-pad16
WalkerRun_pathwise_fa_pad16_s3_final,WalkerRun,pathwise,3,22,2048,1,0,3.526489877497034e-08,4.0705801428938315,0.261162481127292,0.024803563554303947,4.0140446572291614e-08,3.1167137708136825,0.28458841865197676,-0.02407299667103102,3.2437173736803375e-08,15.844743421312094,0.11567748221287177,0.053182070675791025,3.469254117961794e-08,2.8731514309750104,0.3881115383336345,0.07198006227404553,232.21789315925867,222.90543013170267,53.60512935147305,248.42263361877008,239.55296422947077,53.8051322423151,4.15828546313494,4.452232607674359,2.9642541131769454e-09,0.22662889016318932,248.26668898019736,walker,A,16,walker-pad16
WalkerRun_pathwise_fa_pad16_s3_final,WalkerRun,pathwise,3,22,2048,1,1,3.511112415983636e-08,3.9215485292402015,0.28139479589491767,0.038030734052991656,3.058830634433426e-08,2.9826947788012554,0.34577211978451167,0.033033457642547684,3.7451299339225533e-08,15.390675947629962,0.05250797729668032,-0.012397933716529013,3.5344786254132735e-08,2.715929517404749,0.40935895326340943,0.07907188890635661,227.5097442529581,212.1756090063521,60.01808367111933,243.72012151770562,229.4837716059941,60.19921896251407,3.535194661812359,3.8120722421480147,3.034905465217878e-09,0.3348873405894584,243.57105114066928,walker,A,16,walker-pad16
WalkerRun_pathwise_fa_pad16_s3_final,WalkerRun,pathwise,3,22,2048,1,2,3.2281435326820476e-08,4.4590679511896045,0.22835168392734312,0.010274270893093969,3.158702999777288e-08,3.374513245314592,0.2611023227437151,-0.02594494340044362,3.15828149039079e-08,17.41136211340346,0.07682622510693396,0.019605387950415318,3.423199623818663e-08,3.0322669548300714,0.3538202161491404,0.04806699603045151,229.00416835021,221.08957398715575,50.75939738700105,247.2979715154526,239.92641107330218,50.96454583850552,4.3556382732741055,4.7077121384259355,4.905276999473975e-09,0.20513124063073035,247.14200376538366,walker,A,16,walker-pad16
WalkerRun_pathwise_fa_pad16_s3_final,WalkerRun,pathwise,3,22,2048,1,3,3.5016911593446016e-08,4.06534918020139,0.23856619393168535,-0.0003220412171969755,3.750609515499202e-08,3.04313428203968,0.2747346875286473,-0.04314509558131509,3.353118692040762e-08,16.077058891509633,0.08937121966782224,0.027495927744189314,3.510094441577541e-08,2.711468321459762,0.3738748562100834,0.03407073290152012,208.50920108158869,202.91027691249099,50.20255905911585,226.452595738268,221.22204256601816,50.40307933223533,4.04183134715405,4.389058079325146,3.1636739962841133e-09,0.1645916229075972,226.31913951535498,walker,A,16,walker-pad16
WalkerRun_pathwise_fa_pad16_s3_final,WalkerRun,pathwise,3,22,2048,1,4,3.401277962942144e-08,3.5090549965431146,0.30168861338847025,0.03130024457117154,3.336826039329936e-08,2.8328428009769704,0.33363334283190554,0.0009089964270188532,3.3989066084798396e-08,12.658259408766641,0.16603628506553567,0.0887097558996359,3.474337252151943e-08,2.4373759212795134,0.42252568769818616,0.05519535589595823,203.25127351300358,191.16154346427004,55.56659118062344,216.4559304856302,204.85053641577323,55.77538118368113,3.4402244118751395,3.6727769863400797,2.773529178205196e-09,0.28763303102415994,216.35364486566687,walker,A,16,walker-pad16
WalkerRun_pathwise_fa_pad16_s3_final,WalkerRun,pathwise,3,22,2048,1,5,3.538063921422678e-08,4.852232983934121,0.21370299845390445,0.012648385022335933,3.6436540126958456e-08,3.7931922708899557,0.22309742716389327,-0.034903918906236474,3.439004401182256e-08,18.610170174913257,0.061957362836419755,0.008340406188141001,3.608581320333453e-08,3.2073309814802524,0.35628101506958343,0.06861807604490572,259.0988775200801,251.11921289154435,52.03383326480118,279.6369813185688,272.19746881147785,52.26126333178161,4.82607559611434,5.208398179803306,4.477372442028461e-09,0.19823431458015833,279.4348224550519,walker,A,16,walker-pad16
WalkerRun_pathwise_fa_pad16_s3_final,WalkerRun,pathwise,3,22,2048,1,6,3.542622885903632e-08,4.216465829018425,0.24221422488721617,0.012463211586694806,3.59502769588836e-08,3.3221979068410863,0.2789579877390461,-0.010532197007677147,3.481876599756065e-08,15.793733728475093,0.05035106076248187,-0.012905440739164734,3.592505873806972e-08,2.840478364959053,0.3735652737271431,0.05016035282714137,220.27559225067697,211.15063238431193,51.927207810414586,236.60515620011276,228.13200933988625,52.126754239477556,4.06628126733129,4.3764859843720885,9.073998684013344e-09,0.23072987183710794,236.4685969833425,walker,A,16,walker-pad16
WalkerRun_pathwise_fa_pad16_s3_final,WalkerRun,pathwise,3,22,2048,1,7,3.7040388522132547e-08,3.3094436759113415,0.31174748921506584,0.025823269990831822,3.9578388303748937e-08,2.6894958634774406,0.33431755227802035,-0.017140552225961496,3.663196868689566e-08,12.779218414620553,0.15182851564479952,0.07492550952620844,3.488693421908408e-08,2.363177530871133,0.4378065550230929,0.06283405354913331,199.27079691534843,188.82929204380167,54.93403368250068,210.92089615579638,200.87074104847522,55.1352646877446,3.4373826093886506,3.6432352721274026,5.117374280774424e-09,0.2509456955750764,210.82174618984448,walker,A,16,walker-pad16
WalkerRun_pathwise_fa_pad16_s4_final,WalkerRun,pathwise,4,22,2048,0,0,3.571021863900579e-08,1.4912290056347282,0.580892121178727,0.042413734347533545,3.4823341059393725e-08,1.186377613112256,0.6560508950205006,0.026070409369745164,3.5120824122525755e-08,3.0876904334259354,0.37183292718541033,0.07554151114277746,3.666385711603405e-08,1.4716647888768786,0.5909175581242071,0.0519899755950172,88.65066346632635,70.5977976983715,55.7551831114998,89.62079131080428,71.6331957485969,55.95245312554952,1.2662104894748174,1.2802512087872304,3.940717048804536e-09,0.5471085542009521,89.60862012978265,walker,A,16,walker-pad16
WalkerRun_pathwise_fa_pad16_s4_final,WalkerRun,pathwise,4,22,2048,0,1,3.5083185620638656e-08,1.4392811428534809,0.587557880856976,0.030973584305736733,3.5251851936954215e-08,1.2144584500834246,0.6474343988379132,0.025820828418086705,3.3071196022111214e-08,2.9863224828846544,0.3544194638435194,0.04379941838667354,3.579436533710106e-08,1.3511512311404748,0.6129528226552287,0.035182413306761695,81.01947387544104,60.4302934687414,53.97447488685127,81.8139329607796,61.34831104196579,54.16678606590061,1.1196087334878677,1.1325817073091033,4.028466298897805e-09,0.5997382658723555,81.80586629895319,walker,A,16,walker-pad16
WalkerRun_pathwise_fa_pad16_s4_final,WalkerRun,pathwise,4,22,2048,0,2,3.5292787568574504e-08,1.5125767945696422,0.5776647724262837,0.045818125819977476,3.3170817106554704e-08,1.1606528042459534,0.6741347083131366,0.049984233638949875,3.968165757907338e-08,3.406463739214022,0.35757499191934533,0.08785005518850258,3.4349820156276515e-08,1.4221951757738467,0.5944699933297947,0.03567330536811821,103.8667888225707,74.76123759718294,71.43404278424904,104.93147597992316,76.01142952499124,71.61773657455203,1.0465771596181659,1.0613492294030327,3.9358329936484665e-09,0.6232188396179368,104.91486514167623,walker,A,16,walker-pad16
WalkerRun_pathwise_fa_pad16_s4_final,WalkerRun,pathwise,4,22,2048,0,3,3.419075927117853e-08,1.5034711153612663,0.5639899642054966,0.017742104364605344,3.498036277093431e-08,1.225889644517663,0.6296625583124745,-0.005231776949985348,3.101986909679655e-08,3.287429484528252,0.375381707920752,0.09882749844002926,3.498429389715196e-08,1.4214141249707577,0.5850479957482199,0.017753619834135852,92.03340467505868,73.1721589745782,58.90838644828433,93.05991883670636,74.2493096354002,59.10172779739074,1.2421348365875677,1.2562967683438342,3.404194740392952e-09,0.5527140889773912,93.05008417092318,walker,A,16,walker-pad16
WalkerRun_pathwise_fa_pad16_s4_final,WalkerRun,pathwise,4,22,2048,0,4,3.367911139573264e-08,1.845368019095109,0.49892697993946306,0.0334799443587798,3.619916428050509e-08,1.3482148945609334,0.6090904503174673,0.026004964350680084,2.832223060272069e-08,4.754865941976303,0.29076636672405887,0.09228868294067075,3.539831071551169e-08,1.6586052272441716,0.5328647383039898,0.026575926721977464,96.10714640060196,73.49335786772122,64.83544057054141,97.89780407972094,75.64861174945074,65.00490635202502,1.1335368005675661,1.163736954558246,4.7169921504573524e-09,0.5609630523740555,97.88666074709528,walker,A,16,walker-pad16
WalkerRun_pathwise_fa_pad16_s4_final,WalkerRun,pathwise,4,22,2048,0,5,3.591208137828168e-08,1.1841729161004622,0.6533998507237426,0.018509871739754304,3.733804574617298e-08,0.9847421169450146,0.7169214681326271,0.012776399959051332,3.4379487212185035e-08,2.368360749316402,0.42421570321479113,0.045733034554929906,3.519080685180727e-08,1.1556575243186624,0.6621599248185103,0.018176682268739027,84.51898926562639,58.88215165609956,63.187683800796904,85.1497437813202,59.61571933054371,63.3570784335011,0.9318612127282314,0.9409480488137529,4.98747799317928e-09,0.6231895086496462,85.14328200314988,walker,A,16,walker-pad16
WalkerRun_pathwise_fa_pad16_s4_final,WalkerRun,pathwise,4,22,2048,0,6,3.4109960425080784e-08,1.5819201022598854,0.5408556274823437,0.01084090980073758,3.4631082553748504e-08,1.1990924449106222,0.6423870707005279,0.004237633203407362,3.1889721122065485e-08,3.5153353363354127,0.3249530451669756,0.05854298053005603,3.483126236076446e-08,1.5556019536604069,0.5429474987594805,0.003703280391988209,91.5642676423949,74.51284812911454,57.57670178588296,92.6569121143465,75.72405255469842,57.747923576919774,1.2941492968147543,1.3112861530654565,5.056022875488222e-09,0.5245968463899731,92.64333425066933,walker,A,16,walker-pad16
WalkerRun_pathwise_fa_pad16_s4_final,WalkerRun,pathwise,4,22,2048,0,7,3.5795173211008834e-08,1.6615865219833754,0.5327169493982279,0.027399924144490106,3.4995236964525436e-08,1.33244267013006,0.6100616813269204,0.01929121819663131,3.6320662246705846e-08,4.1100473349734,0.25949374760623833,0.02530580990373522,3.615267320280538e-08,1.511981072716898,0.5740076395904519,0.03907321035365726,101.9250595635221,79.55467568931681,66.55452405523702,103.24018252874302,81.09469246875267,66.7314552895082,1.195330848182298,1.2152393817417841,3.7600277226183894e-09,0.5386476215498356,103.22725201291234,walker,A,16,walker-pad16
WalkerRun_pathwise_fa_pad16_s4_final,WalkerRun,pathwise,4,22,2048,1,0,3.645259740803999e-08,1.65146527182366,0.5330835098230796,0.024365768094666115,3.701848569152318e-08,1.2752104653390381,0.6217872954335812,0.00969855414989314,3.774871444914632e-08,3.8713159690919783,0.2565743999289232,0.007143966282030626,3.5179959319637926e-08,1.5634659611881474,0.5668537704449993,0.04769334872607502,96.4557734558735,75.18819371567625,61.90384056722465,97.6569114712958,76.6220249337188,62.07524771964774,1.214596590885572,1.2343410255850749,6.087196341933893e-09,0.5367648359440906,97.64532020784415,walker,A,16,walker-pad16
WalkerRun_pathwise_fa_pad16_s4_final,WalkerRun,pathwise,4,22,2048,1,1,3.389962473569971e-08,1.2459788303825523,0.6421622668406373,0.034625778142660504,3.395261273359202e-08,0.9699425464507765,0.730941967531363,0.03925743293230457,3.2491070054917645e-08,2.9736868280484208,0.3406634407722813,0.025931747619361345,3.447737857718223e-08,1.1762309169717584,0.6643422884878525,0.03802138262136871,89.49399144401687,57.722714866522224,67.91014240239164,90.3365186601021,58.83578871266414,68.07572388561736,0.8499866562566436,0.8642697477814666,4.338865334534757e-09,0.6782376330017532,90.32909045693397,walker,A,16,walker-pad16
WalkerRun_pathwise_fa_pad16_s4_final,WalkerRun,pathwise,4,22,2048,1,2,3.739338737738628e-08,1.824675443105259,0.49377191844878426,0.019668073229062947,3.8989361846652965e-08,1.342371738942221,0.5998458513019275,0.00474044959725415,3.9213382697450725e-08,4.182278157433634,0.27607952874844055,0.04781067966117614,3.4803721472032693e-08,1.7328187344315618,0.5166944194437297,0.026193725424275824,96.7958585045076,81.5081477375833,55.437190268929456,98.28190774062341,83.10922283712237,55.634767900911484,1.4702791996163667,1.4938360664170087,5.343206101397967e-09,0.4912931555620264,98.26472017405003,walker,A,16,walker-pad16
WalkerRun_pathwise_fa_pad16_s4_final,WalkerRun,pathwise,4,22,2048,1,3,3.649943881964075e-08,1.5292290249611262,0.573348099502482,0.04515418866103008,3.695581531024731e-08,1.23161175325626,0.6479157086533425,0.03804453650566108,3.6726736661470975e-08,3.1064173162340656,0.32758464498698087,0.024695792215192705,3.600583506804777e-08,1.4907889677504857,0.5918486718516054,0.06205783774871295,93.33170560499016,73.70861223837731,55.97124771213893,94.26815962847378,74.75566189122188,56.1686277689812,1.3169013600958233,1.3309148693944757,4.495576469208771e-09,0.5466754133294408,94.2554440537206,walker,A,16,walker-pad16
WalkerRun_pathwise_fa_pad16_s4_final,WalkerRun,pathwise,4,22,2048,1,4,3.3867647945061836e-08,1.3814071278388316,0.6118135790267012,0.048651088884142664,3.4955716184377626e-08,1.1053909319343935,0.6913617885862512,0.050988550645645225,2.8937310858207154e-08,2.6822046406246307,0.42631987893791634,0.09627732813895082,3.517688506008982e-08,1.330722467166017,0.6186609878325671,0.03547589933590215,86.26084439119569,61.91527401883979,58.74137147737884,87.24280283414271,62.95766382570735,59.00282004480701,1.0540318086151965,1.0670280467593913,4.514162839095503e-09,0.6227920637788837,87.23417704610641,walker,A,16,walker-pad16
WalkerRun_pathwise_fa_pad16_s4_final,WalkerRun,pathwise,4,22,2048,1,5,3.3695152762809074e-08,1.4585037231280948,0.5806104616596844,0.027223197360544595,3.34879487648528e-08,1.0824464631956234,0.6827182280259202,0.010473381809685173,3.074212571549743e-08,3.088498264059623,0.34692804084688295,0.0457330276703468,3.523414558118407e-08,1.492602960702003,0.5796474161096535,0.0407773755813558,90.11413525786587,66.96814740568747,59.82873902205906,91.05052569220496,68.04808308460994,60.03150894553199,1.1193307514135467,1.1335394408684687,3.7842801232584735e-09,0.5721809731202303,91.0405550012573,walker,A,16,walker-pad16
WalkerRun_pathwise_fa_pad16_s4_final,WalkerRun,pathwise,4,22,2048,1,6,3.4787665496804606e-08,1.512399394126422,0.5507926123187395,-0.0012868535267068922,3.293416015007639e-08,1.191964351635712,0.6295246306572141,-0.02907446822890162,3.3696978512136475e-08,3.621442087568294,0.32131572422429777,0.06251183442427592,3.6746975414631905e-08,1.4315582642051565,0.5758694309595981,0.005840010179384794,95.0032904766403,71.73193091918044,66.8374290674931,96.02659911330015,72.91469196150767,67.00701851068004,1.073229953934101,1.0881649949830994,5.1979244926876915e-09,0.5875979572059086,96.0133863150275,walker,A,16,walker-pad16
WalkerRun_pathwise_fa_pad16_s4_final,WalkerRun,pathwise,4,22,2048,1,7,3.5384527845099204e-08,1.2278243431748663,0.6403157109914217,0.019023421271968332,3.499301576599637e-08,1.0419293744972762,0.6999921570996204,0.020216252473634923,3.7667817727453264e-08,2.1067471568808362,0.45363800442185054,0.0340664142472182,3.5026380556598294e-08,1.2496142987324637,0.6320588685528945,0.015301219836978035,86.42224827174206,64.55909066495745,58.01313532152874,87.03792087626726,65.19605072289337,58.23224134101412,1.1128357449937443,1.119586834054649,4.194318777200733e-09,0.61820743575448,87.0266803341463,walker,A,16,walker-pad16
WalkerRun_pathwise_fa_s101_final,WalkerRun,pathwise,101,6,2048,0,0,3.6028541055710026e-08,1.237375812720533,0.6582894797983463,0.06451193408057607,3.484637091342236e-08,1.0818689383448243,0.6649168477980697,-0.03464611756504946,3.9316186695453456e-08,3.0583177788487026,0.4820646120839843,0.2108678523932153,3.521807408748421e-08,1.0149150893559569,0.7536901210516739,0.14871220787963127,72.19211735821573,41.60254766543732,56.54970739645621,74.73380760876287,44.66709034772754,56.88108031272714,0.7356810420568803,0.7852714839829174,4.234858221656357e-09,0.6849802595660475,74.72762368790214,walker,A,0,walker
WalkerRun_pathwise_fa_s101_final,WalkerRun,pathwise,101,6,2048,0,1,3.297012334670421e-08,1.174176254661286,0.6819975449159271,0.07801032113811915,3.2838100391027305e-08,1.024552397329141,0.7021593872493364,0.010065560776281545,3.127330250282499e-08,3.0780866660081583,0.38104501870976715,0.085743232091245,3.3981299584305076e-08,0.9235084713684668,0.7859888515774317,0.16999917777198073,83.68726933383653,40.45155149705321,66.81657311422204,85.60746682302775,43.43107697230148,67.11920067591333,0.6054119451457234,0.6470738109949913,5.6059419413466556e-09,0.7399115328098596,85.59809534974065,walker,A,0,walker
WalkerRun_pathwise_fa_s101_final,WalkerRun,pathwise,101,6,2048,0,2,3.527287817441928e-08,1.1795356376005477,0.6725378443617445,0.05936394340727459,3.630854295994411e-08,1.0206560496530537,0.6892517403634401,-0.02883831175752868,3.4487073495446204e-08,2.694113996598816,0.45565267125031467,0.13594686161502276,3.464921592361689e-08,0.9860375916579216,0.7601933093141453,0.14375959395392202,73.15616768250311,39.294516228215436,57.2528900199321,75.46963887769674,42.06034251515198,57.768581221604876,0.6863324491485879,0.7280833564841143,6.893644906810729e-09,0.7133325292027782,75.46198623230465,walker,A,0,walker
WalkerRun_pathwise_fa_s101_final,WalkerRun,pathwise,101,6,2048,0,3,3.519576092745448e-08,1.3095187360331384,0.6438292678618984,0.07538709170004336,3.416522809888183e-08,1.1522949833959568,0.6513979176647101,-0.009340713892064666,3.699880299928229e-08,2.640777519059131,0.4414838998349787,0.11034935973132654,3.493178504110764e-08,1.064883550128619,0.7426471276923403,0.15626091942620754,60.42203618790981,34.23667529889348,44.75034549628628,62.86638621478665,37.02852978352876,45.369692167243755,0.7650594630992051,0.8161512237515685,5.7230343153702875e-09,0.7189835561213639,62.86228290639143,walker,A,0,walker
WalkerRun_pathwise_fa_s101_final,WalkerRun,pathwise,101,6,2048,0,4,3.363208640609751e-08,1.1719386369987508,0.6896855399016065,0.09487735590428922,3.405580099499058e-08,1.0063943114237093,0.7072082252260027,0.006618764011171904,3.256512031782746e-08,2.3515804045399173,0.49523654297512315,0.13925120372325206,3.3743437821085976e-08,1.0462308172352943,0.7567597726321269,0.18242940557167653,71.69118879883726,37.7913156780588,55.01532509574529,73.81156007705442,40.24049931018929,55.621955397459196,0.6869234274684086,0.7234643051047204,4.223838976563508e-09,0.7384117647319027,73.80478237418706,walker,A,0,walker
WalkerRun_pathwise_fa_s101_final,WalkerRun,pathwise,101,6,2048,0,5,3.356017118683223e-08,1.0935440991686942,0.7116089172089645,0.09392201261335834,3.100534560638764e-08,0.96355135975861,0.7222832531839912,0.006520005162780412,3.65413155440931e-08,2.6474682872587425,0.47164850560221,0.15102391696687034,3.42991599621118e-08,0.8720345371687438,0.8059985872408083,0.19009991782868357,72.23410828833485,35.34094416943302,56.642596494052995,74.3590338999689,38.21925721542664,57.06465418702078,0.623928745447658,0.6697535937073784,5.830780309920556e-09,0.7470021124415159,74.354258697678,walker,A,0,walker
WalkerRun_pathwise_fa_s101_final,WalkerRun,pathwise,101,6,2048,0,6,3.4560263504952174e-08,1.1010447861283539,0.69452417734743,0.05560649080324364,3.505860272883225e-08,0.9440116469712916,0.7191046789149483,-0.024797939511327628,3.285359425416248e-08,2.4333213385699515,0.4407030025505803,0.07847531602887597,3.499191623690096e-08,0.9050851315385261,0.7851775057942786,0.14890325915116237,68.59307906872846,34.214956018019706,54.69664256457779,70.40377664419285,36.43212380040361,55.22958080725676,0.6255403332594512,0.6596487474265971,6.314168110114501e-09,0.7474930235795619,70.39706755262505,walker,A,0,walker
WalkerRun_pathwise_fa_s101_final,WalkerRun,pathwise,101,6,2048,0,7,3.430932368950861e-08,0.999552493266043,0.7328520700485595,0.07372971608737189,3.392112905816843e-08,0.9340254240054985,0.7323742701623197,0.004945965046112472,3.323371083714972e-08,2.1214671033686217,0.5219356271575759,0.13492592730216588,3.514963076490765e-08,0.8096506475680135,0.812043380895498,0.14220392403246496,68.88289899500634,34.49711528047996,54.56508973868121,70.56795479742314,36.45751661798211,54.99490352968147,0.6322195280112278,0.662925367226162,5.4250347380171234e-09,0.7602137212301435,70.56471689722302,walker,A,0,walker
WalkerRun_pathwise_fa_s102_final,WalkerRun,pathwise,102,6,2048,0,0,3.56855801028275e-08,1.0346197113807203,0.715886890787944,0.05709687566515887,3.5558569336831604e-08,1.017720801955655,0.700862856850126,-1.838738343316432e-05,4.0787555902681624e-08,1.759523675958511,0.5448308504288809,0.07934854721719457,3.437410493532211e-08,0.9258185564725907,0.7667362418333512,0.10733786973752674,97.9339025037242,60.761911384027854,72.6036377020293,98.89910804490474,61.694975299548545,72.95189847121304,0.8368989944195138,0.8456938968338522,6.4142614175019094e-09,0.7191661192757003,98.89333850741458,walker,A,0,walker
WalkerRun_pathwise_fa_s102_final,WalkerRun,pathwise,102,6,2048,0,1,3.547828871019976e-08,1.1073025316577065,0.6849356272453708,0.036349415664328165,3.61092730822324e-08,1.01070212473695,0.7008244670330798,-0.006971473360550041,3.4607871753825134e-08,2.228797968626092,0.4723970951086773,0.08534306476707526,3.5186492807609975e-08,1.007970895467521,0.7283899579172882,0.06850104799714535,108.32094177686052,68.15680220336989,83.24110778130769,109.51673405505558,69.48429946322226,83.54408855267206,0.8187877843052218,0.8317081515517839,5.3549521320080436e-09,0.6868610410042423,109.5086228088612,walker,A,0,walker
WalkerRun_pathwise_fa_s102_final,WalkerRun,pathwise,102,6,2048,0,2,3.597777672328601e-08,1.0828163729708284,0.7059500561400917,0.07072284900291895,3.794495347054862e-08,0.9733826259220177,0.7221589565254488,0.01650649064748015,3.230619694833674e-08,2.1893416595118547,0.4778725391406036,0.08526846043602136,3.539316263818846e-08,1.0000488309277593,0.7476621634262045,0.11804048778489559,110.74393884950032,64.81108703104326,80.76047451451888,111.84709671613815,66.15773556137633,81.03816303901722,0.802509983016394,0.8163775322686267,4.735549094718932e-09,0.7208978432657738,111.83515232575456,walker,A,0,walker
WalkerRun_pathwise_fa_s102_final,WalkerRun,pathwise,102,6,2048,0,3,3.4226688484017654e-08,1.093116169193797,0.6932913432445904,0.04618385949946007,3.4497486808090314e-08,1.0048192136936551,0.705883143657773,0.0013431860742332247,3.0491385822653346e-08,2.2412416177385532,0.47786680453571495,0.0953402618819269,3.505483801741701e-08,0.9911507207431086,0.7382000594723319,0.08171929451980701,111.5717860231529,69.48813495199468,84.96335896573008,112.90816854507801,71.00967574758292,85.26723777111145,0.817860025755595,0.8327896810519195,3.9834027246028935e-09,0.6945701910541714,112.8992779200697,walker,A,0,walker
WalkerRun_pathwise_fa_s102_final,WalkerRun,pathwise,102,6,2048,0,4,3.652982527132819e-08,0.9370774392495359,0.7437497976298381,0.04439043241503954,3.952846249600732e-08,0.8935910072524195,0.7402182111496699,-0.018351179912161144,3.2972032925743295e-08,1.866102558403874,0.5232870150797895,0.07640269866169089,3.477284314592939e-08,0.8105036361914134,0.8018849811696117,0.10139735013151581,103.44834132738346,55.79094120110653,84.36610329477902,104.52428872866832,57.1446488404529,84.66311769686396,0.661295698417761,0.6749650898170142,6.5747001621655675e-09,0.764037372775568,104.51691630604527,walker,A,0,walker
WalkerRun_pathwise_fa_s102_final,WalkerRun,pathwise,102,6,2048,0,5,3.5859125984602295e-08,1.2695143838405076,0.6350273194128928,0.0338781642586642,3.6373074493339406e-08,1.195587879174785,0.6296858747556294,-0.026122052366017785,3.5931865800725e-08,2.3664078441722483,0.45439759172939986,0.0856454578567394,3.5388143523212544e-08,1.1243499116325038,0.6964719755154357,0.07820369890682373,102.0952341594194,70.32763497500855,72.68635533906286,103.488018569575,71.77569090766261,73.02122314691724,0.967549337794522,0.9829428735156953,6.205153056890296e-09,0.6426176255139784,103.47739757843027,walker,A,0,walker
WalkerRun_pathwise_fa_s102_final,WalkerRun,pathwise,102,6,2048,0,6,3.57577515598432e-08,1.0527983124280098,0.7122924911804376,0.06296773652063307,3.658615592395987e-08,0.9597559244725989,0.7257806103391155,0.01300598365820864,3.4337193721981e-08,2.1603895658551773,0.48925180461416723,0.09553168268579694,3.548829240218271e-08,0.9428052584172755,0.7611141459745044,0.10614610182917798,96.72798438293422,57.05726762716136,72.9374187287438,97.81721370219826,58.32918852629337,73.22060034008872,0.782277034499371,0.7966226479347369,3.794213104057692e-09,0.7254312461313428,97.81149858869273,walker,A,0,walker
WalkerRun_pathwise_fa_s102_final,WalkerRun,pathwise,102,6,2048,0,7,3.5676663869656295e-08,1.1822219215867786,0.6849436913519584,0.09037517122645967,3.506563231159263e-08,1.156929119990823,0.6668822460924527,0.030183073706095073,3.5892609617961046e-08,1.867203480330403,0.5720473149521895,0.15359496552726234,3.610312361215654e-08,1.0723099638981597,0.7314631162267219,0.1309153013597519,94.7291029274192,62.213455135479215,64.9046486886423,95.94079239778915,63.259008015573436,65.29954145630268,0.9585361972133289,0.9687511827001772,4.5294166364365806e-09,0.6993786336293175,95.93329961172816,walker,A,0,walker
WalkerRun_pathwise_fa_s103_final,WalkerRun,pathwise,103,6,2048,0,0,3.5630928962521734e-08,2.159629762046035,0.5170358875507493,0.1354319290673184,4.076660994413695e-08,2.1487160211155194,0.4702318400414548,0.06624991808236362,3.137646987834303e-08,3.390491897550927,0.373486963773856,0.10543593872043584,3.373382010812187e-08,1.8472089999715648,0.6035698771119646,0.20030811562217374,169.00572831929256,136.46323548104462,58.21911996982137,170.59702237030305,137.8020773436111,59.164044352543165,2.343959090274462,2.3291524244435013,4.601355319723778e-09,0.6231968058762523,170.56490868665662,walker,A,0,walker
WalkerRun_pathwise_fa_s103_final,WalkerRun,pathwise,103,6,2048,0,1,3.4706583065337055e-08,2.12391095413485,0.4504892672546142,0.03347815192238246,3.9279950363001524e-08,1.8860020412867127,0.4388602379169425,-0.04225180116323862,3.011763252697139e-08,5.022670894265536,0.24264471211957964,0.05070053870187897,3.545653850453064e-08,1.501033174881544,0.6056068491171126,0.09162894325939708,162.67194148767626,126.19916187869988,83.0698192413484,165.43162427968977,129.13080577289898,83.77753906755474,1.519193890527718,1.5413535323444116,4.590862050410219e-09,0.5985284666681577,165.40752516801004,walker,A,0,walker
WalkerRun_pathwise_fa_s103_final,WalkerRun,pathwise,103,6,2048,0,2,3.620389814891369e-08,2.466558992378878,0.4570988043879159,0.10563298536149837,3.416245727197013e-08,2.2274250126449138,0.4468413574996712,0.04990858925201821,4.030044849012762e-08,4.452050263303795,0.2730074303417637,0.058683313570542586,3.497663703895114e-08,2.1238479979278795,0.5440767204767858,0.16835564187941196,208.92067671457002,174.9309763195385,71.3640317420194,211.33133642179902,177.2147735752892,72.39989050436257,2.451248507818485,2.447721568924312,3.579310447650051e-09,0.5867021063326713,211.28242593897033,walker,A,0,walker
WalkerRun_pathwise_fa_s103_final,WalkerRun,pathwise,103,6,2048,0,3,3.3292341078987606e-08,1.9710100733555522,0.4786130465921604,0.03736649674057491,3.374152572023197e-08,1.7382150983440512,0.4653919162343397,-0.050160333977085504,3.137537194961178e-08,4.329999398978464,0.31236655868296614,0.09634363523474002,3.441003916741201e-08,1.5476394625193868,0.5910059471488629,0.083921660372713,147.55140293107428,114.17667814303627,75.96123240867897,149.6863301467975,116.26142411428403,76.69050288858934,1.5030914391798296,1.515982028220353,3.6091487751701417e-09,0.577819637201756,149.66295860472025,walker,A,0,walker
WalkerRun_pathwise_fa_s103_final,WalkerRun,pathwise,103,6,2048,0,4,3.636276862480944e-08,2.237235783117848,0.4738661065617429,0.0890034237386107,3.7773991304701235e-08,2.058679045148086,0.46343096478305235,0.036877151324111075,3.682602484383717e-08,4.480826004863458,0.28667143476210766,0.07520980859116265,3.502019682835923e-08,1.7933511251288057,0.5767048575808702,0.14123109165691902,165.1336344081582,128.09442449128687,67.75820948107157,167.01449205517437,129.91451391971668,68.50722528253938,1.8904635389910722,1.8963622214141325,7.534598522236182e-09,0.6356242111037557,166.98906367026254,walker,A,0,walker
WalkerRun_pathwise_fa_s103_final,WalkerRun,pathwise,103,6,2048,0,5,3.49798313763075e-08,2.1724499712894882,0.4693993082471594,0.06999098293313945,3.764430929908756e-08,1.9384315348667225,0.4604197439239131,0.002782148681988271,3.292775854287027e-08,5.242101929791366,0.27708017605159263,0.09626828117132295,3.458932318648961e-08,1.6905376863579662,0.5824873317116458,0.11990957261588026,174.2806440886663,131.22669027772454,83.11082458456677,176.3114766723082,133.35361528424846,83.63551987745743,1.5789362087750367,1.5944614857375945,5.600380398384895e-09,0.6496883394563753,176.2825658671023,walker,A,0,walker
WalkerRun_pathwise_fa_s103_final,WalkerRun,pathwise,103,6,2048,0,6,3.676085442887704e-08,2.4557006801535923,0.4058285986997049,0.036526398655332304,3.7418495653532374e-08,2.1764157765454595,0.38998157772645153,-0.03623483830235706,3.7810481377676497e-08,6.629734050996752,0.1876523063511794,0.04005719591684554,3.4979968761289684e-08,1.6716743353034254,0.5743744123458916,0.0999449155391466,176.0770029958927,140.81847625689727,88.05540258529382,179.08734007978885,144.1865302364321,88.6249623193585,1.599203139415478,1.626929100594219,3.982608023168674e-09,0.5565988129541676,179.0577055348991,walker,A,0,walker
WalkerRun_pathwise_fa_s103_final,WalkerRun,pathwise,103,6,2048,0,7,3.0976723778881326e-08,2.747518716755297,0.3813544783392178,0.048087802363703025,2.8052073184875557e-08,2.287899315599543,0.38660549969646113,-0.01794936320817748,2.9991974379425226e-08,7.525280384144899,0.21580709004462523,0.08728611882758018,3.423238459202961e-08,1.8257012439541593,0.5412888360436466,0.09321273993264168,190.08944361171052,149.44924286079976,89.45386282710317,194.44553136394782,154.30407484246226,90.08157917085931,1.6706851793494293,1.7129370539762552,3.7645603321551605e-09,0.5914372425318263,194.40690689392548,walker,A,0,walker
WalkerRun_pathwise_fa_s104_final,WalkerRun,pathwise,104,6,2048,0,0,3.572143622162816e-08,1.954718727934736,0.489848011868955,0.049601934723175325,3.711332702758728e-08,1.7953337102129754,0.48640662303295856,-0.00029987586465127073,3.4303609800578165e-08,4.5206172359568475,0.24809412396713268,0.03473758620798644,3.50113641306024e-08,1.5329085614693791,0.6178551517545796,0.12706001715486986,161.0802525221957,142.42591679302888,69.06149118853115,163.4695590964973,144.8721680058746,69.43273010010155,2.0623058428353063,2.0865111856758265,3.374613308821888e-09,0.44429516729200474,163.45226720520404,walker,A,0,walker
WalkerRun_pathwise_fa_s104_final,WalkerRun,pathwise,104,6,2048,0,1,3.550348828545738e-08,1.5679367754191367,0.5260136529477462,-0.019404121428234503,3.739255706226632e-08,1.4776563364509614,0.5057712382683829,-0.09300081050403837,3.1749635968212104e-08,3.619571711954821,0.27750490923042614,0.012551172481979058,3.5347799187612125e-08,1.2611162002900351,0.648777383249384,0.05816530738095548,133.00572731026887,119.99833565490765,73.4872124757261,134.6211924237052,121.61572910939732,73.72161748231092,1.632914511413033,1.6496617038899979,5.157095720500144e-09,0.3875880041542678,134.6108648703625,walker,A,0,walker
WalkerRun_pathwise_fa_s104_final,WalkerRun,pathwise,104,6,2048,0,2,3.45576863154204e-08,1.920382511374962,0.46261362323267774,0.0010775675742606577,3.4555935771601385e-08,1.8009039779742533,0.4408148926263692,-0.06521719705179573,3.373817886683239e-08,4.5350505987584375,0.2340798684065063,0.02021516104343954,3.510264235566147e-08,1.5176737504437101,0.5947207433362653,0.07857435125405139,158.26759651963465,142.78430704992428,72.93237542593612,160.41483335875637,145.01110690547668,73.15133048303835,1.9577630128737802,1.982344079703356,4.301073398648034e-09,0.4027451350220672,160.39775282204832,walker,A,0,walker
WalkerRun_pathwise_fa_s104_final,WalkerRun,pathwise,104,6,2048,0,3,3.603197675079096e-08,2.0099371244487068,0.4508693533893812,0.007582313996995979,3.721894118750839e-08,1.8476067688097555,0.4322697521462777,-0.06281680383809551,3.5610123660596915e-08,5.215920077242154,0.20448884111659044,0.01715173687413978,3.502359332926058e-08,1.6042037417543482,0.5792357154648272,0.08466548431156186,168.2166162953463,148.52847196675327,73.57808470606118,170.65048990768594,151.07685050946117,73.83768399720903,2.018650968696877,2.0460670260888687,4.3524424289438605e-09,0.4616117081342295,170.62836592111665,walker,A,0,walker
WalkerRun_pathwise_fa_s104_final,WalkerRun,pathwise,104,6,2048,0,4,3.436588647807374e-08,1.6904924805361294,0.5073362703220575,-0.002816779038196545,3.40831509796493e-08,1.5180557206309995,0.5039087124613768,-0.07708123609634057,3.22729501412729e-08,5.371344445827078,0.17985107679929857,-0.0033417804839115705,3.57895830305987e-08,1.3845048931424129,0.6308190293568128,0.08758065706023704,154.62558988112815,136.57682039908929,84.16150854583371,156.52359420339585,138.65155782718375,84.27528778781274,1.6227943481396723,1.6452220035875436,4.3935270925554276e-09,0.4170193419409244,156.50512690958175,walker,A,0,walker
WalkerRun_pathwise_fa_s104_final,WalkerRun,pathwise,104,6,2048,0,5,3.5213071936716894e-08,1.6566294559552845,0.5280081094172223,0.018006322661645348,3.568400629310646e-08,1.5039289232496913,0.5243387066153751,-0.0499173879083458,3.555052196169294e-08,4.726055467281793,0.24234027420316162,0.03801259338316409,3.450535555617372e-08,1.344419642913883,0.6449651641582085,0.09622906951400115,154.83003235617534,131.33721470127642,85.10600534454723,156.66012059687029,133.3078202343449,85.26820172641592,1.5432191203142835,1.5633942962942167,4.710145875283026e-09,0.46345677530985757,156.64339401720852,walker,A,0,walker
WalkerRun_pathwise_fa_s104_final,WalkerRun,pathwise,104,6,2048,0,6,3.5075007282572276e-08,1.662476475625501,0.5137928906423616,-0.002628272203392875,3.419932321109115e-08,1.5229814166926836,0.5042373532975879,-0.07431967269997612,3.644574869573053e-08,4.102155003053592,0.2824562419744908,0.05029901613523616,3.516786472778303e-08,1.3452946849722207,0.6307650974812627,0.06767395818272674,139.77451285397296,126.66041403776548,75.4543389266256,141.561315053783,128.432605532222,75.65855704319077,1.6786365878963272,1.6975291434503927,3.427975795068563e-09,0.3917482882312072,141.54658037919694,walker,A,0,walker
WalkerRun_pathwise_fa_s104_final,WalkerRun,pathwise,104,6,2048,0,7,3.684104241580593e-08,1.5882673729811756,0.5384500395904803,0.00934561916440997,3.87753765254773e-08,1.511797937635592,0.5074315294509312,-0.07420976984211407,3.610200432634794e-08,3.5580042781307544,0.34502150944289073,0.0852006120904297,3.487225964712409e-08,1.2937628570890054,0.6576418150447988,0.09600706501388119,129.13411843954293,114.3999106059103,69.84339709555381,130.6935937015044,115.90955067473269,70.07064324230777,1.6379488307161867,1.654181342019511,5.172434218710546e-09,0.43832586720181627,130.68320084126955,walker,A,0,walker
WalkerRun_pathwise_fa_s105_final,WalkerRun,pathwise,105,6,2048,0,0,3.72881706064248e-08,1.2218822150067434,0.6560219913437781,0.04971622898249644,3.843968997431687e-08,1.4430816893449134,0.6038228843878054,0.06303894709864569,3.4104853648664696e-08,0.6491447884337278,0.8514064604208076,0.07783911715537876,3.5883713685580146e-08,1.059722352806357,0.6970772445699017,0.028189350122847862,133.26383171164585,113.24917339270199,59.39908042971721,133.594149772949,113.3338017529701,60.00276192400008,1.9065812563664168,1.8888097500664651,5.744304494684326e-09,0.6454546197068053,133.58775252842173,walker,A,0,walker
WalkerRun_pathwise_fa_s105_final,WalkerRun,pathwise,105,6,2048,0,1,3.742093644742148e-08,1.1703356976270831,0.6650686852896162,0.035560241917971115,3.86843826938892e-08,1.3913952937232141,0.6185850732225536,0.06682377335675573,3.471144636176283e-08,0.6859908002742842,0.8223560923045398,-0.012525145703918836,3.5508577474508345e-08,0.9765466947322633,0.7139195839132513,-0.00447329709721933,127.53254338496087,105.34217701810698,60.49872863044031,127.8544737399875,105.450826219348,61.12570693163954,1.7412295994118077,1.7251469391965988,3.3214339080258487e-09,0.683662692591277,127.84663638605895,walker,A,0,walker
WalkerRun_pathwise_fa_s105_final,WalkerRun,pathwise,105,6,2048,0,2,3.3164369423633953e-08,1.1779271057445686,0.6604890329263895,0.03031849958522133,3.15321983632586e-08,1.347647801342268,0.6225403442966394,0.05236452926467585,3.2278827590651435e-08,0.7635961870155686,0.7934914603369572,-0.005776588833876559,3.6023865015107606e-08,1.0285106214128255,0.6980419763107111,0.0025586794628498456,133.97515853789238,111.91197330646169,68.37581707177657,134.34389186178134,112.02764631699017,68.96969094767313,1.6367186250802972,1.6243025708493202,4.203011656588706e-09,0.6500502915886545,134.33814329727716,walker,A,0,walker
WalkerRun_pathwise_fa_s105_final,WalkerRun,pathwise,105,6,2048,0,3,3.418311836702672e-08,1.1756700118433312,0.668602979344429,0.04752490609333434,3.3711121665054614e-08,1.357087304577196,0.6247440135757011,0.06170588553838657,3.555609170756717e-08,0.7597769125400333,0.8025498221892251,0.028516570037003648,3.4650458927228084e-08,1.0361418824363389,0.7061607399188411,0.03170923424985288,127.96808728656141,107.98137299926353,61.80991172917767,128.42205510895573,108.16035761960961,62.440575674949656,1.7469912183726457,1.7322126910338593,5.38954516560627e-09,0.6630610012940312,128.41471843635836,walker,A,0,walker
WalkerRun_pathwise_fa_s105_final,WalkerRun,pathwise,105,6,2048,0,4,3.4968409036199575e-08,1.1908536098699118,0.68341360406089,0.09240379705908748,3.462202370244288e-08,1.424462517694856,0.6367378770245159,0.11798666984798509,3.698599775908984e-08,0.6439043376901893,0.8491613331306119,0.05260178455293658,3.515900798050017e-08,1.0149564874866912,0.7256234821339498,0.06691671616800157,132.99093106873894,110.64945285155618,56.79486963456101,133.3517388129554,110.74186955592772,57.50726184160653,1.9482297179923702,1.9257023549642214,3.5751071860281283e-09,0.6849879833336908,133.34464487399097,walker,A,0,walker
WalkerRun_pathwise_fa_s105_final,WalkerRun,pathwise,105,6,2048,0,5,3.506584263579633e-08,1.2288330557330336,0.6583590270732717,0.059337199067413506,3.4687144773213726e-08,1.4648283944856084,0.6119356564231282,0.08803538171243774,3.367360145798433e-08,0.7269941889934756,0.8177225030940001,0.043726886593210036,3.5952568406764464e-08,1.0313390300464702,0.7042123344906989,0.02200959659952766,144.24946108178207,120.32207792083722,61.47060749906238,144.57009869875145,120.4334554978289,62.067067874147874,1.9573920417602924,1.9403761064084326,7.663485590231266e-09,0.6716852908576104,144.56197473572908,walker,A,0,walker
WalkerRun_pathwise_fa_s105_final,WalkerRun,pathwise,105,6,2048,0,6,3.161700993005193e-08,1.317682717994819,0.6300373992166532,0.05133558831174558,2.8734572002237022e-08,1.5398009298210107,0.5872589772374978,0.07411904393614696,3.427605896330985e-08,0.8184586329793518,0.7680918175403452,-0.02260870931855788,3.595990271524351e-08,1.1179691347810765,0.679213419079839,0.030523216650419262,149.62453463656774,126.11367418304482,69.2617548912428,149.92780634083806,126.22922703283841,69.82407051331745,1.820827011690233,1.8078182223530077,5.526205165112451e-09,0.6314297692005296,149.9189529829832,walker,A,0,walker
WalkerRun_pathwise_fa_s105_final,WalkerRun,pathwise,105,6,2048,0,7,3.470232985693206e-08,1.2589671494293442,0.6751482440207036,0.11486914882980864,3.391592686672217e-08,1.480130600882662,0.6415359965150231,0.15110248245576788,3.592212856260319e-08,0.7627451155392101,0.8039206684593001,0.039610880524219474,3.5895991287906955e-08,1.0615357618084282,0.7144743576479837,0.07617300225014566,148.63508861039023,120.46179959936445,67.01489300810525,148.97670654898926,120.57258247002791,67.60303039655355,1.7975377441070177,1.7835381308020921,5.062141233522464e-09,0.6674577129674115,148.96954809722826,walker,A,0,walker
WalkerRun_pathwise_fa_s106_final,WalkerRun,pathwise,106,6,2048,0,0,3.5360885962913375e-08,7.521947637734982,0.13705372104938077,0.005413014286334522,3.038033556606732e-08,6.1386210057341355,0.07882302936568295,-0.08411420349443338,3.680321480439081e-08,11.832455491330926,0.08663777041691291,0.002451195748501745,3.7063306566107916e-08,7.308701612376077,0.20157833466926364,0.06849641182456849,490.2621373617793,502.647995527778,43.35069811189354,494.3099074136235,506.5362383899383,44.04771466544878,11.594922744505046,11.499716664920554,2.945978281133929e-09,0.020284248500624023,494.114147341577,walker,A,0,walker
WalkerRun_pathwise_fa_s106_final,WalkerRun,pathwise,106,6,2048,0,1,3.5946636703420345e-08,8.773919335889515,0.10065915894928981,-0.012809429593385935,3.531590165150508e-08,6.918796479952949,0.047599953200486884,-0.09710504160881037,3.78744743349498e-08,15.158448142280431,0.07797915816040586,0.012241657614929109,3.50332853156818e-08,8.471296868901224,0.15403958141192736,0.03774353641655888,555.4870235937151,565.1978508860659,37.77239368765605,560.5189828203056,570.1214239431305,38.30995187507785,14.963252145461901,14.881809974655758,6.8621730299694925e-09,0.017792677089437024,560.2726791693443,walker,A,0,walker
WalkerRun_pathwise_fa_s106_final,WalkerRun,pathwise,106,6,2048,0,2,3.744397832359545e-08,9.92817227493841,0.10538648264716671,0.0052516943257798565,4.278489997175934e-08,8.27428020787453,0.02143725096958553,-0.09952070726411723,3.463642686296364e-08,14.399647859585583,0.10374659023563759,0.034800144520059556,3.5480811753474646e-08,9.850563802546716,0.1693590982319473,0.06990404537015059,696.471560737213,706.1798583921319,39.437724729877615,701.6145033691951,711.2090420803008,40.226208872299,17.90620182145344,17.68024037109904,8.183033023102976e-09,0.01279092198220991,701.2691149532242,walker,A,0,walker
WalkerRun_pathwise_fa_s106_final,WalkerRun,pathwise,106,6,2048,0,3,3.366183909835285e-08,12.574767267239505,0.1220935846691563,0.043373800579755255,3.087960555479801e-08,8.906374995741755,0.10698232594790025,-0.004680453332908431,3.0672844873421494e-08,23.367985412654512,0.05110773800225519,0.008379228806864984,3.6880799764139196e-08,12.24864656278396,0.17383095653780659,0.0940935373722723,727.2095184946494,731.8109586814226,37.618529431290554,735.9519939029102,740.4662564473841,38.31698685489642,19.45347066312202,19.324751689151743,4.905050295151694e-09,0.06870624584761464,735.4775069146951,walker,A,0,walker
WalkerRun_pathwise_fa_s106_final,WalkerRun,pathwise,106,6,2048,0,4,3.6508543943353335e-08,10.18652551136173,0.12389453851338464,0.026643285730598234,2.9453835483587846e-08,8.513995475494532,0.09582985751421876,-0.02120237872375748,4.122937035640892e-08,15.499710459641095,0.0824750009169868,0.018225862722079284,3.703721839673276e-08,9.665900444090092,0.1649418164434591,0.06343901755707701,648.4337867182678,653.0092765069068,34.36208490017061,653.9723813231199,658.4968729313941,35.31925333405403,19.00377344401607,18.644133461804174,2.5419118898719648e-09,0.05992990870296003,653.6770863817767,walker,A,0,walker
WalkerRun_pathwise_fa_s106_final,WalkerRun,pathwise,106,6,2048,0,5,3.6005303384351395e-08,8.091397376047324,0.18774813092292217,0.06712805889737501,3.597191792532498e-08,6.608381356619486,0.16585310887129487,0.016835535040324475,3.449338515171452e-08,12.010093728191775,0.10341858672391334,0.02069055968101408,3.6752156432561635e-08,8.094642904517316,0.23899322189640124,0.12078517644994552,542.6674557077787,538.2816016137596,39.548518457955836,546.2400784194145,541.8347605323493,40.2548908239588,13.610664131097476,13.460097628928308,3.3701261968178774e-09,0.201157352156288,545.9960326273188,walker,A,0,walker
WalkerRun_pathwise_fa_s106_final,WalkerRun,pathwise,106,6,2048,0,6,3.642671743959505e-08,11.56435881366305,0.12718462722473034,0.0416421323773158,4.0211308876168314e-08,8.942841813827828,0.08711475768467809,-0.024400107174856724,3.2452028253493496e-08,16.426760503805617,0.09868016382844491,0.038215451265850194,3.692092124173698e-08,11.588919360512953,0.17424719480497947,0.0899476432642836,754.1792912921474,758.9784257463958,35.27780319685244,761.4173915248182,766.101521050111,36.28439812737742,21.514333574322222,21.113799886129254,5.6179018837042594e-09,0.05093534302050086,760.9668675972192,walker,A,0,walker
WalkerRun_pathwise_fa_s106_final,WalkerRun,pathwise,106,6,2048,0,7,3.6234812973863663e-08,5.319880305845519,0.27873126684081734,0.10078161174483737,3.3862445182956346e-08,4.981449801651643,0.2594676260095966,0.06731488466386591,4.120012636892707e-08,6.417966127143542,0.20209603939473536,0.05028039514348335,3.515578984611143e-08,5.1552850542851285,0.3272480950499164,0.14850125478950207,374.3924039307402,368.83506010504874,30.24216975606373,376.7967722294069,371.14345634822786,31.696664046764102,12.196051509534398,11.709227690353933,2.986609615076659e-09,0.2743304901763224,376.7018665355811,walker,A,0,walker
WalkerRun_pathwise_fa_s107_final,WalkerRun,pathwise,107,6,2048,0,0,3.507678855908578e-08,2.7346485387670927,0.2976119912805585,-0.05440155026814355,3.354205395752873e-08,3.0130546999394068,0.1573063497797811,-0.17505933369599286,3.662038366940227e-08,3.4223364896308226,0.40601764460696915,0.14724537048946426,3.597581012663316e-08,2.367499293181385,0.39300331408482775,0.005000626261001613,190.6438370715772,199.73755669351647,54.00807137001335,191.75020476644124,200.557945587985,54.51859704836217,3.6982908596216255,3.6787070182688497,5.415989184287323e-09,0.20499692349925464,191.7112962465142,walker,A,0,walker
WalkerRun_pathwise_fa_s107_final,WalkerRun,pathwise,107,6,2048,0,1,3.6557051089611924e-08,3.803352140212259,0.22109662082837114,-0.03636874431620886,3.696623565111185e-08,3.8190138763068395,0.12017725280026903,-0.14202013269211633,3.921292729556471e-08,3.274714256809374,0.4204280905327108,0.15257520176509531,3.576350608726938e-08,3.9034148594324347,0.2556914844809673,0.008288302330716044,251.09069486493433,258.2496709545575,47.78819788593625,252.00015642899908,258.91780541714024,48.47465603893409,5.40404707394403,5.34130258106785,8.11739109607862e-09,0.1285249594909623,251.90974736933234,walker,A,0,walker
WalkerRun_pathwise_fa_s107_final,WalkerRun,pathwise,107,6,2048,0,2,3.9071401171010915e-08,3.583710509135705,0.21571897571766038,-0.05849828108159067,4.248241438582672e-08,3.6734885523003773,0.1041681713819563,-0.1689891766234883,3.30330066823263e-08,3.4313069803968763,0.3967786297765534,0.13676518775269123,3.730328599936626e-08,3.538903274206849,0.269602924436151,-0.002604606196305634,238.2156395889149,246.36960972003163,47.06870787610107,239.00746474146692,246.94792953810233,47.68984122727384,5.234254791283945,5.178208255322677,5.199312010363309e-09,0.17671546902439694,238.94773962978732,walker,A,0,walker
WalkerRun_pathwise_fa_s107_final,WalkerRun,pathwise,107,6,2048,0,3,3.705921115213874e-08,4.215281726496696,0.19502882680448816,-0.038532553882330775,3.8841473093117686e-08,4.547477343724017,0.06879361141981019,-0.15174369345807984,3.417514022671837e-08,4.9486120286232245,0.30489325448069554,0.11590168285501991,3.625957168398474e-08,3.7681262743567547,0.2747277074841723,0.020279043503794145,313.5942481868908,322.6623643546799,52.7089660632745,314.9341321145174,323.77426681070506,53.2812534798457,6.121584019829445,6.076701384909621,4.452041828426454e-09,0.10975308470452644,314.8401265369769,walker,A,0,walker
WalkerRun_pathwise_fa_s107_final,WalkerRun,pathwise,107,6,2048,0,4,3.6236571886460605e-08,2.539361789851426,0.30519274356928394,-0.07420040998304603,3.793426163649982e-08,2.5614295359913366,0.18856556198017482,-0.2023697294465142,3.5943634727534614e-08,2.618856750207591,0.49516598250621746,0.1789024680420522,3.499992935151469e-08,2.4990316894333664,0.34012656444622724,-0.0387357603817193,159.85538096371488,173.2390582589164,47.92347812723523,161.3738233675867,174.15242260946425,48.77301458043617,3.6149099570563075,3.5706716943290338,3.924474457299384e-09,0.21655785843764092,161.33853785745694,walker,A,0,walker
WalkerRun_pathwise_fa_s107_final,WalkerRun,pathwise,107,6,2048,0,5,3.459785965123923e-08,5.189693741553024,0.1984284313568103,0.00975492534365603,3.491564998037071e-08,5.974121571811038,0.11686782141975614,-0.04986080357147007,3.273252306609425e-08,4.003350439937624,0.34989526179329106,0.12097116110170857,3.4593361196616e-08,4.77365488387546,0.247025719722336,0.04518271398787439,377.11851595304336,379.3062663255821,40.508410507700574,378.083584829297,380.11642396614417,41.292098567605315,9.363642304687993,9.205548692173902,5.729480413619627e-09,0.1002074007655372,377.969200389693,walker,A,0,walker
WalkerRun_pathwise_fa_s107_final,WalkerRun,pathwise,107,6,2048,0,6,3.4747292982624294e-08,5.712887936910823,0.1330660513229142,-0.040895130642279925,3.2290261060995975e-08,5.687627267562271,0.02478599422375256,-0.15131210233690998,3.938243666630609e-08,5.302539605527353,0.31261693015521486,0.13740188715461377,3.541625775695605e-08,5.807728465940776,0.17334021863078963,0.0038189338989998364,384.93987748403015,394.6930246289122,50.16555742267344,386.14400166804415,395.72604724527343,50.68669823657621,7.867809008945928,7.807295819472106,3.8746385254222965e-09,0.009159080755482593,385.88020310569004,walker,A,0,walker
WalkerRun_pathwise_fa_s107_final,WalkerRun,pathwise,107,6,2048,0,7,3.3716254597652594e-08,5.751447515556606,0.15705274923383272,-0.014860604188084136,3.193697629109536e-08,5.4088907794516805,0.0776461071266885,-0.10745045812262048,3.2298231793453944e-08,6.755058689546299,0.29335632087891544,0.15510620842883932,3.526150076270114e-08,5.774134747272097,0.18000857850848218,0.009802926635603199,344.3341142387784,349.9275408193992,46.28683892119121,346.07431639315905,351.43560959876334,46.833009809607816,7.5599792289809296,7.504015031864525,6.438822032533444e-09,0.10853767739182539,345.8783888790536,walker,A,0,walker
WalkerRun_pathwise_fa_s108_final,WalkerRun,pathwise,108,6,2048,0,0,3.405622256522471e-08,2.2657546124050896,0.5136467078266164,0.15048337627405625,3.313346019955776e-08,2.4499498443904124,0.4623673219344066,0.11011161383658129,3.61824192053316e-08,3.7153755080438615,0.3218753095585996,0.06998236377554175,3.349518051357894e-08,1.6749227409269725,0.6531860165095027,0.24031435641109045,186.5416964934824,157.01928786589724,57.95106015917488,189.95807076522308,160.3516158008787,58.99177719456643,2.7095153640780296,2.7182028314218263,3.2850633013520226e-09,0.6673116597107484,189.93528020494028,walker,A,0,walker
WalkerRun_pathwise_fa_s108_final,WalkerRun,pathwise,108,6,2048,0,1,3.463377422969974e-08,2.458199734515241,0.49362487999777277,0.15402230791643193,3.746898748762877e-08,2.5957442318970965,0.43387436687386194,0.09417558533447623,3.077946349867888e-08,3.923641884935006,0.3352067523756435,0.09917199716619564,3.408713556133352e-08,1.9881729535243395,0.601305927275438,0.22949513928968718,228.30538954068086,200.40979061265773,59.783479566022145,232.07728622824104,203.95343128263045,60.849323851301065,3.35226039145699,3.351778103254408,3.147298329212336e-09,0.6218686147145038,232.0389288279697,walker,A,0,walker
WalkerRun_pathwise_fa_s108_final,WalkerRun,pathwise,108,6,2048,0,2,3.466478447968944e-08,2.6229450599891764,0.43071380396162234,0.09389210560960497,3.613545875417545e-08,2.6177138195090652,0.384900800298083,0.03476480772231808,3.317105697766249e-08,3.5490868521717833,0.316121320150894,0.05101222339642699,3.430632498717928e-08,2.318468534313272,0.5124445008025278,0.15794403478311944,222.68028274848245,203.47018715542828,55.069767088389995,226.3047005932203,206.64695731732385,56.707324515964686,3.6947711587166108,3.6440964034397947,5.5263175240668626e-09,0.5379213050953225,226.26335786680144,walker,A,0,walker
WalkerRun_pathwise_fa_s108_final,WalkerRun,pathwise,108,6,2048,0,3,3.538298662901779e-08,2.1564115881224826,0.4972065954430784,0.10609384265469163,3.456869290186858e-08,2.2708533770998374,0.4085164047201598,0.007191452327518819,3.712742299193374e-08,3.2400216163728777,0.4085271084891211,0.13485196378257455,3.5145175343875035e-08,1.7973072055042534,0.5978292063240815,0.17753778013789256,185.84271109560518,164.977579564576,59.44838372050561,188.95766476258407,167.51752636435214,60.61100644731337,2.775139864865111,2.763813640183741,4.620650954774918e-09,0.5978525172366201,188.9300257674219,walker,A,0,walker
WalkerRun_pathwise_fa_s108_final,WalkerRun,pathwise,108,6,2048,0,4,3.545484094401494e-08,2.7544963543341043,0.4509177471942295,0.13736138870801337,3.761058899886196e-08,2.976649413467086,0.38425997383072713,0.07896696402085555,3.399441408646653e-08,3.9388087113809265,0.29257101220072074,0.05166609340995049,3.424861372764859e-08,2.204547605245133,0.5754705975532756,0.23101951836032003,242.20327380163806,218.3309935424267,57.27228119510521,246.44405217583997,222.35612286504107,58.58105175620067,3.81215815026908,3.795700421877478,3.853809950772504e-09,0.5667237558619124,246.40836741874276,walker,A,0,walker
WalkerRun_pathwise_fa_s108_final,WalkerRun,pathwise,108,6,2048,0,5,3.269693420290759e-08,2.4738342513391904,0.49427877824781125,0.157283937582253,3.2306114549580845e-08,2.635494022171141,0.4453789126875607,0.11472020708395785,3.146158246309882e-08,3.7744264512838868,0.33560656932652416,0.08988631072526525,3.394259952976116e-08,1.8857497335757534,0.6226430933729742,0.24179939056631244,207.2309199982518,179.4980426313282,58.92737708554847,211.8737505138858,183.83545085269014,60.369516955131125,3.046089127142667,3.045170147531915,3.9592356219337775e-09,0.6372056182730509,211.8409673198725,walker,A,0,walker
WalkerRun_pathwise_fa_s108_final,WalkerRun,pathwise,108,6,2048,0,6,3.526630550008976e-08,2.171248468075695,0.5069334235524344,0.12306501602834917,3.3282657150504805e-08,2.315716070536534,0.4376794110065339,0.054232178011467944,3.982813638778442e-08,3.0145802198329896,0.4026245793610033,0.10566765821573376,3.484160493208678e-08,1.8329016594329897,0.6012640344392223,0.19277592267404112,187.90675334156776,167.4661690166986,56.322488870726396,190.57897701544596,169.59560018858355,57.577122627756985,2.973344615524193,2.945537957584934,3.292755348233916e-09,0.5895148388180195,190.55828843413363,walker,A,0,walker
WalkerRun_pathwise_fa_s108_final,WalkerRun,pathwise,108,6,2048,0,7,3.4542412427998825e-08,2.4762768631863197,0.45155900931746223,0.09973952259488701,3.5316782028751284e-08,2.3773417330335036,0.42510449795548527,0.04846409020121699,3.3346775666693656e-08,3.9484559965482644,0.3212502255471707,0.08474745442984494,3.45917742602151e-08,2.144473989166962,0.5284046946466024,0.14911680713003594,210.9524812072929,192.68035933089374,57.222678474144715,214.9630756897249,196.33704987204607,58.26573799723421,3.367202732705886,3.3696827092683956,2.683546501380416e-09,0.5423147203636733,214.93145120185733,walker,A,0,walker
WalkerRun_weighted_mle_pad16_s0_final,WalkerRun,weighted_mle,0,22,2048,0,0,3.575683396405557e-08,0.8806444362441607,0.7384686119389837,-0.04128268163410562,3.345607365895014e-08,0.8059991091283006,0.7941699246122165,0.06351927909087247,3.847348666164889e-08,1.1716987452734249,0.5299346061121728,-0.24810580807101495,3.602001650009738e-08,0.8426277146612428,0.7582248713261358,-0.02416961285568237,129.0951851928221,62.41436680727738,101.6428174862489,135.8170849988304,74.24582818311868,111.31296368086251,0.6140558511743411,0.6670007313432329,5.895836266707477e-09,0.8741232233958536,135.8018774040597,walker,B,16,walker-pad16
WalkerRun_weighted_mle_pad16_s0_final,WalkerRun,weighted_mle,0,22,2048,0,1,3.6258053702647076e-08,0.8805053868476582,0.7437375911797068,-0.02342262378138857,3.645635928713789e-08,0.7024623481212466,0.8470266313785297,0.15153587556107923,3.825264228701885e-08,1.2227583307984853,0.4534188241068355,-0.3392797506438578,3.581454729126866e-08,0.8618984296733283,0.7598081919191143,0.008400091389337337,118.95381247050211,59.704833391184636,84.017279161096,125.1100295380063,73.21724862148109,95.23922287507553,0.7106256473350557,0.7687720081202128,6.017940225632167e-09,0.8737612043646487,125.09730156003575,walker,B,16,walker-pad16
WalkerRun_weighted_mle_pad16_s0_final,WalkerRun,weighted_mle,0,22,2048,0,2,3.6163023224815715e-08,1.0514168211621937,0.6971271768961305,0.021041719214738262,3.658895229119867e-08,0.978089475145975,0.7468062556787222,0.09542119826735025,3.681997974278385e-08,1.3668497987388186,0.5151958622138177,-0.13609058329089033,3.5875353493814125e-08,1.002568851050486,0.7202670664430464,0.0400322626356225,120.47039268173859,72.32967709345601,76.71460274151366,128.5747374798667,84.28546458838952,88.13034460786031,0.942841056443538,0.9563728017111507,6.296237848790763e-09,0.8387277461532467,128.56294129058793,walker,B,16,walker-pad16
WalkerRun_weighted_mle_pad16_s0_final,WalkerRun,weighted_mle,0,22,2048,0,3,3.6241431059664526e-08,0.9213837572871382,0.726529444868912,-0.028420262253486237,3.40402849948297e-08,0.7793599147740687,0.8108431329239592,0.0959377423600318,3.995210489957217e-08,1.2611849861698026,0.4878754443856581,-0.2520440745037237,3.6248220720311675e-08,0.8962734294679583,0.7411821152043506,-0.011713604731856803,122.30761616322627,61.22343476100273,93.86502844485523,129.18938682383043,74.27060337218025,102.7707807969755,0.6522496799430497,0.7226820969561543,5.904162256229192e-09,0.8655440178244984,129.17623367879872,walker,B,16,walker-pad16
WalkerRun_weighted_mle_pad16_s0_final,WalkerRun,weighted_mle,0,22,2048,0,4,3.577992481831897e-08,1.169232481837237,0.6400889842965802,-0.022347047047847762,3.438182913017922e-08,1.0909708152447282,0.6785869123569821,0.007211850702335058,3.752015614140082e-08,1.5668278814563394,0.4427853047368898,-0.14998416137695186,3.5738129879935654e-08,1.10053932550354,0.6738896707512755,0.003450534743032558,123.26645489875506,76.48695848276428,88.29960326514481,132.27281053208674,87.00270750000088,99.90931809666546,0.8662208623190464,0.8708167482018255,5.043473615181979e-09,0.8129857421653053,132.25515386632188,walker,B,16,walker-pad16
WalkerRun_weighted_mle_pad16_s0_final,WalkerRun,weighted_mle,0,22,2048,0,5,3.6516616839524475e-08,0.9206928397922336,0.72100077911041,-0.04677349032963277,3.766162286735906e-08,0.8639858185231338,0.7675775005884038,0.03920369651488019,3.910072253511622e-08,1.1774797416279408,0.5028749451537052,-0.29301885736274763,3.5646286177232716e-08,0.8876266962693082,0.7424497788563883,-0.018492700731367235,130.71483213104796,73.8939644829093,91.56421184015251,136.87330574477687,84.1102035798196,103.36272131633694,0.8070179712998381,0.813738285028345,5.727782172862316e-09,0.845014711519729,136.86056734612404,walker,B,16,walker-pad16
WalkerRun_weighted_mle_pad16_s0_final,WalkerRun,weighted_mle,0,22,2048,0,6,3.5732274825776894e-08,0.9376253734035082,0.7344468215781752,0.015536813705398975,3.5259956058064074e-08,0.7722374336534052,0.8284641153176443,0.16425780866650222,3.778826236244799e-08,1.3274276671066974,0.46495315184479613,-0.24404388085624656,3.5528799806715515e-08,0.9188273188646314,0.7452505684685622,0.028868661141206526,133.86432460477616,69.98884360237409,93.7926860900934,139.19970134890565,80.97084437768606,101.62675921045792,0.7462079029823812,0.7967472839511048,5.272389870336869e-09,0.8656156573499895,139.18673259551198,walker,B,16,walker-pad16
WalkerRun_weighted_mle_pad16_s0_final,WalkerRun,weighted_mle,0,22,2048,0,7,3.599087156912798e-08,0.9294127593904719,0.72941726885145,-0.009706554345901895,3.2436517683893485e-08,0.7824841576299968,0.8284891519381058,0.17786151430563155,4.217834440725358e-08,1.245053665431192,0.4772390912140518,-0.2821727310353494,3.579517689982278e-08,0.899698407811774,0.7468367829204439,0.011492622292651434,120.81374956963471,60.451737829194265,82.20758238894412,127.23571326687836,73.3275664759549,93.36120428371571,0.73535476987003,0.7854179585464505,5.152578824186435e-09,0.8748123937063699,127.22581344554685,walker,B,16,walker-pad16
WalkerRun_weighted_mle_pad16_s0_final,WalkerRun,weighted_mle,0,22,2048,1,0,3.612248893100596e-08,0.980707291682305,0.7038359234932092,-0.029284976590674194,3.509594977142431e-08,0.9567984729942335,0.7396582018068403,0.052411790515069535,3.777110871675163e-08,1.2573224517621047,0.5260912594934446,-0.18771894098684605,3.612042247604421e-08,0.9270427052934491,0.728145959047891,-0.016511601225598884,120.14741261167696,64.803719346745,90.47621512687073,127.22919484277357,75.32328742004539,100.87838174345289,0.7162514397388634,0.7466742241325972,5.537244443396005e-09,0.8557362499342861,127.2128349393708,walker,B,16,walker-pad16
WalkerRun_weighted_mle_pad16_s0_final,WalkerRun,weighted_mle,0,22,2048,1,1,3.559957957780284e-08,0.9918281814277905,0.7119139641167386,0.005482946922103379,3.426355524213782e-08,0.8552271726134044,0.8082821873660917,0.1808554140016828,3.705140011897424e-08,1.2820029538189976,0.5106288153672813,-0.1978813519582692,3.571676638234672e-08,0.9671572016172343,0.7218078621707839,0.008934328118233555,129.29656811930457,72.64552305104299,86.13898320657393,136.40695893625133,83.70674551851877,98.54339080683309,0.843352456074708,0.8494404833562276,5.704991521761156e-09,0.8463430627340025,136.38986972229307,walker,B,16,walker-pad16
WalkerRun_weighted_mle_pad16_s0_final,WalkerRun,weighted_mle,0,22,2048,1,2,3.5767565777465863e-08,0.836425844887682,0.7702276745049658,0.012039844651811724,3.5137256835669776e-08,0.7482314231034441,0.8387091263318178,0.1788005348749081,3.842597673124596e-08,1.1789230746781412,0.529485861190341,-0.24274049203622539,3.547235908588043e-08,0.7916814069838194,0.7908473858352746,0.02854503685114068,146.26050916158746,65.00081594734115,111.2600921684752,152.57502770858153,78.12571398472797,121.09638096140375,0.5842239987444313,0.6451531694380513,4.639004158042452e-09,0.8940297427081604,152.5568779025821,walker,B,16,walker-pad16
WalkerRun_weighted_mle_pad16_s0_final,WalkerRun,weighted_mle,0,22,2048,1,3,3.627162792272994e-08,0.8247588618371241,0.7517752737848187,-0.07568957740962305,3.429918888175e-08,0.6809495133067078,0.840831036953228,0.079862396952926,4.0529416643219124e-08,1.2815830521107379,0.4284713875708718,-0.33317225198217293,3.6095577087291995e-08,0.7750414676467671,0.7773284570425971,-0.05660492021346632,116.68060268199864,55.205676611900635,93.27613957133677,122.04545489362258,69.19438200484453,102.68830352812343,0.5918520734842294,0.6738292446899122,5.575673322298205e-09,0.887164296073707,122.03450945024086,walker,B,16,walker-pad16
WalkerRun_weighted_mle_pad16_s0_final,WalkerRun,weighted_mle,0,22,2048,1,4,3.6066485395253683e-08,0.9943406844309896,0.705783000598988,-0.009469943429006556,3.667750748284256e-08,0.8953154746992072,0.7713975179298146,0.09033437091176238,3.908173462532844e-08,1.2875458840647727,0.4693229178050925,-0.26403955329158424,3.530004945239742e-08,0.9766571170552095,0.7184251279427353,0.008865816257721567,154.31195080757018,78.56620809197403,111.19270744914704,159.0873065480255,87.56075973862774,118.72382208821239,0.7065769859763947,0.7375163484340062,5.606947246255006e-09,0.8529451532308188,159.06917958594067,walker,B,16,walker-pad16
WalkerRun_weighted_mle_pad16_s0_final,WalkerRun,weighted_mle,0,22,2048,1,5,3.5899137432362174e-08,0.8648117681587321,0.7567405531578771,0.0012775829189238292,3.4149310348508076e-08,0.7343408056872173,0.8280982676515133,0.10696803759578251,3.8406354699708606e-08,1.2082014789709343,0.537470784946729,-0.20368164685703952,3.595205440349755e-08,0.8339382774498204,0.7735359724294012,0.021162118309998177,129.18736106918476,58.2529830257327,98.70534830673053,135.99915273045863,72.956102921039,106.6566337043254,0.5901704824009011,0.6840278038709525,5.301535672453503e-09,0.9033304082989717,135.98844871287852,walker,B,16,walker-pad16
WalkerRun_weighted_mle_pad16_s0_final,WalkerRun,weighted_mle,0,22,2048,1,6,3.627552680501365e-08,0.8174160767710326,0.748703631271563,-0.0995489709318127,3.3608106272061596e-08,0.6727117154998139,0.8386392801322177,0.051136094695246014,3.816111018997766e-08,1.1213728142063513,0.5514657723089692,-0.25203064351140303,3.676513431322989e-08,0.789580497591691,0.7601485415407943,-0.10278064477781967,106.14317050540133,49.634365990493976,86.48004510357259,114.1816147453225,65.05643327375897,96.62546728690967,0.5739401029572654,0.6732845397848007,5.8740663317184935e-09,0.876848757760831,114.17218030843881,walker,B,16,walker-pad16
WalkerRun_weighted_mle_pad16_s0_final,WalkerRun,weighted_mle,0,22,2048,1,7,3.507611305466317e-08,0.8739140677349091,0.7501616688067543,-0.00988031334092425,3.2479095396530344e-08,0.7400990080352594,0.8510361721745918,0.22715361497060546,3.766445991387318e-08,1.2168585947307133,0.48030051413089003,-0.2992908831102702,3.538377491657667e-08,0.8341683270850193,0.7693170967084793,0.005373322120052243,122.11982019772802,62.99296603672616,82.81065240565344,128.58639221874878,77.34897961454313,94.28983900083456,0.7606867499141319,0.8203320785589389,4.604661627227606e-09,0.8836665658513609,128.57805563959602,walker,B,16,walker-pad16
WalkerRun_weighted_mle_pad16_s1_final,WalkerRun,weighted_mle,1,22,2048,0,0,3.646381823283859e-08,0.3622471314408671,0.9375478397096013,-0.07240500829038002,3.568847755122236e-08,0.12272377954898109,0.9926970839698914,0.06384701947561518,3.7309768710890003e-08,0.9698483059664865,0.6834356692022426,-0.09953910336420718,3.68413083453197e-08,0.3962996959300268,0.9246719206355846,-0.1094810899767063,512.868664546761,41.51709280176693,517.6860122720254,523.4787286986266,118.95855435883661,527.8545273667643,0.08019743979474396,0.2253623833677598,3.8406597134935775e-09,0.9810681963177338,523.4011641341367,walker,B,16,walker-pad16
WalkerRun_weighted_mle_pad16_s1_final,WalkerRun,weighted_mle,1,22,2048,0,1,3.628254924352976e-08,0.3546317328401262,0.9405614032065942,-0.054523931158175006,3.554273452435368e-08,0.10319109259662586,0.9950215333602436,0.1618117001290953,3.726677839091238e-08,0.9880114622909233,0.6702779806674829,-0.11491153160781514,3.664361304251951e-08,0.3946025599397379,0.9258891847506897,-0.09436042988719426,598.4701992808976,58.39018381405098,596.4663407766486,609.7676296577007,140.07711372119974,606.0154115419516,0.09789351019878509,0.23114447430435128,3.3023798984306774e-09,0.9830998443589304,609.6593568678012,walker,B,16,walker-pad16
WalkerRun_weighted_mle_pad16_s1_final,WalkerRun,weighted_mle,1,22,2048,0,2,3.555709627969189e-08,0.3598750088536283,0.9374612187478429,-0.09874501944576528,3.323826357385811e-08,0.12580633927108884,0.9922030254572269,0.01177893060735073,3.5957338665301344e-08,0.9791369002906205,0.672459067254336,-0.11922458418527594,3.6846323235286706e-08,0.39543955882477877,0.9239026234170712,-0.13695973480640092,536.6854903187766,54.78653926267305,547.4335108927427,547.1954194454128,127.21881033154831,556.7760291265681,0.10007889208924797,0.2284918956211534,2.72176318791531e-09,0.980216507555078,547.1015779073133,walker,B,16,walker-pad16
WalkerRun_weighted_mle_pad16_s1_final,WalkerRun,weighted_mle,1,22,2048,0,3,3.5872229553373945e-08,0.39091266286653403,0.927560268857954,-0.08477871852613944,3.3026594058871746e-08,0.1420534194749483,0.9905014505313043,0.11561558681728562,3.777195952349878e-08,1.0071307772664326,0.6532759283128703,-0.13837719630018114,3.726390233537741e-08,0.4264560267756908,0.9126018451860725,-0.1324519358033072,488.3757627196812,45.54475161420421,490.56101589244537,498.9206344322081,124.67287041326796,501.6759705021303,0.09284217485432988,0.2485127407806316,3.6349550856431263e-09,0.9773592701533784,498.8538569882912,walker,B,16,walker-pad16
WalkerRun_weighted_mle_pad16_s1_final,WalkerRun,weighted_mle,1,22,2048,0,4,3.6790461980555554e-08,0.3555013609235574,0.9400399190329957,-0.062044374956241904,3.584827940704165e-08,0.11517056465056885,0.9938241839528652,0.15916048522259946,3.685819632794229e-08,0.9314993062507745,0.6930354048384847,-0.11902984652735521,3.734316007686913e-08,0.39305696564876663,0.9259221391882371,-0.10679956241642687,571.6768466259349,54.10535480207121,565.2830260840221,582.7129161475569,132.43614911936356,575.5259806176499,0.09571374392202082,0.23011324176405365,4.5894193187644295e-09,0.9853299228002557,582.6434301572821,walker,B,16,walker-pad16
WalkerRun_weighted_mle_pad16_s1_final,WalkerRun,weighted_mle,1,22,2048,0,5,3.5367296091085936e-08,0.3390353949830962,0.9445666089979509,-0.08234405238641901,3.423053756346519e-08,0.12461919920184532,0.9924370219212436,0.05010541977139572,3.892475392658536e-08,0.9209088002556001,0.7008536437420799,-0.10921757259883547,3.5751642364841846e-08,0.37424138788210476,0.9319231346420295,-0.12134324934333901,642.7750528360324,46.256262660611014,650.8165221711337,653.1331624861853,131.34194047931248,661.5971230846964,0.0710741984642605,0.19852253871197403,4.11104465791796e-09,0.9847351084283256,652.9798479498701,walker,B,16,walker-pad16
WalkerRun_weighted_mle_pad16_s1_final,WalkerRun,weighted_mle,1,22,2048,0,6,3.655990319006654e-08,0.36013989706938393,0.9379202044142589,-0.08162071222145796,3.601082855277307e-08,0.11380503375421863,0.9937168505443975,0.069887085365256,3.7950904002821496e-08,1.0045255859956705,0.6532773524475376,-0.1413059368505875,3.675635975877937e-08,0.3929934618683516,0.9255501728270852,-0.1167991598207172,558.5732987389972,38.670507977548795,562.7659987004374,569.3845018797518,125.12864331808217,572.7742161653707,0.06871507530101012,0.21846067750011106,3.649900160373392e-09,0.9836725268324137,569.2862908048425,walker,B,16,walker-pad16
WalkerRun_weighted_mle_pad16_s1_final,WalkerRun,weighted_mle,1,22,2048,0,7,3.82461264676507e-08,0.3571949344253093,0.9391505344963652,-0.07283779227749286,3.945255050637065e-08,0.11540647486986112,0.9937088862579739,0.13117953547243433,3.698523150209886e-08,1.0040710835013094,0.6634230948488539,-0.11520992833047713,3.759558873510425e-08,0.3913022084070211,0.9260184211295247,-0.1201800142317456,580.62133657075,49.26949133360579,583.9005962572105,590.0440954259432,127.43937679165836,594.2484351890997,0.08437992981925695,0.21445471160745222,3.5128515528287836e-09,0.9816352175450419,589.9388595721817,walker,B,16,walker-pad16
WalkerRun_weighted_mle_pad16_s1_final,WalkerRun,weighted_mle,1,22,2048,1,0,3.595738814731595e-08,0.34678327362830824,0.9420033566915684,-0.08752267485517169,3.490139465547184e-08,0.08933880439574082,0.9960331622327114,0.0002017927003566837,3.788995570185058e-08,0.9987003306762107,0.6773952075560514,-0.0836808969600867,3.6456963757333176e-08,0.3927767985157995,0.9253983323461317,-0.12272133646915634,617.6902253004131,50.51308787708233,621.9681640536569,628.8687113229989,138.35642419777545,630.3705290605977,0.0812149090523619,0.21948428395591282,3.437930404315267e-09,0.9838535725605712,628.745709250068,walker,B,16,walker-pad16
WalkerRun_weighted_mle_pad16_s1_final,WalkerRun,weighted_mle,1,22,2048,1,1,3.576669100866269e-08,0.3712881785035835,0.9336532721107297,-0.09961916667348794,3.301981591857428e-08,0.11380461966121701,0.9936591184036044,0.04263255609544668,3.7809144479091355e-08,1.0304042337128008,0.6319103788745473,-0.16655687333557287,3.7179438325352124e-08,0.40912270340393736,0.918868392096419,-0.13758196678702844,465.2063178993978,39.047571828937585,469.4399619780176,473.8242142203256,109.6382676374661,477.3220594716875,0.08317905374823197,0.2296945332022081,3.065572201784857e-09,0.981360653435824,473.7516848273077,walker,B,16,walker-pad16
WalkerRun_weighted_mle_pad16_s1_final,WalkerRun,weighted_mle,1,22,2048,1,2,3.6947561555231e-08,0.3769884169272709,0.9331684924221633,-0.06130605705374255,3.796654420259032e-08,0.17270511857565835,0.9856967353532801,0.05100458745909108,3.6488084795247036e-08,0.9511754893032456,0.715642053137304,-0.027118190760680113,3.640555196063789e-08,0.40741092004581153,0.9210446594540586,-0.10188523262980054,550.1273637724253,57.0161089791275,543.5408820400381,561.4837598975478,128.44264334084934,553.935266714145,0.10489755391559948,0.23187302029486268,3.221193524184576e-09,0.9819770940847258,561.4069008825528,walker,B,16,walker-pad16
WalkerRun_weighted_mle_pad16_s1_final,WalkerRun,weighted_mle,1,22,2048,1,3,3.7092197680977206e-08,0.36748248299187136,0.9348659382089088,-0.10136361390475833,3.6723617849939295e-08,0.15413630065293601,0.9884400253430942,0.02901155626400311,3.53495814444091e-08,0.9695410809906987,0.69110771014774,-0.07812087292478027,3.7453996659431056e-08,0.3986770257412808,0.9222413083574165,-0.1497770517836029,538.868426094448,61.5523755680368,549.3219421826483,550.2170441019142,135.01215312640366,561.0528047821957,0.11205155090559019,0.24064072396682162,3.249980223941997e-09,0.9818836862791634,550.1296616770381,walker,B,16,walker-pad16
WalkerRun_weighted_mle_pad16_s1_final,WalkerRun,weighted_mle,1,22,2048,1,4,3.5634670425010714e-08,0.3675762449740372,0.9354488915470016,-0.08315713881807478,3.3875185248756834e-08,0.13267907746790705,0.9914694529092506,0.05733826309083113,3.758772635767749e-08,1.0107089385391395,0.6722676828524151,-0.08456570404973009,3.6450451441476564e-08,0.40151057947163393,0.9221288631790112,-0.12615336324623203,585.9603430990361,87.72720514968817,591.2371952266585,597.695625446318,156.76894361907267,602.9966894194365,0.14837903612619746,0.25998309173141415,2.6181137030869803e-09,0.980227703476847,597.6035959033684,walker,B,16,walker-pad16
WalkerRun_weighted_mle_pad16_s1_final,WalkerRun,weighted_mle,1,22,2048,1,5,3.589446112664552e-08,0.36852853989973366,0.9346638508147576,-0.09697281087477631,3.413476865238252e-08,0.107737299077029,0.9942176515782901,-0.026548017105688645,3.918651349312102e-08,1.0158227288924433,0.6615268027413572,-0.1073978038660712,3.6617713874172745e-08,0.40995024878484004,0.9189244732355282,-0.12907768795846072,530.0175806297091,64.41996824942723,548.7909179459633,540.7174443499009,135.42208891193374,557.3917461717466,0.1173852666704849,0.24295675320281204,4.513719053708177e-09,0.9817500241956891,540.617875339323,walker,B,16,walker-pad16
WalkerRun_weighted_mle_pad16_s1_final,WalkerRun,weighted_mle,1,22,2048,1,6,3.661630956344287e-08,0.39436038691837927,0.9264122098929307,-0.08390967798815328,3.530503846407409e-08,0.21911536862073763,0.9772174115079283,0.03728104262212553,3.738627229050011e-08,0.972350478142299,0.6863133678069442,-0.08850072768470212,3.733114751131534e-08,0.42651255960586937,0.9126620824572709,-0.1307677463392783,591.1847562304787,60.49230481452184,595.9958952058192,601.765040665716,139.8292736976913,606.5249646434418,0.10149785476900226,0.23054166250171185,3.07754476091167e-09,0.9816340725476943,601.6654093498131,walker,B,16,walker-pad16
WalkerRun_weighted_mle_pad16_s1_final,WalkerRun,weighted_mle,1,22,2048,1,7,3.656587732718342e-08,0.35279080979956445,0.9394139783587179,-0.11091380712971077,3.538192859014564e-08,0.12125929932281218,0.9926827271280151,-0.02952285295995763,3.626384690407269e-08,0.9250975676605202,0.6971393749585547,-0.11503458445473001,3.727613759421145e-08,0.3860982447901492,0.9268969317066098,-0.14731476686520462,521.0196663079444,46.27391654631608,535.2418416359238,530.3975662189798,118.13952584034323,545.0120347406988,0.08645422115147701,0.21676498555953982,3.3841235162557637e-09,0.9852934058396912,530.2926223164274,walker,B,16,walker-pad16
WalkerRun_weighted_mle_pad16_s2_final,WalkerRun,weighted_mle,2,22,2048,0,0,3.627472096271899e-08,0.5762983412062151,0.863231394129561,-0.025762153962436356,3.670233654567412e-08,0.466933365612469,0.9083222878552928,0.029061518041644467,3.59513696147051e-08,0.8438352333147875,0.754624409845078,-0.03573308775389089,3.608306175768091e-08,0.5625490908966713,0.8651972574560115,-0.05475735742299535,61.43952214843657,19.358147842071766,56.127522035525985,67.41024022843263,24.644116681631605,63.74376591152708,0.34489582187182,0.38661218597966,5.8805122965490785e-09,0.9074682675304382,67.40249772370012,walker,B,16,walker-pad16
WalkerRun_weighted_mle_pad16_s2_final,WalkerRun,weighted_mle,2,22,2048,0,1,3.5582050561135965e-08,0.5471721524517582,0.877422624835996,0.001457325872209076,3.6397014928354466e-08,0.44734172214607293,0.9190478463761597,0.08739533970845219,3.260045177108935e-08,0.8797496238383822,0.7353097373363419,-0.05326974785137136,3.615376872240637e-08,0.4769775025924361,0.901006346445537,-0.01996871919447148,58.058921975819736,20.1131495848331,49.80285132345655,66.21425559320583,26.10777120570302,59.73627506517154,0.4038553827812594,0.43705053884292794,5.437974251040828e-09,0.913932051044758,66.20450990739116,walker,B,16,walker-pad16
WalkerRun_weighted_mle_pad16_s2_final,WalkerRun,weighted_mle,2,22,2048,0,2,3.615804809210405e-08,0.39012973131577944,0.9249460934158384,-0.1619245386661018,3.4855684664704734e-08,0.2949072988576826,0.9584171817687733,-0.034384525933582016,3.766148542453979e-08,0.6288250926170117,0.8080750705190078,-0.2691154772657155,3.655565130690984e-08,0.3518090132817104,0.9378512436675034,-0.18839313974056968,53.07926165008381,12.911355905482779,51.62591314895196,60.266854918962586,19.352044718479416,61.93251943349448,0.2500944800381635,0.3124698445258645,5.532907921845969e-09,0.9205764631793234,60.25933591539008,walker,B,16,walker-pad16
WalkerRun_weighted_mle_pad16_s2_final,WalkerRun,weighted_mle,2,22,2048,0,3,3.629356741787231e-08,0.39731655590439535,0.9252981747461515,-0.08606571826761425,3.585077024484286e-08,0.3255546468496938,0.9529177574145544,0.06437088603851923,3.829372706642903e-08,0.6008309522472757,0.8227349634808366,-0.27122024748387646,3.6103721723018024e-08,0.3756623232081951,0.9320496214383887,-0.10337315085984156,61.82447255798081,15.355730541883435,57.112617827130975,67.12083810207497,20.36140802529466,65.55511290652282,0.26886756597923844,0.310599846793466,5.437962017585679e-09,0.9418522757573606,67.1151884772884,walker,B,16,walker-pad16
WalkerRun_weighted_mle_pad16_s2_final,WalkerRun,weighted_mle,2,22,2048,0,4,3.656357869722084e-08,0.4153815948945404,0.917566081471334,-0.11483322373293679,3.616918518556652e-08,0.3039010813765268,0.9574300519104001,0.02515340507718921,3.7737619649522656e-08,0.6848525755024099,0.7870645111639998,-0.21376061318303732,3.645664182259031e-08,0.3763818597771831,0.9302781029908811,-0.14958982140440727,59.279731558610905,14.461171231582298,56.684897358582305,66.06083900290342,21.47258714799969,66.10883288718135,0.2551150642489885,0.32480662886067907,6.096859021895936e-09,0.9058469159518999,66.05219186051391,walker,B,16,walker-pad16
WalkerRun_weighted_mle_pad16_s2_final,WalkerRun,weighted_mle,2,22,2048,0,5,3.6192616626497254e-08,0.5322460689731374,0.8783095084585593,-0.04345323388774955,3.557079802747363e-08,0.4740571241799686,0.9091073836060862,0.06791712188969601,3.9004311954089825e-08,0.7058218530528522,0.7829823896806863,-0.17821235582510128,3.5738986015874935e-08,0.5086387046238782,0.8861821095570959,-0.056477070923613024,60.27315048760467,22.065408996682795,52.438862641853476,66.6823613770286,26.976582932589437,62.0562814612296,0.42078351598478647,0.43471156017369394,4.533526545847327e-09,0.8917935789118357,66.67393631137287,walker,B,16,walker-pad16
WalkerRun_weighted_mle_pad16_s2_final,WalkerRun,weighted_mle,2,22,2048,0,6,3.5736632645650883e-08,0.40565156663378066,0.9219738651336,-0.09516451406429918,3.3818347899149925e-08,0.32464170133877146,0.9525015511163942,0.0443420092876086,3.7685133787426215e-08,0.6118769160428899,0.8265603707509515,-0.19355424607166624,3.640850352120494e-08,0.3741403395924127,0.9316144610301781,-0.13193334262276987,54.82936605335714,14.517454191667388,50.81572917995278,61.20301661968605,20.48257428021925,60.26811639121848,0.2856881998142094,0.3398575483471286,5.43988583033995e-09,0.9005849836444518,61.19586586901894,walker,B,16,walker-pad16
WalkerRun_weighted_mle_pad16_s2_final,WalkerRun,weighted_mle,2,22,2048,0,7,3.551558436965303e-08,0.46659388184804407,0.9019391915567812,-0.05825379100566154,3.4291710292559476e-08,0.3595541203326887,0.9435231927525729,0.061306845732414385,3.6012509565831064e-08,0.8002547018475384,0.7468575112750017,-0.13708425471639904,3.633347494482846e-08,0.42790557298451626,0.9134490785359274,-0.10469382976937386,72.24422468602704,20.51046311226482,66.42623933353363,77.48572108282363,25.974090008936912,73.8069674937452,0.3087704997008662,0.3519192142820086,4.432952111458948e-09,0.8982050419681271,77.47769804616378,walker,B,16,walker-pad16
WalkerRun_weighted_mle_pad16_s2_final,WalkerRun,weighted_mle,2,22,2048,1,0,3.540818928013457e-08,0.3646759549534561,0.9369290378493632,-0.06768952730756105,3.3450479867208943e-08,0.26561041282922354,0.9683441467576646,0.09633448230048201,3.614282963680859e-08,0.5964196151062172,0.8339646266768783,-0.1941145712429311,3.6560425588336556e-08,0.33637856677287487,0.9449429207441924,-0.09951986220268098,62.54315774972279,12.272966568770201,58.401818753283,68.85622185385515,19.363752704316465,67.5416894150139,0.21014699252118885,0.28669334261591317,5.051527528143493e-09,0.9451482691393994,68.84910930882427,walker,B,16,walker-pad16
WalkerRun_weighted_mle_pad16_s2_final,WalkerRun,weighted_mle,2,22,2048,1,1,3.636174265579243e-08,0.5427983832579729,0.8771066442682964,-0.01636873962043911,3.776958685706365e-08,0.4119901927556345,0.9309223749832332,0.10706308908748248,3.3917472894207564e-08,0.8775180362750712,0.73099428804233,-0.07104822940577611,3.6478093462301534e-08,0.4679212341416651,0.9018957794562678,-0.05199009320866411,56.85145606429512,17.97841540865798,50.242632383931664,65.96174742367837,25.616149781762317,61.27333501366399,0.3578318761500121,0.41806357979453024,4.896806080509303e-09,0.8981328592311951,65.9518783687956,walker,B,16,walker-pad16
WalkerRun_weighted_mle_pad16_s2_final,WalkerRun,weighted_mle,2,22,2048,1,2,3.6341117249088086e-08,0.4035239143340717,0.9220494361344606,-0.1106945264387,3.535812191928446e-08,0.30775939105885386,0.9583963088017158,0.09357552406647468,3.769485698660857e-08,0.6084285847043073,0.8220959311218605,-0.24289865299591373,3.6506535915759114e-08,0.3665341677828436,0.9337812650421735,-0.14723556405543411,48.78910268241867,11.827462215782719,44.39054380507268,55.91278645897164,19.238547769988,55.93792572380267,0.2664410300472796,0.3439267280838996,5.810879338007349e-09,0.9397120651652096,55.90453941378752,walker,B,16,walker-pad16
WalkerRun_weighted_mle_pad16_s2_final,WalkerRun,weighted_mle,2,22,2048,1,3,3.545199504068139e-08,0.42609342771497655,0.9155203745393773,-0.0779521968951469,3.367073461312066e-08,0.3231372573507639,0.9538538641881927,0.07340978574468707,3.801553391796623e-08,0.6825212512459005,0.7906468162401988,-0.19988385332985972,3.598049333134489e-08,0.395322086281994,0.9247847347809125,-0.1152823848535249,69.59327529649683,15.32873754065983,65.51592949057404,75.77527903886808,22.122622474327873,74.48012434009341,0.23396962631607,0.2970271957832748,5.1265707624333e-09,0.9155571460988345,75.7662425365613,walker,B,16,walker-pad16
WalkerRun_weighted_mle_pad16_s2_final,WalkerRun,weighted_mle,2,22,2048,1,4,3.610594630812718e-08,0.42520578225782524,0.9187187643594962,-0.026216017937378218,3.5465307681802954e-08,0.3104239051514147,0.9585644092394374,0.11938323374675354,3.697136317605275e-08,0.7344486784354338,0.7905144553932772,-0.07438640821471157,3.620192030272739e-08,0.3639489036653817,0.9368127732523757,-0.07786994487557726,58.96668251259487,13.2964734326839,53.443062337524424,66.8634214546198,20.11081355062039,63.541925455485604,0.24879699723620977,0.31649676031156365,4.949100969360666e-09,0.9387613807233334,66.85376672139654,walker,B,16,walker-pad16
WalkerRun_weighted_mle_pad16_s2_final,WalkerRun,weighted_mle,2,22,2048,1,5,3.6501816421987585e-08,0.551634364684926,0.8692484107108214,-0.05742055594887419,3.5911414620971265e-08,0.4047573750129264,0.9288612189787395,0.035352412012744715,3.713844655431395e-08,0.9365004084688726,0.6946315825416226,-0.10781722169704765,3.669663538270968e-08,0.49928525187223893,0.8866466833303509,-0.09407422855232603,66.4523968173143,21.57493198527174,60.54691462542684,72.97318299598763,28.646195291691246,68.55123508164571,0.3563341273249774,0.41788007550225337,5.729458827345173e-09,0.8598361111394681,72.96446306623164,walker,B,16,walker-pad16
WalkerRun_weighted_mle_pad16_s2_final,WalkerRun,weighted_mle,2,22,2048,1,6,3.66021442413573e-08,0.6124777515684283,0.8461645133602369,-0.04665786077141546,3.71066481341163e-08,0.5015976218537851,0.8969563592751999,0.03396592914502489,3.625951426986379e-08,0.9788108197349514,0.6886149733997149,-0.07465044541050442,3.636602569851478e-08,0.5445582115940877,0.8688685434850087,-0.0880261914927485,59.750397561389796,21.924881965453153,53.34934028426621,67.08311025296082,28.802687535919794,62.02740637285738,0.410968192832908,0.46435421405147,4.717517798516902e-09,0.8759705579031705,67.07365190733665,walker,B,16,walker-pad16
WalkerRun_weighted_mle_pad16_s2_final,WalkerRun,weighted_mle,2,22,2048,1,7,3.642776631352062e-08,0.45371170652818266,0.904447294084406,-0.09303645865666925,3.599834008968046e-08,0.3814778552989685,0.9363285132153566,0.042821222556401514,3.618430627204891e-08,0.6679643211364303,0.8024349368188454,-0.17255889281378084,3.6792632956087406e-08,0.4105868979660232,0.9185053279344693,-0.1333602388341731,48.21714315110545,16.971706327456076,42.869882267496756,54.838257143658716,22.453854232285806,52.963439552339864,0.3958888018762615,0.4239500761670868,5.4724701452122425e-09,0.9076110031358484,54.83329775729606,walker,B,16,walker-pad16
WalkerRun_weighted_mle_pad16_s3_final,WalkerRun,weighted_mle,3,22,2048,0,0,3.67684729872808e-08,3.236408420240471,0.33112834501552935,0.041636750230553105,3.782164041873319e-08,2.88521246822678,0.2842549765166662,-0.050487659319976494,3.741834346318592e-08,8.057617409364992,0.25372629321770057,0.1357748836907697,3.529632356085897e-08,2.132410087162821,0.4600068312380844,0.04851214625831717,449.31449661824274,376.72490076927124,247.64706202922736,517.7334185380463,444.21106336899965,255.37132356366513,1.521216919281718,1.7394712028355614,4.880194953114215e-09,0.5243938532088515,517.0463577619513,walker,B,16,walker-pad16
WalkerRun_weighted_mle_pad16_s3_final,WalkerRun,weighted_mle,3,22,2048,0,1,3.470641980483147e-08,3.605829832045772,0.30642022650950484,0.04426089910679739,3.306774968542427e-08,2.9903051001515926,0.25023375933574465,-0.07671934387174284,3.455297092054197e-08,8.899864220142133,0.25528021363685593,0.14873038792934604,3.565499123147018e-08,2.370702969682318,0.43191828463716475,0.05631562511168323,433.8354545805649,372.3809201260956,217.61636519739776,516.2853116711418,453.48787011053753,226.1955792320757,1.7111806816013615,2.0048485105239786,4.045143067039811e-09,0.49803038844799213,515.338807213583,walker,B,16,walker-pad16
WalkerRun_weighted_mle_pad16_s3_final,WalkerRun,weighted_mle,3,22,2048,0,2,3.6079144758552085e-08,4.057519182331843,0.29756186145213886,0.06457367489633227,3.5826536991556506e-08,3.180928939723068,0.2476839512286591,-0.05917174680214351,3.653957412785378e-08,10.273059815523549,0.2728444964761046,0.1815499864481246,3.539127297170421e-08,2.646846474799706,0.4140175983623853,0.07571628561958849,480.07230013015806,406.8116294811709,236.45254636622795,572.2483243409306,497.998013188171,244.4902375744147,1.720478953316416,2.0368830188428073,4.233210641983676e-09,0.5117195379879224,571.1608317570224,walker,B,16,walker-pad16
WalkerRun_weighted_mle_pad16_s3_final,WalkerRun,weighted_mle,3,22,2048,0,3,3.520922674277463e-08,3.7437789985195087,0.2944287150141402,0.040719758778649764,3.45208314355959e-08,3.18774225190464,0.2610245273064472,-0.0435596404158952,3.5020320409137316e-08,9.328356649959066,0.19757296168328362,0.09346355316912076,3.5813112103430446e-08,2.4789530958730843,0.42387911999054895,0.06365771597964323,440.9988824512736,377.1296300187923,219.8127001137452,514.4406408873512,449.7539292807659,227.53402831205102,1.715686263003182,1.9766446918609901,4.76070703088602e-09,0.5207270477904873,513.6103267451807,walker,B,16,walker-pad16
WalkerRun_weighted_mle_pad16_s3_final,WalkerRun,weighted_mle,3,22,2048,0,4,3.623502399136262e-08,3.7818374160297967,0.3095842328907816,0.06055997144348012,3.388621832959541e-08,3.1230093440795597,0.24637713399706823,-0.06655410020337718,3.719482356888776e-08,9.667076544586894,0.2851346350904835,0.1886959233471661,3.5554100457362984e-08,2.414398269315758,0.434321702666944,0.06691120911455467,461.8256662637228,385.61948675338004,253.25117065844609,559.9934616191165,483.13818607408143,262.2135710720428,1.5226760285086876,1.8425369217115695,4.45459990572701e-09,0.5332872307125582,558.7069907361376,walker,B,16,walker-pad16
WalkerRun_weighted_mle_pad16_s3_final,WalkerRun,weighted_mle,3,22,2048,0,5,3.5959391183692416e-08,4.207881117886797,0.28008671213601466,0.05369448356260762,3.669025454556983e-08,3.341241364481779,0.24015614169672622,-0.052231277101623924,3.611102352009574e-08,11.181958549714265,0.24901016366823742,0.16418981143904,3.536847688404602e-08,2.7268166615358123,0.3952859835415263,0.06275688327624719,509.2750605213981,441.9838596860319,246.30035798582165,605.6364437274183,537.9869479532017,253.75092408375627,1.7944913409808079,2.1201378867713,4.468500122901754e-09,0.5034134625894224,604.3488531887459,walker,B,16,walker-pad16
WalkerRun_weighted_mle_pad16_s3_final,WalkerRun,weighted_mle,3,22,2048,0,6,3.435471637107867e-08,3.268074351371742,0.349429521470896,0.06613159557509381,3.6627087129185805e-08,2.7722695818307717,0.29020632911897776,-0.05796794352832255,3.309631785892552e-08,7.816190274447989,0.30453237896419455,0.18618823521278186,3.5033411720241143e-08,2.219174516358983,0.4687366041479208,0.0783914405001605,503.0903890908689,416.9300570237206,254.68889211925983,573.8037523462992,485.392136279502,263.535376812256,1.6370170428496293,1.8418481121997372,4.4694773150810115e-09,0.5437824778228628,573.0860902508512,walker,B,16,walker-pad16
WalkerRun_weighted_mle_pad16_s3_final,WalkerRun,weighted_mle,3,22,2048,0,7,3.5394747088100554e-08,3.1824139776780584,0.3255249961358575,0.029895798214735553,3.800701200434954e-08,2.608118836713628,0.2909707739857195,-0.08026959655783455,3.460390056660653e-08,8.31184515963433,0.2290864529728352,0.11351380131848031,3.542534917874484e-08,2.05904585773631,0.46945168879340615,0.04546883373468025,439.9161758798406,355.8420123729588,262.5598722086335,517.7506153952146,434.221492706797,271.5312630817649,1.3552795001751092,1.599158372330925,5.447784846956538e-09,0.5605493669898417,516.905396973483,walker,B,16,walker-pad16
WalkerRun_weighted_mle_pad16_s3_final,WalkerRun,weighted_mle,3,22,2048,1,0,3.482380097142847e-08,3.582455699479315,0.3273921494927393,0.06658060893057985,4.018530635742937e-08,2.836928468756298,0.31609384660033174,-0.019379985534558677,3.292032999038025e-08,9.153023714720147,0.2745183007869633,0.1719790597815002,3.525053161803921e-08,2.3697413901768325,0.4438132592239365,0.07198937841635826,493.70845324387454,402.39965898902375,260.7007693885036,576.8277933611867,486.52958256855703,269.3405469370394,1.5435307687540996,1.8063733370315223,4.0700341199268805e-09,0.562032187658616,575.8639606116362,walker,B,16,walker-pad16
WalkerRun_weighted_mle_pad16_s3_final,WalkerRun,weighted_mle,3,22,2048,1,1,3.362702152993076e-08,3.7997754285995686,0.2966214799577363,0.0470820969863307,3.6346368779175826e-08,3.0909993878902755,0.2305592780002444,-0.08748552186019777,3.159521576526274e-08,9.237553400700053,0.2465506518659876,0.1435167401079013,3.557880776369322e-08,2.48900119438433,0.4248877841856345,0.0665534416043884,449.8631597555123,391.2845525076248,223.3863341159984,539.5104253364145,478.13122999563404,232.50386164910066,1.7516046988999772,2.056444252600144,4.619900489589972e-09,0.5005098295530813,538.458081074441,walker,B,16,walker-pad16
WalkerRun_weighted_mle_pad16_s3_final,WalkerRun,weighted_mle,3,22,2048,1,2,3.5259557098876625e-08,3.337335332489015,0.32676942429504463,0.045747427668221236,3.645894062578188e-08,2.853146971191509,0.2645614254972042,-0.07696762480624932,3.4811364993612406e-08,8.201440890575405,0.2559359908941647,0.1402089088237784,3.5382089106458546e-08,2.196951272686818,0.4613027523750275,0.06369639298713452,501.73447472562526,414.3593451760263,274.68715764136397,583.4286484891708,495.7508708397049,283.87469556013303,1.5084773119135735,1.7463721796742127,4.479453586631864e-09,0.5443654191287302,582.5503900452297,walker,B,16,walker-pad16
WalkerRun_weighted_mle_pad16_s3_final,WalkerRun,weighted_mle,3,22,2048,1,3,3.2882067806724325e-08,3.5392395942136137,0.3250120020411576,0.060493900788462666,3.512378991715128e-08,2.862330271047676,0.29528107017316657,-0.04055798083001459,3.0559393400072096e-08,9.348811185495032,0.2710436641970838,0.17049587190432317,3.550331630606071e-08,2.2612227374379414,0.45617267829574876,0.06915050138182272,441.88489816933344,357.6472462523556,248.13831827293535,525.621633469479,442.6052716813404,255.87906754319303,1.441322117203061,1.7297439604223421,4.703758094743912e-09,0.5683415934178347,524.6594534607559,walker,B,16,walker-pad16
WalkerRun_weighted_mle_pad16_s3_final,WalkerRun,weighted_mle,3,22,2048,1,4,3.5623739307860796e-08,3.3107981076087323,0.32286119271747965,0.03883070131519091,3.4051422949349915e-08,2.781820467759837,0.28317971210087883,-0.06483214296285006,3.607764347077896e-08,8.53906932065937,0.2378059127790945,0.12577634575479243,3.567370525262981e-08,2.202134638535976,0.45480421801048526,0.05577677749580833,525.918522635366,438.73823705822775,287.22109724601046,604.8549463689072,516.8537577503503,296.1101493686242,1.5275278914572155,1.7454780217848023,4.581915665346588e-09,0.5350730000468139,603.9339679954405,walker,B,16,walker-pad16
WalkerRun_weighted_mle_pad16_s3_final,WalkerRun,weighted_mle,3,22,2048,1,5,3.3547973064152785e-08,3.9909913757256943,0.3092229435508581,0.07371028871752418,3.420612720456584e-08,3.3995812972441986,0.2728414970965729,-0.010568082842387022,3.2271497666524735e-08,9.274557608733687,0.2450467124400061,0.1423567854445941,3.508876014343672e-08,2.675535797631613,0.4244209947556501,0.09294663483876604,463.7474299363491,398.51551102034415,207.63682759018542,547.7340310976415,480.7591155625798,216.76044750361902,1.9192910797447538,2.2179282295242118,4.083977483228945e-09,0.5008625073009222,546.7709313450642,walker,B,16,walker-pad16
WalkerRun_weighted_mle_pad16_s3_final,WalkerRun,weighted_mle,3,22,2048,1,6,3.4325680802978575e-08,3.7328221865243476,0.29350978338780626,0.038906421879955834,3.306353590391463e-08,3.11520687471392,0.22961524157068658,-0.08596057506309607,3.400334572000144e-08,8.922960848628291,0.25252237110586484,0.1461093244782387,3.5369782966018665e-08,2.44772727127725,0.41318255389893566,0.044727245678718254,431.1892837563585,370.21007461068496,230.9586417492238,522.5712530215682,458.9529791549231,240.95509308522062,1.6029280039352654,1.9047241263026529,4.006845954357642e-09,0.5037664005549528,521.4585357769606,walker,B,16,walker-pad16
WalkerRun_weighted_mle_pad16_s3_final,WalkerRun,weighted_mle,3,22,2048,1,7,3.361516149060274e-08,3.4532855442836086,0.3147410077164169,0.04172530813420372,3.672970573510677e-08,3.0183572792030864,0.23566256790827342,-0.08979322376367015,3.1526936387787725e-08,8.19356262658262,0.266320576563989,0.15108070732088674,3.5324410790497995e-08,2.2171495793200764,0.4500805003994321,0.052297030434238966,443.7054075353925,381.66696084445164,234.44791412119076,522.3192132819142,456.8781839612845,243.99934417655464,1.6279392472954946,1.8724566064025636,4.521828495665005e-09,0.5241991264884209,521.4624758208413,walker,B,16,walker-pad16
WalkerRun_weighted_mle_pad16_s4_final,WalkerRun,weighted_mle,4,22,2048,0,0,3.6047034431701144e-08,0.694243334968397,0.7990247191132199,-0.12141536624230877,3.3740336183947555e-08,0.25919988553911993,0.9690472462118964,0.06012215288171079,3.731150618051707e-08,1.4686553877027881,0.46884345160664015,-0.15665065957163013,3.7915373047830556e-08,0.8138572822606823,0.7171387744640745,-0.22645111491147793,489.29132319598136,111.1575904780897,495.2867080816898,534.2004692752802,283.71501087528145,511.05770915664647,0.22443079667657012,0.5551525899951119,3.1069984478314137e-09,0.92427808801907,534.550641345269,walker,B,16,walker-pad16
WalkerRun_weighted_mle_pad16_s4_final,WalkerRun,weighted_mle,4,22,2048,0,1,3.6768905062515355e-08,0.6392521268357076,0.8198157958595291,-0.1485351475578684,3.3855116992177765e-08,0.24498534376187556,0.9720440890829448,0.052354791190954014,3.824004419486476e-08,1.2881863902839528,0.5259729576351292,-0.1664894228821276,3.951276487461959e-08,0.7611785044739527,0.7332378230632819,-0.27788983622535257,484.90089759461364,114.87236092644055,506.17279868874965,522.0714687165398,271.85360103700276,526.4575216357282,0.2269429752527583,0.5163827846781263,4.19523466756101e-09,0.9204186436406178,522.2685065095164,walker,B,16,walker-pad16
WalkerRun_weighted_mle_pad16_s4_final,WalkerRun,weighted_mle,4,22,2048,0,2,3.68639223335323e-08,0.6828385458858911,0.8064343962423196,-0.10879100334821193,3.514366026827682e-08,0.2624011694483041,0.9692105981891328,0.10389020192108402,3.802283483841403e-08,1.363912269305389,0.509257674466633,-0.14796053741040668,3.833478665483687e-08,0.8194961751718854,0.7138987802430218,-0.22750278696364837,452.96298251490884,106.73846792823139,462.2045490604567,501.9567582021011,281.1107335529659,481.6741842330085,0.23093339982309363,0.5836117914448552,4.976609660453195e-09,0.9129699654748117,502.32549956266706,walker,B,16,walker-pad16
WalkerRun_weighted_mle_pad16_s4_final,WalkerRun,weighted_mle,4,22,2048,0,3,3.836152392506509e-08,0.673462084621829,0.8033834017093185,-0.1511992777716153,3.672720678894731e-08,0.2861668655187812,0.9623411235222343,0.042392469947677876,4.069931678897535e-08,1.3099063721509352,0.5123450344769288,-0.17614500490082274,3.9067425153019064e-08,0.7746139652280071,0.7271119129866019,-0.27167038589084985,449.99783274449356,113.58563060478092,474.9985749987794,489.82876458801917,267.0390873692317,494.1792044050026,0.2391283607641824,0.5403689289004973,4.107093633654443e-09,0.9185145624958604,490.0626132675798,walker,B,16,walker-pad16
WalkerRun_weighted_mle_pad16_s4_final,WalkerRun,weighted_mle,4,22,2048,0,4,3.727826435296374e-08,0.6716017315544349,0.8047448174846952,-0.14831696702925767,3.563306662141231e-08,0.2602323571046626,0.9681414305185548,0.02260947457623072,3.716343460042133e-08,1.3538436891513697,0.5159629552846455,-0.14244964702479926,3.93210245992574e-08,0.8080751534562222,0.7063708663431761,-0.27930043094695656,457.8607162242166,118.59957225819674,484.94178906087956,499.61413621088894,272.0119196368549,502.06282214935584,0.2445645537949453,0.5417886121747828,5.1004183833582795e-09,0.9114454390485599,499.8843833093007,walker,B,16,walker-pad16
WalkerRun_weighted_mle_pad16_s4_final,WalkerRun,weighted_mle,4,22,2048,0,5,3.768995355987973e-08,0.6726740302536002,0.8093577018332393,-0.11820351702049008,3.7245189364074306e-08,0.26285304652073616,0.9685060883887021,0.07451878001263164,3.640745171204898e-08,1.2749275970307363,0.5480311841583685,-0.13519240626945517,3.884903658504964e-08,0.8061889241012348,0.7186947810996964,-0.2359886341672032,486.4746763512124,107.35849348174708,497.20748009367185,531.6755984554139,277.8639527668987,516.1027833838945,0.21592292509662356,0.5383887894288175,2.4734887606610192e-09,0.91732612697746,531.9749591786932,walker,B,16,walker-pad16
WalkerRun_weighted_mle_pad16_s4_final,WalkerRun,weighted_mle,4,22,2048,0,6,3.718310620960188e-08,0.7299165884113596,0.7829978922827481,-0.12038455747187247,3.4151349023124934e-08,0.31053254530156815,0.9564570165393379,0.052215785063822996,3.9866514245945796e-08,1.3732488295377188,0.5018046993613929,-0.1550853277079191,3.890050652866265e-08,0.8532016948059407,0.6983270023755711,-0.2204363402006144,402.7367685153747,109.09578000672,408.03425330717306,444.2809533559331,252.9956617329278,425.5165600051843,0.26736917090289264,0.5945612592136127,4.462073737750857e-09,0.8949717916150404,444.5503248874646,walker,B,16,walker-pad16
WalkerRun_weighted_mle_pad16_s4_final,WalkerRun,weighted_mle,4,22,2048,0,7,3.702656576826096e-08,0.6470445877186575,0.8190703135865335,-0.12986360729097082,3.4082386806599735e-08,0.2490042008050225,0.971740641274539,0.08556102661258773,3.9520520148960405e-08,1.403784154695031,0.4664378309499334,-0.1951885696718765,3.927736845630673e-08,0.7559173984359382,0.7442833991048889,-0.2414421246049936,521.3902676002233,110.9674010833888,537.5938078132482,560.4253303530091,282.34446675106216,553.2501932327215,0.20641495394964993,0.5103377643689229,2.834526782606071e-09,0.92819202285467,560.6745643528603,walker,B,16,walker-pad16
WalkerRun_weighted_mle_pad16_s4_final,WalkerRun,weighted_mle,4,22,2048,1,0,3.7276866596985937e-08,0.6820827205645817,0.7976196706460211,-0.16093554284690043,3.503931730219844e-08,0.27372323960142925,0.964486092878262,-0.001823182035248677,3.974547670991112e-08,1.3611982724340612,0.49165711986219984,-0.17917238041008746,3.8629830580581874e-08,0.8053033552282552,0.7081940202087506,-0.2783188251020334,460.909120295012,121.74306863247877,487.58821895083975,501.8574147831541,274.81564776914445,505.20076231915715,0.24968418821610833,0.5439731454631713,3.429809503040427e-09,0.908967018057813,502.11544023928724,walker,B,16,walker-pad16
WalkerRun_weighted_mle_pad16_s4_final,WalkerRun,weighted_mle,4,22,2048,1,1,3.5169334187342263e-08,0.6473684382282028,0.8184363096408269,-0.13300526151270486,3.146535655039175e-08,0.26697904416137075,0.9668845017958863,0.03989155087200327,3.5860127297866e-08,1.226444710280475,0.5641865370930704,-0.1386373837153842,3.889666599792596e-08,0.7694589606216466,0.7347875050923677,-0.2510156233593577,511.6508418091316,140.96102134395352,529.0626157211931,554.2768085745868,296.059809393814,552.0491423850182,0.2664354221131309,0.5362924904017532,3.5904576097391034e-09,0.9090507783262177,554.4888732900279,walker,B,16,walker-pad16
WalkerRun_weighted_mle_pad16_s4_final,WalkerRun,weighted_mle,4,22,2048,1,2,3.7852675252956404e-08,0.6900729755322954,0.7967554482132587,-0.1444840948175477,3.787443740111071e-08,0.25912484513773726,0.9677220353875804,-0.020053173706846755,3.620958339188219e-08,1.3275368254322195,0.5196874867892892,-0.15206972527654833,3.8616486715962966e-08,0.8200224367399147,0.7100905843012356,-0.24061416761090118,445.27728128082805,114.29898054666441,453.6318250819544,492.689850193429,274.60561437448376,471.32803531193,0.25196420142262854,0.5826210066047656,2.631279160773105e-09,0.9145951627424715,493.065890969342,walker,B,16,walker-pad16
WalkerRun_weighted_mle_pad16_s4_final,WalkerRun,weighted_mle,4,22,2048,1,3,3.963504798653472e-08,0.6556464742902735,0.8112834295298285,-0.15417003421027062,3.957285066750958e-08,0.22015901753189365,0.9766409024957844,0.0029046556751095623,3.883944550060632e-08,1.3062876152244471,0.510241409177138,-0.18217351763853604,4.0100284988163294e-08,0.8054882849614021,0.7112296699786471,-0.26623493615221705,484.7573734855301,115.54563215727437,502.96511622686177,532.6509410971074,294.6334443001264,522.6233435863107,0.22972891842693405,0.5637586761400898,4.13934147351242e-09,0.9217006882149815,532.9772920116814,walker,B,16,walker-pad16
WalkerRun_weighted_mle_pad16_s4_final,WalkerRun,weighted_mle,4,22,2048,1,4,3.605918848282631e-08,0.6532222478586244,0.81285254870307,-0.15143983417321588,3.285110456347851e-08,0.22937798557514227,0.9749256723751755,0.02054225227937502,3.7943082845608765e-08,1.353581727932559,0.5044767165697045,-0.16224860684619852,3.8891921266320486e-08,0.785955825395374,0.7198738785134888,-0.2752813186317351,456.81473560631,110.22118543411798,487.3413673785469,498.14083671307714,268.1486059178016,504.153699268968,0.22616833458445654,0.5318786836367985,2.759902663717908e-09,0.9180448450363621,498.4023275625306,walker,B,16,walker-pad16
WalkerRun_weighted_mle_pad16_s4_final,WalkerRun,weighted_mle,4,22,2048,1,5,3.7915127864853134e-08,0.6346122055523165,0.8189480837516223,-0.16929715557325511,3.679755980309856e-08,0.23811204319978532,0.9729070599193248,0.008289818570957102,3.671439276711966e-08,1.2217598906731493,0.5350293941652389,-0.19769466392454568,3.980189158164701e-08,0.7615875705323492,0.7307006971414476,-0.28812104749805156,498.5175283947696,135.37193198056153,529.6344839872419,539.5455995545756,290.49737952198365,550.2678322090818,0.25559501141512186,0.5279199737258213,2.16650952187954e-09,0.9194213961231393,539.7786109394141,walker,B,16,walker-pad16
WalkerRun_weighted_mle_pad16_s4_final,WalkerRun,weighted_mle,4,22,2048,1,6,3.913243153226469e-08,0.6141677213064282,0.8322501682843382,-0.14233095638131507,4.0636611009741395e-08,0.22500139053915463,0.9760992818766614,0.04287734461191156,3.554289380194934e-08,1.2321044236035932,0.5503278974590085,-0.16111451871991625,3.869577062310044e-08,0.7427025097883966,0.747080184409153,-0.26173393138079293,517.8190519292677,123.35013932082127,537.450522309633,559.0434511346773,284.3902201091715,556.5668892486408,0.22950975801593368,0.5109722220326377,5.506939030421549e-09,0.9283865193467791,559.2915537488773,walker,B,16,walker-pad16
WalkerRun_weighted_mle_pad16_s4_final,WalkerRun,weighted_mle,4,22,2048,1,7,3.583051829156845e-08,0.6699968997750105,0.8038925313960722,-0.15791000946456188,3.349113518956355e-08,0.2555843944711132,0.9689388530468476,0.005404696138925197,3.695973611051297e-08,1.3130522901697332,0.5078330151612745,-0.18191483815634626,3.7833243813783887e-08,0.7911220758875306,0.7190948193235227,-0.26671178996165934,479.0037855440193,132.33696329676985,493.0754021609373,522.8725076949585,289.70574659748206,511.99195660657745,0.268390925032548,0.5658404255364032,2.096416975057673e-09,0.9137647348842658,523.1924784641869,walker,B,16,walker-pad16
WalkerRun_weighted_mle_s101_final,WalkerRun,weighted_mle,101,6,2048,0,0,3.350932408986601e-08,13.226005214727424,0.14354777949978934,0.06909473221380864,3.190902571022588e-08,22.189705795582828,0.12792302701045305,0.08346671776036133,3.756708085005169e-08,1.7555793370066124,0.33114702747382035,-0.22790010066508645,3.527162659235322e-08,12.350960387600237,0.1840189605947212,0.10521166630974885,7077.827269450124,7024.449744108822,189.17162650776308,7079.1613799015195,7025.758807490719,217.6348495306102,37.132681437406376,32.28232437334223,2.529384310078395e-09,0.154876039027019,7068.3768459795865,walker,B,0,walker
WalkerRun_weighted_mle_s101_final,WalkerRun,weighted_mle,101,6,2048,0,1,3.372567772256898e-08,13.109455720483924,0.10395542726037915,0.028199346664987534,3.260113353675529e-08,18.556056484978857,0.08202235271162285,0.028375761703492527,3.2790098248981665e-08,2.0477853350551625,0.32444892457391017,-0.14916552863970137,3.491300240845936e-08,13.322888943729495,0.1262910158054343,0.05207880138006488,7191.950163102799,7161.9689359439535,232.062381312803,7193.777626175587,7163.642743398317,255.48075620132659,30.862257361265787,28.039852589731343,2.4338733559150468e-09,0.0966049068015637,7180.92054339372,walker,B,0,walker
WalkerRun_weighted_mle_s101_final,WalkerRun,weighted_mle,101,6,2048,0,2,3.52362807457776e-08,13.339402027554407,0.26453676340624177,0.19412475345431246,3.701683548455396e-08,20.841595354946982,0.3238110910109293,0.2805272735915034,3.620738974999592e-08,1.8958589009567928,0.3743118675128936,-0.12708161796207879,3.324685428573001e-08,12.991587243945975,0.28803189248009203,0.21666131127986618,6979.02965484988,6809.45782847503,255.1377382996872,6980.79437033726,6810.966710883434,276.1993875078348,26.689339937930114,24.659601066965458,4.27920249697621e-09,0.44463350536191804,6967.742914916068,walker,B,0,walker
WalkerRun_weighted_mle_s101_final,WalkerRun,weighted_mle,101,6,2048,0,3,3.706089136946079e-08,12.005788542211226,0.13034222098525586,0.048018922550234,3.8279052689852363e-08,15.468550644404626,0.10486670481796145,0.04071338758045804,3.461863117216544e-08,2.592185008104581,0.2593759647539914,-0.11911986680836514,3.577980786856e-08,12.13583297737459,0.16038110935790795,0.07956866230238539,6697.7752801598745,6678.1980769736065,286.24059904130075,6700.155573398615,6680.274956643239,304.33421302594707,23.33071583605094,21.950456671375516,3.907260236666073e-09,0.09874002343125796,6688.943704461003,walker,B,0,walker
WalkerRun_weighted_mle_s101_final,WalkerRun,weighted_mle,101,6,2048,0,4,3.98775069199161e-08,14.438595107840577,0.009855265390463169,-0.05942048692125432,4.326725657061485e-08,22.617170415844715,-0.09712646936610843,-0.1408294834284622,3.96632936364976e-08,2.0930109425954435,0.26429085192311985,-0.2098475174153718,3.584559314983284e-08,14.267217093168764,0.06285847928324866,-0.007109314224462616,7941.79994968887,7997.200799623475,181.32349672970406,7943.532136153069,7998.849924422213,215.74527257753354,44.104602789260824,37.07543543762974,2.8405753844340854e-09,-0.1429602025730894,7927.613736743672,walker,B,0,walker
WalkerRun_weighted_mle_s101_final,WalkerRun,weighted_mle,101,6,2048,0,5,3.5294608373225335e-08,14.205861361318176,0.05935113093034609,-0.01094109571523066,3.58215264318988e-08,23.288620374764005,-0.050834551038408386,-0.09361625030770562,3.796168639999342e-08,1.769674459384412,0.38666016130746866,-0.15058666643182075,3.469230925350275e-08,14.032356794949395,0.12134864273775071,0.05083019140338666,7289.695651100626,7310.48883942422,155.89661001331052,7291.340305920838,7311.893970512537,192.529933262371,46.89318670110915,37.977959305414515,2.9306526868946136e-09,-0.05131464838752636,7277.533612131999,walker,B,0,walker
WalkerRun_weighted_mle_s101_final,WalkerRun,weighted_mle,101,6,2048,0,6,3.422424888253678e-08,14.257797664088427,0.048123883178897424,-0.021968982076879504,3.3311837637563676e-08,28.394477398179173,-0.017754816556633753,-0.05295082049279284,3.5728273991795336e-08,1.6188637835880526,0.39533761749342444,-0.19563407265862465,3.5195391664312734e-08,13.800029611821397,0.0726224464338912,0.00035109601751793986,7044.029765944721,7052.058175874956,103.79720451902013,7045.512732983762,7053.331907171637,156.17708311181312,67.94073316861483,45.16240005661934,4.6915312346959975e-09,0.00820044718367402,7033.546999193348,walker,B,0,walker
WalkerRun_weighted_mle_s101_final,WalkerRun,weighted_mle,101,6,2048,0,7,3.306378976071976e-08,13.687523609211018,0.08919968957735269,0.016485279493179506,3.104140702214072e-08,20.30535354542685,0.06010135224193226,0.010958484752187619,3.3730546554969476e-08,2.2132409381573424,0.3138400985170449,-0.12382973193024804,3.507705261673291e-08,13.376635471807583,0.11081923651348578,0.03667382413113855,7374.718306282141,7347.11802666573,206.4149527199915,7376.717000938556,7348.912885725545,232.813086766386,35.59392345297918,31.565720758213683,2.142872727795663e-09,0.08802763803108907,7362.50683507249,walker,B,0,walker
WalkerRun_weighted_mle_s102_final,WalkerRun,weighted_mle,102,6,2048,0,0,3.7444187792854335e-08,3.3154894162687754,0.31711818967146727,0.03258454414755312,4.127942634394562e-08,3.39502444176395,0.32412157129419716,0.047679284088094895,3.563813163397896e-08,3.516707402304103,0.18738641324120037,-0.09444400245303317,3.563953895765326e-08,3.2343405624989843,0.3402905247169404,0.05221221936644945,870.8110166928494,738.028328069683,357.3395376296509,883.4874681021876,752.5831190392404,366.4871003178316,2.065341923721238,2.0535050712196132,3.3957336096889114e-09,0.42386416643810865,883.091571642467,walker,B,0,walker
WalkerRun_weighted_mle_s102_final,WalkerRun,weighted_mle,102,6,2048,0,1,3.572179764748153e-08,5.072561142155578,0.22267671087696242,0.03116159255437837,3.586163448743801e-08,5.172699684294898,0.19707642633380473,0.007690190079686678,3.592770838056314e-08,5.24048124592526,0.1572558169394863,-0.03166495962278819,3.561217976969339e-08,4.993579531761807,0.2467737706261552,0.054020300921536424,1818.4565834430648,1732.1950479237662,490.96104237938863,1834.172813778711,1746.179972899159,499.9647414749241,3.5281720918809976,3.4926062340872805,3.945952332805502e-09,0.2715478376554763,1832.4093676602981,walker,B,0,walker
WalkerRun_weighted_mle_s102_final,WalkerRun,weighted_mle,102,6,2048,0,2,3.542427374565546e-08,4.581681766134204,0.2519393802460341,0.04184853817355142,3.425746027211513e-08,4.979146099479616,0.20634973547998806,0.010040134044074866,3.550227358899076e-08,4.373059620324014,0.20358833294964404,-0.02077434630819084,3.6050449913184456e-08,4.421648752752738,0.2830994127663648,0.06832507523107288,1374.8404449445509,1323.1473373593658,317.9296517498252,1386.7194980098252,1333.558141014522,328.8880783828344,4.161761352163935,4.054747583347248,4.601465197819095e-09,0.2780087710006758,1385.5658550169003,walker,B,0,walker
WalkerRun_weighted_mle_s102_final,WalkerRun,weighted_mle,102,6,2048,0,3,3.4966139433607175e-08,3.8999770042896356,0.2483738479691247,-3.1647669065397237e-06,3.2443792709660326e-08,4.014546740074236,0.23379960886423895,-0.008638977868663569,3.781877462193227e-08,3.9676648024651104,0.14265056027446138,-0.10876798194179682,3.5660238445179096e-08,3.8312478201951063,0.2751197935993212,0.025061383045817388,1003.586912701315,933.5769074330555,360.27975955507475,1017.2182335088634,947.8068313562526,368.8383877078079,2.59125549707807,2.5697076631489297,3.1308627558854324e-09,0.31028570978104913,1016.5921148720143,walker,B,0,walker
WalkerRun_weighted_mle_s102_final,WalkerRun,weighted_mle,102,6,2048,0,4,3.632375079564433e-08,4.7558615813058065,0.22468084778777014,0.020261944656968633,3.6600554482976355e-08,4.870790645104833,0.21092242979285644,0.010459519089130573,3.8036909394613154e-08,4.809044790240316,0.1490354573176723,-0.05747191496980642,3.586482643627883e-08,4.690243537065544,0.24501995756422698,0.0393194870959959,1271.8196321927248,1229.3019179781452,314.2495868991247,1285.5228114820577,1242.545625736873,323.51936258251055,3.9118648654667973,3.8407148673210236,4.148403922523267e-09,0.2541708568990204,1284.5434766597182,walker,B,0,walker
WalkerRun_weighted_mle_s102_final,WalkerRun,weighted_mle,102,6,2048,0,5,3.7327051936337444e-08,4.489129517820184,0.236604775062571,0.020706717485122535,3.899858386232641e-08,4.739951428573182,0.20174661182186956,-0.004993126250936114,3.578589422419957e-08,4.424211364460208,0.15143924752257457,-0.07323413660262293,3.6649109071002713e-08,4.373967671382851,0.2708882853870449,0.05239802756006102,1154.3770347508848,1090.1056728507026,346.8032697751076,1167.7464797646053,1104.1053626860778,355.6843824774456,3.143296986667983,3.1041716113472804,3.587819173321682e-09,0.2831487877105445,1166.8481196217392,walker,B,0,walker
WalkerRun_weighted_mle_s102_final,WalkerRun,weighted_mle,102,6,2048,0,6,3.349967013321788e-08,4.219670861811081,0.26223777773038764,0.03460004580935633,2.9854606746839324e-08,4.483862422696486,0.2401015495923583,0.0242420031705978,3.6978803430572116e-08,4.142689553493025,0.20186522264114898,-0.03541002320821714,3.454184184401855e-08,4.112602537942468,0.28519207555346926,0.05396063640765374,1128.6663532717025,1062.9917261418423,337.3009503891576,1143.8108619643897,1076.9952450197152,349.2327174886647,3.151463774161985,3.083889885129874,3.098724906022381e-09,0.30610974722877154,1142.9599559067415,walker,B,0,walker
WalkerRun_weighted_mle_s102_final,WalkerRun,weighted_mle,102,6,2048,0,7,3.6928451560729425e-08,3.982344528482599,0.26116690166935164,0.019397677941011576,3.7808031548710104e-08,4.034135610341348,0.25684196033365253,0.01783038086218565,3.950650912445891e-08,4.189042303570553,0.15438234147742833,-0.08300155682212328,3.604697337375585e-08,3.926144994781272,0.27827782291950826,0.034842958713412545,1324.5154445203773,1197.05907464008,534.6052987690395,1335.0917847814037,1208.1634535729577,540.8839432134091,2.2391455479329845,2.233683341374893,2.8881029826709484e-09,0.3190823762851239,1334.2152167957834,walker,B,0,walker
WalkerRun_weighted_mle_s103_final,WalkerRun,weighted_mle,103,6,2048,0,0,3.589402815872881e-08,7.684400451279086,0.2069245621285556,0.08067888745215768,3.4025994051975954e-08,7.256828216069249,0.1569460577102713,0.021078910520104095,3.496727357400452e-08,4.078922132963191,0.3184478748789293,0.0894278076225067,3.6581540423527996e-08,8.703947627824542,0.21825752032582424,0.10746388390570799,3302.0206921837007,3242.479924577376,283.06232628565857,3318.3871729682264,3257.0495501480127,299.3053225942917,11.455003451448867,10.882030168781634,4.470942981354214e-09,0.2128778166701522,3315.488130583491,walker,B,0,walker
WalkerRun_weighted_mle_s103_final,WalkerRun,weighted_mle,103,6,2048,0,1,3.5444858634101456e-08,5.445224574113771,0.3083135592980369,0.13738202223387033,3.498191946799027e-08,6.0589732107148,0.2865279949033717,0.13142864385380282,3.359970481963929e-08,3.279489080286064,0.3610205963771791,0.08093390445332731,3.58755847299058e-08,5.751638553502139,0.31617647304932844,0.15536297523029616,2147.8995638649885,2034.396074985273,263.4176661845166,2160.052962988645,2044.2584749088523,282.8284252409536,7.723081388019847,7.227910253954333,4.251312591809059e-09,0.3517967789559982,2159.047282224997,walker,B,0,walker
WalkerRun_weighted_mle_s103_final,WalkerRun,weighted_mle,103,6,2048,0,2,3.806036629771953e-08,5.895898666441502,0.28169405672587716,0.12178808589180859,4.042675581449527e-08,6.037689516731798,0.2856720674990573,0.12994083695417635,3.9993838086200745e-08,3.1281135363464116,0.359685043087005,0.06498765691311174,3.685833506630515e-08,6.560100578972811,0.27685525613639095,0.1331164739134822,2467.816423776486,2372.520601246001,243.99272954884307,2481.1027949237205,2383.992566839513,262.7143862814571,9.723734824529084,9.074465241828939,5.127838999837941e-09,0.3405756644817667,2479.3667543731503,walker,B,0,walker
WalkerRun_weighted_mle_s103_final,WalkerRun,weighted_mle,103,6,2048,0,3,3.5555533438871173e-08,5.656328859228753,0.289312915093047,0.12314472705234575,3.446602949238677e-08,5.40307783127383,0.2957196588480822,0.12216656701448243,3.6156452671817295e-08,2.904481300700675,0.41876271796474995,0.11384989367031291,3.588173147376996e-08,6.3697969500022795,0.27780074184516684,0.1297480269785143,2666.5911512833054,2555.321598814213,303.1648552249567,2677.2868170515762,2564.091332932992,318.5241308469292,8.428818693110339,8.049912344522463,3.821816825816043e-09,0.35404865294531207,2675.663332075752,walker,B,0,walker
WalkerRun_weighted_mle_s103_final,WalkerRun,weighted_mle,103,6,2048,0,4,3.6121738382231254e-08,6.740083754599649,0.2721380364788987,0.13197211440203852,3.605928190141055e-08,6.807072337742417,0.31438500217350235,0.17892671421011935,3.471799217467397e-08,3.6817739235471967,0.2935653319082366,0.03529673420299082,3.6256942453467797e-08,7.427330231679926,0.26028860950399335,0.13256375652331504,3376.4397358785764,3252.9934032557544,318.93006154648566,3388.316434259536,3263.547291479981,334.94435271285596,10.19970769604484,9.743550727298793,4.052493043735838e-09,0.3413357231877578,3386.1021277155733,walker,B,0,walker
WalkerRun_weighted_mle_s103_final,WalkerRun,weighted_mle,103,6,2048,0,5,3.5269744904760554e-08,4.854975107807888,0.3236967305809939,0.1330978317602993,3.3510516907908496e-08,4.952860355696441,0.31987944667338464,0.1327279052258438,3.6451544975200065e-08,2.6764674782248017,0.39703212869892085,0.058228117451519804,3.588571151031788e-08,5.349419811083567,0.32312002912386173,0.15060475334788553,2163.3748178672745,2037.1139363290667,306.63226270328033,2174.7016463337304,2046.1411394619445,324.6244517619616,6.6435081500224245,6.3031023336539,3.5036993661592115e-09,0.4194742185795326,2173.6772737883266,walker,B,0,walker
WalkerRun_weighted_mle_s103_final,WalkerRun,weighted_mle,103,6,2048,0,6,3.5447371508028745e-08,7.5478267323240384,0.192569536079814,0.06335977579091637,3.45298932460792e-08,8.276411913866138,0.18654169686852484,0.06860192890559172,3.523977601287819e-08,3.708608923116788,0.3370296271804632,0.08697380504615389,3.583955629039521e-08,8.32794967214958,0.17788393899296884,0.06035973638164368,3527.773529636738,3449.1844675232214,271.5588292609528,3540.8247153509947,3460.3632526710817,292.7506544258514,12.701426342535656,11.820172561040403,4.322561102442544e-09,0.24523976033506067,3538.6858390386046,walker,B,0,walker
WalkerRun_weighted_mle_s103_final,WalkerRun,weighted_mle,103,6,2048,0,7,3.5766509508959345e-08,6.212018956609831,0.23220929461485226,0.07704700426621872,3.716404397193419e-08,6.68377921769958,0.2024514464420053,0.056782893748808023,3.4711386413431735e-08,3.970485083371225,0.30500522141491043,0.06767307490540272,3.518365634928819e-08,6.551819227464304,0.23718007988696585,0.09051506850565082,2338.420666000519,2257.865467980506,264.990728295038,2352.299448750201,2269.534512889344,281.4403720663065,8.520545162118323,8.063997699500767,4.0121192548619945e-09,0.2645142014218824,2351.2846083726395,walker,B,0,walker
WalkerRun_weighted_mle_s104_final,WalkerRun,weighted_mle,104,6,2048,0,0,3.551735845542154e-08,11.969161754100954,0.2085493679472704,0.12793769420632622,3.829601549398849e-08,11.046374051056931,0.17089778320753726,0.0823331106937903,3.337976052148044e-08,17.02591472606596,0.11376980280641434,0.055602174559915216,3.553079510180873e-08,10.766855499070347,0.2665532726512831,0.1792045187902276,2681.579038981343,2683.3650609392803,238.53542121439236,2759.767380439878,2755.8775142997747,248.79886574257492,11.249335831459167,11.076728609973614,7.723448529677353e-09,0.2118597503089813,2753.995479409966,walker,B,0,walker
WalkerRun_weighted_mle_s104_final,WalkerRun,weighted_mle,104,6,2048,0,1,3.522914572549891e-08,13.68760459773437,0.18786680863722155,0.11690223259697409,3.4508576468098834e-08,14.146469871725376,0.1994434728228116,0.1310872487832957,3.4483404758036315e-08,16.464678463003647,0.0907979336041799,0.030396337111332442,3.5973148068237015e-08,12.603890807180052,0.21713140505170553,0.14087924826452705,3768.5355414431297,3728.7059543605055,254.57518956834022,3811.9352500905106,3770.7314858148193,263.16890379584333,14.646776697615016,14.32818023492623,2.884475900473014e-09,0.22357988080571897,3805.164647498679,walker,B,0,walker
WalkerRun_weighted_mle_s104_final,WalkerRun,weighted_mle,104,6,2048,0,2,3.447714463208933e-08,8.85591587108282,0.2897388984341193,0.1846023302979662,3.8538270746438286e-08,6.628583658216182,0.33466900464216803,0.19730512194132646,3.2735022522897045e-08,12.998431213924087,0.18097174869444985,0.10604022957734895,3.4277728427190456e-08,8.478557302624461,0.32236577524287546,0.21466245196408282,1664.4851809354773,1587.0438868935262,250.29556740840707,1735.948018084478,1655.8303187268714,259.7378087180969,6.340679155152363,6.375006884438603,5.070524113824063e-09,0.40803227912146756,1732.4447933476438,walker,B,0,walker
WalkerRun_weighted_mle_s104_final,WalkerRun,weighted_mle,104,6,2048,0,3,3.5407611010250846e-08,9.570495650702698,0.2115868129851989,0.11067062570035281,3.953817263039179e-08,7.091497878967058,0.24798443301544507,0.11331748253575784,3.355737007274517e-08,15.395833298962778,0.10370933959655211,0.03923866711310376,3.5191310034388e-08,8.984264618238324,0.24745829287530027,0.14152523323992364,1798.8280025346724,1773.011346506264,323.05533116715327,1869.7813516213491,1841.2162506686202,330.3929135849353,5.4882590548827,5.572807935528818,3.756946236568095e-09,0.2917103209326988,1866.1477055901057,walker,B,0,walker
WalkerRun_weighted_mle_s104_final,WalkerRun,weighted_mle,104,6,2048,0,4,3.397284392731754e-08,10.501171019140555,0.18227076097139805,0.08940625076326922,3.205343686347191e-08,9.349428415549221,0.1621234254223739,0.05707080286432387,3.272726019246101e-08,13.94078601418235,0.10219501677343824,0.030951699413759276,3.530459548516376e-08,9.769695061031708,0.2255772486875456,0.12730401048054438,1951.0939895085937,1952.6086236699023,190.73919634835843,2013.5753943998773,2011.0889233431387,201.71273305996934,10.237060137884432,9.970064322836926,5.145506808800276e-09,0.20295747230219416,2010.071501372572,walker,B,0,walker
WalkerRun_weighted_mle_s104_final,WalkerRun,weighted_mle,104,6,2048,0,5,3.480733084954421e-08,11.237771402376866,0.19116198516962007,0.10469757195426282,3.4123059197829617e-08,10.572149156353932,0.06157262161850321,-0.03293193750110201,3.403267268641674e-08,15.615000209544414,0.145285764495784,0.08230462236197557,3.5572419462539924e-08,10.008352650873048,0.26815371244679403,0.1741766354335117,2439.5932214958666,2436.9437625474566,263.2845547995427,2505.2222628764143,2497.3444963854067,273.0734809703313,9.255931341672762,9.1453204738571,3.9872521343726074e-09,0.17134384197956387,2501.073196087476,walker,B,0,walker
WalkerRun_weighted_mle_s104_final,WalkerRun,weighted_mle,104,6,2048,0,6,3.57151843019041e-08,9.966719221964182,0.18978360927614643,0.09214039434400004,3.427665793020179e-08,9.201203812043659,0.11587676475314707,0.007977507045825023,3.524903423258699e-08,13.571767057694673,0.12545329114805315,0.05259493239729124,3.6516213700471034e-08,9.039531393439976,0.24818030326057844,0.142939702750275,2014.147693914602,2035.6257512698562,210.32653212102224,2081.206262123115,2097.1836904649545,221.6759275223967,9.678406859761013,9.460583807653446,4.478300295164025e-09,0.15211501072660774,2076.985078683472,walker,B,0,walker
WalkerRun_weighted_mle_s104_final,WalkerRun,weighted_mle,104,6,2048,0,7,3.6209879708331655e-08,9.756513884479611,0.2752933723474234,0.17922582695732855,3.186331346495427e-08,9.258590797783897,0.33254733573572365,0.23475418633693793,4.094387929989222e-08,13.559228542468436,0.16291313380506597,0.09068814774353048,3.5004467321782774e-08,8.764372513394724,0.301819846725741,0.19632440012613572,2281.848894225166,2172.767355005797,256.0370272421578,2330.9701945330953,2220.59193247737,264.46545379756583,8.486145064287136,8.396529303131992,3.3652851283222677e-09,0.405459472085068,2327.651158272839,walker,B,0,walker
WalkerRun_weighted_mle_s105_final,WalkerRun,weighted_mle,105,6,2048,0,0,3.6120387045926017e-08,1.822965022327054,0.47484470152732067,-0.009025277280105534,3.5507065109560707e-08,0.7092839164804746,0.8190915825832983,0.017730556027489724,3.742516117365244e-08,3.5239374912355794,0.2971287481617587,0.027293150347366294,3.581143722723314e-08,2.083574853968655,0.41369188865991996,-0.025696129626190615,348.5706780924323,74.51188112522316,333.978606164412,383.667224007376,184.05422309418003,338.8071775199701,0.2231037550008278,0.5432418062729232,4.219402442199379e-09,0.8321890726611154,383.4422110480715,walker,B,0,walker
WalkerRun_weighted_mle_s105_final,WalkerRun,weighted_mle,105,6,2048,0,1,3.720046761585724e-08,1.4354981406536331,0.5475029739801778,-0.042947126441335345,3.3445983349199674e-08,0.6707092978971684,0.8412207141256149,0.061882030932959894,4.053336791981302e-08,2.7880334588782376,0.2147774110975503,-0.1409621179365597,3.724738000763758e-08,1.5616831866416303,0.5038955339116963,-0.057943524282454605,311.2980724169837,78.60961221669636,289.8190114096763,332.32952416878607,154.4812116948329,295.2075232330139,0.2712369069038634,0.523297001387383,3.738827952481893e-09,0.8548182237563989,332.30651740711414,walker,B,0,walker
WalkerRun_weighted_mle_s105_final,WalkerRun,weighted_mle,105,6,2048,0,2,3.6305834145806386e-08,1.7837383759159644,0.4936230993770895,0.006960214779828134,3.481229247346707e-08,0.9596795963378421,0.7483556507197123,0.08238517861308955,3.666173261104734e-08,3.0436356829751183,0.27830659676701713,-0.03902099538809947,3.660032229914819e-08,1.919267922417214,0.45852334032511294,-0.005080019261517107,330.19148648261967,152.8464968864028,236.51981259297455,355.99183126876454,213.20579179832382,243.52716226871172,0.6462312616044337,0.8754908069066575,4.530138590072335e-09,0.7963577980403818,355.92513723072216,walker,B,0,walker
WalkerRun_weighted_mle_s105_final,WalkerRun,weighted_mle,105,6,2048,0,3,3.564079334095411e-08,1.7212052820333819,0.46952499244394613,-0.04986266747005462,3.862201116756868e-08,0.6846257338109472,0.8322763601128371,0.03950187181691763,3.4532540802198006e-08,3.699040621298315,0.16015985153553122,-0.10905369615948243,3.516380740811547e-08,1.9472982672276873,0.4042809369941585,-0.07268777274678667,354.47324820778545,92.5922853147686,344.20327474144096,381.8646388577458,182.17460954342775,348.1457327391521,0.2690046612261952,0.5232711258877367,3.80113553785055e-09,0.8516939333511286,381.72326740309916,walker,B,0,walker
WalkerRun_weighted_mle_s105_final,WalkerRun,weighted_mle,105,6,2048,0,4,3.431898537059421e-08,1.486813256111721,0.5568329889185011,-0.002202308903375823,3.3136109065404375e-08,0.640739805515331,0.8620545159185244,0.12655211729078344,3.4130663020306256e-08,2.8544341981304147,0.23718885513763335,-0.10759325024042365,3.472251037107032e-08,1.656385438040467,0.5073002990829678,-0.015118550970585969,373.62285330468325,90.09517735168447,335.47323128151214,396.02260913353916,170.65518559215093,339.6394922943416,0.2685614497690902,0.5024597829873553,3.587593292214518e-09,0.8911968178412591,395.9416307423582,walker,B,0,walker
WalkerRun_weighted_mle_s105_final,WalkerRun,weighted_mle,105,6,2048,0,5,3.557922337970556e-08,1.879453098451344,0.4721460500245723,0.0035312459509928853,3.8112435503281825e-08,0.7722397517079513,0.8004850693375225,0.03960039070259913,3.567449237640667e-08,3.9012679468421503,0.2077035541514948,-0.04420025913040917,3.490467936924629e-08,2.152436138835191,0.42382933393824845,0.0033435409782788645,374.64873965767225,117.59055165354053,332.2223587692182,410.38344444086687,214.06461324478727,336.8772913898562,0.3539513477936194,0.6354379434767456,4.9353323318261364e-09,0.832980090446274,410.1186328765287,walker,B,0,walker
WalkerRun_weighted_mle_s105_final,WalkerRun,weighted_mle,105,6,2048,0,6,3.4588750103376605e-08,1.4352612254440575,0.589040831811699,0.031811570538003535,3.5920525831365146e-08,0.6409183942003951,0.8565696741163876,0.09253478420469141,3.09867724531336e-08,3.3470647017114232,0.24375432838755082,-0.047720230025602724,3.5074223360797425e-08,1.617388595237721,0.5455509350138226,0.03233412337644177,480.8358684577803,113.33249338881278,431.8362029945337,501.50269922134606,190.4691962792255,435.6144978268012,0.2624432426066119,0.4372425555839855,3.944330880007052e-09,0.8901702345467595,501.3133108919275,walker,B,0,walker
WalkerRun_weighted_mle_s105_final,WalkerRun,weighted_mle,105,6,2048,0,7,3.6536792962749246e-08,1.842230527168408,0.4605373589405343,-0.024138100768890617,3.5756455701696767e-08,0.9639481748236255,0.7347856133847777,0.04478891676259567,3.776799943249621e-08,3.379304661991902,0.21301028784281992,-0.07857927886689466,3.630777798775972e-08,1.9269274407204544,0.43712331607307536,-0.0332133131331368,261.2887474896461,104.3446327572532,213.7990718201496,299.41915168000907,193.76445561876315,221.45324695187307,0.48804998014691425,0.8749677789139474,5.200669597420724e-09,0.7913329875221085,299.2834815364235,walker,B,0,walker
WalkerRun_weighted_mle_s106_final,WalkerRun,weighted_mle,106,6,2048,0,0,3.7331211044451485e-08,2.402145403146228,0.23927580414394384,-0.1736021057224274,3.511781591782298e-08,2.3439141542277984,0.4488185295328876,0.07422381478566242,4.025793591453067e-08,2.9125048776041456,-0.05111253637076105,-0.39046378500956874,3.6883215203900497e-08,2.2661706731645417,0.27445972722971707,-0.15950706045954613,307.7558733705783,290.35623147361036,117.44806475234589,352.13448738118706,358.8736354046677,146.66070931612683,2.4722095854526063,2.4469650875007973,3.133397962431185e-09,0.5161868252457795,352.2402131647422,walker,B,0,walker
WalkerRun_weighted_mle_s106_final,WalkerRun,weighted_mle,106,6,2048,0,1,3.6573111544372734e-08,2.0971309154569613,0.35971184054328603,-0.09299555858594126,3.444224650121853e-08,1.6796501997191207,0.5611349348361667,0.08036982585078911,3.677677438164975e-08,2.634896035444549,0.018017282005990325,-0.3627286766622588,3.6994407948937656e-08,2.047287849595221,0.4055870191251876,-0.045182168116337906,306.4414647633428,251.17251229024103,135.97989111626143,345.9435231535644,316.47309469762854,163.23723174813423,1.8471298235964113,1.9387310805780302,3.81204877133538e-09,0.625152232122518,345.9878567375865,walker,B,0,walker
WalkerRun_weighted_mle_s106_final,WalkerRun,weighted_mle,106,6,2048,0,2,3.6672574307043173e-08,2.6303437398353835,0.22335491857037254,-0.1537596265713962,3.372984905651989e-08,2.336926575506078,0.39686304522654464,0.004453473536517565,3.779574292953231e-08,3.2628841262231694,-0.021629533272785436,-0.32692311990413886,3.6929678937367625e-08,2.51268868473098,0.2578441485672566,-0.13350100312059904,322.7439136909592,324.9525399556678,91.41363026821273,364.5121386926511,381.7326303203058,122.69290219585315,3.5547493191358366,3.111285359530804,3.6445503184042284e-09,0.35125599273632624,364.52617133878795,walker,B,0,walker
WalkerRun_weighted_mle_s106_final,WalkerRun,weighted_mle,106,6,2048,0,3,3.642231601885028e-08,2.2749709294735405,0.30054510965093245,-0.12700422464749253,3.435330859929294e-08,1.836930731562034,0.527576438900409,0.07490682967243341,3.892978943002736e-08,2.754678288886262,0.04173902335114579,-0.3234895607098431,3.5893004204192734e-08,2.215566687532433,0.3347158592838608,-0.09785206472316382,300.54684511581905,260.61823212448843,102.2672857436935,342.5172518243173,326.67729287511384,132.0739022850493,2.5484027490243366,2.473443180092144,4.14740646406325e-09,0.5449108917486067,342.62142324444386,walker,B,0,walker
WalkerRun_weighted_mle_s106_final,WalkerRun,weighted_mle,106,6,2048,0,4,3.7823749820599396e-08,2.229811714512423,0.26286717092027834,-0.18049441636177568,3.6895940740324507e-08,2.0872776468130803,0.35014191546185136,-0.10745216395058019,4.0228799716330874e-08,2.869915645545235,-0.08016253641541245,-0.42137531846221626,3.726832517880852e-08,2.092744017635017,0.33417849191696125,-0.12610990629566327,340.40003942085525,296.32175389025207,145.57010637457998,377.12415538146774,359.2469076320788,167.81925881936834,2.035594815928464,2.1406774774208173,3.5585626480003196e-09,0.5181839696568301,377.1894394018572,walker,B,0,walker
WalkerRun_weighted_mle_s106_final,WalkerRun,weighted_mle,106,6,2048,0,5,3.586225526377892e-08,2.9520194048045565,0.31579784264321037,-0.005927091825692395,3.2643564374912947e-08,2.493736488488985,0.5514566523058431,0.24062920789558334,3.773246456735467e-08,3.3436142592271816,-0.06732639128479748,-0.36198097418732694,3.611462272368193e-08,2.966069371310078,0.3491270576724295,0.03519360236976966,459.7595298767941,395.04879295736805,115.79178608565459,492.7285583216621,445.78767513904876,136.35134209789337,3.4117168955761286,3.2694043804790165,3.6643353789389323e-09,0.6426390219036219,492.593389306333,walker,B,0,walker
WalkerRun_weighted_mle_s106_final,WalkerRun,weighted_mle,106,6,2048,0,6,3.84202165589092e-08,2.055189374195125,0.22257678077450546,-0.26652780156660977,3.663122842010238e-08,1.591070163061251,0.5539261889305548,0.036376112577384226,3.949856149820385e-08,2.8439803266188806,-0.14681545132444243,-0.481689837076015,3.836132439409317e-08,1.9019012920367995,0.27048473181353655,-0.2540499165758557,234.99287807201043,212.03256813468445,90.30374170516683,291.2612766360147,303.4480193078072,123.24717426784203,2.347993163195257,2.4621093433618886,4.269479730656338e-09,0.5519595045542268,291.479052705608,walker,B,0,walker
WalkerRun_weighted_mle_s106_final,WalkerRun,weighted_mle,106,6,2048,0,7,3.5554724506845485e-08,2.841319258158231,0.29000193345408753,-0.04929348945012059,3.5062542413771254e-08,2.3788850810470454,0.47805918750501225,0.11998630490161794,3.6611225919871704e-08,3.420207315467721,-0.0641665991153026,-0.3525505760652603,3.537190373861574e-08,2.809202056969941,0.3332306698675795,-0.0025432173090586922,378.4176561552001,318.628679908536,119.35240033828343,421.50692925158984,386.423826256656,141.73962620035522,2.66964618227565,2.7262935328362317,3.964991173007543e-09,0.5920891683155297,421.5328115810943,walker,B,0,walker
WalkerRun_weighted_mle_s107_final,WalkerRun,weighted_mle,107,6,2048,0,0,3.560007264028983e-08,2.1149766515405877,0.43015209390462694,0.0036657709910122784,3.5006607252673655e-08,2.2632570387003748,0.39648498079467465,-0.009981159938492216,3.7667728421126844e-08,2.6751578910257012,0.31693238192382467,-0.03991714286365554,3.5787825432615364e-08,1.9591920922697441,0.4677099329166734,0.01864777310071298,1175.3401965081184,900.8415558281797,785.984752633865,1193.3951870185335,923.7541022268354,790.2531459941351,1.1461310830896196,1.168934419191404,4.346294223285736e-09,0.5258365228584715,1192.8993423403047,walker,B,0,walker
WalkerRun_weighted_mle_s107_final,WalkerRun,weighted_mle,107,6,2048,0,1,3.666373458001713e-08,2.433407984754225,0.38988405958841604,0.012410522308724536,3.889554870740996e-08,2.6536704385248444,0.36356069819631054,0.013394874368304117,3.5220479230376885e-08,2.8671144634109234,0.3054679315603691,-0.02810799512589334,3.504388341711202e-08,2.239484225403405,0.4208545402839924,0.01734052175390553,1076.8550409391455,852.2545199142284,638.0180713754884,1099.7815458848825,879.8222973644176,643.1646755807736,1.3357842953834695,1.367958052997768,5.790102975776776e-09,0.4807700074468829,1099.4167194921067,walker,B,0,walker
WalkerRun_weighted_mle_s107_final,WalkerRun,weighted_mle,107,6,2048,0,2,3.79597909979813e-08,2.1702067512328327,0.43653214343920366,0.024274990426765182,4.03236100329176e-08,2.443929352654502,0.40499537267760777,0.033521618538777075,3.833408380304932e-08,2.7011520760613204,0.2874522545112788,-0.07084778389124267,3.586248495683864e-08,1.944893192670605,0.4777148173552454,0.029373695756317448,1197.6598693148082,856.488491987742,767.2166695163683,1216.9209037477108,884.741875070317,771.2400267748278,1.1163580328978606,1.1471679948590454,4.976021561030701e-09,0.5559589769151347,1216.397850537634,walker,B,0,walker
WalkerRun_weighted_mle_s107_final,WalkerRun,weighted_mle,107,6,2048,0,3,3.528431154040363e-08,1.9500587296690355,0.4464278428602328,-0.013951021684196986,3.365243391713083e-08,2.1746949084353533,0.40779246029713057,-0.01325928587697278,3.747527529590471e-08,2.732172640039506,0.2841823614706909,-0.07034027245492083,3.604236282707193e-08,1.7218995462487445,0.4982167412073312,-0.006155213838540301,927.7825713537497,637.301501076673,679.3177712204313,953.6057828149414,675.4514309207341,684.4916334375624,0.9381493140268145,0.9867928224755227,4.528924459507725e-09,0.5659160207666156,953.4152926131056,walker,B,0,walker
WalkerRun_weighted_mle_s107_final,WalkerRun,weighted_mle,107,6,2048,0,4,3.64244603062539e-08,1.4159476829792397,0.5916342114450367,0.02733445720105855,3.8550558849700966e-08,1.3626026528594695,0.6151132333440752,0.045469566732026505,3.5868737900923355e-08,2.6001974318220347,0.2971893379359435,-0.07419183951298508,3.5120482648162596e-08,1.2841263567246117,0.6319742974587684,0.036188216890008916,845.0561533541625,469.20274664063817,675.5880012916381,872.2770057128121,519.8601825159059,680.1655148795086,0.6945101833418913,0.7643142310853533,4.154941879332265e-09,0.7055676887691277,872.164093452721,walker,B,0,walker
WalkerRun_weighted_mle_s107_final,WalkerRun,weighted_mle,107,6,2048,0,5,3.634032122672785e-08,1.2534271302855478,0.623394790167692,-0.0005381409180885789,3.757781929047794e-08,1.1579333483081498,0.6531352261971038,-0.0010887811008276193,3.713271785042852e-08,2.6974449484202343,0.2762067845239182,-0.08435896882655233,3.543807055060492e-08,1.1485984566438778,0.6621693073373301,0.012952813647560273,804.2600421580426,395.78189884434295,712.0323164573392,828.2589046541984,445.1270137369901,715.4934531627576,0.5558482244366717,0.6221259073292089,4.05579070835258e-09,0.7655984304786123,828.1855126106091,walker,B,0,walker
WalkerRun_weighted_mle_s107_final,WalkerRun,weighted_mle,107,6,2048,0,6,3.560043862556395e-08,1.5705262287013182,0.5240616735506112,-0.021545351330769694,3.367101767095543e-08,1.5187758937915763,0.545506911383633,-0.0075632840913422055,3.6142401520389196e-08,2.569385264349476,0.29905216453788597,-0.07672792700790176,3.659881147945326e-08,1.4344284427084713,0.5614899072090486,-0.0187094402547321,688.3970142547963,431.1841428412837,578.6615824804386,726.0827746882715,491.95660746939075,584.8568604016825,0.7451404342292913,0.8411572827093311,4.020352089750795e-09,0.6287798937573938,726.1507798021526,walker,B,0,walker
WalkerRun_weighted_mle_s107_final,WalkerRun,weighted_mle,107,6,2048,0,7,3.660016964371243e-08,1.7957546124992634,0.4798709206230132,-0.009934208908974331,3.8035473554812667e-08,1.8216335939496981,0.46607156136235584,-0.02230374577890241,3.535405752835547e-08,2.6690316221732524,0.31213375626064577,-0.04647407046092365,3.5935072926920575e-08,1.660422021935105,0.5183208189336058,0.0038301759363807896,778.2434102655167,535.4751071770723,606.8830577441097,808.6459191398201,578.7001180342401,612.0996303272225,0.8823365561851833,0.9454345164771161,4.168196345731072e-09,0.551833437633057,808.6113775472471,walker,B,0,walker
WalkerRun_weighted_mle_s108_final,WalkerRun,weighted_mle,108,6,2048,0,0,3.546743824705363e-08,1.7016151933547974,0.4936347404113804,-0.02018053554205606,3.1655335268064274e-08,1.2953705268927787,0.6091594965631209,-0.003860985531445573,3.9008840222313046e-08,2.2912607912752017,0.2977605547301057,-0.12706041773308976,3.54514846814602e-08,1.7224695212873753,0.5076860046410755,0.008691801109349789,364.85913945096627,262.9597536199519,278.41182220976896,387.4718317822823,293.09109044216524,285.51275935720656,0.9444992368959977,1.0265428806124786,3.1952632881519813e-09,0.662879109549065,387.40661208666813,walker,B,0,walker
WalkerRun_weighted_mle_s108_final,WalkerRun,weighted_mle,108,6,2048,0,1,3.643716064541139e-08,2.1117284906149796,0.40945531829698056,-0.02488300252196404,3.700014498708662e-08,1.6640396547555,0.48528143569038934,-0.046533883121139825,3.9966850245883747e-08,2.5226209715051913,0.2811157259772911,-0.10510727068738136,3.500738599130778e-08,2.21652485857334,0.4187831517091921,0.009991407976609338,447.15297510501887,369.2903571712598,273.20708886780614,469.47473224119994,395.7601868828632,280.9744241036743,1.3516865858116263,1.4085274421163458,4.135012792132738e-09,0.596466658540597,469.36687502141467,walker,B,0,walker
WalkerRun_weighted_mle_s108_final,WalkerRun,weighted_mle,108,6,2048,0,2,3.633584039715537e-08,1.5716929014420002,0.5086188249384128,-0.0461500666725492,3.8926128345049646e-08,1.1418159960906313,0.6472809085228687,-0.02693628620214063,3.434722514397166e-08,2.1554642156390926,0.31013222702393956,-0.14097835762199107,3.608744180336723e-08,1.6017456853286482,0.5152855736196091,-0.02322734194872173,400.2922004558644,232.78403748981057,361.78414219192973,423.59104083788185,269.69709382860236,368.8101526711394,0.6434335017545239,0.7312626614948019,3.6475500487456467e-09,0.7195792225115375,423.5299297218161,walker,B,0,walker
WalkerRun_weighted_mle_s108_final,WalkerRun,weighted_mle,108,6,2048,0,3,3.608190861262155e-08,2.2636506293325627,0.36203694014390236,-0.05394642163438513,3.712426903128463e-08,1.7274526220246917,0.4412268632490781,-0.08917087518309642,3.6237622897525635e-08,2.527704645281299,0.3228643396118149,-0.05499850214626662,3.5698971857950006e-08,2.447315005239586,0.34588855574631894,-0.04026724723938091,423.73342399726846,411.60217426818093,272.6782319581069,450.89654180032176,437.2352369489199,281.1428184706088,1.5094794010965136,1.55520684941354,5.331390663342774e-09,0.5072039257770323,450.7185918754209,walker,B,0,walker
WalkerRun_weighted_mle_s108_final,WalkerRun,weighted_mle,108,6,2048,0,4,3.538116227784432e-08,1.88304022682558,0.4480969997304404,-0.030046903281778826,3.6416729058823e-08,1.6045964969826174,0.49901458940197524,-0.04803986407317233,3.575031671104237e-08,2.0817384096263116,0.3203197631475906,-0.14584704951093577,3.490733934063335e-08,1.939465051437532,0.4694703666458551,0.016033253183304445,412.5217977916726,353.02339137947337,251.77968665436498,434.7947947698462,377.4509418452621,261.68886729813937,1.4021122834428303,1.4423653009863608,3.765486365461903e-09,0.5815371662017268,434.69861439772797,walker,B,0,walker
WalkerRun_weighted_mle_s108_final,WalkerRun,weighted_mle,108,6,2048,0,5,3.596313470142614e-08,2.28749621125351,0.3675624074851357,-0.04228378957488582,3.686509958444441e-08,1.900824772495016,0.3984595921074719,-0.09355572509981887,3.4965596707142915e-08,2.3601441792792834,0.3097499968318177,-0.09954903954541243,3.59187733713741e-08,2.438780463480538,0.3732774245282803,-0.0076928062396567146,467.1662641590205,436.2984048886252,278.7699953770643,490.1644207010767,459.30845656945473,286.6511573522762,1.5650838042971102,1.602325491416007,3.795526983672289e-09,0.529814894579868,490.02476057797054,walker,B,0,walker
WalkerRun_weighted_mle_s108_final,WalkerRun,weighted_mle,108,6,2048,0,6,3.5543132681171904e-08,1.7241802793310186,0.49580804833436565,-0.009086130320153759,3.641549326793111e-08,1.4506681942974013,0.5436540240475252,-0.042174129863594374,3.6254725232179875e-08,1.9562212664784608,0.3859369837434978,-0.09472214564419504,3.5040557268206786e-08,1.7850812965221516,0.5074227951182424,0.028427806062771926,446.97385292158225,362.08926977451404,313.0759936069776,465.8034611849667,382.71524310539957,321.1220215655999,1.1565539267410725,1.19180628360368,3.461194989592197e-09,0.6345395908267113,465.69224573457075,walker,B,0,walker
WalkerRun_weighted_mle_s108_final,WalkerRun,weighted_mle,108,6,2048,0,7,3.577971098932742e-08,1.8867542378091948,0.44714462166628305,-0.030337218578958634,3.53888610735247e-08,1.1654283419776768,0.6446734078261452,-0.014838766697028005,3.4951527015190006e-08,2.76911865149339,0.26914051981975073,-0.08262931565662718,3.619454156259376e-08,1.9749498075464773,0.4365797394959989,-0.021181935990891392,408.78476532916164,240.61638176002054,370.6676795134828,441.4859117536122,289.7050558768295,377.50951389217175,0.6491431410363029,0.7674112710165426,4.71945585033096e-09,0.7098596067525373,441.27486683137516,walker,B,0,walker
