d,sigma,omega,log_ratio_zo_over_pw,c_star
1,0.01,0.1,14.263327182739722,1.2013877434506741
1,0.01,0.13501275609964633,13.484978409501464,1.2013877434506741
1,0.01,0.18228444309622582,13.081551741969559,1.2013877434506741
1,0.01,0.24610725056510596,12.652161549587127,1.2013877434506741
1,0.01,0.33227618194901193,12.39574393651948,1.2013877434506741
1,0.01,0.4486152311120365,11.705398969553013,1.2013877434506741
1,0.01,0.6056877878071585,10.84481383272396,1.2013877434506741
1,0.01,0.8177557756774221,10.5179795085433,1.2013877434506741
1,0.01,1.1040746109061288,9.495511642902299,1.2013877434506741
1,0.01,1.4906415615808106,8.505109404812544,1.2013877434506741
1,0.01,2.012556255857059,8.700893012742227,1.2013877434506741
1,0.01,2.717207669088465,7.80172283933933,1.2013877434506741
1,0.01,3.6685769629872937,7.457268360783219,1.2013877434506741
1,0.01,4.953046867365847,6.210629858051119,1.2013877434506741
1,0.01,6.687245086537825,6.384343195107759,1.2013877434506741
1,0.01,9.028633898472895,5.297296626560064,1.2013877434506741
1,0.01,12.189807464475196,4.9763653123293,1.2013877434506741
1,0.01,16.457795021028378,4.08000686117397,1.2013877434506741
1,0.01,22.22012265112078,3.761247987499604,1.2013877434506741
1,0.01,29.99999999999996,3.20459815611087,1.2013877434506741
1,0.01,40.503826829893846,2.4853673028399763,1.2013877434506741
1,0.01,54.68533292886767,2.1440637669657066,1.2013877434506741
1,0.01,73.83217516953168,1.401090663541263,1.2013877434506741
1,0.01,99.68285458470345,0.5100506073871346,1.2013877434506741
1,0.01,134.58456933361077,-0.3033588366869684,1.2013877434506741
1,0.01,181.70633634214732,-1.105312522017801,1.2013877434506741
1,0.01,245.3267327032263,-1.75345407436729,1.2013877434506741
1,0.01,331.2223832718382,-2.3638154799902242,1.2013877434506741
1,0.01,447.1924684742427,-2.960261946745755,1.2013877434506741
1,0.01,603.766876757117,-3.5626014777656043,1.2013877434506741
1,0.01,815.1623007265384,-4.161948251588599,1.2013877434506741
1,0.01,1100.5730888961868,-4.763385228598126,1.2013877434506741
1,0.01,1485.9140602097523,-5.364334161061468,1.2013877434506741
1,0.01,2006.1735259613445,-5.965259101409711,1.2013877434506741
1,0.013501275609964631,0.1,13.66296997349326,1.2013877434506741
1,0.013501275609964631,0.13501275609964633,12.884813623178557,1.2013877434506741
1,0.013501275609964631,0.18228444309622582,12.481175787129187,1.2013877434506741
1,0.013501275609964631,0.24610725056510596,12.051696714784342,1.2013877434506741
1,0.013501275609964631,0.33227618194901193,11.79451691542378,1.2013877434506741
1,0.013501275609964631,0.4486152311120365,11.107627652322101,1.2013877434506741
1,0.013501275609964631,0.6056877878071585,10.245272129876978,1.2013877434506741
1,0.013501275609964631,0.8177557756774221,9.918763070256972,1.2013877434506741
1,0.013501275609964631,1.1040746109061288,8.895731133964134,1.2013877434506741
1,0.013501275609964631,1.4906415615808106,7.926706486969903,1.2013877434506741
1,0.013501275609964631,2.012556255857059,8.105617045837866,1.2013877434506741
1,0.013501275609964631,2.717207669088465,7.209208468290453,1.2013877434506741
1,0.013501275609964631,3.6685769629872937,6.86507800927627,1.2013877434506741
1,0.013501275609964631,4.953046867365847,5.635778403541884,1.2013877434506741
1,0.013501275609964631,6.687245086537825,5.796006490119436,1.2013877434506741
1,0.013501275609964631,9.028633898472895,4.731049160207919,1.2013877434506741
1,0.013501275609964631,12.189807464475196,4.393193319402217,1.2013877434506741
1,0.013501275609964631,16.457795021028378,3.519891806083039,1.2013877434506741
1,0.013501275609964631,22.22012265112078,3.1748736355031233,1.2013877434506741
1,0.013501275609964631,29.99999999999996,2.607914691761228,1.2013877434506741
1,0.013501275609964631,40.503826829893846,1.8810026753426148,1.2013877434506741
1,0.013501275609964631,54.68533292886767,1.3760845945235227,1.2013877434506741
1,0.013501275609964631,73.83217516953168,0.5231582487745104,1.2013877434506741
1,0.013501275609964631,99.68285458470345,-0.3110907748999279,1.2013877434506741
1,0.013501275609964631,134.58456933361077,-1.0545985864749587,1.2013877434506741
1,0.013501275609964631,181.70633634214732,-1.7542728363904265,1.2013877434506741
1,0.013501275609964631,245.3267327032263,-2.3614982286427457,1.2013877434506741
1,0.013501275609964631,331.2223832718382,-2.961607440678345,1.2013877434506741
1,0.013501275609964631,447.1924684742427,-3.560888126564397,1.2013877434506741
1,0.013501275609964631,603.766876757117,-4.167643457876563,1.2013877434506741
1,0.013501275609964631,815.1623007265384,-4.76396529034849,1.2013877434506741
1,0.013501275609964631,1100.5730888961868,-5.365698996692164,1.2013877434506741
1,0.013501275609964631,1485.9140602097523,-5.962429977877872,1.2013877434506741
1,0.013501275609964631,2006.1735259613445,-6.565384069951774,1.2013877434506741
1,0.018228444309622584,0.1,13.062644120383545,1.2013877434506741
1,0.018228444309622584,0.13501275609964633,12.284842095818625,1.2013877434506741
1,0.018228444309622584,0.18228444309622582,11.880815235243457,1.2013877434506741
1,0.018228444309622584,0.24610725056510596,11.451169371567508,1.2013877434506741
1,0.018228444309622584,0.33227618194901193,11.192716104270938,1.2013877434506741
1,0.018228444309622584,0.4486152311120365,10.510974682208895,1.2013877434506741
1,0.018228444309622584,0.6056877878071585,9.646279646727564,1.2013877434506741
1,0.018228444309622584,0.8177557756774221,9.320169134359364,1.2013877434506741
1,0.018228444309622584,1.1040746109061288,8.296501967804376,1.2013877434506741
1,0.018228444309622584,1.4906415615808106,7.352070272800188,1.2013877434506741
1,0.018228444309622584,2.012556255857059,7.50840127502833,1.2013877434506741
1,0.018228444309622584,2.717207669088465,6.615351717802767,1.2013877434506741
1,0.018228444309622584,3.6685769629872937,6.273315954971264,1.2013877434506741
1,0.018228444309622584,4.953046867365847,5.068521196642294,1.2013877434506741
1,0.018228444309622584,6.687245086537825,5.208698743206619,1.2013877434506741
1,0.018228444309622584,9.028633898472895,4.169512699876395,1.2013877434506741
1,0.018228444309622584,12.189807464475196,3.8067139223614808,1.2013877434506741
1,0.018228444309622584,16.457795021028378,2.9649658638276524,1.2013877434506741
1,0.018228444309622584,22.22012265112078,2.575080451016538,1.2013877434506741
1,0.018228444309622584,29.99999999999996,1.9764904124424258,1.2013877434506741
1,0.018228444309622584,40.503826829893846,1.2302316571434355,1.2013877434506741
1,0.018228444309622584,54.68533292886767,0.5197545033985371,1.2013877434506741
1,0.018228444309622584,73.83217516953168,-0.36359719245846467,1.2013877434506741
1,0.018228444309622584,99.68285458470345,-1.0627321602511726,1.2013877434506741
1,0.018228444309622584,134.58456933361077,-1.7492415873849143,1.2013877434506741
1,0.018228444309622584,181.70633634214732,-2.36176217499209,1.2013877434506741
1,0.018228444309622584,245.3267327032263,-2.9603112411275387,1.2013877434506741
1,0.018228444309622584,331.2223832718382,-3.5620806067755946,1.2013877434506741
1,0.018228444309622584,447.1924684742427,-4.164623806821049,1.2013877434506741
1,0.018228444309622584,603.766876757117,-4.76419268740913,1.2013877434506741
1,0.018228444309622584,815.1623007265384,-5.3680073672260376,1.2013877434506741
1,0.018228444309622584,1100.5730888961868,-5.962170627997394,1.2013877434506741
1,0.018228444309622584,1485.9140602097523,-6.563316742256858,1.2013877434506741
1,0.018228444309622584,2006.1735259613445,-7.165402549589238,1.2013877434506741
1,0.024610725056510595,0.1,12.462374115113873,1.2013877434506741
1,0.024610725056510595,0.13501275609964633,11.685210662324808,1.2013877434506741
1,0.024610725056510595,0.18228444309622582,11.280481719196535,1.2013877434506741
1,0.024610725056510595,0.24610725056510596,10.850530534470439,1.2013877434506741
1,0.024610725056510595,0.33227618194901193,10.590024903753267,1.2013877434506741
1,0.024610725056510595,0.4486152311120365,9.915395387754549,1.2013877434506741
1,0.024610725056510595,0.6056877878071585,9.04808257402066,1.2013877434506741
1,0.024610725056510595,0.8177557756774221,8.722302346207208,1.2013877434506741
1,0.024610725056510595,1.1040746109061288,7.698278258784367,1.2013877434506741
1,0.024610725056510595,1.4906415615808106,6.7809223492405115,1.2013877434506741
1,0.024610725056510595,2.012556255857059,6.909175198755373,1.2013877434506741
1,0.024610725056510595,2.717207669088465,6.0216714992376605,1.2013877434506741
1,0.024610725056510595,3.6685769629872937,5.681749766555874,1.2013877434506741
1,0.024610725056510595,4.953046867365847,4.5101703515348985,1.2013877434506741
1,0.024610725056510595,6.687245086537825,4.619594713954249,1.2013877434506741
1,0.024610725056510595,9.028633898472895,3.6109629608057143,1.2013877434506741
1,0.024610725056510595,12.189807464475196,3.2134360814166616,1.2013877434506741
1,0.024610725056510595,16.457795021028378,2.407337610967963,1.2013877434506741
1,0.024610725056510595,22.22012265112078,1.9459122686474122,1.2013877434506741
1,0.024610725056510595,29.99999999999996,1.285294847577326,1.2013877434506741
1,0.024610725056510595,40.503826829893846,0.5024404979940807,1.2013877434506741
1,0.024610725056510595,54.68533292886767,-0.3515418622498101,1.2013877434506741
1,0.024610725056510595,73.83217516953168,-1.097598147758312,1.2013877434506741
1,0.024610725056510595,99.68285458470345,-1.7515168944967967,1.2013877434506741
1,0.024610725056510595,134.58456933361077,-2.362147308005404,1.2013877434506741
1,0.024610725056510595,181.70633634214732,-2.962917625198996,1.2013877434506741
1,0.024610725056510595,245.3267327032263,-3.5633060614292056,1.2013877434506741
1,0.024610725056510595,331.2223832718382,-4.163584496204721,1.2013877434506741
1,0.024610725056510595,447.1924684742427,-4.766091680028329,1.2013877434506741
1,0.024610725056510595,603.766876757117,-5.365533604644957,1.2013877434506741
1,0.024610725056510595,815.1623007265384,-5.959647529256269,1.2013877434506741
1,0.024610725056510595,1100.5730888961868,-6.566187665984511,1.2013877434506741
1,0.024610725056510595,1485.9140602097523,-7.164146483485042,1.2013877434506741
1,0.024610725056510595,2006.1735259613445,-7.76745179030833,1.2013877434506741
1,0.03322761819490119,0.1,11.862203018705284,1.2013877434506741
1,0.03322761819490119,0.13501275609964633,11.086157265605326,1.2013877434506741
1,0.03322761819490119,0.18228444309622582,10.680196008167716,1.2013877434506741
1,0.03322761819490119,0.24610725056510596,10.249702884187249,1.2013877434506741
1,0.03322761819490119,0.33227618194901193,9.986069098152246,1.2013877434506741
1,0.03322761819490119,0.4486152311120365,9.320531215361765,1.2013877434506741
1,0.03322761819490119,0.6056877878071585,8.45090280748618,1.2013877434506741
1,0.03322761819490119,0.8177557756774221,8.125106556494286,1.2013877434506741
1,0.03322761819490119,1.1040746109061288,7.101845043496034,1.2013877434506741
1,0.03322761819490119,1.4906415615808106,6.213070889944818,1.2013877434506741
1,0.03322761819490119,2.012556255857059,6.3085234461490005,1.2013877434506741
1,0.03322761819490119,2.717207669088465,5.430298838299776,1.2013877434506741
1,0.03322761819490119,3.6685769629872937,5.089779501362247,1.2013877434506741
1,0.03322761819490119,4.953046867365847,3.9615266165841927,1.2013877434506741
1,0.03322761819490119,6.687245086537825,4.024112733112236,1.2013877434506741
1,0.03322761819490119,9.028633898472895,3.0510636233330817,1.2013877434506741
1,0.03322761819490119,12.189807464475196,2.606340561479822,1.2013877434506741
1,0.03322761819490119,16.457795021028378,1.830593065921052,1.2013877434506741
1,0.03322761819490119,22.22012265112078,1.2635595168973688,1.2013877434506741
1,0.03322761819490119,29.99999999999996,0.5093184718774394,1.2013877434506741
1,0.03322761819490119,40.503826829893846,-0.28197931286894273,1.2013877434506741
1,0.03322761819490119,54.68533292886767,-1.0910451053200514,1.2013877434506741
1,0.03322761819490119,73.83217516953168,-1.7545429820747251,1.2013877434506741
1,0.03322761819490119,99.68285458470345,-2.3608367022422603,1.2013877434506741
1,0.03322761819490119,134.58456933361077,-2.9635619655229326,1.2013877434506741
1,0.03322761819490119,181.70633634214732,-3.565416890214127,1.2013877434506741
1,0.03322761819490119,245.3267327032263,-4.167232667330948,1.2013877434506741
1,0.03322761819490119,331.2223832718382,-4.76169955260612,1.2013877434506741
1,0.03322761819490119,447.1924684742427,-5.368639824664158,1.2013877434506741
1,0.03322761819490119,603.766876757117,-5.961444371721805,1.2013877434506741
1,0.03322761819490119,815.1623007265384,-6.564757870242838,1.2013877434506741
1,0.03322761819490119,1100.5730888961868,-7.164948132082069,1.2013877434506741
1,0.03322761819490119,1485.9140602097523,-7.765608119461297,1.2013877434506741
1,0.03322761819490119,2006.1735259613445,-8.36726288619773,1.2013877434506741
1,0.04486152311120365,0.1,11.262204743017014,1.2013877434506741
1,0.04486152311120365,0.13501275609964633,10.488033880890884,1.2013877434506741
1,0.04486152311120365,0.18228444309622582,10.079995234585617,1.2013877434506741
1,0.04486152311120365,0.24610725056510596,9.648582098570063,1.2013877434506741
1,0.04486152311120365,0.33227618194901193,9.380519026987617,1.2013877434506741
1,0.04486152311120365,0.4486152311120365,8.725758302459948,1.2013877434506741
1,0.04486152311120365,0.6056877878071585,7.854826492881936,1.2013877434506741
1,0.04486152311120365,0.8177557756774221,7.5283714826940855,1.2013877434506741
1,0.04486152311120365,1.1040746109061288,6.5084679593908925,1.2013877434506741
1,0.04486152311120365,1.4906415615808106,5.648865825016937,1.2013877434506741
1,0.04486152311120365,2.012556255857059,5.707817968396925,1.2013877434506741
1,0.04486152311120365,2.717207669088465,4.843379717550337,1.2013877434506741
1,0.04486152311120365,3.6685769629872937,4.495919539231181,1.2013877434506741
1,0.04486152311120365,4.953046867365847,3.421845269854157,1.2013877434506741
1,0.04486152311120365,6.687245086537825,3.41510091389849,1.2013877434506741
1,0.04486152311120365,9.028633898472895,2.4809356192845033,1.2013877434506741
1,0.04486152311120365,12.189807464475196,1.9709575252727807,1.2013877434506741
1,0.04486152311120365,16.457795021028378,1.2069382588083393,1.2013877434506741
1,0.04486152311120365,22.22012265112078,0.5053156519018779,1.2013877434506741
1,0.04486152311120365,29.99999999999996,-0.3098418020435228,1.2013877434506741
1,0.04486152311120365,40.503826829893846,-1.0416367111553648,1.2013877434506741
1,0.04486152311120365,54.68533292886767,-1.7517452680598897,1.2013877434506741
1,0.04486152311120365,73.83217516953168,-2.3625477021099646,1.2013877434506741
1,0.04486152311120365,99.68285458470345,-2.960213289075587,1.2013877434506741
1,0.04486152311120365,134.58456933361077,-3.563438300822284,1.2013877434506741
1,0.04486152311120365,181.70633634214732,-4.163078154480975,1.2013877434506741
1,0.04486152311120365,245.3267327032263,-4.763685131033716,1.2013877434506741
1,0.04486152311120365,331.2223832718382,-5.364380464099906,1.2013877434506741
1,0.04486152311120365,447.1924684742427,-5.966587665086617,1.2013877434506741
1,0.04486152311120365,603.766876757117,-6.565676933852407,1.2013877434506741
1,0.04486152311120365,815.1623007265384,-7.1664135809035905,1.2013877434506741
1,0.04486152311120365,1100.5730888961868,-7.765220118969024,1.2013877434506741
1,0.04486152311120365,1485.9140602097523,-8.366490084358325,1.2013877434506741
1,0.04486152311120365,2006.1735259613445,-8.963328320159016,1.2013877434506741
1,0.06056877878071584,0.1,10.662500607292202,1.2013877434506741
1,0.06056877878071584,0.13501275609964633,9.891290233599651,1.2013877434506741
1,0.06056877878071584,0.18228444309622582,9.479945685088744,1.2013877434506741
1,0.06056877878071584,0.24610725056510596,9.047073505638416,1.2013877434506741
1,0.06056877878071584,0.33227618194901193,8.773234429811826,1.2013877434506741
1,0.06056877878071584,0.4486152311120365,8.130329460777102,1.2013877434506741
1,0.06056877878071584,0.6056877878071585,7.259748892834786,1.2013877434506741
1,0.06056877878071584,0.8177557756774221,6.931897975385154,1.2013877434506741
1,0.06056877878071584,1.1040746109061288,5.919936384765198,1.2013877434506741
1,0.06056877878071584,1.4906415615808106,5.089334294491809,1.2013877434506741
1,0.06056877878071584,2.012556255857059,5.10879195215028,1.2013877434506741
1,0.06056877878071584,2.717207669088465,4.262109033452264,1.2013877434506741
1,0.06056877878071584,3.6685769629872937,3.8974797545318633,1.2013877434506741
1,0.06056877878071584,4.953046867365847,2.887260184912234,1.2013877434506741
1,0.06056877878071584,6.687245086537825,2.7810664232408016,1.2013877434506741
1,0.06056877878071584,9.028633898472895,1.8841350473470262,1.2013877434506741
1,0.06056877878071584,12.189807464475196,1.2814043612401744,1.2013877434506741
1,0.06056877878071584,16.457795021028378,0.5032316535358661,1.2013877434506741
1,0.06056877878071584,22.22012265112078,-0.29857136251709704,1.2013877434506741
1,0.06056877878071584,29.99999999999996,-1.0620675100438648,1.2013877434506741
1,0.06056877878071584,40.503826829893846,-1.7433345859210143,1.2013877434506741
1,0.06056877878071584,54.68533292886767,-2.3619035459384197,1.2013877434506741
1,0.06056877878071584,73.83217516953168,-2.9601789004699643,1.2013877434506741
1,0.06056877878071584,99.68285458470345,-3.563443860022289,1.2013877434506741
1,0.06056877878071584,134.58456933361077,-4.164833320203971,1.2013877434506741
1,0.06056877878071584,181.70633634214732,-4.761261185417297,1.2013877434506741
1,0.06056877878071584,245.3267327032263,-5.367287617186531,1.2013877434506741
1,0.06056877878071584,331.2223832718382,-5.9605664272574,1.2013877434506741
1,0.06056877878071584,447.1924684742427,-6.564965401985398,1.2013877434506741
1,0.06056877878071584,603.766876757117,-7.1631907549594676,1.2013877434506741
1,0.06056877878071584,815.1623007265384,-7.764491238251153,1.2013877434506741
1,0.06056877878071584,1100.5730888961868,-8.364376493909939,1.2013877434506741
1,0.06056877878071584,1485.9140602097523,-8.965337411215675,1.2013877434506741
1,0.06056877878071584,2006.1735259613445,-9.56690486180642,1.2013877434506741
1,0.0817755775677422,0.1,10.063274353551417,1.2013877434506741
1,0.0817755775677422,0.13501275609964633,9.296385746085432,1.2013877434506741
1,0.0817755775677422,0.18228444309622582,8.880165003980903,1.2013877434506741
1,0.0817755775677422,0.24610725056510596,8.445205386581087,1.2013877434506741
1,0.0817755775677422,0.33227618194901193,8.164397305785544,1.2013877434506741
1,0.0817755775677422,0.4486152311120365,7.533586121146539,1.2013877434506741
1,0.0817755775677422,0.6056877878071585,6.665490170957296,1.2013877434506741
1,0.0817755775677422,0.8177557756774221,6.335651752543394,1.2013877434506741
1,0.0817755775677422,1.1040746109061288,5.338251952590986,1.2013877434506741
1,0.0817755775677422,1.4906415615808106,4.535954797890153,1.2013877434506741
1,0.0817755775677422,2.012556255857059,4.512307405834003,1.2013877434506741
1,0.0817755775677422,2.717207669088465,3.6855392485892327,1.2013877434506741
1,0.0817755775677422,3.6685769629872937,3.2901631081476927,1.2013877434506741
1,0.0817755775677422,4.953046867365847,2.3487783937944613,1.2013877434506741
1,0.0817755775677422,6.687245086537825,2.1036660749040306,1.2013877434506741
1,0.0817755775677422,9.028633898472895,1.2341016082476748,1.2013877434506741
1,0.0817755775677422,12.189807464475196,0.5087722562581508,1.2013877434506741
1,0.0817755775677422,16.457795021028378,-0.2665550043859747,1.2013877434506741
1,0.0817755775677422,22.22012265112078,-1.0572546439980623,1.2013877434506741
1,0.0817755775677422,29.99999999999996,-1.7464743887614584,1.2013877434506741
1,0.0817755775677422,40.503826829893846,-2.3602261595715706,1.2013877434506741
1,0.0817755775677422,54.68533292886767,-2.966411434798236,1.2013877434506741
1,0.0817755775677422,73.83217516953168,-3.565207504290867,1.2013877434506741
1,0.0817755775677422,99.68285458470345,-4.165205959961612,1.2013877434506741
1,0.0817755775677422,134.58456933361077,-4.765497396298094,1.2013877434506741
1,0.0817755775677422,181.70633634214732,-5.365205006694509,1.2013877434506741
1,0.0817755775677422,245.3267327032263,-5.9636819658121345,1.2013877434506741
1,0.0817755775677422,331.2223832718382,-6.56672768865452,1.2013877434506741
1,0.0817755775677422,447.1924684742427,-7.1628526621734805,1.2013877434506741
1,0.0817755775677422,603.766876757117,-7.764376619988456,1.2013877434506741
1,0.0817755775677422,815.1623007265384,-8.367019041600882,1.2013877434506741
1,0.0817755775677422,1100.5730888961868,-8.96620860522155,1.2013877434506741
1,0.0817755775677422,1485.9140602097523,-9.565435041010968,1.2013877434506741
1,0.0817755775677422,2006.1735259613445,-10.167851306687863,1.2013877434506741
1,0.11040746109061289,0.1,9.464767490856655,1.2013877434506741
1,0.11040746109061289,0.13501275609964633,8.703656309312255,1.2013877434506741
1,0.11040746109061289,0.18228444309622582,8.28085926549912,1.2013877434506741
1,0.11040746109061289,0.24610725056510596,7.843332742610906,1.2013877434506741
1,0.11040746109061289,0.33227618194901193,7.554634684090765,1.2013877434506741
1,0.11040746109061289,0.4486152311120365,6.935276558115267,1.2013877434506741
1,0.11040746109061289,0.6056877878071585,6.072057240171252,1.2013877434506741
1,0.11040746109061289,0.8177557756774221,5.7396531073382695,1.2013877434506741
1,0.11040746109061289,1.1040746109061288,4.764815217047196,1.2013877434506741
1,0.11040746109061289,1.4906415615808106,3.9900389813073147,1.2013877434506741
1,0.11040746109061289,2.012556255857059,3.9166080784181707,1.2013877434506741
1,0.11040746109061289,2.717207669088465,3.109345592114026,1.2013877434506741
1,0.11040746109061289,3.6685769629872937,2.666532832200165,1.2013877434506741
1,0.11040746109061289,4.953046867365847,1.789781228490388,1.2013877434506741
1,0.11040746109061289,6.687245086537825,1.356496560718993,1.2013877434506741
1,0.11040746109061289,9.028633898472895,0.5025810572103945,1.2013877434506741
1,0.11040746109061289,12.189807464475196,-0.3067405627674123,1.2013877434506741
1,0.11040746109061289,16.457795021028378,-1.0302545571532606,1.2013877434506741
1,0.11040746109061289,22.22012265112078,-1.7476407878361933,1.2013877434506741
1,0.11040746109061289,29.99999999999996,-2.360925201796911,1.2013877434506741
1,0.11040746109061289,40.503826829893846,-2.965667300943146,1.2013877434506741
1,0.11040746109061289,54.68533292886767,-3.562982693678691,1.2013877434506741
1,0.11040746109061289,73.83217516953168,-4.1684031221169295,1.2013877434506741
1,0.11040746109061289,99.68285458470345,-4.762006731451265,1.2013877434506741
1,0.11040746109061289,134.58456933361077,-5.368633410486189,1.2013877434506741
1,0.11040746109061289,181.70633634214732,-5.963697291997216,1.2013877434506741
1,0.11040746109061289,245.3267327032263,-6.56792517726996,1.2013877434506741
1,0.11040746109061289,331.2223832718382,-7.164857863304272,1.2013877434506741
1,0.11040746109061289,447.1924684742427,-7.766491595150024,1.2013877434506741
1,0.11040746109061289,603.766876757117,-8.369886539532787,1.2013877434506741
1,0.11040746109061289,815.1623007265384,-8.969055963129584,1.2013877434506741
1,0.11040746109061289,1100.5730888961868,-9.564645938183755,1.2013877434506741
1,0.11040746109061289,1485.9140602097523,-10.168391355534883,1.2013877434506741
1,0.11040746109061289,2006.1735259613445,-10.76728968983946,1.2013877434506741
1,0.14906415615808105,0.1,8.867227357586254,1.2013877434506741
1,0.14906415615808105,0.13501275609964633,8.113246006402676,1.2013877434506741
1,0.14906415615808105,0.18228444309622582,7.682380063030453,1.2013877434506741
1,0.14906415615808105,0.24610725056510596,7.242343396453254,1.2013877434506741
1,0.14906415615808105,0.33227618194901193,6.945109481893953,1.2013877434506741
1,0.14906415615808105,0.4486152311120365,6.335897858855341,1.2013877434506741
1,0.14906415615808105,0.6056877878071585,5.479860513535196,1.2013877434506741
1,0.14906415615808105,0.8177557756774221,5.143584424029351,1.2013877434506741
1,0.14906415615808105,1.1040746109061288,4.199391591531602,1.2013877434506741
1,0.14906415615808105,1.4906415615808106,3.451475131256622,1.2013877434506741
1,0.14906415615808105,2.012556255857059,3.315568645553059,1.2013877434506741
1,0.14906415615808105,2.717207669088465,2.5243422455032376,1.2013877434506741
1,0.14906415615808105,3.6685769629872937,2.0124551533413064,1.2013877434506741
1,0.14906415615808105,4.953046867365847,1.1832844908732232,1.2013877434506741
1,0.14906415615808105,6.687245086537825,0.5194112347542994,1.2013877434506741
1,0.14906415615808105,9.028633898472895,-0.2845197699552604,1.2013877434506741
1,0.14906415615808105,12.189807464475196,-1.0578609727039125,1.2013877434506741
1,0.14906415615808105,16.457795021028378,-1.7433502489619077,1.2013877434506741
1,0.14906415615808105,22.22012265112078,-2.3605473158611625,1.2013877434506741
1,0.14906415615808105,29.99999999999996,-2.963310225799097,1.2013877434506741
1,0.14906415615808105,40.503826829893846,-3.5619737091359793,1.2013877434506741
1,0.14906415615808105,54.68533292886767,-4.166697498806747,1.2013877434506741
1,0.14906415615808105,73.83217516953168,-4.762466772681904,1.2013877434506741
1,0.14906415615808105,99.68285458470345,-5.361160000731401,1.2013877434506741
1,0.14906415615808105,134.58456933361077,-5.964431795345811,1.2013877434506741
1,0.14906415615808105,181.70633634214732,-6.566795304408667,1.2013877434506741
1,0.14906415615808105,245.3267327032263,-7.164012755064423,1.2013877434506741
1,0.14906415615808105,331.2223832718382,-7.763296923427254,1.2013877434506741
1,0.14906415615808105,447.1924684742427,-8.365082626044533,1.2013877434506741
1,0.14906415615808105,603.766876757117,-8.966785513903005,1.2013877434506741
1,0.14906415615808105,815.1623007265384,-9.568397995253674,1.2013877434506741
1,0.14906415615808105,1100.5730888961868,-10.165506645410812,1.2013877434506741
1,0.14906415615808105,1485.9140602097523,-10.762951378170646,1.2013877434506741
1,0.14906415615808105,2006.1735259613445,-11.365564374368569,1.2013877434506741
1,0.2012556255857059,0.1,8.270811794858293,1.2013877434506741
1,0.2012556255857059,0.13501275609964633,7.525205405258091,1.2013877434506741
1,0.2012556255857059,0.18228444309622582,7.085298325433706,1.2013877434506741
1,0.2012556255857059,0.24610725056510596,6.643702866750323,1.2013877434506741
1,0.2012556255857059,0.33227618194901193,6.337378195433988,1.2013877434506741
1,0.2012556255857059,0.4486152311120365,5.73673531640974,1.2013877434506741
1,0.2012556255857059,0.6056877878071585,4.889674729779161,1.2013877434506741
1,0.2012556255857059,0.8177557756774221,4.546325370594741,1.2013877434506741
1,0.2012556255857059,1.1040746109061288,3.6393073564874663,1.2013877434506741
1,0.2012556255857059,1.4906415615808106,2.9167129640897804,1.2013877434506741
1,0.2012556255857059,2.012556255857059,2.697026181255679,1.2013877434506741
1,0.2012556255857059,2.717207669088465,1.9139833983081809,1.2013877434506741
1,0.2012556255857059,3.6685769629872937,1.303130987065983,1.2013877434506741
1,0.2012556255857059,4.953046867365847,0.4967372017465888,1.2013877434506741
1,0.2012556255857059,6.687245086537825,-0.3400681134808212,1.2013877434506741
1,0.2012556255857059,9.028633898472895,-1.0417632373515393,1.2013877434506741
1,0.2012556255857059,12.189807464475196,-1.7487098353087673,1.2013877434506741
1,0.2012556255857059,16.457795021028378,-2.358812362248438,1.2013877434506741
1,0.2012556255857059,22.22012265112078,-2.963553257954477,1.2013877434506741
1,0.2012556255857059,29.99999999999996,-3.5600866725063796,1.2013877434506741
1,0.2012556255857059,40.503826829893846,-4.16235452399743,1.2013877434506741
1,0.2012556255857059,54.68533292886767,-4.761143009126,1.2013877434506741
1,0.2012556255857059,73.83217516953168,-5.3654395368018175,1.2013877434506741
1,0.2012556255857059,99.68285458470345,-5.966104465128236,1.2013877434506741
1,0.2012556255857059,134.58456933361077,-6.564902039332655,1.2013877434506741
1,0.2012556255857059,181.70633634214732,-7.1666191308844285,1.2013877434506741
1,0.2012556255857059,245.3267327032263,-7.762430513796967,1.2013877434506741
1,0.2012556255857059,331.2223832718382,-8.363539423452952,1.2013877434506741
1,0.2012556255857059,447.1924684742427,-8.968369872740569,1.2013877434506741
1,0.2012556255857059,603.766876757117,-9.567338316093807,1.2013877434506741
1,0.2012556255857059,815.1623007265384,-10.168507809737918,1.2013877434506741
1,0.2012556255857059,1100.5730888961868,-10.767467326113557,1.2013877434506741
1,0.2012556255857059,1485.9140602097523,-11.366411548847895,1.2013877434506741
1,0.2012556255857059,2006.1735259613445,-11.969616822995526,1.2013877434506741
1,0.2717207669088465,0.1,7.675548735996145,1.2013877434506741
1,0.2717207669088465,0.13501275609964633,6.939754451840226,1.2013877434506741
1,0.2717207669088465,0.18228444309622582,6.490467295036326,1.2013877434506741
1,0.2717207669088465,0.24610725056510596,6.049253676263591,1.2013877434506741
1,0.2717207669088465,0.33227618194901193,5.732862654440564,1.2013877434506741
1,0.2717207669088465,0.4486152311120365,5.139231575403627,1.2013877434506741
1,0.2717207669088465,0.6056877878071585,4.3022302156351495,1.2013877434506741
1,0.2717207669088465,0.8177557756774221,3.9454255962533207,1.2013877434506741
1,0.2717207669088465,1.1040746109061288,3.078744307475572,1.2013877434506741
1,0.2717207669088465,1.4906415615808106,2.376298823742746,1.2013877434506741
1,0.2717207669088465,2.012556255857059,2.0410190820564895,1.2013877434506741
1,0.2717207669088465,2.717207669088465,1.25115269363233,1.2013877434506741
1,0.2717207669088465,3.6685769629872937,0.5124115950356067,1.2013877434506741
1,0.2717207669088465,4.953046867365847,-0.2607363662084078,1.2013877434506741
1,0.2717207669088465,6.687245086537825,-1.0838539273550194,1.2013877434506741
1,0.2717207669088465,9.028633898472895,-1.7431433232107412,1.2013877434506741
1,0.2717207669088465,12.189807464475196,-2.3618438825136443,1.2013877434506741
1,0.2717207669088465,16.457795021028378,-2.9607771020353617,1.2013877434506741
1,0.2717207669088465,22.22012265112078,-3.5641155079050524,1.2013877434506741
1,0.2717207669088465,29.99999999999996,-4.164547561120007,1.2013877434506741
1,0.2717207669088465,40.503826829893846,-4.7639760544978484,1.2013877434506741
1,0.2717207669088465,54.68533292886767,-5.364334782843565,1.2013877434506741
1,0.2717207669088465,73.83217516953168,-5.963094824756276,1.2013877434506741
1,0.2717207669088465,99.68285458470345,-6.56561460764417,1.2013877434506741
1,0.2717207669088465,134.58456933361077,-7.165554454564147,1.2013877434506741
1,0.2717207669088465,181.70633634214732,-7.762158767994584,1.2013877434506741
1,0.2717207669088465,245.3267327032263,-8.367564819764599,1.2013877434506741
1,0.2717207669088465,331.2223832718382,-8.968446914902104,1.2013877434506741
1,0.2717207669088465,447.1924684742427,-9.56770368457549,1.2013877434506741
1,0.2717207669088465,603.766876757117,-10.167819753413578,1.2013877434506741
1,0.2717207669088465,815.1623007265384,-10.767199720732942,1.2013877434506741
1,0.2717207669088465,1100.5730888961868,-11.370856660078312,1.2013877434506741
1,0.2717207669088465,1485.9140602097523,-11.97322926553383,1.2013877434506741
1,0.2717207669088465,2006.1735259613445,-12.56512036625778,1.2013877434506741
1,0.3668576962987294,0.1,7.081483133138347,1.2013877434506741
1,0.3668576962987294,0.13501275609964633,6.357563527263193,1.2013877434506741
1,0.3668576962987294,0.18228444309622582,5.899023940565659,1.2013877434506741
1,0.3668576962987294,0.24610725056510596,5.460783738564917,1.2013877434506741
1,0.3668576962987294,0.33227618194901193,5.132124920016601,1.2013877434506741
1,0.3668576962987294,0.4486152311120365,4.543643457440634,1.2013877434506741
1,0.3668576962987294,0.6056877878071585,3.7173293809434056,1.2013877434506741
1,0.3668576962987294,0.8177557756774221,3.3360369133741363,1.2013877434506741
1,0.3668576962987294,1.1040746109061288,2.5073429727967667,1.2013877434506741
1,0.3668576962987294,1.4906415615808106,1.8123353393431751,1.2013877434506741
1,0.3668576962987294,2.012556255857059,1.3194800710421613,1.2013877434506741
1,0.3668576962987294,2.717207669088465,0.5053166810743351,1.2013877434506741
1,0.3668576962987294,3.6685769629872937,-0.31485288460913646,1.2013877434506741
1,0.3668576962987294,4.953046867365847,-1.0230807892932425,1.2013877434506741
1,0.3668576962987294,6.687245086537825,-1.7490455536068423,1.2013877434506741
1,0.3668576962987294,9.028633898472895,-2.360365330251174,1.2013877434506741
1,0.3668576962987294,12.189807464475196,-2.9642070648063092,1.2013877434506741
1,0.3668576962987294,16.457795021028378,-3.5649274258722063,1.2013877434506741
1,0.3668576962987294,22.22012265112078,-4.161922896473692,1.2013877434506741
1,0.3668576962987294,29.99999999999996,-4.763278961286214,1.2013877434506741
1,0.3668576962987294,40.503826829893846,-5.366854000140412,1.2013877434506741
1,0.3668576962987294,54.68533292886767,-5.963001904758364,1.2013877434506741
1,0.3668576962987294,73.83217516953168,-6.5657649509356455,1.2013877434506741
1,0.3668576962987294,99.68285458470345,-7.165946380114957,1.2013877434506741
1,0.3668576962987294,134.58456933361077,-7.766270685106858,1.2013877434506741
1,0.3668576962987294,181.70633634214732,-8.36561254363212,1.2013877434506741
1,0.3668576962987294,245.3267327032263,-8.969997315909808,1.2013877434506741
1,0.3668576962987294,331.2223832718382,-9.566202237144278,1.2013877434506741
1,0.3668576962987294,447.1924684742427,-10.166805331361948,1.2013877434506741
1,0.3668576962987294,603.766876757117,-10.766900508415167,1.2013877434506741
1,0.3668576962987294,815.1623007265384,-11.36899524334389,1.2013877434506741
1,0.3668576962987294,1100.5730888961868,-11.971522116450371,1.2013877434506741
1,0.3668576962987294,1485.9140602097523,-12.56549792181418,1.2013877434506741
1,0.3668576962987294,2006.1735259613445,-13.17116104951624,1.2013877434506741
1,0.4953046867365847,0.1,6.488950525537627,1.2013877434506741
1,0.4953046867365847,0.13501275609964633,5.779798416732717,1.2013877434506741
1,0.4953046867365847,0.18228444309622582,5.312310995434572,1.2013877434506741
1,0.4953046867365847,0.24610725056510596,4.879331781973363,1.2013877434506741
1,0.4953046867365847,0.33227618194901193,4.53417913055824,1.2013877434506741
1,0.4953046867365847,0.4486152311120365,3.947419657302378,1.2013877434506741
1,0.4953046867365847,0.6056877878071585,3.132309240524707,1.2013877434506741
1,0.4953046867365847,0.8177557756774221,2.7087662237707337,1.2013877434506741
1,0.4953046867365847,1.1040746109061288,1.9074997699412355,1.2013877434506741
1,0.4953046867365847,1.4906415615808106,1.1967574268001822,1.2013877434506741
1,0.4953046867365847,2.012556255857059,0.5105257971078128,1.2013877434506741
1,0.4953046867365847,2.717207669088465,-0.29297063927757105,1.2013877434506741
1,0.4953046867365847,3.6685769629872937,-1.0668039012072092,1.2013877434506741
1,0.4953046867365847,4.953046867365847,-1.743009401492951,1.2013877434506741
1,0.4953046867365847,6.687245086537825,-2.361584138445702,1.2013877434506741
1,0.4953046867365847,9.028633898472895,-2.9627055425577944,1.2013877434506741
1,0.4953046867365847,12.189807464475196,-3.5635788922483838,1.2013877434506741
1,0.4953046867365847,16.457795021028378,-4.161348088493749,1.2013877434506741
1,0.4953046867365847,22.22012265112078,-4.761024609947283,1.2013877434506741
1,0.4953046867365847,29.99999999999996,-5.365326887824886,1.2013877434506741
1,0.4953046867365847,40.503826829893846,-5.9619317875650255,1.2013877434506741
1,0.4953046867365847,54.68533292886767,-6.567848074315419,1.2013877434506741
1,0.4953046867365847,73.83217516953168,-7.166798317954269,1.2013877434506741
1,0.4953046867365847,99.68285458470345,-7.761506317127566,1.2013877434506741
1,0.4953046867365847,134.58456933361077,-8.364104178581693,1.2013877434506741
1,0.4953046867365847,181.70633634214732,-8.96634176099533,1.2013877434506741
1,0.4953046867365847,245.3267327032263,-9.564938476783148,1.2013877434506741
1,0.4953046867365847,331.2223832718382,-10.167231996005077,1.2013877434506741
1,0.4953046867365847,447.1924684742427,-10.766020872279492,1.2013877434506741
1,0.4953046867365847,603.766876757117,-11.370843869733633,1.2013877434506741
1,0.4953046867365847,815.1623007265384,-11.971626881512881,1.2013877434506741
1,0.4953046867365847,1100.5730888961868,-12.568589117346317,1.2013877434506741
1,0.4953046867365847,1485.9140602097523,-13.174648983883177,1.2013877434506741
1,0.4953046867365847,2006.1735259613445,-13.773108024854647,1.2013877434506741
1,0.6687245086537824,0.1,5.8986897812045616,1.2013877434506741
1,0.6687245086537824,0.13501275609964633,5.207800688762217,1.2013877434506741
1,0.6687245086537824,0.18228444309622582,4.731741999610095,1.2013877434506741
1,0.6687245086537824,0.24610725056510596,4.30422980623147,1.2013877434506741
1,0.6687245086537824,0.33227618194901193,3.9357660582377036,1.2013877434506741
1,0.6687245086537824,0.4486152311120365,3.34381435824145,1.2013877434506741
1,0.6687245086537824,0.6056877878071585,2.5396473849409054,1.2013877434506741
1,0.6687245086537824,0.8177557756774221,2.0465978156801077,1.2013877434506741
1,0.6687245086537824,1.1040746109061288,1.2514569966104707,1.2013877434506741
1,0.6687245086537824,1.4906415615808106,0.49859368864625236,1.2013877434506741
1,0.6687245086537824,2.012556255857059,-0.32787255790711256,1.2013877434506741
1,0.6687245086537824,2.717207669088465,-1.0469304675025173,1.2013877434506741
1,0.6687245086537824,3.6685769629872937,-1.7518737425157018,1.2013877434506741
1,0.6687245086537824,4.953046867365847,-2.362034624787622,1.2013877434506741
1,0.6687245086537824,6.687245086537825,-2.960779767636241,1.2013877434506741
1,0.6687245086537824,9.028633898472895,-3.5632788225259286,1.2013877434506741
1,0.6687245086537824,12.189807464475196,-4.162763168408222,1.2013877434506741
1,0.6687245086537824,16.457795021028378,-4.764653651336911,1.2013877434506741
1,0.6687245086537824,22.22012265112078,-5.3687484071128395,1.2013877434506741
1,0.6687245086537824,29.99999999999996,-5.963964632908557,1.2013877434506741
1,0.6687245086537824,40.503826829893846,-6.565382530949475,1.2013877434506741
1,0.6687245086537824,54.68533292886767,-7.165633160763291,1.2013877434506741
1,0.6687245086537824,73.83217516953168,-7.761035185718895,1.2013877434506741
1,0.6687245086537824,99.68285458470345,-8.365203520459831,1.2013877434506741
1,0.6687245086537824,134.58456933361077,-8.965550680864903,1.2013877434506741
1,0.6687245086537824,181.70633634214732,-9.566441578328323,1.2013877434506741
1,0.6687245086537824,245.3267327032263,-10.169916610103055,1.2013877434506741
1,0.6687245086537824,331.2223832718382,-10.7672092104244,1.2013877434506741
1,0.6687245086537824,447.1924684742427,-11.363979826427482,1.2013877434506741
1,0.6687245086537824,603.766876757117,-11.968108453215123,1.2013877434506741
1,0.6687245086537824,815.1623007265384,-12.567107209803934,1.2013877434506741
1,0.6687245086537824,1100.5730888961868,-13.17006765987724,1.2013877434506741
1,0.6687245086537824,1485.9140602097523,-13.771440078016859,1.2013877434506741
1,0.6687245086537824,2006.1735259613445,-14.36666399970605,1.2013877434506741
1,0.9028633898472894,0.1,5.311668325704754,1.2013877434506741
1,0.9028633898472894,0.13501275609964633,4.642552560595911,1.2013877434506741
1,0.9028633898472894,0.18228444309622582,4.1584587058616265,1.2013877434506741
1,0.9028633898472894,0.24610725056510596,3.732184556302135,1.2013877434506741
1,0.9028633898472894,0.33227618194901193,3.33036215666084,1.2013877434506741
1,0.9028633898472894,0.4486152311120365,2.720674646240286,1.2013877434506741
1,0.9028633898472894,0.6056877878071585,1.9235686922186375,1.2013877434506741
1,0.9028633898472894,0.8177557756774221,1.3230490879474937,1.2013877434506741
1,0.9028633898472894,1.1040746109061288,0.5094282377456645,1.2013877434506741
1,0.9028633898472894,1.4906415615808106,-0.2680001268844059,1.2013877434506741
1,0.9028633898472894,2.012556255857059,-1.0729204025594625,1.2013877434506741
1,0.9028633898472894,2.717207669088465,-1.7462600135730226,1.2013877434506741
1,0.9028633898472894,3.6685769629872937,-2.360467661266633,1.2013877434506741
1,0.9028633898472894,4.953046867365847,-2.9619321981043174,1.2013877434506741
1,0.9028633898472894,6.687245086537825,-3.56518697563749,1.2013877434506741
1,0.9028633898472894,9.028633898472895,-4.165544832091821,1.2013877434506741
1,0.9028633898472894,12.189807464475196,-4.764599041237948,1.2013877434506741
1,0.9028633898472894,16.457795021028378,-5.364246226628016,1.2013877434506741
1,0.9028633898472894,22.22012265112078,-5.960216089929925,1.2013877434506741
1,0.9028633898472894,29.99999999999996,-6.570000401042826,1.2013877434506741
1,0.9028633898472894,40.503826829893846,-7.161119086666737,1.2013877434506741
1,0.9028633898472894,54.68533292886767,-7.7614161701663695,1.2013877434506741
1,0.9028633898472894,73.83217516953168,-8.364308537221634,1.2013877434506741
1,0.9028633898472894,99.68285458470345,-8.968725206759567,1.2013877434506741
1,0.9028633898472894,134.58456933361077,-9.566053868063243,1.2013877434506741
1,0.9028633898472894,181.70633634214732,-10.168619199139718,1.2013877434506741
1,0.9028633898472894,245.3267327032263,-10.765540762575698,1.2013877434506741
1,0.9028633898472894,331.2223832718382,-11.367847610219535,1.2013877434506741
1,0.9028633898472894,447.1924684742427,-11.96797160504017,1.2013877434506741
1,0.9028633898472894,603.766876757117,-12.566115744855985,1.2013877434506741
1,0.9028633898472894,815.1623007265384,-13.172314874759367,1.2013877434506741
1,0.9028633898472894,1100.5730888961868,-13.772284799618026,1.2013877434506741
1,0.9028633898472894,1485.9140602097523,-14.367881796307831,1.2013877434506741
1,0.9028633898472894,2006.1735259613445,-14.97337972305532,1.2013877434506741
1,1.2189807464475195,0.1,4.7288533546729195,1.2013877434506741
1,1.2189807464475195,0.13501275609964633,4.084145276347468,1.2013877434506741
1,1.2189807464475195,0.18228444309622582,3.5923187124741793,1.2013877434506741
1,1.2189807464475195,0.24610725056510596,3.156646371562798,1.2013877434506741
1,1.2189807464475195,0.33227618194901193,2.706667339271147,1.2013877434506741
1,1.2189807464475195,0.4486152311120365,2.0588904365591016,1.2013877434506741
1,1.2189807464475195,0.6056877878071585,1.2568339879810635,1.2013877434506741
1,1.2189807464475195,0.8177557756774221,0.5147906408265699,1.2013877434506741
1,1.2189807464475195,1.1040746109061288,-0.2874234991383924,1.2013877434506741
1,1.2189807464475195,1.4906415615808106,-1.0312030889173849,1.2013877434506741
1,1.2189807464475195,2.012556255857059,-1.7483869628590674,1.2013877434506741
1,1.2189807464475195,2.717207669088465,-2.3574912000413697,1.2013877434506741
1,1.2189807464475195,3.6685769629872937,-2.963265069374609,1.2013877434506741
1,1.2189807464475195,4.953046867365847,-3.5662318716981076,1.2013877434506741
1,1.2189807464475195,6.687245086537825,-4.166114139334523,1.2013877434506741
1,1.2189807464475195,9.028633898472895,-4.763548597782401,1.2013877434506741
1,1.2189807464475195,12.189807464475196,-5.365293675525995,1.2013877434506741
1,1.2189807464475195,16.457795021028378,-5.962282782386568,1.2013877434506741
1,1.2189807464475195,22.22012265112078,-6.568190562377086,1.2013877434506741
1,1.2189807464475195,29.99999999999996,-7.166237836751493,1.2013877434506741
1,1.2189807464475195,40.503826829893846,-7.763787724364227,1.2013877434506741
1,1.2189807464475195,54.68533292886767,-8.366091020903193,1.2013877434506741
1,1.2189807464475195,73.83217516953168,-8.966394793988501,1.2013877434506741
1,1.2189807464475195,99.68285458470345,-9.56616483116189,1.2013877434506741
1,1.2189807464475195,134.58456933361077,-10.169151958674023,1.2013877434506741
1,1.2189807464475195,181.70633634214732,-10.764386623913339,1.2013877434506741
1,1.2189807464475195,245.3267327032263,-11.367086951981621,1.2013877434506741
1,1.2189807464475195,331.2223832718382,-11.970157794319588,1.2013877434506741
1,1.2189807464475195,447.1924684742427,-12.567105005465237,1.2013877434506741
1,1.2189807464475195,603.766876757117,-13.171145358323686,1.2013877434506741
1,1.2189807464475195,815.1623007265384,-13.7737746166632,1.2013877434506741
1,1.2189807464475195,1100.5730888961868,-14.37253985564827,1.2013877434506741
1,1.2189807464475195,1485.9140602097523,-14.970897159589988,1.2013877434506741
1,1.2189807464475195,2006.1735259613445,-15.573300870650673,1.2013877434506741
1,1.6457795021028379,0.1,4.151016173602413,1.2013877434506741
1,1.6457795021028379,0.13501275609964633,3.5311705544966108,1.2013877434506741
1,1.6457795021028379,0.18228444309622582,3.029881993047347,1.2013877434506741
1,1.6457795021028379,0.24610725056510596,2.566907749934991,1.2013877434506741
1,1.6457795021028379,0.33227618194901193,2.046375390609431,1.2013877434506741
1,1.6457795021028379,0.4486152311120365,1.331530493286269,1.2013877434506741
1,1.6457795021028379,0.6056877878071585,0.5087663125552074,1.2013877434506741
1,1.6457795021028379,0.8177557756774221,-0.3235787188207505,1.2013877434506741
1,1.6457795021028379,1.1040746109061288,-1.0452919465479027,1.2013877434506741
1,1.6457795021028379,1.4906415615808106,-1.7452686564356732,1.2013877434506741
1,1.6457795021028379,2.012556255857059,-2.3641758163917075,1.2013877434506741
1,1.6457795021028379,2.717207669088465,-2.9600271601385684,1.2013877434506741
1,1.6457795021028379,3.6685769629872937,-3.562073917897369,1.2013877434506741
1,1.6457795021028379,4.953046867365847,-4.164146406848758,1.2013877434506741
1,1.6457795021028379,6.687245086537825,-4.763219874611592,1.2013877434506741
1,1.6457795021028379,9.028633898472895,-5.365721641019666,1.2013877434506741
1,1.6457795021028379,12.189807464475196,-5.963394118786203,1.2013877434506741
1,1.6457795021028379,16.457795021028378,-6.564457036271081,1.2013877434506741
1,1.6457795021028379,22.22012265112078,-7.165670535588911,1.2013877434506741
1,1.6457795021028379,29.99999999999996,-7.766099531959203,1.2013877434506741
1,1.6457795021028379,40.503826829893846,-8.365609935024573,1.2013877434506741
1,1.6457795021028379,54.68533292886767,-8.964866889735752,1.2013877434506741
1,1.6457795021028379,73.83217516953168,-9.569010603327033,1.2013877434506741
1,1.6457795021028379,99.68285458470345,-10.168901716791991,1.2013877434506741
1,1.6457795021028379,134.58456933361077,-10.763844732637306,1.2013877434506741
1,1.6457795021028379,181.70633634214732,-11.365315903445543,1.2013877434506741
1,1.6457795021028379,245.3267327032263,-11.970689264131245,1.2013877434506741
1,1.6457795021028379,331.2223832718382,-12.565145037374295,1.2013877434506741
1,1.6457795021028379,447.1924684742427,-13.168931661449458,1.2013877434506741
1,1.6457795021028379,603.766876757117,-13.770280030557181,1.2013877434506741
1,1.6457795021028379,815.1623007265384,-14.371848266704593,1.2013877434506741
1,1.6457795021028379,1100.5730888961868,-14.973882781294163,1.2013877434506741
1,1.6457795021028379,1485.9140602097523,-15.572767573663633,1.2013877434506741
1,1.6457795021028379,2006.1735259613445,-16.17389137741814,1.2013877434506741
1,2.222012265112078,0.1,3.5781855615380374,1.2013877434506741
1,2.222012265112078,0.13501275609964633,2.979603967315416,1.2013877434506741
1,2.222012265112078,0.18228444309622582,2.461771253343004,1.2013877434506741
1,2.222012265112078,0.24610725056510596,1.9459608644510422,1.2013877434506741
1,2.222012265112078,0.33227618194901193,1.3228440683065816,1.2013877434506741
1,2.222012265112078,0.4486152311120365,0.5167439207038176,1.2013877434506741
1,2.222012265112078,0.6056877878071585,-0.29258184081213373,1.2013877434506741
1,2.222012265112078,0.8177557756774221,-1.0715609050452706,1.2013877434506741
1,2.222012265112078,1.1040746109061288,-1.7468346405870099,1.2013877434506741
1,2.222012265112078,1.4906415615808106,-2.360779890890041,1.2013877434506741
1,2.222012265112078,2.012556255857059,-2.961410228662877,1.2013877434506741
1,2.222012265112078,2.717207669088465,-3.567358037203531,1.2013877434506741
1,2.222012265112078,3.6685769629872937,-4.162417516123964,1.2013877434506741
1,2.222012265112078,4.953046867365847,-4.762502366338319,1.2013877434506741
1,2.222012265112078,6.687245086537825,-5.365185399292745,1.2013877434506741
1,2.222012265112078,9.028633898472895,-5.9641230946888335,1.2013877434506741
1,2.222012265112078,12.189807464475196,-6.568090747586154,1.2013877434506741
1,2.222012265112078,16.457795021028378,-7.165090829046315,1.2013877434506741
1,2.222012265112078,22.22012265112078,-7.764946904858196,1.2013877434506741
1,2.222012265112078,29.99999999999996,-8.364811988165414,1.2013877434506741
1,2.222012265112078,40.503826829893846,-8.964421274096214,1.2013877434506741
1,2.222012265112078,54.68533292886767,-9.567820490331641,1.2013877434506741
1,2.222012265112078,73.83217516953168,-10.167431090149302,1.2013877434506741
1,2.222012265112078,99.68285458470345,-10.767469190139314,1.2013877434506741
1,2.222012265112078,134.58456933361077,-11.367994997868406,1.2013877434506741
1,2.222012265112078,181.70633634214732,-11.970846355610034,1.2013877434506741
1,2.222012265112078,245.3267327032263,-12.566348707110205,1.2013877434506741
1,2.222012265112078,331.2223832718382,-13.171236250165313,1.2013877434506741
1,2.222012265112078,447.1924684742427,-13.773642755948547,1.2013877434506741
1,2.222012265112078,603.766876757117,-14.3709922955074,1.2013877434506741
1,2.222012265112078,815.1623007265384,-14.9709538701569,1.2013877434506741
1,2.222012265112078,1100.5730888961868,-15.574258921499977,1.2013877434506741
1,2.222012265112078,1485.9140602097523,-16.167779831035645,1.2013877434506741
1,2.222012265112078,2006.1735259613445,-16.771128370003634,1.2013877434506741
1,2.999999999999996,0.1,3.0083301629024066,1.2013877434506741
1,2.999999999999996,0.13501275609964633,2.420855179656896,1.2013877434506741
1,2.999999999999996,0.18228444309622582,1.8700660571877443,1.2013877434506741
1,2.999999999999996,0.24610725056510596,1.268053707525222,1.2013877434506741
1,2.999999999999996,0.33227618194901193,0.5140413470336634,1.2013877434506741
1,2.999999999999996,0.4486152311120365,-0.3269805714086495,1.2013877434506741
1,2.999999999999996,0.6056877878071585,-1.0503804598732314,1.2013877434506741
1,2.999999999999996,0.8177557756774221,-1.7487992874663552,1.2013877434506741
1,2.999999999999996,1.1040746109061288,-2.360709127298331,1.2013877434506741
1,2.999999999999996,1.4906415615808106,-2.959800806583506,1.2013877434506741
1,2.999999999999996,2.012556255857059,-3.562962094877183,1.2013877434506741
1,2.999999999999996,2.717207669088465,-4.1679480527829895,1.2013877434506741
1,2.999999999999996,3.6685769629872937,-4.763264909330986,1.2013877434506741
1,2.999999999999996,4.953046867365847,-5.366372144513492,1.2013877434506741
1,2.999999999999996,6.687245086537825,-5.96227598407995,1.2013877434506741
1,2.999999999999996,9.028633898472895,-6.565536839592154,1.2013877434506741
1,2.999999999999996,12.189807464475196,-7.165290013802263,1.2013877434506741
1,2.999999999999996,16.457795021028378,-7.7617406771158475,1.2013877434506741
1,2.999999999999996,22.22012265112078,-8.367014244287438,1.2013877434506741
1,2.999999999999996,29.99999999999996,-8.964626051671797,1.2013877434506741
1,2.999999999999996,40.503826829893846,-9.565006255711742,1.2013877434506741
1,2.999999999999996,54.68533292886767,-10.167554203797058,1.2013877434506741
1,2.999999999999996,73.83217516953168,-10.766156920116106,1.2013877434506741
1,2.999999999999996,99.68285458470345,-11.367850771992686,1.2013877434506741
1,2.999999999999996,134.58456933361077,-11.967063850960344,1.2013877434506741
1,2.999999999999996,181.70633634214732,-12.564653298462714,1.2013877434506741
1,2.999999999999996,245.3267327032263,-13.168511367040942,1.2013877434506741
1,2.999999999999996,331.2223832718382,-13.771989171124252,1.2013877434506741
1,2.999999999999996,447.1924684742427,-14.373232656430936,1.2013877434506741
1,2.999999999999996,603.766876757117,-14.969894741881395,1.2013877434506741
1,2.999999999999996,815.1623007265384,-15.571706096402057,1.2013877434506741
1,2.999999999999996,1100.5730888961868,-16.171603134747233,1.2013877434506741
1,2.999999999999996,1485.9140602097523,-16.77097813392003,1.2013877434506741
1,2.999999999999996,2006.1735259613445,-17.378105359226062,1.2013877434506741
2,0.01,0.1,15.925670967177355,1.5182050010586579
2,0.01,0.13501275609964633,14.752853260949625,1.5182050010586579
2,0.01,0.18228444309622582,13.644549171227775,1.5182050010586579
2,0.01,0.24610725056510596,13.751592452872787,1.5182050010586579
2,0.01,0.33227618194901193,12.980080193542541,1.5182050010586579
2,0.01,0.4486152311120365,12.078225733083451,1.5182050010586579
2,0.01,0.6056877878071585,11.286977699973447,1.5182050010586579
2,0.01,0.8177557756774221,11.445335141739763,1.5182050010586579
2,0.01,1.1040746109061288,10.62566321779697,1.5182050010586579
2,0.01,1.4906415615808106,9.19409694102955,1.5182050010586579
2,0.01,2.012556255857059,9.15392660962428,1.5182050010586579
2,0.01,2.717207669088465,8.319285052440721,1.5182050010586579
2,0.01,3.6685769629872937,7.920880044467187,1.5182050010586579
2,0.01,4.953046867365847,7.4557183372730504,1.5182050010586579
2,0.01,6.687245086537825,6.653094118831972,1.5182050010586579
2,0.01,9.028633898472895,6.440829774018613,1.5182050010586579
2,0.01,12.189807464475196,5.428985975091338,1.5182050010586579
2,0.01,16.457795021028378,4.401729928751953,1.5182050010586579
2,0.01,22.22012265112078,4.171201551242817,1.5182050010586579
2,0.01,29.99999999999996,3.945644900504256,1.5182050010586579
2,0.01,40.503826829893846,3.1778915359005437,1.5182050010586579
2,0.01,54.68533292886767,2.227536805857373,1.5182050010586579
2,0.01,73.83217516953168,1.8467776253697261,1.5182050010586579
2,0.01,99.68285458470345,1.0687547141547948,1.5182050010586579
2,0.01,134.58456933361077,0.28591167219379,1.5182050010586579
2,0.01,181.70633634214732,-0.4018917206598404,1.5182050010586579
2,0.01,245.3267327032263,-1.060451830806089,1.5182050010586579
2,0.01,331.2223832718382,-1.6682250194869912,1.5182050010586579
2,0.01,447.1924684742427,-2.2730824720053904,1.5182050010586579
2,0.01,603.766876757117,-2.8707273580099106,1.5182050010586579
2,0.01,815.1623007265384,-3.4727939566110937,1.5182050010586579
2,0.01,1100.5730888961868,-4.073067647465053,1.5182050010586579
2,0.01,1485.9140602097523,-4.676121110503032,1.5182050010586579
2,0.01,2006.1735259613445,-5.271043986957019,1.5182050010586579
2,0.013501275609964631,0.1,15.31992340057755,1.5182050010586579
2,0.013501275609964631,0.13501275609964633,14.152272692245703,1.5182050010586579
2,0.013501275609964631,0.18228444309622582,13.046891043881958,1.5182050010586579
2,0.013501275609964631,0.24610725056510596,13.150590394378456,1.5182050010586579
2,0.013501275609964631,0.33227618194901193,12.381272838301788,1.5182050010586579
2,0.013501275609964631,0.4486152311120365,11.48383212672496,1.5182050010586579
2,0.013501275609964631,0.6056877878071585,10.691838964819032,1.5182050010586579
2,0.013501275609964631,0.8177557756774221,10.83407570761438,1.5182050010586579
2,0.013501275609964631,1.1040746109061288,10.027266608264323,1.5182050010586579
2,0.013501275609964631,1.4906415615808106,8.592224389862224,1.5182050010586579
2,0.013501275609964631,2.012556255857059,8.553786582927614,1.5182050010586579
2,0.013501275609964631,2.717207669088465,7.71184132573495,1.5182050010586579
2,0.013501275609964631,3.6685769629872937,7.32793582974097,1.5182050010586579
2,0.013501275609964631,4.953046867365847,6.86292661284405,1.5182050010586579
2,0.013501275609964631,6.687245086537825,6.055557334327337,1.5182050010586579
2,0.013501275609964631,9.028633898472895,5.814067998159132,1.5182050010586579
2,0.013501275609964631,12.189807464475196,4.842585630222493,1.5182050010586579
2,0.013501275609964631,16.457795021028378,3.8436614227760466,1.5182050010586579
2,0.013501275609964631,22.22012265112078,3.571038269681842,1.5182050010586579
2,0.013501275609964631,29.99999999999996,3.2778639772363487,1.5182050010586579
2,0.013501275609964631,40.503826829893846,2.507773006962706,1.5182050010586579
2,0.013501275609964631,54.68533292886767,1.6317380617791652,1.5182050010586579
2,0.013501275609964631,73.83217516953168,1.0684876260561353,1.5182050010586579
2,0.013501275609964631,99.68285458470345,0.28467084384849745,1.5182050010586579
2,0.013501275609964631,134.58456933361077,-0.4237519793359452,1.5182050010586579
2,0.013501275609964631,181.70633634214732,-1.0620712877555256,1.5182050010586579
2,0.013501275609964631,245.3267327032263,-1.6696054843172576,1.5182050010586579
2,0.013501275609964631,331.2223832718382,-2.272978429894485,1.5182050010586579
2,0.013501275609964631,447.1924684742427,-2.870819406012438,1.5182050010586579
2,0.013501275609964631,603.766876757117,-3.4709504755957763,1.5182050010586579
2,0.013501275609964631,815.1623007265384,-4.075612955488905,1.5182050010586579
2,0.013501275609964631,1100.5730888961868,-4.676117568946253,1.5182050010586579
2,0.013501275609964631,1485.9140602097523,-5.272027941439828,1.5182050010586579
2,0.013501275609964631,2006.1735259613445,-5.872994056755035,1.5182050010586579
2,0.018228444309622584,0.1,14.712882125414513,1.5182050010586579
2,0.018228444309622584,0.13501275609964633,13.551563626864777,1.5182050010586579
2,0.018228444309622584,0.18228444309622582,12.450525479696402,1.5182050010586579
2,0.018228444309622584,0.24610725056510596,12.549127074809894,1.5182050010586579
2,0.018228444309622584,0.33227618194901193,11.782854346366472,1.5182050010586579
2,0.018228444309622584,0.4486152311120365,10.891405606144644,1.5182050010586579
2,0.018228444309622584,0.6056877878071585,10.09917699527553,1.5182050010586579
2,0.018228444309622584,0.8177557756774221,10.220005806429445,1.5182050010586579
2,0.018228444309622584,1.1040746109061288,9.4287787923645,1.5182050010586579
2,0.018228444309622584,1.4906415615808106,7.990269285776189,1.5182050010586579
2,0.018228444309622584,2.012556255857059,7.953841285547696,1.5182050010586579
2,0.018228444309622584,2.717207669088465,7.105795339454136,1.5182050010586579
2,0.018228444309622584,3.6685769629872937,6.735468760810666,1.5182050010586579
2,0.018228444309622584,4.953046867365847,6.27066294887363,1.5182050010586579
2,0.018228444309622584,6.687245086537825,5.458954126372017,1.5182050010586579
2,0.018228444309622584,9.028633898472895,5.180574123442255,1.5182050010586579
2,0.018228444309622584,12.189807464475196,4.255376605017327,1.5182050010586579
2,0.018228444309622584,16.457795021028378,3.293077819614781,1.5182050010586579
2,0.018228444309622584,22.22012265112078,2.9682220464751663,1.5182050010586579
2,0.018228444309622584,29.99999999999996,2.5831545801883466,1.5182050010586579
2,0.018228444309622584,40.503826829893846,1.8004040897303297,1.5182050010586579
2,0.018228444309622584,54.68533292886767,0.9831745669858886,1.5182050010586579
2,0.018228444309622584,73.83217516953168,0.28694527783432444,1.5182050010586579
2,0.018228444309622584,99.68285458470345,-0.42618577560376536,1.5182050010586579
2,0.018228444309622584,134.58456933361077,-1.0656271243825464,1.5182050010586579
2,0.018228444309622584,181.70633634214732,-1.6670125788700731,1.5182050010586579
2,0.018228444309622584,245.3267327032263,-2.271487332831319,1.5182050010586579
2,0.018228444309622584,331.2223832718382,-2.8695711332995324,1.5182050010586579
2,0.018228444309622584,447.1924684742427,-3.4718066212920697,1.5182050010586579
2,0.018228444309622584,603.766876757117,-4.072345527600586,1.5182050010586579
2,0.018228444309622584,815.1623007265384,-4.673148374675537,1.5182050010586579
2,0.018228444309622584,1100.5730888961868,-5.269899240958281,1.5182050010586579
2,0.018228444309622584,1485.9140602097523,-5.874019315955494,1.5182050010586579
2,0.018228444309622584,2006.1735259613445,-6.474416964758505,1.5182050010586579
2,0.024610725056510595,0.1,14.104796392055908,1.5182050010586579
2,0.024610725056510595,0.13501275609964633,12.950643980841372,1.5182050010586579
2,0.024610725056510595,0.18228444309622582,11.855590956671916,1.5182050010586579
2,0.024610725056510595,0.24610725056510596,11.946884546445295,1.5182050010586579
2,0.024610725056510595,0.33227618194901193,11.184501864987652,1.5182050010586579
2,0.024610725056510595,0.4486152311120365,10.300515192153934,1.5182050010586579
2,0.024610725056510595,0.6056877878071585,9.50941778130057,1.5182050010586579
2,0.024610725056510595,0.8177557756774221,9.602746573302861,1.5182050010586579
2,0.024610725056510595,1.1040746109061288,8.829542469481794,1.5182050010586579
2,0.024610725056510595,1.4906415615808106,7.389694393185845,1.5182050010586579
2,0.024610725056510595,2.012556255857059,7.354190148056798,1.5182050010586579
2,0.024610725056510595,2.717207669088465,6.502937157152204,1.5182050010586579
2,0.024610725056510595,3.6685769629872937,6.143405443953853,1.5182050010586579
2,0.024610725056510595,4.953046867365847,5.677437254845967,1.5182050010586579
2,0.024610725056510595,6.687245086537825,4.862483672223421,1.5182050010586579
2,0.024610725056510595,9.028633898472895,4.540392190202624,1.5182050010586579
2,0.024610725056510595,12.189807464475196,3.662434028695032,1.5182050010586579
2,0.024610725056510595,16.457795021028378,2.7446462470126334,1.5182050010586579
2,0.024610725056510595,22.22012265112078,2.351639692457007,1.5182050010586579
2,0.024610725056510595,29.99999999999996,1.848249789506181,1.5182050010586579
2,0.024610725056510595,40.503826829893846,1.0489073539739677,1.5182050010586579
2,0.024610725056510595,54.68533292886767,0.29244876575309,1.5182050010586579
2,0.024610725056510595,73.83217516953168,-0.4262475798236083,1.5182050010586579
2,0.024610725056510595,99.68285458470345,-1.0654123511035156,1.5182050010586579
2,0.024610725056510595,134.58456933361077,-1.6682457124897843,1.5182050010586579
2,0.024610725056510595,181.70633634214732,-2.2719452498101416,1.5182050010586579
2,0.024610725056510595,245.3267327032263,-2.8738381112540514,1.5182050010586579
2,0.024610725056510595,331.2223832718382,-3.471821164292144,1.5182050010586579
2,0.024610725056510595,447.1924684742427,-4.0724476759288954,1.5182050010586579
2,0.024610725056510595,603.766876757117,-4.6751622247632865,1.5182050010586579
2,0.024610725056510595,815.1623007265384,-5.270408722713819,1.5182050010586579
2,0.024610725056510595,1100.5730888961868,-5.8722829339239775,1.5182050010586579
2,0.024610725056510595,1485.9140602097523,-6.472631183892372,1.5182050010586579
2,0.024610725056510595,2006.1735259613445,-7.073133326102226,1.5182050010586579
2,0.03322761819490119,0.1,13.495939267661145,1.5182050010586579
2,0.03322761819490119,0.13501275609964633,12.349396092180616,1.5182050010586579
2,0.03322761819490119,0.18228444309622582,11.262018795692978,1.5182050010586579
2,0.03322761819490119,0.24610725056510596,11.343390047867086,1.5182050010586579
2,0.03322761819490119,0.33227618194901193,10.585744660184089,1.5182050010586579
2,0.03322761819490119,0.4486152311120365,9.710149646505817,1.5182050010586579
2,0.03322761819490119,0.6056877878071585,8.92276078089247,1.5182050010586579
2,0.03322761819490119,0.8177557756774221,8.982005014355597,1.5182050010586579
2,0.03322761819490119,1.1040746109061288,8.228849359004753,1.5182050010586579
2,0.03322761819490119,1.4906415615808106,6.792623373526129,1.5182050010586579
2,0.03322761819490119,2.012556255857059,6.754904692497344,1.5182050010586579
2,0.03322761819490119,2.717207669088465,5.904699103238031,1.5182050010586579
2,0.03322761819490119,3.6685769629872937,5.551595424101952,1.5182050010586579
2,0.03322761819490119,4.953046867365847,5.080704002001997,1.5182050010586579
2,0.03322761819490119,6.687245086537825,4.264299504069218,1.5182050010586579
2,0.03322761819490119,9.028633898472895,3.892164475403707,1.5182050010586579
2,0.03322761819490119,12.189807464475196,3.0556229747913455,1.5182050010586579
2,0.03322761819490119,16.457795021028378,2.1874156412695007,1.5182050010586579
2,0.03322761819490119,22.22012265112078,1.7043922809745136,1.5182050010586579
2,0.03322761819490119,29.99999999999996,1.068319929239621,1.5182050010586579
2,0.03322761819490119,40.503826829893846,0.2873166757989011,1.5182050010586579
2,0.03322761819490119,54.68533292886767,-0.4020882044528719,1.5182050010586579
2,0.03322761819490119,73.83217516953168,-1.0658134437224382,1.5182050010586579
2,0.03322761819490119,99.68285458470345,-1.6684343515401845,1.5182050010586579
2,0.03322761819490119,134.58456933361077,-2.27355647905186,1.5182050010586579
2,0.03322761819490119,181.70633634214732,-2.869221793300192,1.5182050010586579
2,0.03322761819490119,245.3267327032263,-3.472196042498584,1.5182050010586579
2,0.03322761819490119,331.2223832718382,-4.06962241426043,1.5182050010586579
2,0.03322761819490119,447.1924684742427,-4.676037919465479,1.5182050010586579
2,0.03322761819490119,603.766876757117,-5.272847925953833,1.5182050010586579
2,0.03322761819490119,815.1623007265384,-5.8740086055455105,1.5182050010586579
2,0.03322761819490119,1100.5730888961868,-6.4737824451661705,1.5182050010586579
2,0.03322761819490119,1485.9140602097523,-7.07523035351031,1.5182050010586579
2,0.03322761819490119,2006.1735259613445,-7.674572618647248,1.5182050010586579
2,0.04486152311120365,0.1,12.886506244089436,1.5182050010586579
2,0.04486152311120365,0.13501275609964633,11.747667910010613,1.5182050010586579
2,0.04486152311120365,0.18228444309622582,10.669606610120791,1.5182050010586579
2,0.04486152311120365,0.24610725056510596,10.738031990298234,1.5182050010586579
2,0.04486152311120365,0.33227618194901193,9.98616776021474,1.5182050010586579
2,0.04486152311120365,0.4486152311120365,9.118847384439345,1.5182050010586579
2,0.04486152311120365,0.6056877878071585,8.339166953859243,1.5182050010586579
2,0.04486152311120365,0.8177557756774221,8.357705031194318,1.5182050010586579
2,0.04486152311120365,1.1040746109061288,7.6260462887159886,1.5182050010586579
2,0.04486152311120365,1.4906415615808106,6.201627002572521,1.5182050010586579
2,0.04486152311120365,2.012556255857059,6.155883780746408,1.5182050010586579
2,0.04486152311120365,2.717207669088465,5.311712322318856,1.5182050010586579
2,0.04486152311120365,3.6685769629872937,4.959117609026579,1.5182050010586579
2,0.04486152311120365,4.953046867365847,4.476487553496977,1.5182050010586579
2,0.04486152311120365,6.687245086537825,3.6612124154382464,1.5182050010586579
2,0.04486152311120365,9.028633898472895,3.2311164766052527,1.5182050010586579
2,0.04486152311120365,12.189807464475196,2.423323535596117,1.5182050010586579
2,0.04486152311120365,16.457795021028378,1.6034677733156701,1.5182050010586579
2,0.04486152311120365,22.22012265112078,1.011640556566765,1.5182050010586579
2,0.04486152311120365,29.99999999999996,0.2865417626768284,1.5182050010586579
2,0.04486152311120365,40.503826829893846,-0.4187061492884715,1.5182050010586579
2,0.04486152311120365,54.68533292886767,-1.0582121997777947,1.5182050010586579
2,0.04486152311120365,73.83217516953168,-1.6689994976936036,1.5182050010586579
2,0.04486152311120365,99.68285458470345,-2.271024659538475,1.5182050010586579
2,0.04486152311120365,134.58456933361077,-2.8738293233025214,1.5182050010586579
2,0.04486152311120365,181.70633634214732,-3.4694230972791877,1.5182050010586579
2,0.04486152311120365,245.3267327032263,-4.072313630525652,1.5182050010586579
2,0.04486152311120365,331.2223832718382,-4.6705615816935495,1.5182050010586579
2,0.04486152311120365,447.1924684742427,-5.271377420503092,1.5182050010586579
2,0.04486152311120365,603.766876757117,-5.874910417871153,1.5182050010586579
2,0.04486152311120365,815.1623007265384,-6.4699867456261435,1.5182050010586579
2,0.04486152311120365,1100.5730888961868,-7.074198169526339,1.5182050010586579
2,0.04486152311120365,1485.9140602097523,-7.674435352925552,1.5182050010586579
2,0.04486152311120365,2006.1735259613445,-8.273642314963716,1.5182050010586579
2,0.06056877878071584,0.1,12.276568992496207,1.5182050010586579
2,0.06056877878071584,0.13501275609964633,11.14527590683474,1.5182050010586579
2,0.06056877878071584,0.18228444309622582,10.078162259702028,1.5182050010586579
2,0.06056877878071584,0.24610725056510596,10.130176164203858,1.5182050010586579
2,0.06056877878071584,0.33227618194901193,9.385525028806244,1.5182050010586579
2,0.06056877878071584,0.4486152311120365,8.525003564741846,1.5182050010586579
2,0.06056877878071584,0.6056877878071585,7.758371512426166,1.5182050010586579
2,0.06056877878071584,0.8177557756774221,7.729945749298323,1.5182050010586579
2,0.06056877878071584,1.1040746109061288,7.02042039489621,1.5182050010586579
2,0.06056877878071584,1.4906415615808106,5.619264468113192,1.5182050010586579
2,0.06056877878071584,2.012556255857059,5.55658103760102,1.5182050010586579
2,0.06056877878071584,2.717207669088465,4.723593567342347,1.5182050010586579
2,0.06056877878071584,3.6685769629872937,4.363254619209761,1.5182050010586579
2,0.06056877878071584,4.953046867365847,3.8589710795832115,1.5182050010586579
2,0.06056877878071584,6.687245086537825,3.047569132932565,1.5182050010586579
2,0.06056877878071584,9.028633898472895,2.5471503118980605,1.5182050010586579
2,0.06056877878071584,12.189807464475196,1.7511701992746387,1.5182050010586579
2,0.06056877878071584,16.457795021028378,0.9728143332162014,1.5182050010586579
2,0.06056877878071584,22.22012265112078,0.2901541520475149,1.5182050010586579
2,0.06056877878071584,29.99999999999996,-0.4227211805267738,1.5182050010586579
2,0.06056877878071584,40.503826829893846,-1.0623010012360024,1.5182050010586579
2,0.06056877878071584,54.68533292886767,-1.6659541566443234,1.5182050010586579
2,0.06056877878071584,73.83217516953168,-2.2701304935459383,1.5182050010586579
2,0.06056877878071584,99.68285458470345,-2.8710905957383352,1.5182050010586579
2,0.06056877878071584,134.58456933361077,-3.4708280145983417,1.5182050010586579
2,0.06056877878071584,181.70633634214732,-4.071582009520662,1.5182050010586579
2,0.06056877878071584,245.3267327032263,-4.676110354220467,1.5182050010586579
2,0.06056877878071584,331.2223832718382,-5.271252482512697,1.5182050010586579
2,0.06056877878071584,447.1924684742427,-5.87458503213627,1.5182050010586579
2,0.06056877878071584,603.766876757117,-6.475217256563346,1.5182050010586579
2,0.06056877878071584,815.1623007265384,-7.072852395692262,1.5182050010586579
2,0.06056877878071584,1100.5730888961868,-7.672721884282084,1.5182050010586579
2,0.06056877878071584,1485.9140602097523,-8.275445459019796,1.5182050010586579
2,0.06056877878071584,2006.1735259613445,-8.87782106815485,1.5182050010586579
2,0.0817755775677422,0.1,11.666053955653535,1.5182050010586579
2,0.0817755775677422,0.13501275609964633,10.541993663152912,1.5182050010586579
2,0.0817755775677422,0.18228444309622582,9.487615192453433,1.5182050010586579
2,0.0817755775677422,0.24610725056510596,9.519364915911515,1.5182050010586579
2,0.0817755775677422,0.33227618194901193,8.783662069120192,1.5182050010586579
2,0.0817755775677422,0.4486152311120365,7.927317370978079,1.5182050010586579
2,0.0817755775677422,0.6056877878071585,7.179843363975778,1.5182050010586579
2,0.0817755775677422,0.8177557756774221,7.098701683748498,1.5182050010586579
2,0.0817755775677422,1.1040746109061288,6.410914546751226,1.5182050010586579
2,0.0817755775677422,1.4906415615808106,5.04734842714172,1.5182050010586579
2,0.0817755775677422,2.012556255857059,4.95565519184738,1.5182050010586579
2,0.0817755775677422,2.717207669088465,4.1387463775821205,1.5182050010586579
2,0.0817755775677422,3.6685769629872937,3.7585821791420884,1.5182050010586579
2,0.0817755775677422,4.953046867365847,3.219870268696004,1.5182050010586579
2,0.0817755775677422,6.687245086537825,2.4132867201744594,1.5182050010586579
2,0.0817755775677422,9.028633898472895,1.825346079756003,1.5182050010586579
2,0.0817755775677422,12.189807464475196,1.0308088281958918,1.5182050010586579
2,0.0817755775677422,16.457795021028378,0.29419351927188614,1.5182050010586579
2,0.0817755775677422,22.22012265112078,-0.41077784606044265,1.5182050010586579
2,0.0817755775677422,29.99999999999996,-1.06156454210375,1.5182050010586579
2,0.0817755775677422,40.503826829893846,-1.6665250941706897,1.5182050010586579
2,0.0817755775677422,54.68533292886767,-2.2703047903876756,1.5182050010586579
2,0.0817755775677422,73.83217516953168,-2.871210404808916,1.5182050010586579
2,0.0817755775677422,99.68285458470345,-3.472020185296815,1.5182050010586579
2,0.0817755775677422,134.58456933361077,-4.071949445530214,1.5182050010586579
2,0.0817755775677422,181.70633634214732,-4.673085535900815,1.5182050010586579
2,0.0817755775677422,245.3267327032263,-5.2700454891374475,1.5182050010586579
2,0.0817755775677422,331.2223832718382,-5.876018028472983,1.5182050010586579
2,0.0817755775677422,447.1924684742427,-6.470970186863823,1.5182050010586579
2,0.0817755775677422,603.766876757117,-7.070603658885129,1.5182050010586579
2,0.0817755775677422,815.1623007265384,-7.674061894595722,1.5182050010586579
2,0.0817755775677422,1100.5730888961868,-8.274996343175276,1.5182050010586579
2,0.0817755775677422,1485.9140602097523,-8.878277491559086,1.5182050010586579
2,0.0817755775677422,2006.1735259613445,-9.474250927957746,1.5182050010586579
2,0.11040746109061289,0.1,11.054716447858745,1.5182050010586579
2,0.11040746109061289,0.13501275609964633,9.937543795465437,1.5182050010586579
2,0.11040746109061289,0.18228444309622582,8.898056776729021,1.5182050010586579
2,0.11040746109061289,0.24610725056510596,8.905451861885311,1.5182050010586579
2,0.11040746109061289,0.33227618194901193,8.180354979219924,1.5182050010586579
2,0.11040746109061289,0.4486152311120365,7.325289473214248,1.5182050010586579
2,0.11040746109061289,0.6056877878071585,6.602681115604788,1.5182050010586579
2,0.11040746109061289,0.8177557756774221,6.4635014851704575,1.5182050010586579
2,0.11040746109061289,1.1040746109061288,5.7958878638724585,1.5182050010586579
2,0.11040746109061289,1.4906415615808106,4.486145718376339,1.5182050010586579
2,0.11040746109061289,2.012556255857059,4.35064005885657,1.5182050010586579
2,0.11040746109061289,2.717207669088465,3.5537186743207396,1.5182050010586579
2,0.11040746109061289,3.6685769629872937,3.1365292841176107,1.5182050010586579
2,0.11040746109061289,4.953046867365847,2.5476495664382046,1.5182050010586579
2,0.11040746109061289,6.687245086537825,1.743375888705297,1.5182050010586579
2,0.11040746109061289,9.028633898472895,1.0581198798729214,1.5182050010586579
2,0.11040746109061289,12.189807464475196,0.2889989485657708,1.5182050010586579
2,0.11040746109061289,16.457795021028378,-0.4007929923621918,1.5182050010586579
2,0.11040746109061289,22.22012265112078,-1.0615762456312028,1.5182050010586579
2,0.11040746109061289,29.99999999999996,-1.666711229045452,1.5182050010586579
2,0.11040746109061289,40.503826829893846,-2.2742296645454947,1.5182050010586579
2,0.11040746109061289,54.68533292886767,-2.8743001340947125,1.5182050010586579
2,0.11040746109061289,73.83217516953168,-3.4719226047878653,1.5182050010586579
2,0.11040746109061289,99.68285458470345,-4.072574745840511,1.5182050010586579
2,0.11040746109061289,134.58456933361077,-4.676379203548039,1.5182050010586579
2,0.11040746109061289,181.70633634214732,-5.269896147639029,1.5182050010586579
2,0.11040746109061289,245.3267327032263,-5.8738891546181895,1.5182050010586579
2,0.11040746109061289,331.2223832718382,-6.47468403002188,1.5182050010586579
2,0.11040746109061289,447.1924684742427,-7.075535760798076,1.5182050010586579
2,0.11040746109061289,603.766876757117,-7.673430218697627,1.5182050010586579
2,0.11040746109061289,815.1623007265384,-8.276047254880202,1.5182050010586579
2,0.11040746109061289,1100.5730888961868,-8.879075146958579,1.5182050010586579
2,0.11040746109061289,1485.9140602097523,-9.47428001402251,1.5182050010586579
2,0.11040746109061289,2006.1735259613445,-10.076634814623892,1.5182050010586579
2,0.14906415615808105,0.1,10.442106082010552,1.5182050010586579
2,0.14906415615808105,0.13501275609964633,9.331656400389003,1.5182050010586579
2,0.14906415615808105,0.18228444309622582,8.30971031084172,1.5182050010586579
2,0.14906415615808105,0.24610725056510596,8.288516776840979,1.5182050010586579
2,0.14906415615808105,0.33227618194901193,7.57525288563634,1.5182050010586579
2,0.14906415615808105,0.4486152311120365,6.719561509650997,1.5182050010586579
2,0.14906415615808105,0.6056877878071585,6.025570145132218,1.5182050010586579
2,0.14906415615808105,0.8177557756774221,5.823528315663411,1.5182050010586579
2,0.14906415615808105,1.1040746109061288,5.173189594461132,1.5182050010586579
2,0.14906415615808105,1.4906415615808106,3.933702455356569,1.5182050010586579
2,0.14906415615808105,2.012556255857059,3.7375946834763747,1.5182050010586579
2,0.14906415615808105,2.717207669088465,2.961890227906876,1.5182050010586579
2,0.14906415615808105,3.6685769629872937,2.4852996791971296,1.5182050010586579
2,0.14906415615808105,4.953046867365847,1.8288103501666704,1.5182050010586579
2,0.14906415615808105,6.687245086537825,1.027297781411298,1.5182050010586579
2,0.14906415615808105,9.028633898472895,0.28537662638480044,1.5182050010586579
2,0.14906415615808105,12.189807464475196,-0.41729516639617115,1.5182050010586579
2,0.14906415615808105,16.457795021028378,-1.0583513917375185,1.5182050010586579
2,0.14906415615808105,22.22012265112078,-1.6691003616692615,1.5182050010586579
2,0.14906415615808105,29.99999999999996,-2.27162257919607,1.5182050010586579
2,0.14906415615808105,40.503826829893846,-2.8715860550995242,1.5182050010586579
2,0.14906415615808105,54.68533292886767,-3.4701732728785606,1.5182050010586579
2,0.14906415615808105,73.83217516953168,-4.0743596860967966,1.5182050010586579
2,0.14906415615808105,99.68285458470345,-4.674906459283338,1.5182050010586579
2,0.14906415615808105,134.58456933361077,-5.269335518771063,1.5182050010586579
2,0.14906415615808105,181.70633634214732,-5.873441383712398,1.5182050010586579
2,0.14906415615808105,245.3267327032263,-6.474198733681998,1.5182050010586579
2,0.14906415615808105,331.2223832718382,-7.072644310103851,1.5182050010586579
2,0.14906415615808105,447.1924684742427,-7.673222085210603,1.5182050010586579
2,0.14906415615808105,603.766876757117,-8.27734916224046,1.5182050010586579
2,0.14906415615808105,815.1623007265384,-8.879676810625162,1.5182050010586579
2,0.14906415615808105,1100.5730888961868,-9.475996911142895,1.5182050010586579
2,0.14906415615808105,1485.9140602097523,-10.07461937023794,1.5182050010586579
2,0.14906415615808105,2006.1735259613445,-10.678043405639766,1.5182050010586579
2,0.2012556255857059,0.1,9.827549680338988,1.5182050010586579
2,0.2012556255857059,0.13501275609964633,8.724188428104622,1.5182050010586579
2,0.2012556255857059,0.18228444309622582,7.722829233322214,1.5182050010586579
2,0.2012556255857059,0.24610725056510596,7.668604794770395,1.5182050010586579
2,0.2012556255857059,0.33227618194901193,6.9680164750863876,1.5182050010586579
2,0.2012556255857059,0.4486152311120365,6.111835608947487,1.5182050010586579
2,0.2012556255857059,0.6056877878071585,5.446909698667835,1.5182050010586579
2,0.2012556255857059,0.8177557756774221,5.178090766703782,1.5182050010586579
2,0.2012556255857059,1.1040746109061288,4.540473515188942,1.5182050010586579
2,0.2012556255857059,1.4906415615808106,3.385151184834579,1.5182050010586579
2,0.2012556255857059,2.012556255857059,3.110410249068138,1.5182050010586579
2,0.2012556255857059,2.717207669088465,2.3519166259654622,1.5182050010586579
2,0.2012556255857059,3.6685769629872937,1.7909443143874584,1.5182050010586579
2,0.2012556255857059,4.953046867365847,1.0604164690049278,1.5182050010586579
2,0.2012556255857059,6.687245086537825,0.29052557960064,1.5182050010586579
2,0.2012556255857059,9.028633898472895,-0.42124034201126204,1.5182050010586579
2,0.2012556255857059,12.189807464475196,-1.0608725512200998,1.5182050010586579
2,0.2012556255857059,16.457795021028378,-1.6665137447361056,1.5182050010586579
2,0.2012556255857059,22.22012265112078,-2.2727931331956857,1.5182050010586579
2,0.2012556255857059,29.99999999999996,-2.869856378276605,1.5182050010586579
2,0.2012556255857059,40.503826829893846,-3.470233359042746,1.5182050010586579
2,0.2012556255857059,54.68533292886767,-4.072141879447519,1.5182050010586579
2,0.2012556255857059,73.83217516953168,-4.67703923390445,1.5182050010586579
2,0.2012556255857059,99.68285458470345,-5.268968098228812,1.5182050010586579
2,0.2012556255857059,134.58456933361077,-5.874436369787844,1.5182050010586579
2,0.2012556255857059,181.70633634214732,-6.475000126207178,1.5182050010586579
2,0.2012556255857059,245.3267327032263,-7.073142814584542,1.5182050010586579
2,0.2012556255857059,331.2223832718382,-7.674462855074735,1.5182050010586579
2,0.2012556255857059,447.1924684742427,-8.27411408254145,1.5182050010586579
2,0.2012556255857059,603.766876757117,-8.876398454750653,1.5182050010586579
2,0.2012556255857059,815.1623007265384,-9.476550990003277,1.5182050010586579
2,0.2012556255857059,1100.5730888961868,-10.077233455647633,1.5182050010586579
2,0.2012556255857059,1485.9140602097523,-10.673625523480043,1.5182050010586579
2,0.2012556255857059,2006.1735259613445,-11.277534160883421,1.5182050010586579
2,0.2717207669088465,0.1,9.210196436742972,1.5182050010586579
2,0.2717207669088465,0.13501275609964633,8.115206922345024,1.5182050010586579
2,0.2717207669088465,0.18228444309622582,7.137550817598047,1.5182050010586579
2,0.2717207669088465,0.24610725056510596,7.045500852803783,1.5182050010586579
2,0.2717207669088465,0.33227618194901193,6.35844081661197,1.5182050010586579
2,0.2717207669088465,0.4486152311120365,5.504230638964839,1.5182050010586579
2,0.2717207669088465,0.6056877878071585,4.86497056193658,1.5182050010586579
2,0.2717207669088465,0.8177557756774221,4.526754624117859,1.5182050010586579
2,0.2717207669088465,1.1040746109061288,3.895092102153563,1.5182050010586579
2,0.2717207669088465,1.4906415615808106,2.8318011055319454,1.5182050010586579
2,0.2717207669088465,2.012556255857059,2.4594738990399256,1.5182050010586579
2,0.2717207669088465,2.717207669088465,1.7076336297956105,1.5182050010586579
2,0.2717207669088465,3.6685769629872937,1.0473610418880468,1.5182050010586579
2,0.2717207669088465,4.953046867365847,0.2859882693066434,1.5182050010586579
2,0.2717207669088465,6.687245086537825,-0.4123505435691602,1.5182050010586579
2,0.2717207669088465,9.028633898472895,-1.0626130008453674,1.5182050010586579
2,0.2717207669088465,12.189807464475196,-1.6689429728837417,1.5182050010586579
2,0.2717207669088465,16.457795021028378,-2.2748210035680385,1.5182050010586579
2,0.2717207669088465,22.22012265112078,-2.8702671474584003,1.5182050010586579
2,0.2717207669088465,29.99999999999996,-3.4688930615528397,1.5182050010586579
2,0.2717207669088465,40.503826829893846,-4.073320171962196,1.5182050010586579
2,0.2717207669088465,54.68533292886767,-4.675102531804902,1.5182050010586579
2,0.2717207669088465,73.83217516953168,-5.271383454087553,1.5182050010586579
2,0.2717207669088465,99.68285458470345,-5.874672547846847,1.5182050010586579
2,0.2717207669088465,134.58456933361077,-6.473480283005056,1.5182050010586579
2,0.2717207669088465,181.70633634214732,-7.073979488527546,1.5182050010586579
2,0.2717207669088465,245.3267327032263,-7.673580207080359,1.5182050010586579
2,0.2717207669088465,331.2223832718382,-8.275693563381813,1.5182050010586579
2,0.2717207669088465,447.1924684742427,-8.87740034108079,1.5182050010586579
2,0.2717207669088465,603.766876757117,-9.476945897554739,1.5182050010586579
2,0.2717207669088465,815.1623007265384,-10.074216710474124,1.5182050010586579
2,0.2717207669088465,1100.5730888961868,-10.67161860218202,1.5182050010586579
2,0.2717207669088465,1485.9140602097523,-11.277978327179213,1.5182050010586579
2,0.2717207669088465,2006.1735259613445,-11.877773248175808,1.5182050010586579
2,0.3668576962987294,0.1,8.589140978146808,1.5182050010586579
2,0.3668576962987294,0.13501275609964633,7.505008453848699,1.5182050010586579
2,0.3668576962987294,0.18228444309622582,6.553787998715957,1.5182050010586579
2,0.3668576962987294,0.24610725056510596,6.418697040193126,1.5182050010586579
2,0.3668576962987294,0.33227618194901193,5.746195754880597,1.5182050010586579
2,0.3668576962987294,0.4486152311120365,4.898197826189006,1.5182050010586579
2,0.3668576962987294,0.6056877878071585,4.277635501278894,1.5182050010586579
2,0.3668576962987294,0.8177557756774221,3.868591093704406,1.5182050010586579
2,0.3668576962987294,1.1040746109061288,3.232893380658154,1.5182050010586579
2,0.3668576962987294,1.4906415615808106,2.260180320544438,1.5182050010586579
2,0.3668576962987294,2.012556255857059,1.7711875421445387,1.5182050010586579
2,0.3668576962987294,2.717207669088465,1.0160669474715265,1.5182050010586579
2,0.3668576962987294,3.6685769629872937,0.2888833174396991,1.5182050010586579
2,0.3668576962987294,4.953046867365847,-0.42138389031887946,1.5182050010586579
2,0.3668576962987294,6.687245086537825,-1.0607891927297732,1.5182050010586579
2,0.3668576962987294,9.028633898472895,-1.6697058677233287,1.5182050010586579
2,0.3668576962987294,12.189807464475196,-2.27200951215715,1.5182050010586579
2,0.3668576962987294,16.457795021028378,-2.870298119084064,1.5182050010586579
2,0.3668576962987294,22.22012265112078,-3.4718517431950886,1.5182050010586579
2,0.3668576962987294,29.99999999999996,-4.071844075925649,1.5182050010586579
2,0.3668576962987294,40.503826829893846,-4.674376006638976,1.5182050010586579
2,0.3668576962987294,54.68533292886767,-5.270669748213021,1.5182050010586579
2,0.3668576962987294,73.83217516953168,-5.874307835108255,1.5182050010586579
2,0.3668576962987294,99.68285458470345,-6.474015803798304,1.5182050010586579
2,0.3668576962987294,134.58456933361077,-7.073807022468154,1.5182050010586579
2,0.3668576962987294,181.70633634214732,-7.672760304847335,1.5182050010586579
2,0.3668576962987294,245.3267327032263,-8.277433121770228,1.5182050010586579
2,0.3668576962987294,331.2223832718382,-8.876534891596851,1.5182050010586579
2,0.3668576962987294,447.1924684742427,-9.476804274337688,1.5182050010586579
2,0.3668576962987294,603.766876757117,-10.075713752357348,1.5182050010586579
2,0.3668576962987294,815.1623007265384,-10.674005550783992,1.5182050010586579
2,0.3668576962987294,1100.5730888961868,-11.278875351333932,1.5182050010586579
2,0.3668576962987294,1485.9140602097523,-11.878193270825077,1.5182050010586579
2,0.3668576962987294,2006.1735259613445,-12.47673436884578,1.5182050010586579
2,0.4953046867365847,0.1,7.963569045118272,1.5182050010586579
2,0.4953046867365847,0.13501275609964633,6.894097854028205,1.5182050010586579
2,0.4953046867365847,0.18228444309622582,5.9712183229746625,1.5182050010586579
2,0.4953046867365847,0.24610725056510596,5.787535687812156,1.5182050010586579
2,0.4953046867365847,0.33227618194901193,5.130135584925321,1.5182050010586579
2,0.4953046867365847,0.4486152311120365,4.293314557076043,1.5182050010586579
2,0.4953046867365847,0.6056877878071585,3.6813636972389285,1.5182050010586579
2,0.4953046867365847,0.8177557756774221,3.2006101479329807,1.5182050010586579
2,0.4953046867365847,1.1040746109061288,2.546185513848147,1.5182050010586579
2,0.4953046867365847,1.4906415615808106,1.6521851843369506,1.5182050010586579
2,0.4953046867365847,2.012556255857059,1.0369095263499448,1.5182050010586579
2,0.4953046867365847,2.717207669088465,0.29487897885527065,1.5182050010586579
2,0.4953046867365847,3.6685769629872937,-0.4203025733826593,1.5182050010586579
2,0.4953046867365847,4.953046867365847,-1.0602425100749293,1.5182050010586579
2,0.4953046867365847,6.687245086537825,-1.667406631379136,1.5182050010586579
2,0.4953046867365847,9.028633898472895,-2.2718977702750243,1.5182050010586579
2,0.4953046867365847,12.189807464475196,-2.8714822996805855,1.5182050010586579
2,0.4953046867365847,16.457795021028378,-3.4701656289851575,1.5182050010586579
2,0.4953046867365847,22.22012265112078,-4.070931762078773,1.5182050010586579
2,0.4953046867365847,29.99999999999996,-4.67352634151139,1.5182050010586579
2,0.4953046867365847,40.503826829893846,-5.268558270688473,1.5182050010586579
2,0.4953046867365847,54.68533292886767,-5.873772194779053,1.5182050010586579
2,0.4953046867365847,73.83217516953168,-6.47224122485086,1.5182050010586579
2,0.4953046867365847,99.68285458470345,-7.071211958817999,1.5182050010586579
2,0.4953046867365847,134.58456933361077,-7.674797283289689,1.5182050010586579
2,0.4953046867365847,181.70633634214732,-8.27535503984632,1.5182050010586579
2,0.4953046867365847,245.3267327032263,-8.878240854280804,1.5182050010586579
2,0.4953046867365847,331.2223832718382,-9.4746338712716,1.5182050010586579
2,0.4953046867365847,447.1924684742427,-10.075827463818344,1.5182050010586579
2,0.4953046867365847,603.766876757117,-10.678170382762035,1.5182050010586579
2,0.4953046867365847,815.1623007265384,-11.27865169405974,1.5182050010586579
2,0.4953046867365847,1100.5730888961868,-11.875687500142597,1.5182050010586579
2,0.4953046867365847,1485.9140602097523,-12.473812338451246,1.5182050010586579
2,0.4953046867365847,2006.1735259613445,-13.079122661230937,1.5182050010586579
2,0.6687245086537824,0.1,7.332834400032279,1.5182050010586579
2,0.6687245086537824,0.13501275609964633,6.283007153842778,1.5182050010586579
2,0.6687245086537824,0.18228444309622582,5.389312032424283,1.5182050010586579
2,0.6687245086537824,0.24610725056510596,5.151344976873646,1.5182050010586579
2,0.6687245086537824,0.33227618194901193,4.507551525944918,1.5182050010586579
2,0.6687245086537824,0.4486152311120365,3.686221421382569,1.5182050010586579
2,0.6687245086537824,0.6056877878071585,3.06968368695708,1.5182050010586579
2,0.6687245086537824,0.8177557756774221,2.515635155546582,1.5182050010586579
2,0.6687245086537824,1.1040746109061288,1.8232451053792198,1.5182050010586579
2,0.6687245086537824,1.4906415615808106,0.9921753952519925,1.5182050010586579
2,0.6687245086537824,2.012556255857059,0.28661768269997795,1.5182050010586579
2,0.6687245086537824,2.717207669088465,-0.40929475638527524,1.5182050010586579
2,0.6687245086537824,3.6685769629872937,-1.0639339411499653,1.5182050010586579
2,0.6687245086537824,4.953046867365847,-1.6672444025273359,1.5182050010586579
2,0.6687245086537824,6.687245086537825,-2.271245473492096,1.5182050010586579
2,0.6687245086537824,9.028633898472895,-2.870083851160104,1.5182050010586579
2,0.6687245086537824,12.189807464475196,-3.4715519774766115,1.5182050010586579
2,0.6687245086537824,16.457795021028378,-4.0710980630016875,1.5182050010586579
2,0.6687245086537824,22.22012265112078,-4.675136981693436,1.5182050010586579
2,0.6687245086537824,29.99999999999996,-5.274615023934048,1.5182050010586579
2,0.6687245086537824,40.503826829893846,-5.873718745572971,1.5182050010586579
2,0.6687245086537824,54.68533292886767,-6.474642118470292,1.5182050010586579
2,0.6687245086537824,73.83217516953168,-7.07407271281012,1.5182050010586579
2,0.6687245086537824,99.68285458470345,-7.6742819110198335,1.5182050010586579
2,0.6687245086537824,134.58456933361077,-8.277706993185085,1.5182050010586579
2,0.6687245086537824,181.70633634214732,-8.878269509815418,1.5182050010586579
2,0.6687245086537824,245.3267327032263,-9.474479130424756,1.5182050010586579
2,0.6687245086537824,331.2223832718382,-10.072766917557379,1.5182050010586579
2,0.6687245086537824,447.1924684742427,-10.675670203978706,1.5182050010586579
2,0.6687245086537824,603.766876757117,-11.279063016666582,1.5182050010586579
2,0.6687245086537824,815.1623007265384,-11.8752602441172,1.5182050010586579
2,0.6687245086537824,1100.5730888961868,-12.474431244964968,1.5182050010586579
2,0.6687245086537824,1485.9140602097523,-13.076922023082377,1.5182050010586579
2,0.6687245086537824,2006.1735259613445,-13.680759677352524,1.5182050010586579
2,0.9028633898472894,0.1,6.69638725125343,1.5182050010586579
2,0.9028633898472894,0.13501275609964633,5.67179295178422,1.5182050010586579
2,0.9028633898472894,0.18228444309622582,4.807209200770985,1.5182050010586579
2,0.9028633898472894,0.24610725056510596,4.509312644509222,1.5182050010586579
2,0.9028633898472894,0.33227618194901193,3.8737379829401246,1.5182050010586579
2,0.9028633898472894,0.4486152311120365,3.0696705830059763,1.5182050010586579
2,0.9028633898472894,0.6056877878071585,2.4320544028541997,1.5182050010586579
2,0.9028633898472894,0.8177557756774221,1.8011214062652285,1.5182050010586579
2,0.9028633898472894,1.1040746109061288,1.0584956047235232,1.5182050010586579
2,0.9028633898472894,1.4906415615808106,0.292445671641166,1.5182050010586579
2,0.9028633898472894,2.012556255857059,-0.41747659010047067,1.5182050010586579
2,0.9028633898472894,2.717207669088465,-1.0606100329366792,1.5182050010586579
2,0.9028633898472894,3.6685769629872937,-1.666943519480726,1.5182050010586579
2,0.9028633898472894,4.953046867365847,-2.2717111960513354,1.5182050010586579
2,0.9028633898472894,6.687245086537825,-2.8709350028987486,1.5182050010586579
2,0.9028633898472894,9.028633898472895,-3.4720482964474075,1.5182050010586579
2,0.9028633898472894,12.189807464475196,-4.0726794256511045,1.5182050010586579
2,0.9028633898472894,16.457795021028378,-4.675436276335256,1.5182050010586579
2,0.9028633898472894,22.22012265112078,-5.271477127283659,1.5182050010586579
2,0.9028633898472894,29.99999999999996,-5.8720237555889625,1.5182050010586579
2,0.9028633898472894,40.503826829893846,-6.473099504854708,1.5182050010586579
2,0.9028633898472894,54.68533292886767,-7.072260402220904,1.5182050010586579
2,0.9028633898472894,73.83217516953168,-7.674807564223421,1.5182050010586579
2,0.9028633898472894,99.68285458470345,-8.276934295662208,1.5182050010586579
2,0.9028633898472894,134.58456933361077,-8.877019548907047,1.5182050010586579
2,0.9028633898472894,181.70633634214732,-9.47319628307729,1.5182050010586579
2,0.9028633898472894,245.3267327032263,-10.075309906935457,1.5182050010586579
2,0.9028633898472894,331.2223832718382,-10.677687403083254,1.5182050010586579
2,0.9028633898472894,447.1924684742427,-11.279210806209893,1.5182050010586579
2,0.9028633898472894,603.766876757117,-11.879704337675522,1.5182050010586579
2,0.9028633898472894,815.1623007265384,-12.477888100042739,1.5182050010586579
2,0.9028633898472894,1100.5730888961868,-13.079929530007565,1.5182050010586579
2,0.9028633898472894,1485.9140602097523,-13.67910310927097,1.5182050010586579
2,0.9028633898472894,2006.1735259613445,-14.278229434350045,1.5182050010586579
2,1.2189807464475195,0.1,6.053523106072881,1.5182050010586579
2,1.2189807464475195,0.13501275609964633,5.059362858133028,1.5182050010586579
2,1.2189807464475195,0.18228444309622582,4.223200648748865,1.5182050010586579
2,1.2189807464475195,0.24610725056510596,3.85984589404491,1.5182050010586579
2,1.2189807464475195,0.33227618194901193,3.221751063001654,1.5182050010586579
2,1.2189807464475195,0.4486152311120365,2.4316320199951917,1.5182050010586579
2,1.2189807464475195,0.6056877878071585,1.7547175013134022,1.5182050010586579
2,1.2189807464475195,0.8177557756774221,1.0478592274497003,1.5182050010586579
2,1.2189807464475195,1.1040746109061288,0.28793052864501717,1.5182050010586579
2,1.2189807464475195,1.4906415615808106,-0.40367891507628767,1.5182050010586579
2,1.2189807464475195,2.012556255857059,-1.0634158159220028,1.5182050010586579
2,1.2189807464475195,2.717207669088465,-1.6707613593610577,1.5182050010586579
2,1.2189807464475195,3.6685769629872937,-2.2717088396414047,1.5182050010586579
2,1.2189807464475195,4.953046867365847,-2.8721514288491323,1.5182050010586579
2,1.2189807464475195,6.687245086537825,-3.468870938357176,1.5182050010586579
2,1.2189807464475195,9.028633898472895,-4.069431318403312,1.5182050010586579
2,1.2189807464475195,12.189807464475196,-4.674968169130469,1.5182050010586579
2,1.2189807464475195,16.457795021028378,-5.273770544544238,1.5182050010586579
2,1.2189807464475195,22.22012265112078,-5.874238591835466,1.5182050010586579
2,1.2189807464475195,29.99999999999996,-6.473853396879974,1.5182050010586579
2,1.2189807464475195,40.503826829893846,-7.073471286719444,1.5182050010586579
2,1.2189807464475195,54.68533292886767,-7.6769485310520205,1.5182050010586579
2,1.2189807464475195,73.83217516953168,-8.274353330571774,1.5182050010586579
2,1.2189807464475195,99.68285458470345,-8.879250385308199,1.5182050010586579
2,1.2189807464475195,134.58456933361077,-9.4741190606714,1.5182050010586579
2,1.2189807464475195,181.70633634214732,-10.075427434820572,1.5182050010586579
2,1.2189807464475195,245.3267327032263,-10.674070148108191,1.5182050010586579
2,1.2189807464475195,331.2223832718382,-11.275629242733569,1.5182050010586579
2,1.2189807464475195,447.1924684742427,-11.876539089686219,1.5182050010586579
2,1.2189807464475195,603.766876757117,-12.47502332925556,1.5182050010586579
2,1.2189807464475195,815.1623007265384,-13.077062194014653,1.5182050010586579
2,1.2189807464475195,1100.5730888961868,-13.681622911598456,1.5182050010586579
2,1.2189807464475195,1485.9140602097523,-14.27635977041899,1.5182050010586579
2,1.2189807464475195,2006.1735259613445,-14.876661754400068,1.5182050010586579
2,1.6457795021028379,0.1,5.403003713484519,1.5182050010586579
2,1.6457795021028379,0.13501275609964633,4.443058464607593,1.5182050010586579
2,1.6457795021028379,0.18228444309622582,3.633720212451178,1.5182050010586579
2,1.6457795021028379,0.24610725056510596,3.1991263115805606,1.5182050010586579
2,1.6457795021028379,0.33227618194901193,2.5418312944734907,1.5182050010586579
2,1.6457795021028379,0.4486152311120365,1.7559523704837086,1.5182050010586579
2,1.6457795021028379,0.6056877878071585,1.0303857934459375,1.5182050010586579
2,1.6457795021028379,0.8177557756774221,0.28578032540391884,1.5182050010586579
2,1.6457795021028379,1.1040746109061288,-0.42138173860547057,1.5182050010586579
2,1.6457795021028379,1.4906415615808106,-1.0594248020990438,1.5182050010586579
2,1.6457795021028379,2.012556255857059,-1.6702757104326895,1.5182050010586579
2,1.6457795021028379,2.717207669088465,-2.2707439566165437,1.5182050010586579
2,1.6457795021028379,3.6685769629872937,-2.8722546713197348,1.5182050010586579
2,1.6457795021028379,4.953046867365847,-3.4708255675120516,1.5182050010586579
2,1.6457795021028379,6.687245086537825,-4.0716267210559485,1.5182050010586579
2,1.6457795021028379,9.028633898472895,-4.673444388831241,1.5182050010586579
2,1.6457795021028379,12.189807464475196,-5.272364620311355,1.5182050010586579
2,1.6457795021028379,16.457795021028378,-5.874248474458602,1.5182050010586579
2,1.6457795021028379,22.22012265112078,-6.473811885889452,1.5182050010586579
2,1.6457795021028379,29.99999999999996,-7.074160236082136,1.5182050010586579
2,1.6457795021028379,40.503826829893846,-7.675135150514454,1.5182050010586579
2,1.6457795021028379,54.68533292886767,-8.273839895043144,1.5182050010586579
2,1.6457795021028379,73.83217516953168,-8.87901367364923,1.5182050010586579
2,1.6457795021028379,99.68285458470345,-9.473860042061798,1.5182050010586579
2,1.6457795021028379,134.58456933361077,-10.07350886530823,1.5182050010586579
2,1.6457795021028379,181.70633634214732,-10.677034887374546,1.5182050010586579
2,1.6457795021028379,245.3267327032263,-11.276121139377638,1.5182050010586579
2,1.6457795021028379,331.2223832718382,-11.879873423363119,1.5182050010586579
2,1.6457795021028379,447.1924684742427,-12.479887430673505,1.5182050010586579
2,1.6457795021028379,603.766876757117,-13.077621570569203,1.5182050010586579
2,1.6457795021028379,815.1623007265384,-13.679635344965552,1.5182050010586579
2,1.6457795021028379,1100.5730888961868,-14.281470033262268,1.5182050010586579
2,1.6457795021028379,1485.9140602097523,-14.878919359041298,1.5182050010586579
2,1.6457795021028379,2006.1735259613445,-15.481043512166838,1.5182050010586579
2,2.222012265112078,0.1,4.742600261339454,1.5182050010586579
2,2.222012265112078,0.13501275609964633,3.8184824568464943,1.5182050010586579
2,2.222012265112078,0.18228444309622582,3.0320061431230627,1.5182050010586579
2,2.222012265112078,0.24610725056510596,2.518920955049894,1.5182050010586579
2,2.222012265112078,0.33227618194901193,1.8215802409356077,1.5182050010586579
2,2.222012265112078,0.4486152311120365,1.0323623500496146,1.5182050010586579
2,2.222012265112078,0.6056877878071585,0.2879501814761352,1.5182050010586579
2,2.222012265112078,0.8177557756774221,-0.4214083820085316,1.5182050010586579
2,2.222012265112078,1.1040746109061288,-1.06218497525684,1.5182050010586579
2,2.222012265112078,1.4906415615808106,-1.6670760732047005,1.5182050010586579
2,2.222012265112078,2.012556255857059,-2.275265544464359,1.5182050010586579
2,2.222012265112078,2.717207669088465,-2.8726929771141605,1.5182050010586579
2,2.222012265112078,3.6685769629872937,-3.4701563734401417,1.5182050010586579
2,2.222012265112078,4.953046867365847,-4.071663611772255,1.5182050010586579
2,2.222012265112078,6.687245086537825,-4.677569491013359,1.5182050010586579
2,2.222012265112078,9.028633898472895,-5.270711779282071,1.5182050010586579
2,2.222012265112078,12.189807464475196,-5.876102476295132,1.5182050010586579
2,2.222012265112078,16.457795021028378,-6.4764272739916855,1.5182050010586579
2,2.222012265112078,22.22012265112078,-7.070583171189539,1.5182050010586579
2,2.222012265112078,29.99999999999996,-7.67484290908252,1.5182050010586579
2,2.222012265112078,40.503826829893846,-8.276230961056502,1.5182050010586579
2,2.222012265112078,54.68533292886767,-8.87555252396091,1.5182050010586579
2,2.222012265112078,73.83217516953168,-9.473901767102609,1.5182050010586579
2,2.222012265112078,99.68285458470345,-10.07679953041712,1.5182050010586579
2,2.222012265112078,134.58456933361077,-10.678820961555779,1.5182050010586579
2,2.222012265112078,181.70633634214732,-11.278884821421025,1.5182050010586579
2,2.222012265112078,245.3267327032263,-11.875804046125678,1.5182050010586579
2,2.222012265112078,331.2223832718382,-12.48065641776124,1.5182050010586579
2,2.222012265112078,447.1924684742427,-13.078785345045722,1.5182050010586579
2,2.222012265112078,603.766876757117,-13.682106914136535,1.5182050010586579
2,2.222012265112078,815.1623007265384,-14.278375167277215,1.5182050010586579
2,2.222012265112078,1100.5730888961868,-14.881200770437497,1.5182050010586579
2,2.222012265112078,1485.9140602097523,-15.481169352205821,1.5182050010586579
2,2.222012265112078,2006.1735259613445,-16.07938342809733,1.5182050010586579
2,2.999999999999996,0.1,4.06853165975148,1.5182050010586579
2,2.999999999999996,0.13501275609964633,3.178783134787348,1.5182050010586579
2,2.999999999999996,0.18228444309622582,2.4068290519137823,1.5182050010586579
2,2.999999999999996,0.24610725056510596,1.805763951348,1.5182050010586579
2,2.999999999999996,0.33227618194901193,1.056034960195492,1.5182050010586579
2,2.999999999999996,0.4486152311120365,0.28923897495743495,1.5182050010586579
2,2.999999999999996,0.6056877878071585,-0.4148885309253896,1.5182050010586579
2,2.999999999999996,0.8177557756774221,-1.0656827120610406,1.5182050010586579
2,2.999999999999996,1.1040746109061288,-1.666520341815885,1.5182050010586579
2,2.999999999999996,1.4906415615808106,-2.269527702533709,1.5182050010586579
2,2.999999999999996,2.012556255857059,-2.8702889983183186,1.5182050010586579
2,2.999999999999996,2.717207669088465,-3.472800400217089,1.5182050010586579
2,2.999999999999996,3.6685769629872937,-4.071213003619935,1.5182050010586579
2,2.999999999999996,4.953046867365847,-4.673813534287846,1.5182050010586579
2,2.999999999999996,6.687245086537825,-5.271637050245178,1.5182050010586579
2,2.999999999999996,9.028633898472895,-5.873805245713553,1.5182050010586579
2,2.999999999999996,12.189807464475196,-6.475478327740499,1.5182050010586579
2,2.999999999999996,16.457795021028378,-7.069243774494279,1.5182050010586579
2,2.999999999999996,22.22012265112078,-7.677613864190769,1.5182050010586579
2,2.999999999999996,29.99999999999996,-8.276099739986236,1.5182050010586579
2,2.999999999999996,40.503826829893846,-8.87682024806434,1.5182050010586579
2,2.999999999999996,54.68533292886767,-9.476110118523366,1.5182050010586579
2,2.999999999999996,73.83217516953168,-10.07843369119856,1.5182050010586579
2,2.999999999999996,99.68285458470345,-10.674503676725271,1.5182050010586579
2,2.999999999999996,134.58456933361077,-11.279885366053321,1.5182050010586579
2,2.999999999999996,181.70633634214732,-11.8755643927175,1.5182050010586579
2,2.999999999999996,245.3267327032263,-12.474623877295766,1.5182050010586579
2,2.999999999999996,331.2223832718382,-13.073550542223098,1.5182050010586579
2,2.999999999999996,447.1924684742427,-13.681737108350644,1.5182050010586579
2,2.999999999999996,603.766876757117,-14.27584299122275,1.5182050010586579
2,2.999999999999996,815.1623007265384,-14.880027661452894,1.5182050010586579
2,2.999999999999996,1100.5730888961868,-15.478997150191667,1.5182050010586579
2,2.999999999999996,1485.9140602097523,-16.078222551219092,1.5182050010586579
2,2.999999999999996,2006.1735259613445,-16.674624340509396,1.5182050010586579
4,0.01,0.1,16.096991492444804,2.049549228059748
4,0.01,0.13501275609964633,15.475810452909691,2.049549228059748
4,0.01,0.18228444309622582,14.848427791569073,2.049549228059748
4,0.01,0.24610725056510596,13.953929679763512,2.049549228059748
4,0.01,0.33227618194901193,12.716571310615416,2.049549228059748
4,0.01,0.4486152311120365,12.67125051029617,2.049549228059748
4,0.01,0.6056877878071585,11.840558871446,2.049549228059748
4,0.01,0.8177557756774221,11.420520981899248,2.049549228059748
4,0.01,1.1040746109061288,10.764757705372137,2.049549228059748
4,0.01,1.4906415615808106,10.614739479294025,2.049549228059748
4,0.01,2.012556255857059,10.002065316675866,2.049549228059748
4,0.01,2.717207669088465,8.628735542588466,2.049549228059748
4,0.01,3.6685769629872937,8.114911346004021,2.049549228059748
4,0.01,4.953046867365847,7.23752403594232,2.049549228059748
4,0.01,6.687245086537825,7.385705624120215,2.049549228059748
4,0.01,9.028633898472895,6.618829338087691,2.049549228059748
4,0.01,12.189807464475196,6.061400617457379,2.049549228059748
4,0.01,16.457795021028378,4.9267582060217014,2.049549228059748
4,0.01,22.22012265112078,4.562719309955486,2.049549228059748
4,0.01,29.99999999999996,3.9576726163317772,2.049549228059748
4,0.01,40.503826829893846,3.494361648592704,2.049549228059748
4,0.01,54.68533292886767,2.727962185137332,2.049549228059748
4,0.01,73.83217516953168,2.1352893771840233,2.049549228059748
4,0.01,99.68285458470345,1.5347970562975362,2.049549228059748
4,0.01,134.58456933361077,0.9023747641034665,2.049549228059748
4,0.01,181.70633634214732,0.25229478520673987,2.049549228059748
4,0.01,245.3267327032263,-0.37152853586723666,2.049549228059748
4,0.01,331.2223832718382,-0.9774327845551489,2.049549228059748
4,0.01,447.1924684742427,-1.579636346667821,2.049549228059748
4,0.01,603.766876757117,-2.174140034747361,2.049549228059748
4,0.01,815.1623007265384,-2.7794508491306478,2.049549228059748
4,0.01,1100.5730888961868,-3.3808721174547562,2.049549228059748
4,0.01,1485.9140602097523,-3.979175708509,2.049549228059748
4,0.01,2006.1735259613445,-4.58278041734341,2.049549228059748
4,0.013501275609964631,0.1,15.496562165626331,2.049549228059748
4,0.013501275609964631,0.13501275609964633,14.876712049423704,2.049549228059748
4,0.013501275609964631,0.18228444309622582,14.247981753712734,2.049549228059748
4,0.013501275609964631,0.24610725056510596,13.353610544247953,2.049549228059748
4,0.013501275609964631,0.33227618194901193,12.120816245373968,2.049549228059748
4,0.013501275609964631,0.4486152311120365,12.068504212747206,2.049549228059748
4,0.013501275609964631,0.6056877878071585,11.240315166738968,2.049549228059748
4,0.013501275609964631,0.8177557756774221,10.81697552868688,2.049549228059748
4,0.013501275609964631,1.1040746109061288,10.17202722204045,2.049549228059748
4,0.013501275609964631,1.4906415615808106,10.011109788677192,2.049549228059748
4,0.013501275609964631,2.012556255857059,9.395518871612822,2.049549228059748
4,0.013501275609964631,2.717207669088465,8.016926643596134,2.049549228059748
4,0.013501275609964631,3.6685769629872937,7.530751025327191,2.049549228059748
4,0.013501275609964631,4.953046867365847,6.6576680518278835,2.049549228059748
4,0.013501275609964631,6.687245086537825,6.781061160042566,2.049549228059748
4,0.013501275609964631,9.028633898472895,6.012931454828337,2.049549228059748
4,0.013501275609964631,12.189807464475196,5.46647296028442,2.049549228059748
4,0.013501275609964631,16.457795021028378,4.386436565836276,2.049549228059748
4,0.013501275609964631,22.22012265112078,3.9840327148769683,2.049549228059748
4,0.013501275609964631,29.99999999999996,3.3905233786190303,2.049549228059748
4,0.013501275609964631,40.503826829893846,2.877732017837455,2.049549228059748
4,0.013501275609964631,54.68533292886767,2.145712562388934,2.049549228059748
4,0.013501275609964631,73.83217516953168,1.5308603332630666,2.049549228059748
4,0.013501275609964631,99.68285458470345,0.8998302491658225,2.049549228059748
4,0.013501275609964631,134.58456933361077,0.25538093540263157,2.049549228059748
4,0.013501275609964631,181.70633634214732,-0.37321702543129043,2.049549228059748
4,0.013501275609964631,245.3267327032263,-0.9775307454871517,2.049549228059748
4,0.013501275609964631,331.2223832718382,-1.5764300108996105,2.049549228059748
4,0.013501275609964631,447.1924684742427,-2.174447708825362,2.049549228059748
4,0.013501275609964631,603.766876757117,-2.7797110610355236,2.049549228059748
4,0.013501275609964631,815.1623007265384,-3.3785715713683877,2.049549228059748
4,0.013501275609964631,1100.5730888961868,-3.979716994412026,2.049549228059748
4,0.013501275609964631,1485.9140602097523,-4.581783526884364,2.049549228059748
4,0.013501275609964631,2006.1735259613445,-5.176371701942681,2.049549228059748
4,0.018228444309622584,0.1,14.89610352274659,2.049549228059748
4,0.018228444309622584,0.13501275609964633,14.277996230231588,2.049549228059748
4,0.018228444309622584,0.18228444309622582,13.647483705153812,2.049549228059748
4,0.018228444309622584,0.24610725056510596,12.75334841475631,2.049549228059748
4,0.018228444309622584,0.33227618194901193,11.52714035715426,2.049549228059748
4,0.018228444309622584,0.4486152311120365,11.464969798150435,2.049549228059748
4,0.018228444309622584,0.6056877878071585,10.640178173292759,2.049549228059748
4,0.018228444309622584,0.8177557756774221,10.214064733026541,2.049549228059748
4,0.018228444309622584,1.1040746109061288,9.580233367633586,2.049549228059748
4,0.018228444309622584,1.4906415615808106,9.403277186806275,2.049549228059748
4,0.018228444309622584,2.012556255857059,8.787056620754953,2.049549228059748
4,0.018228444309622584,2.717207669088465,7.406349368902629,2.049549228059748
4,0.018228444309622584,3.6685769629872937,6.948103191586984,2.049549228059748
4,0.018228444309622584,4.953046867365847,6.0809958845658425,2.049549228059748
4,0.018228444309622584,6.687245086537825,6.174839424243661,2.049549228059748
4,0.018228444309622584,9.028633898472895,5.406238352903986,2.049549228059748
4,0.018228444309622584,12.189807464475196,4.868726096992195,2.049549228059748
4,0.018228444309622584,16.457795021028378,3.845211915847902,2.049549228059748
4,0.018228444309622584,22.22012265112078,3.4022495342407555,2.049549228059748
4,0.018228444309622584,29.99999999999996,2.8104355521811533,2.049549228059748
4,0.018228444309622584,40.503826829893846,2.2431852620918162,2.049549228059748
4,0.018228444309622584,54.68533292886767,1.537934741602719,2.049549228059748
4,0.018228444309622584,73.83217516953168,0.8986609478268078,2.049549228059748
4,0.018228444309622584,99.68285458470345,0.255751046208448,2.049549228059748
4,0.018228444309622584,134.58456933361077,-0.37296645492918357,2.049549228059748
4,0.018228444309622584,181.70633634214732,-0.9779243735987041,2.049549228059748
4,0.018228444309622584,245.3267327032263,-1.5787437731087484,2.049549228059748
4,0.018228444309622584,331.2223832718382,-2.173079789074883,2.049549228059748
4,0.018228444309622584,447.1924684742427,-2.779775155327092,2.049549228059748
4,0.018228444309622584,603.766876757117,-3.3772832257849035,2.049549228059748
4,0.018228444309622584,815.1623007265384,-3.9798404824805336,2.049549228059748
4,0.018228444309622584,1100.5730888961868,-4.582083062932819,2.049549228059748
4,0.018228444309622584,1485.9140602097523,-5.174994628828611,2.049549228059748
4,0.018228444309622584,2006.1735259613445,-5.779722006241904,2.049549228059748
4,0.024610725056510595,0.1,14.295590310879144,2.049549228059748
4,0.024610725056510595,0.13501275609964633,13.679443226466363,2.049549228059748
4,0.024610725056510595,0.18228444309622582,13.046886917979924,2.049549228059748
4,0.024610725056510595,0.24610725056510596,12.153185728140961,2.049549228059748
4,0.024610725056510595,0.33227618194901193,10.935842252313773,2.049549228059748
4,0.024610725056510595,0.4486152311120365,10.86089244321049,2.049549228059748
4,0.024610725056510595,0.6056877878071585,10.040218043217237,2.049549228059748
4,0.024610725056510595,0.8177557756774221,9.611837400682761,2.049549228059748
4,0.024610725056510595,1.1040746109061288,8.989142046494107,2.049549228059748
4,0.024610725056510595,1.4906415615808106,8.78992975788784,2.049549228059748
4,0.024610725056510595,2.012556255857059,8.176741673283622,2.049549228059748
4,0.024610725056510595,2.717207669088465,6.7984378734240005,2.049549228059748
4,0.024610725056510595,3.6685769629872937,6.36713416759025,2.049549228059748
4,0.024610725056510595,4.953046867365847,5.5086902993862354,2.049549228059748
4,0.024610725056510595,6.687245086537825,5.564612802592636,2.049549228059748
4,0.024610725056510595,9.028633898472895,4.798199704350844,2.049549228059748
4,0.024610725056510595,12.189807464475196,4.26444094803964,2.049549228059748
4,0.024610725056510595,16.457795021028378,3.2973201308316953,2.049549228059748
4,0.024610725056510595,22.22012265112078,2.8107874509991095,2.049549228059748
4,0.024610725056510595,29.99999999999996,2.206106590048666,2.049549228059748
4,0.024610725056510595,40.503826829893846,1.585017172521236,2.049549228059748
4,0.024610725056510595,54.68533292886767,0.9028535997486027,2.049549228059748
4,0.024610725056510595,73.83217516953168,0.2547002367845887,2.049549228059748
4,0.024610725056510595,99.68285458470345,-0.369598189452267,2.049549228059748
4,0.024610725056510595,134.58456933361077,-0.9742537312656996,2.049549228059748
4,0.024610725056510595,181.70633634214732,-1.577662135980716,2.049549228059748
4,0.024610725056510595,245.3267327032263,-2.1745644608871184,2.049549228059748
4,0.024610725056510595,331.2223832718382,-2.7789265529824023,2.049549228059748
4,0.024610725056510595,447.1924684742427,-3.383048835603772,2.049549228059748
4,0.024610725056510595,603.766876757117,-3.9794549528178425,2.049549228059748
4,0.024610725056510595,815.1623007265384,-4.579842641888979,2.049549228059748
4,0.024610725056510595,1100.5730888961868,-5.176793583822339,2.049549228059748
4,0.024610725056510595,1485.9140602097523,-5.7784109088912405,2.049549228059748
4,0.024610725056510595,2006.1735259613445,-6.379291847561565,2.049549228059748
4,0.03322761819490119,0.1,13.69497646418255,2.049549228059748
4,0.03322761819490119,0.13501275609964633,13.080721545078141,2.049549228059748
4,0.03322761819490119,0.18228444309622582,12.446106044529438,2.049549228059748
4,0.03322761819490119,0.24610725056510596,11.553194712527162,2.049549228059748
4,0.03322761819490119,0.33227618194901193,10.347039876568324,2.049549228059748
4,0.03322761819490119,0.4486152311120365,10.25673740835988,2.049549228059748
4,0.03322761819490119,0.6056877878071585,9.44053700507962,2.049549228059748
4,0.03322761819490119,0.8177557756774221,9.010291101861114,2.049549228059748
4,0.03322761819490119,1.1040746109061288,8.398540053587798,2.049549228059748
4,0.03322761819490119,1.4906415615808106,8.170229561277504,2.049549228059748
4,0.03322761819490119,2.012556255857059,7.564643168682059,2.049549228059748
4,0.03322761819490119,2.717207669088465,6.1949402597930545,2.049549228059748
4,0.03322761819490119,3.6685769629872937,5.787884842345594,2.049549228059748
4,0.03322761819490119,4.953046867365847,4.94192630459972,2.049549228059748
4,0.03322761819490119,6.687245086537825,4.947731201913379,2.049549228059748
4,0.03322761819490119,9.028633898472895,4.187136268004088,2.049549228059748
4,0.03322761819490119,12.189807464475196,3.6472034601170864,2.049549228059748
4,0.03322761819490119,16.457795021028378,2.735875587430484,2.049549228059748
4,0.03322761819490119,22.22012265112078,2.2006201690106253,2.049549228059748
4,0.03322761819490119,29.99999999999996,1.5704255737239816,2.049549228059748
4,0.03322761819490119,40.503826829893846,0.9131050498134592,2.049549228059748
4,0.03322761819490119,54.68533292886767,0.25714589487648154,2.049549228059748
4,0.03322761819490119,73.83217516953168,-0.37055113880735563,2.049549228059748
4,0.03322761819490119,99.68285458470345,-0.9757152506716268,2.049549228059748
4,0.03322761819490119,134.58456933361077,-1.5765930704157693,2.049549228059748
4,0.03322761819490119,181.70633634214732,-2.1718777374729075,2.049549228059748
4,0.03322761819490119,245.3267327032263,-2.7830337342520197,2.049549228059748
4,0.03322761819490119,331.2223832718382,-3.3795086505216094,2.049549228059748
4,0.03322761819490119,447.1924684742427,-3.9761656844208444,2.049549228059748
4,0.03322761819490119,603.766876757117,-4.582871554111195,2.049549228059748
4,0.03322761819490119,815.1623007265384,-5.178165069434816,2.049549228059748
4,0.03322761819490119,1100.5730888961868,-5.782608500842717,2.049549228059748
4,0.03322761819490119,1485.9140602097523,-6.379252830492368,2.049549228059748
4,0.03322761819490119,2006.1735259613445,-6.981392570861144,2.049549228059748
4,0.04486152311120365,0.1,13.094178796928139,2.049549228059748
4,0.04486152311120365,0.13501275609964633,12.48154998791415,2.049549228059748
4,0.04486152311120365,0.18228444309622582,11.84498810025069,2.049549228059748
4,0.04486152311120365,0.24610725056510596,10.953492964122017,2.049549228059748
4,0.04486152311120365,0.33227618194901193,9.760684546945498,2.049549228059748
4,0.04486152311120365,0.4486152311120365,9.652966590940263,2.049549228059748
4,0.04486152311120365,0.6056877878071585,8.84125959670581,2.049549228059748
4,0.04486152311120365,0.8177557756774221,8.409417392778394,2.049549228059748
4,0.04486152311120365,1.1040746109061288,7.808132184943574,2.049549228059748
4,0.04486152311120365,1.4906415615808106,7.544005551670228,2.049549228059748
4,0.04486152311120365,2.012556255857059,6.9505776418995735,2.049549228059748
4,0.04486152311120365,2.717207669088465,5.597807604777018,2.049549228059748
4,0.04486152311120365,3.6685769629872937,5.209919257861001,2.049549228059748
4,0.04486152311120365,4.953046867365847,4.381211419661803,2.049549228059748
4,0.04486152311120365,6.687245086537825,4.321613645341114,2.049549228059748
4,0.04486152311120365,9.028633898472895,3.5694163360958973,2.049549228059748
4,0.04486152311120365,12.189807464475196,3.007972358510488,2.049549228059748
4,0.04486152311120365,16.457795021028378,2.1524232827424696,2.049549228059748
4,0.04486152311120365,22.22012265112078,1.5639601368747096,2.049549228059748
4,0.04486152311120365,29.99999999999996,0.9120631125673431,2.049549228059748
4,0.04486152311120365,40.503826829893846,0.25568199820194676,2.049549228059748
4,0.04486152311120365,54.68533292886767,-0.369816163584171,2.049549228059748
4,0.04486152311120365,73.83217516953168,-0.9766326938646753,2.049549228059748
4,0.04486152311120365,99.68285458470345,-1.5808140918653122,2.049549228059748
4,0.04486152311120365,134.58456933361077,-2.1725876096658125,2.049549228059748
4,0.04486152311120365,181.70633634214732,-2.779479902139649,2.049549228059748
4,0.04486152311120365,245.3267327032263,-3.3778243819018963,2.049549228059748
4,0.04486152311120365,331.2223832718382,-3.979316557997604,2.049549228059748
4,0.04486152311120365,447.1924684742427,-4.5803601766314594,2.049549228059748
4,0.04486152311120365,603.766876757117,-5.17816281695701,2.049549228059748
4,0.04486152311120365,815.1623007265384,-5.781468530436541,2.049549228059748
4,0.04486152311120365,1100.5730888961868,-6.382138829340009,2.049549228059748
4,0.04486152311120365,1485.9140602097523,-6.98386519165512,2.049549228059748
4,0.04486152311120365,2006.1735259613445,-7.582702578619054,2.049549228059748
4,0.06056877878071584,0.1,12.493049388111613,2.049549228059748
4,0.06056877878071584,0.13501275609964633,11.881776431038558,2.049549228059748
4,0.06056877878071584,0.18228444309622582,11.243266617917229,2.049549228059748
4,0.06056877878071584,0.24610725056510596,10.354256515072732,2.049549228059748
4,0.06056877878071584,0.33227618194901193,9.17662215300445,2.049549228059748
4,0.06056877878071584,0.4486152311120365,9.04981272561435,2.049549228059748
4,0.06056877878071584,0.6056877878071585,8.242489961190321,2.049549228059748
4,0.06056877878071584,0.8177557756774221,7.809239912646355,2.049549228059748
4,0.06056877878071584,1.1040746109061288,7.2174298883494075,2.049549228059748
4,0.06056877878071584,1.4906415615808106,6.911807787517237,2.049549228059748
4,0.06056877878071584,2.012556255857059,6.333835095205854,2.049549228059748
4,0.06056877878071584,2.717207669088465,5.008847333136953,2.049549228059748
4,0.06056877878071584,3.6685769629872937,4.631790506438898,2.049549228059748
4,0.06056877878071584,4.953046867365847,3.825584700767792,2.049549228059748
4,0.06056877878071584,6.687245086537825,3.682988787160258,2.049549228059748
4,0.06056877878071584,9.028633898472895,2.938644070143355,2.049549228059748
4,0.06056877878071584,12.189807464475196,2.3374845217292197,2.049549228059748
4,0.06056877878071584,16.457795021028378,1.53926991052319,2.049549228059748
4,0.06056877878071584,22.22012265112078,0.9071950922707206,2.049549228059748
4,0.06056877878071584,29.99999999999996,0.25637354151134706,2.049549228059748
4,0.06056877878071584,40.503826829893846,-0.3687641117958594,2.049549228059748
4,0.06056877878071584,54.68533292886767,-0.977105228914417,2.049549228059748
4,0.06056877878071584,73.83217516953168,-1.5809123535781962,2.049549228059748
4,0.06056877878071584,99.68285458470345,-2.1764515874014356,2.049549228059748
4,0.06056877878071584,134.58456933361077,-2.7793515163271354,2.049549228059748
4,0.06056877878071584,181.70633634214732,-3.3826545984170524,2.049549228059748
4,0.06056877878071584,245.3267327032263,-3.9773125961288307,2.049549228059748
4,0.06056877878071584,331.2223832718382,-4.582373291998066,2.049549228059748
4,0.06056877878071584,447.1924684742427,-5.1762893916424,2.049549228059748
4,0.06056877878071584,603.766876757117,-5.78064629127656,2.049549228059748
4,0.06056877878071584,815.1623007265384,-6.381000841434975,2.049549228059748
4,0.06056877878071584,1100.5730888961868,-6.984817160845573,2.049549228059748
4,0.06056877878071584,1485.9140602097523,-7.579691589456639,2.049549228059748
4,0.06056877878071584,2006.1735259613445,-8.184018644179492,2.049549228059748
4,0.0817755775677422,0.1,11.89133175655841,2.049549228059748
4,0.0817755775677422,0.13501275609964633,11.281308301636772,2.049549228059748
4,0.0817755775677422,0.18228444309622582,10.640498855606626,2.049549228059748
4,0.0817755775677422,0.24610725056510596,9.755709572393163,2.049549228059748
4,0.0817755775677422,0.33227618194901193,8.594727761867807,2.049549228059748
4,0.0817755775677422,0.4486152311120365,8.447225201574938,2.049549228059748
4,0.0817755775677422,0.6056877878071585,7.644249426568028,2.049549228059748
4,0.0817755775677422,0.8177557756774221,7.20991752972815,2.049549228059748
4,0.0817755775677422,1.1040746109061288,6.62574721352824,2.049549228059748
4,0.0817755775677422,1.4906415615808106,6.274744758603027,2.049549228059748
4,0.0817755775677422,2.012556255857059,5.712929756290551,2.049549228059748
4,0.0817755775677422,2.717207669088465,4.429093843240346,2.049549228059748
4,0.0817755775677422,3.6685769629872937,4.050567164361456,2.049549228059748
4,0.0817755775677422,4.953046867365847,3.271655942101222,2.049549228059748
4,0.0817755775677422,6.687245086537825,3.0266334011332487,2.049549228059748
4,0.0817755775677422,9.028633898472895,2.2861322045265986,2.049549228059748
4,0.0817755775677422,12.189807464475196,1.6348580854939225,2.049549228059748
4,0.0817755775677422,16.457795021028378,0.8995399022139917,2.049549228059748
4,0.0817755775677422,22.22012265112078,0.25540553306144564,2.049549228059748
4,0.0817755775677422,29.99999999999996,-0.3724523994154803,2.049549228059748
4,0.0817755775677422,40.503826829893846,-0.9769762832914987,2.049549228059748
4,0.0817755775677422,54.68533292886767,-1.5785314618803326,2.049549228059748
4,0.0817755775677422,73.83217516953168,-2.173814468776756,2.049549228059748
4,0.0817755775677422,99.68285458470345,-2.7792710820019457,2.049549228059748
4,0.0817755775677422,134.58456933361077,-3.3815668282809646,2.049549228059748
4,0.0817755775677422,181.70633634214732,-3.97783283209891,2.049549228059748
4,0.0817755775677422,245.3267327032263,-4.580314712380286,2.049549228059748
4,0.0817755775677422,331.2223832718382,-5.177170569920967,2.049549228059748
4,0.0817755775677422,447.1924684742427,-5.781206264723846,2.049549228059748
4,0.0817755775677422,603.766876757117,-6.381905617455969,2.049549228059748
4,0.0817755775677422,815.1623007265384,-6.985260672596388,2.049549228059748
4,0.0817755775677422,1100.5730888961868,-7.583634204206441,2.049549228059748
4,0.0817755775677422,1485.9140602097523,-8.186018280164497,2.049549228059748
4,0.0817755775677422,2006.1735259613445,-8.78087112975299,2.049549228059748
4,0.11040746109061289,0.1,11.288599464104056,2.049549228059748
4,0.11040746109061289,0.13501275609964633,10.679980628185554,2.049549228059748
4,0.11040746109061289,0.18228444309622582,10.036004816894417,2.049549228059748
4,0.11040746109061289,0.24610725056510596,9.158051479882689,2.049549228059748
4,0.11040746109061289,0.33227618194901193,8.015056099850296,2.049549228059748
4,0.11040746109061289,0.4486152311120365,7.844933645932965,2.049549228059748
4,0.11040746109061289,0.6056877878071585,7.046491667829707,2.049549228059748
4,0.11040746109061289,0.8177557756774221,6.611725752094026,2.049549228059748
4,0.11040746109061289,1.1040746109061288,6.032268531084662,2.049549228059748
4,0.11040746109061289,1.4906415615808106,5.634070762696357,2.049549228059748
4,0.11040746109061289,2.012556255857059,5.085274104792065,2.049549228059748
4,0.11040746109061289,2.717207669088465,3.8579397783322253,2.049549228059748
4,0.11040746109061289,3.6685769629872937,3.4616483246947047,2.049549228059748
4,0.11040746109061289,4.953046867365847,2.7124549068389925,2.049549228059748
4,0.11040746109061289,6.687245086537825,2.345787633428441,2.049549228059748
4,0.11040746109061289,9.028633898472895,1.6069365511736737,2.049549228059748
4,0.11040746109061289,12.189807464475196,0.9253320027043581,2.049549228059748
4,0.11040746109061289,16.457795021028378,0.2527355265190795,2.049549228059748
4,0.11040746109061289,22.22012265112078,-0.37052947394200786,2.049549228059748
4,0.11040746109061289,29.99999999999996,-0.9769856327140353,2.049549228059748
4,0.11040746109061289,40.503826829893846,-1.5783252616115284,2.049549228059748
4,0.11040746109061289,54.68533292886767,-2.172833766178262,2.049549228059748
4,0.11040746109061289,73.83217516953168,-2.7795674616971353,2.049549228059748
4,0.11040746109061289,99.68285458470345,-3.3807286006377226,2.049549228059748
4,0.11040746109061289,134.58456933361077,-3.9759441519467806,2.049549228059748
4,0.11040746109061289,181.70633634214732,-4.581649270169514,2.049549228059748
4,0.11040746109061289,245.3267327032263,-5.177134898764166,2.049549228059748
4,0.11040746109061289,331.2223832718382,-5.782964186603867,2.049549228059748
4,0.11040746109061289,447.1924684742427,-6.379692120052435,2.049549228059748
4,0.11040746109061289,603.766876757117,-6.981569890438208,2.049549228059748
4,0.11040746109061289,815.1623007265384,-7.581287598118841,2.049549228059748
4,0.11040746109061289,1100.5730888961868,-8.184558137730324,2.049549228059748
4,0.11040746109061289,1485.9140602097523,-8.781767097886517,2.049549228059748
4,0.11040746109061289,2006.1735259613445,-9.386032566874155,2.049549228059748
4,0.14906415615808105,0.1,10.684190220127872,2.049549228059748
4,0.14906415615808105,0.13501275609964633,10.077434429679514,2.049549228059748
4,0.14906415615808105,0.18228444309622582,9.428865702188144,2.049549228059748
4,0.14906415615808105,0.24610725056510596,8.561289913340191,2.049549228059748
4,0.14906415615808105,0.33227618194901193,7.437874890308091,2.049549228059748
4,0.14906415615808105,0.4486152311120365,7.242445098511507,2.049549228059748
4,0.14906415615808105,0.6056877878071585,6.449303745249265,2.049549228059748
4,0.14906415615808105,0.8177557756774221,6.01468528433047,2.049549228059748
4,0.14906415615808105,1.1040746109061288,5.435960060293452,2.049549228059748
4,0.14906415615808105,1.4906415615808106,4.990555921702517,2.049549228059748
4,0.14906415615808105,2.012556255857059,4.446784616724855,2.049549228059748
4,0.14906415615808105,2.717207669088465,3.292084924551585,2.049549228059748
4,0.14906415615808105,3.6685769629872937,2.8586216188428155,2.049549228059748
4,0.14906415615808105,4.953046867365847,2.1370216424866304,2.049549228059748
4,0.14906415615808105,6.687245086537825,1.6390175002847815,2.049549228059748
4,0.14906415615808105,9.028633898472895,0.9168354955395713,2.049549228059748
4,0.14906415615808105,12.189807464475196,0.2519339228873778,2.049549228059748
4,0.14906415615808105,16.457795021028378,-0.3723111949077969,2.049549228059748
4,0.14906415615808105,22.22012265112078,-0.9762925023436492,2.049549228059748
4,0.14906415615808105,29.99999999999996,-1.5784993880446965,2.049549228059748
4,0.14906415615808105,40.503826829893846,-2.1728800147944405,2.049549228059748
4,0.14906415615808105,54.68533292886767,-2.7773584701323335,2.049549228059748
4,0.14906415615808105,73.83217516953168,-3.3818398539624037,2.049549228059748
4,0.14906415615808105,99.68285458470345,-3.9759069992897884,2.049549228059748
4,0.14906415615808105,134.58456933361077,-4.580275009794067,2.049549228059748
4,0.14906415615808105,181.70633634214732,-5.1751264390681975,2.049549228059748
4,0.14906415615808105,245.3267327032263,-5.782126971435361,2.049549228059748
4,0.14906415615808105,331.2223832718382,-6.380358709665963,2.049549228059748
4,0.14906415615808105,447.1924684742427,-6.984107202689168,2.049549228059748
4,0.14906415615808105,603.766876757117,-7.583454319715774,2.049549228059748
4,0.14906415615808105,815.1623007265384,-8.183570465957118,2.049549228059748
4,0.14906415615808105,1100.5730888961868,-8.780343820385704,2.049549228059748
4,0.14906415615808105,1485.9140602097523,-9.38407535157001,2.049549228059748
4,0.14906415615808105,2006.1735259613445,-9.984104058649693,2.049549228059748
4,0.2012556255857059,0.1,10.077178341578145,2.049549228059748
4,0.2012556255857059,0.13501275609964633,9.473019318123518,2.049549228059748
4,0.2012556255857059,0.18228444309622582,8.81806648891885,2.049549228059748
4,0.2012556255857059,0.24610725056510596,7.965023020008788,2.049549228059748
4,0.2012556255857059,0.33227618194901193,6.863517260192057,2.049549228059748
4,0.2012556255857059,0.4486152311120365,6.638982620273518,2.049549228059748
4,0.2012556255857059,0.6056877878071585,5.85315572042967,2.049549228059748
4,0.2012556255857059,0.8177557756774221,5.417947560570989,2.049549228059748
4,0.2012556255857059,1.1040746109061288,4.835233286200006,2.049549228059748
4,0.2012556255857059,1.4906415615808106,4.343678591882802,2.049549228059748
4,0.2012556255857059,2.012556255857059,3.791679285183597,2.049549228059748
4,0.2012556255857059,2.717207669088465,2.7244094952702893,2.049549228059748
4,0.2012556255857059,3.6685769629872937,2.233638130742394,2.049549228059748
4,0.2012556255857059,4.953046867365847,1.533740981481248,2.049549228059748
4,0.2012556255857059,6.687245086537825,0.9279894093315301,2.049549228059748
4,0.2012556255857059,9.028633898472895,0.25167782269383043,2.049549228059748
4,0.2012556255857059,12.189807464475196,-0.37566729930968185,2.049549228059748
4,0.2012556255857059,16.457795021028378,-0.97549781176997,2.049549228059748
4,0.2012556255857059,22.22012265112078,-1.5766169983918252,2.049549228059748
4,0.2012556255857059,29.99999999999996,-2.173984386624868,2.049549228059748
4,0.2012556255857059,40.503826829893846,-2.7808390683728486,2.049549228059748
4,0.2012556255857059,54.68533292886767,-3.3796613955879913,2.049549228059748
4,0.2012556255857059,73.83217516953168,-3.9792829434465395,2.049549228059748
4,0.2012556255857059,99.68285458470345,-4.580533136522566,2.049549228059748
4,0.2012556255857059,134.58456933361077,-5.17719298754867,2.049549228059748
4,0.2012556255857059,181.70633634214732,-5.782019076140323,2.049549228059748
4,0.2012556255857059,245.3267327032263,-6.380878837235988,2.049549228059748
4,0.2012556255857059,331.2223832718382,-6.981560014042657,2.049549228059748
4,0.2012556255857059,447.1924684742427,-7.584426093757253,2.049549228059748
4,0.2012556255857059,603.766876757117,-8.182701076273908,2.049549228059748
4,0.2012556255857059,815.1623007265384,-8.78183127161357,2.049549228059748
4,0.2012556255857059,1100.5730888961868,-9.382242698924248,2.049549228059748
4,0.2012556255857059,1485.9140602097523,-9.984498039480428,2.049549228059748
4,0.2012556255857059,2006.1735259613445,-10.582052818403444,2.049549228059748
4,0.2717207669088465,0.1,9.466455818834243,2.049549228059748
4,0.2717207669088465,0.13501275609964633,8.86573814956574,2.049549228059748
4,0.2717207669088465,0.18228444309622582,8.202791137530571,2.049549228059748
4,0.2717207669088465,0.24610725056510596,7.368298743148534,2.049549228059748
4,0.2717207669088465,0.33227618194901193,6.292156157759668,2.049549228059748
4,0.2717207669088465,0.4486152311120365,6.033609605283658,2.049549228059748
4,0.2717207669088465,0.6056877878071585,5.258787698306551,2.049549228059748
4,0.2717207669088465,0.8177557756774221,4.8193431265470315,2.049549228059748
4,0.2717207669088465,1.1040746109061288,4.22748786806783,2.049549228059748
4,0.2717207669088465,1.4906415615808106,3.6906700666412324,2.049549228059748
4,0.2717207669088465,2.012556255857059,3.112859663578373,2.049549228059748
4,0.2717207669088465,2.717207669088465,2.1434566422701633,2.049549228059748
4,0.2717207669088465,3.6685769629872937,1.5817446491735185,2.049549228059748
4,0.2717207669088465,4.953046867365847,0.9013622537325106,2.049549228059748
4,0.2717207669088465,6.687245086537825,0.25370707907145024,2.049549228059748
4,0.2717207669088465,9.028633898472895,-0.3735323696638529,2.049549228059748
4,0.2717207669088465,12.189807464475196,-0.9768602913324569,2.049549228059748
4,0.2717207669088465,16.457795021028378,-1.577107364279009,2.049549228059748
4,0.2717207669088465,22.22012265112078,-2.1732847643309476,2.049549228059748
4,0.2717207669088465,29.99999999999996,-2.779998467221816,2.049549228059748
4,0.2717207669088465,40.503826829893846,-3.379976192660167,2.049549228059748
4,0.2717207669088465,54.68533292886767,-3.9791950919125085,2.049549228059748
4,0.2717207669088465,73.83217516953168,-4.580112032026111,2.049549228059748
4,0.2717207669088465,99.68285458470345,-5.179406915403799,2.049549228059748
4,0.2717207669088465,134.58456933361077,-5.781180053024915,2.049549228059748
4,0.2717207669088465,181.70633634214732,-6.380719813932276,2.049549228059748
4,0.2717207669088465,245.3267327032263,-6.983623129491844,2.049549228059748
4,0.2717207669088465,331.2223832718382,-7.581097323543871,2.049549228059748
4,0.2717207669088465,447.1924684742427,-8.182228498164179,2.049549228059748
4,0.2717207669088465,603.766876757117,-8.779242847047469,2.049549228059748
4,0.2717207669088465,815.1623007265384,-9.386785748658031,2.049549228059748
4,0.2717207669088465,1100.5730888961868,-9.986001721764833,2.049549228059748
4,0.2717207669088465,1485.9140602097523,-10.583013658358645,2.049549228059748
4,0.2717207669088465,2006.1735259613445,-11.183791684118638,2.049549228059748
4,0.3668576962987294,0.1,8.850972240612807,2.049549228059748
4,0.3668576962987294,0.13501275609964633,8.254291045527328,2.049549228059748
4,0.3668576962987294,0.18228444309622582,7.582696278997842,2.049549228059748
4,0.3668576962987294,0.24610725056510596,6.769652021212022,2.049549228059748
4,0.3668576962987294,0.33227618194901193,5.723635013660741,2.049549228059748
4,0.3668576962987294,0.4486152311120365,5.425574077020518,2.049549228059748
4,0.3668576962987294,0.6056877878071585,4.666468406283388,2.049549228059748
4,0.3668576962987294,0.8177557756774221,4.215227392417431,2.049549228059748
4,0.3668576962987294,1.1040746109061288,3.608541242635425,2.049549228059748
4,0.3668576962987294,1.4906415615808106,3.025721275730075,2.049549228059748
4,0.3668576962987294,2.012556255857059,2.403936724144159,2.049549228059748
4,0.3668576962987294,2.717207669088465,1.5365521802169706,2.049549228059748
4,0.3668576962987294,3.6685769629872937,0.913102054605406,2.049549228059748
4,0.3668576962987294,4.953046867365847,0.25675320444397015,2.049549228059748
4,0.3668576962987294,6.687245086537825,-0.3731691971449512,2.049549228059748
4,0.3668576962987294,9.028633898472895,-0.9767571485993496,2.049549228059748
4,0.3668576962987294,12.189807464475196,-1.57743505581125,2.049549228059748
4,0.3668576962987294,16.457795021028378,-2.174591832402459,2.049549228059748
4,0.3668576962987294,22.22012265112078,-2.781432453635389,2.049549228059748
4,0.3668576962987294,29.99999999999996,-3.3795754538851717,2.049549228059748
4,0.3668576962987294,40.503826829893846,-3.979394217087166,2.049549228059748
4,0.3668576962987294,54.68533292886767,-4.582024708451287,2.049549228059748
4,0.3668576962987294,73.83217516953168,-5.1757787410046046,2.049549228059748
4,0.3668576962987294,99.68285458470345,-5.782248147787736,2.049549228059748
4,0.3668576962987294,134.58456933361077,-6.380653124820107,2.049549228059748
4,0.3668576962987294,181.70633634214732,-6.983102490856653,2.049549228059748
4,0.3668576962987294,245.3267327032263,-7.580376602352876,2.049549228059748
4,0.3668576962987294,331.2223832718382,-8.18319834361162,2.049549228059748
4,0.3668576962987294,447.1924684742427,-8.780963188659694,2.049549228059748
4,0.3668576962987294,603.766876757117,-9.385951059453072,2.049549228059748
4,0.3668576962987294,815.1623007265384,-9.986085244579305,2.049549228059748
4,0.3668576962987294,1100.5730888961868,-10.58244455949677,2.049549228059748
4,0.3668576962987294,1485.9140602097523,-11.181880044963789,2.049549228059748
4,0.3668576962987294,2006.1735259613445,-11.783778690351955,2.049549228059748
4,0.4953046867365847,0.1,8.230098929728694,2.049549228059748
4,0.4953046867365847,0.13501275609964633,7.6372720054468255,2.049549228059748
4,0.4953046867365847,0.18228444309622582,6.957940922074581,2.049549228059748
4,0.4953046867365847,0.24610725056510596,6.167286644216314,2.049549228059748
4,0.4953046867365847,0.33227618194901193,5.1572366377238055,2.049549228059748
4,0.4953046867365847,0.4486152311120365,4.814395866260908,2.049549228059748
4,0.4953046867365847,0.6056877878071585,4.074781987471565,2.049549228059748
4,0.4953046867365847,0.8177557756774221,3.6002527171156666,2.049549228059748
4,0.4953046867365847,1.1040746109061288,2.972037569792103,2.049549228059748
4,0.4953046867365847,1.4906415615808106,2.3408172267865064,2.049549228059748
4,0.4953046867365847,2.012556255857059,1.6674569061807811,2.049549228059748
4,0.4953046867365847,2.717207669088465,0.9014885466283048,2.049549228059748
4,0.4953046867365847,3.6685769629872937,0.25443530272164017,2.049549228059748
4,0.4953046867365847,4.953046867365847,-0.3700518484953459,2.049549228059748
4,0.4953046867365847,6.687245086537825,-0.9774160477798675,2.049549228059748
4,0.4953046867365847,9.028633898472895,-1.5760204087751413,2.049549228059748
4,0.4953046867365847,12.189807464475196,-2.175941233711448,2.049549228059748
4,0.4953046867365847,16.457795021028378,-2.779278259588122,2.049549228059748
4,0.4953046867365847,22.22012265112078,-3.3804504974992953,2.049549228059748
4,0.4953046867365847,29.99999999999996,-3.9806867435081448,2.049549228059748
4,0.4953046867365847,40.503826829893846,-4.58030653362319,2.049549228059748
4,0.4953046867365847,54.68533292886767,-5.177060469198939,2.049549228059748
4,0.4953046867365847,73.83217516953168,-5.780101088196984,2.049549228059748
4,0.4953046867365847,99.68285458470345,-6.379637450088917,2.049549228059748
4,0.4953046867365847,134.58456933361077,-6.984737596989858,2.049549228059748
4,0.4953046867365847,181.70633634214732,-7.582076112634238,2.049549228059748
4,0.4953046867365847,245.3267327032263,-8.183623360649513,2.049549228059748
4,0.4953046867365847,331.2223832718382,-8.779874636374798,2.049549228059748
4,0.4953046867365847,447.1924684742427,-9.38595284690621,2.049549228059748
4,0.4953046867365847,603.766876757117,-9.985057177618044,2.049549228059748
4,0.4953046867365847,815.1623007265384,-10.585005416090475,2.049549228059748
4,0.4953046867365847,1100.5730888961868,-11.183140276249178,2.049549228059748
4,0.4953046867365847,1485.9140602097523,-11.786168163649231,2.049549228059748
4,0.4953046867365847,2006.1735259613445,-12.386575260423879,2.049549228059748
4,0.6687245086537824,0.1,7.603954334828467,2.049549228059748
4,0.6687245086537824,0.13501275609964633,7.013475328438739,2.049549228059748
4,0.6687245086537824,0.18228444309622582,6.3289208869744575,2.049549228059748
4,0.6687245086537824,0.24610725056510596,5.55925110659022,2.049549228059748
4,0.6687245086537824,0.33227618194901193,4.591194171271316,2.049549228059748
4,0.6687245086537824,0.4486152311120365,4.199180012660701,2.049549228059748
4,0.6687245086537824,0.6056877878071585,3.479419799051963,2.049549228059748
4,0.6687245086537824,0.8177557756774221,2.96706404511594,2.049549228059748
4,0.6687245086537824,1.1040746109061288,2.310249295251825,2.049549228059748
4,0.6687245086537824,1.4906415615808106,1.6329968359033369,2.049549228059748
4,0.6687245086537824,2.012556255857059,0.9340220776699443,2.049549228059748
4,0.6687245086537824,2.717207669088465,0.25553351357338205,2.049549228059748
4,0.6687245086537824,3.6685769629872937,-0.3726987533626647,2.049549228059748
4,0.6687245086537824,4.953046867365847,-0.9732293783794624,2.049549228059748
4,0.6687245086537824,6.687245086537825,-1.5779772522391928,2.049549228059748
4,0.6687245086537824,9.028633898472895,-2.1745055553405495,2.049549228059748
4,0.6687245086537824,12.189807464475196,-2.7770805216204733,2.049549228059748
4,0.6687245086537824,16.457795021028378,-3.377330946107556,2.049549228059748
4,0.6687245086537824,22.22012265112078,-3.980457506123344,2.049549228059748
4,0.6687245086537824,29.99999999999996,-4.581071459327505,2.049549228059748
4,0.6687245086537824,40.503826829893846,-5.175711528071183,2.049549228059748
4,0.6687245086537824,54.68533292886767,-5.784179286311971,2.049549228059748
4,0.6687245086537824,73.83217516953168,-6.382166645961545,2.049549228059748
4,0.6687245086537824,99.68285458470345,-6.984563097346639,2.049549228059748
4,0.6687245086537824,134.58456933361077,-7.580099340595614,2.049549228059748
4,0.6687245086537824,181.70633634214732,-8.184267160807222,2.049549228059748
4,0.6687245086537824,245.3267327032263,-8.781478168259778,2.049549228059748
4,0.6687245086537824,331.2223832718382,-9.387283641030628,2.049549228059748
4,0.6687245086537824,447.1924684742427,-9.984930482881811,2.049549228059748
4,0.6687245086537824,603.766876757117,-10.581970134498425,2.049549228059748
4,0.6687245086537824,815.1623007265384,-11.182756543977067,2.049549228059748
4,0.6687245086537824,1100.5730888961868,-11.785543957610626,2.049549228059748
4,0.6687245086537824,1485.9140602097523,-12.384947790532264,2.049549228059748
4,0.6687245086537824,2006.1735259613445,-12.982703301506263,2.049549228059748
4,0.9028633898472894,0.1,6.973409231955282,2.049549228059748
4,0.9028633898472894,0.13501275609964633,6.382133357223793,2.049549228059748
4,0.9028633898472894,0.18228444309622582,5.695753824276367,2.049549228059748
4,0.9028633898472894,0.24610725056510596,4.943452807949214,2.049549228059748
4,0.9028633898472894,0.33227618194901193,4.022096585291271,2.049549228059748
4,0.9028633898472894,0.4486152311120365,3.577286066362243,2.049549228059748
4,0.9028633898472894,0.6056877878071585,2.8726383654126364,2.049549228059748
4,0.9028633898472894,0.8177557756774221,2.3074755539824037,2.049549228059748
4,0.9028633898472894,1.1040746109061288,1.6207778991140864,2.049549228059748
4,0.9028633898472894,1.4906415615808106,0.9233643211368533,2.049549228059748
4,0.9028633898472894,2.012556255857059,0.2517074118238817,2.049549228059748
4,0.9028633898472894,2.717207669088465,-0.3714602044617801,2.049549228059748
4,0.9028633898472894,3.6685769629872937,-0.9759059561182734,2.049549228059748
4,0.9028633898472894,4.953046867365847,-1.5787984215007747,2.049549228059748
4,0.9028633898472894,6.687245086537825,-2.175751359755683,2.049549228059748
4,0.9028633898472894,9.028633898472895,-2.7798469882791426,2.049549228059748
4,0.9028633898472894,12.189807464475196,-3.378900664765107,2.049549228059748
4,0.9028633898472894,16.457795021028378,-3.9793750150931184,2.049549228059748
4,0.9028633898472894,22.22012265112078,-4.583584239604914,2.049549228059748
4,0.9028633898472894,29.99999999999996,-5.177076721116817,2.049549228059748
4,0.9028633898472894,40.503826829893846,-5.780199483728108,2.049549228059748
4,0.9028633898472894,54.68533292886767,-6.38331139335041,2.049549228059748
4,0.9028633898472894,73.83217516953168,-6.983372259397076,2.049549228059748
4,0.9028633898472894,99.68285458470345,-7.583197275898154,2.049549228059748
4,0.9028633898472894,134.58456933361077,-8.18347609468716,2.049549228059748
4,0.9028633898472894,181.70633634214732,-8.782949236768703,2.049549228059748
4,0.9028633898472894,245.3267327032263,-9.382331632509763,2.049549228059748
4,0.9028633898472894,331.2223832718382,-9.984780316195932,2.049549228059748
4,0.9028633898472894,447.1924684742427,-10.58229854356218,2.049549228059748
4,0.9028633898472894,603.766876757117,-11.182621590218965,2.049549228059748
4,0.9028633898472894,815.1623007265384,-11.786356689918657,2.049549228059748
4,0.9028633898472894,1100.5730888961868,-12.385580063093617,2.049549228059748
4,0.9028633898472894,1485.9140602097523,-12.983725119515997,2.049549228059748
4,0.9028633898472894,2006.1735259613445,-13.583888086632893,2.049549228059748
4,1.2189807464475195,0.1,6.339594440453836,2.049549228059748
4,1.2189807464475195,0.13501275609964633,5.742863048629241,2.049549228059748
4,1.2189807464475195,0.18228444309622582,5.057588732976821,2.049549228059748
4,1.2189807464475195,0.24610725056510596,4.317429149802092,2.049549228059748
4,1.2189807464475195,0.33227618194901193,3.4444703309299136,2.049549228059748
4,1.2189807464475195,0.4486152311120365,2.9431670230190976,2.049549228059748
4,1.2189807464475195,0.6056877878071585,2.244393552602498,2.049549228059748
4,1.2189807464475195,0.8177557756774221,1.6194399265099721,2.049549228059748
4,1.2189807464475195,1.1040746109061288,0.9230741945897668,2.049549228059748
4,1.2189807464475195,1.4906415615808106,0.2528822577939262,2.049549228059748
4,1.2189807464475195,2.012556255857059,-0.37456087716133357,2.049549228059748
4,1.2189807464475195,2.717207669088465,-0.9795245786100598,2.049549228059748
4,1.2189807464475195,3.6685769629872937,-1.5743549914299964,2.049549228059748
4,1.2189807464475195,4.953046867365847,-2.174434656663938,2.049549228059748
4,1.2189807464475195,6.687245086537825,-2.77958841318228,2.049549228059748
4,1.2189807464475195,9.028633898472895,-3.379297742435927,2.049549228059748
4,1.2189807464475195,12.189807464475196,-3.97863976542793,2.049549228059748
4,1.2189807464475195,16.457795021028378,-4.582811954063406,2.049549228059748
4,1.2189807464475195,22.22012265112078,-5.176099610117321,2.049549228059748
4,1.2189807464475195,29.99999999999996,-5.783126880694857,2.049549228059748
4,1.2189807464475195,40.503826829893846,-6.381249010793192,2.049549228059748
4,1.2189807464475195,54.68533292886767,-6.984308618492666,2.049549228059748
4,1.2189807464475195,73.83217516953168,-7.580041818645523,2.049549228059748
4,1.2189807464475195,99.68285458470345,-8.182693482143543,2.049549228059748
4,1.2189807464475195,134.58456933361077,-8.781217136839025,2.049549228059748
4,1.2189807464475195,181.70633634214732,-9.383872933550355,2.049549228059748
4,1.2189807464475195,245.3267327032263,-9.984920462799188,2.049549228059748
4,1.2189807464475195,331.2223832718382,-10.58363573893988,2.049549228059748
4,1.2189807464475195,447.1924684742427,-11.182972857545744,2.049549228059748
4,1.2189807464475195,603.766876757117,-11.784200808625837,2.049549228059748
4,1.2189807464475195,815.1623007265384,-12.383416957654171,2.049549228059748
4,1.2189807464475195,1100.5730888961868,-12.983402102677598,2.049549228059748
4,1.2189807464475195,1485.9140602097523,-13.582170532855244,2.049549228059748
4,1.2189807464475195,2006.1735259613445,-14.186981576196244,2.049549228059748
4,1.6457795021028379,0.1,5.70309224286488,2.049549228059748
4,1.6457795021028379,0.13501275609964633,5.095267809431418,2.049549228059748
4,1.6457795021028379,0.18228444309622582,4.4119734058014295,2.049549228059748
4,1.6457795021028379,0.24610725056510596,3.6778616502119124,2.049549228059748
4,1.6457795021028379,0.33227618194901193,2.8506111690833698,2.049549228059748
4,1.6457795021028379,0.4486152311120365,2.2888560171344468,2.049549228059748
4,1.6457795021028379,0.6056877878071585,1.5881513960651898,2.049549228059748
4,1.6457795021028379,0.8177557756774221,0.9233306540735547,2.049549228059748
4,1.6457795021028379,1.1040746109061288,0.2548383765099998,2.049549228059748
4,1.6457795021028379,1.4906415615808106,-0.3721943827568167,2.049549228059748
4,1.6457795021028379,2.012556255857059,-0.9761414644193097,2.049549228059748
4,1.6457795021028379,2.717207669088465,-1.577882641157314,2.049549228059748
4,1.6457795021028379,3.6685769629872937,-2.1732842619279995,2.049549228059748
4,1.6457795021028379,4.953046867365847,-2.779004088486711,2.049549228059748
4,1.6457795021028379,6.687245086537825,-3.379071630694358,2.049549228059748
4,1.6457795021028379,9.028633898472895,-3.9823477792274486,2.049549228059748
4,1.6457795021028379,12.189807464475196,-4.581072069445939,2.049549228059748
4,1.6457795021028379,16.457795021028378,-5.175539891702743,2.049549228059748
4,1.6457795021028379,22.22012265112078,-5.781625866689315,2.049549228059748
4,1.6457795021028379,29.99999999999996,-6.379846311415079,2.049549228059748
4,1.6457795021028379,40.503826829893846,-6.985069737634026,2.049549228059748
4,1.6457795021028379,54.68533292886767,-7.581402098116801,2.049549228059748
4,1.6457795021028379,73.83217516953168,-8.184814297974091,2.049549228059748
4,1.6457795021028379,99.68285458470345,-8.781422755047634,2.049549228059748
4,1.6457795021028379,134.58456933361077,-9.389128240460433,2.049549228059748
4,1.6457795021028379,181.70633634214732,-9.982056847329186,2.049549228059748
4,1.6457795021028379,245.3267327032263,-10.581136886091196,2.049549228059748
4,1.6457795021028379,331.2223832718382,-11.18491194081123,2.049549228059748
4,1.6457795021028379,447.1924684742427,-11.785739555790137,2.049549228059748
4,1.6457795021028379,603.766876757117,-12.388147535369162,2.049549228059748
4,1.6457795021028379,815.1623007265384,-12.987490416471193,2.049549228059748
4,1.6457795021028379,1100.5730888961868,-13.583775329811877,2.049549228059748
4,1.6457795021028379,1485.9140602097523,-14.1863517587187,2.049549228059748
4,1.6457795021028379,2006.1735259613445,-14.784812698657818,2.049549228059748
4,2.222012265112078,0.1,5.063139984187543,2.049549228059748
4,2.222012265112078,0.13501275609964633,4.438352298188328,2.049549228059748
4,2.222012265112078,0.18228444309622582,3.7544961519547067,2.049549228059748
4,2.222012265112078,0.24610725056510596,3.0200592349275266,2.049549228059748
4,2.222012265112078,0.33227618194901193,2.2313669919554275,2.049549228059748
4,2.222012265112078,0.4486152311120365,1.6098339775617554,2.049549228059748
4,2.222012265112078,0.6056877878071585,0.9152072134129735,2.049549228059748
4,2.222012265112078,0.8177557756774221,0.2562977933856144,2.049549228059748
4,2.222012265112078,1.1040746109061288,-0.37309556727216686,2.049549228059748
4,2.222012265112078,1.4906415615808106,-0.9757997356898261,2.049549228059748
4,2.222012265112078,2.012556255857059,-1.5783193322376061,2.049549228059748
4,2.222012265112078,2.717207669088465,-2.175264635239817,2.049549228059748
4,2.222012265112078,3.6685769629872937,-2.779125866797486,2.049549228059748
4,2.222012265112078,4.953046867365847,-3.3794882866560156,2.049549228059748
4,2.222012265112078,6.687245086537825,-3.9800368786552043,2.049549228059748
4,2.222012265112078,9.028633898472895,-4.583815501468586,2.049549228059748
4,2.222012265112078,12.189807464475196,-5.177028819277896,2.049549228059748
4,2.222012265112078,16.457795021028378,-5.779503926395123,2.049549228059748
4,2.222012265112078,22.22012265112078,-6.383756477385066,2.049549228059748
4,2.222012265112078,29.99999999999996,-6.9823577954175,2.049549228059748
4,2.222012265112078,40.503826829893846,-7.584762071392091,2.049549228059748
4,2.222012265112078,54.68533292886767,-8.185328930551048,2.049549228059748
4,2.222012265112078,73.83217516953168,-8.782445362812949,2.049549228059748
4,2.222012265112078,99.68285458470345,-9.38479177940341,2.049549228059748
4,2.222012265112078,134.58456933361077,-9.985303361465443,2.049549228059748
4,2.222012265112078,181.70633634214732,-10.584307682511273,2.049549228059748
4,2.222012265112078,245.3267327032263,-11.183709915449153,2.049549228059748
4,2.222012265112078,331.2223832718382,-11.781670943013703,2.049549228059748
4,2.222012265112078,447.1924684742427,-12.386300652264692,2.049549228059748
4,2.222012265112078,603.766876757117,-12.98458074727623,2.049549228059748
4,2.222012265112078,815.1623007265384,-13.581122741251212,2.049549228059748
4,2.222012265112078,1100.5730888961868,-14.187034627013631,2.049549228059748
4,2.222012265112078,1485.9140602097523,-14.785086296195288,2.049549228059748
4,2.222012265112078,2006.1735259613445,-15.384820033236307,2.049549228059748
4,2.999999999999996,0.1,4.417002550156929,2.049549228059748
4,2.999999999999996,0.13501275609964633,3.7698298216939548,2.049549228059748
4,2.999999999999996,0.18228444309622582,3.078809887997825,2.049549228059748
4,2.999999999999996,0.24610725056510596,2.3385782142928098,2.049549228059748
4,2.999999999999996,0.33227618194901193,1.5812557676100942,2.049549228059748
4,2.999999999999996,0.4486152311120365,0.9205084320798685,2.049549228059748
4,2.999999999999996,0.6056877878071585,0.2565361135159653,2.049549228059748
4,2.999999999999996,0.8177557756774221,-0.37051180451330534,2.049549228059748
4,2.999999999999996,1.1040746109061288,-0.9772322351203109,2.049549228059748
4,2.999999999999996,1.4906415615808106,-1.5772305481608626,2.049549228059748
4,2.999999999999996,2.012556255857059,-2.177426947663589,2.049549228059748
4,2.999999999999996,2.717207669088465,-2.782146011500501,2.049549228059748
4,2.999999999999996,3.6685769629872937,-3.379380633027439,2.049549228059748
4,2.999999999999996,4.953046867365847,-3.9799744926160727,2.049549228059748
4,2.999999999999996,6.687245086537825,-4.5813688548541,2.049549228059748
4,2.999999999999996,9.028633898472895,-5.177138119175482,2.049549228059748
4,2.999999999999996,12.189807464475196,-5.780802183423864,2.049549228059748
4,2.999999999999996,16.457795021028378,-6.379474964975154,2.049549228059748
4,2.999999999999996,22.22012265112078,-6.982389031539831,2.049549228059748
4,2.999999999999996,29.99999999999996,-7.581921596837657,2.049549228059748
4,2.999999999999996,40.503826829893846,-8.187671834310216,2.049549228059748
4,2.999999999999996,54.68533292886767,-8.779952019009357,2.049549228059748
4,2.999999999999996,73.83217516953168,-9.386769229475076,2.049549228059748
4,2.999999999999996,99.68285458470345,-9.986211671804389,2.049549228059748
4,2.999999999999996,134.58456933361077,-10.582815195041743,2.049549228059748
4,2.999999999999996,181.70633634214732,-11.181151394444079,2.049549228059748
4,2.999999999999996,245.3267327032263,-11.78597940640604,2.049549228059748
4,2.999999999999996,331.2223832718382,-12.382836209799224,2.049549228059748
4,2.999999999999996,447.1924684742427,-12.98340228199818,2.049549228059748
4,2.999999999999996,603.766876757117,-13.584319471107724,2.049549228059748
4,2.999999999999996,815.1623007265384,-14.184139023345617,2.049549228059748
4,2.999999999999996,1100.5730888961868,-14.782738446339401,2.049549228059748
4,2.999999999999996,1485.9140602097523,-15.382985122626334,2.049549228059748
4,2.999999999999996,2006.1735259613445,-15.985646446744363,2.049549228059748
6,0.01,0.1,16.636851634191927,2.4924431974989307
6,0.01,0.13501275609964633,15.930334071811405,2.4924431974989307
6,0.01,0.18228444309622582,15.253618742265992,2.4924431974989307
6,0.01,0.24610725056510596,14.636005680995302,2.4924431974989307
6,0.01,0.33227618194901193,13.646698971478344,2.4924431974989307
6,0.01,0.4486152311120365,12.857331072967154,2.4924431974989307
6,0.01,0.6056877878071585,12.492377108354813,2.4924431974989307
6,0.01,0.8177557756774221,10.945415343823361,2.4924431974989307
6,0.01,1.1040746109061288,11.274113427744544,2.4924431974989307
6,0.01,1.4906415615808106,10.681882641607862,2.4924431974989307
6,0.01,2.012556255857059,9.46643854318162,2.4924431974989307
6,0.01,2.717207669088465,8.271209767924343,2.4924431974989307
6,0.01,3.6685769629872937,8.6679518437842,2.4924431974989307
6,0.01,4.953046867365847,7.342322375697271,2.4924431974989307
6,0.01,6.687245086537825,7.204007186160259,2.4924431974989307
6,0.01,9.028633898472895,6.9299246275122774,2.4924431974989307
6,0.01,12.189807464475196,6.199006775233903,2.4924431974989307
6,0.01,16.457795021028378,6.134015642290114,2.4924431974989307
6,0.01,22.22012265112078,5.234889167640235,2.4924431974989307
6,0.01,29.99999999999996,4.587017031173502,2.4924431974989307
6,0.01,40.503826829893846,3.9241072940032513,2.4924431974989307
6,0.01,54.68533292886767,3.1927752393933173,2.4924431974989307
6,0.01,73.83217516953168,2.5214174474795725,2.4924431974989307
6,0.01,99.68285458470345,1.927073109223874,2.4924431974989307
6,0.01,134.58456933361077,1.296482504544694,2.4924431974989307
6,0.01,181.70633634214732,0.6486185687114789,2.4924431974989307
6,0.01,245.3267327032263,0.03268512554752372,2.4924431974989307
6,0.01,331.2223832718382,-0.5720259512957852,2.4924431974989307
6,0.01,447.1924684742427,-1.172039074538712,2.4924431974989307
6,0.01,603.766876757117,-1.7738549905053578,2.4924431974989307
6,0.01,815.1623007265384,-2.372775080065164,2.4924431974989307
6,0.01,1100.5730888961868,-2.9746193435604846,2.4924431974989307
6,0.01,1485.9140602097523,-3.575735649511564,2.4924431974989307
6,0.01,2006.1735259613445,-4.171466136926081,2.4924431974989307
6,0.013501275609964631,0.1,16.036410888889964,2.4924431974989307
6,0.013501275609964631,0.13501275609964633,15.329828167214785,2.4924431974989307
6,0.013501275609964631,0.18228444309622582,14.644191754051525,2.4924431974989307
6,0.013501275609964631,0.24610725056510596,14.035527629305475,2.4924431974989307
6,0.013501275609964631,0.33227618194901193,13.046231748331149,2.4924431974989307
6,0.013501275609964631,0.4486152311120365,12.254358049623104,2.4924431974989307
6,0.013501275609964631,0.6056877878071585,11.892444673422391,2.4924431974989307
6,0.013501275609964631,0.8177557756774221,10.353621427077183,2.4924431974989307
6,0.013501275609964631,1.1040746109061288,10.661840360447542,2.4924431974989307
6,0.013501275609964631,1.4906415615808106,10.082442743168977,2.4924431974989307
6,0.013501275609964631,2.012556255857059,8.855765685436989,2.4924431974989307
6,0.013501275609964631,2.717207669088465,7.69997221816777,2.4924431974989307
6,0.013501275609964631,3.6685769629872937,8.067969766095944,2.4924431974989307
6,0.013501275609964631,4.953046867365847,6.766787284319427,2.4924431974989307
6,0.013501275609964631,6.687245086537825,6.634181315005716,2.4924431974989307
6,0.013501275609964631,9.028633898472895,6.33276683348809,2.4924431974989307
6,0.013501275609964631,12.189807464475196,5.60077581924884,2.4924431974989307
6,0.013501275609964631,16.457795021028378,5.491042981112063,2.4924431974989307
6,0.013501275609964631,22.22012265112078,4.600473754640681,2.4924431974989307
6,0.013501275609964631,29.99999999999996,3.9456179723638534,2.4924431974989307
6,0.013501275609964631,40.503826829893846,3.2944942298215985,2.4924431974989307
6,0.013501275609964631,54.68533292886767,2.5732228115397895,2.4924431974989307
6,0.013501275609964631,73.83217516953168,1.9107056791950727,2.4924431974989307
6,0.013501275609964631,99.68285458470345,1.2878653059021368,2.4924431974989307
6,0.013501275609964631,134.58456933361077,0.6484769923757641,2.4924431974989307
6,0.013501275609964631,181.70633634214732,0.03188832680320639,2.4924431974989307
6,0.013501275609964631,245.3267327032263,-0.5712056964866191,2.4924431974989307
6,0.013501275609964631,331.2223832718382,-1.172255844373042,2.4924431974989307
6,0.013501275609964631,447.1924684742427,-1.774483025065363,2.4924431974989307
6,0.013501275609964631,603.766876757117,-2.373488405350225,2.4924431974989307
6,0.013501275609964631,815.1623007265384,-2.9726654878564798,2.4924431974989307
6,0.013501275609964631,1100.5730888961868,-3.5738085270233553,2.4924431974989307
6,0.013501275609964631,1485.9140602097523,-4.172490492879643,2.4924431974989307
6,0.013501275609964631,2006.1735259613445,-4.773001551841426,2.4924431974989307
6,0.018228444309622584,0.1,15.435936980978992,2.4924431974989307
6,0.018228444309622584,0.13501275609964633,14.729239971846196,2.4924431974989307
6,0.018228444309622584,0.18228444309622582,14.034619839909812,2.4924431974989307
6,0.018228444309622584,0.24610725056510596,13.434985239613965,2.4924431974989307
6,0.018228444309622584,0.33227618194901193,12.445702063512718,2.4924431974989307
6,0.018228444309622584,0.4486152311120365,11.650288176209273,2.4924431974989307
6,0.018228444309622584,0.6056877878071585,11.292694849344093,2.4924431974989307
6,0.018228444309622584,0.8177557756774221,9.763526950021808,2.4924431974989307
6,0.018228444309622584,1.1040746109061288,10.046175520091829,2.4924431974989307
6,0.018228444309622584,1.4906415615808106,9.480571089743584,2.4924431974989307
6,0.018228444309622584,2.012556255857059,8.244145524881919,2.4924431974989307
6,0.018228444309622584,2.717207669088465,7.132224939666339,2.4924431974989307
6,0.018228444309622584,3.6685769629872937,7.466047356229566,2.4924431974989307
6,0.018228444309622584,4.953046867365847,6.199919531652693,2.4924431974989307
6,0.018228444309622584,6.687245086537825,6.068560828596773,2.4924431974989307
6,0.018228444309622584,9.028633898472895,5.733266570152723,2.4924431974989307
6,0.018228444309622584,12.189807464475196,5.004910449067439,2.4924431974989307
6,0.018228444309622584,16.457795021028378,4.836683084660767,2.4924431974989307
6,0.018228444309622584,22.22012265112078,3.961190591073472,2.4924431974989307
6,0.018228444309622584,29.99999999999996,3.2981064503253803,2.4924431974989307
6,0.018228444309622584,40.503826829893846,2.6454906162762453,2.4924431974989307
6,0.018228444309622584,54.68533292886767,1.9375293902677748,2.4924431974989307
6,0.018228444309622584,73.83217516953168,1.2830700237684647,2.4924431974989307
6,0.018228444309622584,99.68285458470345,0.6507243712828562,2.4924431974989307
6,0.018228444309622584,134.58456933361077,0.028694000406555127,2.4924431974989307
6,0.018228444309622584,181.70633634214732,-0.570841832819325,2.4924431974989307
6,0.018228444309622584,245.3267327032263,-1.1726046506727201,2.4924431974989307
6,0.018228444309622584,331.2223832718382,-1.7745874156667514,2.4924431974989307
6,0.018228444309622584,447.1924684742427,-2.3711278785476546,2.4924431974989307
6,0.018228444309622584,603.766876757117,-2.973442605504172,2.4924431974989307
6,0.018228444309622584,815.1623007265384,-3.578551856248731,2.4924431974989307
6,0.018228444309622584,1100.5730888961868,-4.173572561598996,2.4924431974989307
6,0.018228444309622584,1485.9140602097523,-4.77498259239673,2.4924431974989307
6,0.018228444309622584,2006.1735259613445,-5.374600069675883,2.4924431974989307
6,0.024610725056510595,0.1,14.835403377541223,2.4924431974989307
6,0.024610725056510595,0.13501275609964633,14.128506345295406,2.4924431974989307
6,0.024610725056510595,0.18228444309622582,13.424983832974146,2.4924431974989307
6,0.024610725056510595,0.24610725056510596,12.834327259774318,2.4924431974989307
6,0.024610725056510595,0.33227618194901193,11.845058590572645,2.4924431974989307
6,0.024610725056510595,0.4486152311120365,11.045131686710388,2.4924431974989307
6,0.024610725056510595,0.6056877878071585,10.692997034910908,2.4924431974989307
6,0.024610725056510595,0.8177557756774221,9.175412025655781,2.4924431974989307
6,0.024610725056510595,1.1040746109061288,9.426737441325399,2.4924431974989307
6,0.024610725056510595,1.4906415615808106,8.876521570972,2.4924431974989307
6,0.024610725056510595,2.012556255857059,7.6328187680701145,2.4924431974989307
6,0.024610725056510595,2.717207669088465,6.569524223032768,2.4924431974989307
6,0.024610725056510595,3.6685769629872937,6.862292165301628,2.4924431974989307
6,0.024610725056510595,4.953046867365847,5.641762114890753,2.4924431974989307
6,0.024610725056510595,6.687245086537825,5.504942201672912,2.4924431974989307
6,0.024610725056510595,9.028633898472895,5.130994429041764,2.4924431974989307
6,0.024610725056510595,12.189807464475196,4.4097954137044,2.4924431974989307
6,0.024610725056510595,16.457795021028378,4.167750349578523,2.4924431974989307
6,0.024610725056510595,22.22012265112078,3.3136124343017346,2.4924431974989307
6,0.024610725056510595,29.99999999999996,2.640738917173838,2.4924431974989307
6,0.024610725056510595,40.503826829893846,1.9761500802093666,2.4924431974989307
6,0.024610725056510595,54.68533292886767,1.2900832208065194,2.4924431974989307
6,0.024610725056510595,73.83217516953168,0.6526957632866947,2.4924431974989307
6,0.024610725056510595,99.68285458470345,0.03249676614656979,2.4924431974989307
6,0.024610725056510595,134.58456933361077,-0.5726695007489181,2.4924431974989307
6,0.024610725056510595,181.70633634214732,-1.1719513949757852,2.4924431974989307
6,0.024610725056510595,245.3267327032263,-1.7737634248126255,2.4924431974989307
6,0.024610725056510595,331.2223832718382,-2.3704882756125305,2.4924431974989307
6,0.024610725056510595,447.1924684742427,-2.9748967349652338,2.4924431974989307
6,0.024610725056510595,603.766876757117,-3.5759819762986234,2.4924431974989307
6,0.024610725056510595,815.1623007265384,-4.170904073678642,2.4924431974989307
6,0.024610725056510595,1100.5730888961868,-4.771713112781193,2.4924431974989307
6,0.024610725056510595,1485.9140602097523,-5.375201186513938,2.4924431974989307
6,0.024610725056510595,2006.1735259613445,-5.974731817011616,2.4924431974989307
6,0.03322761819490119,0.1,14.234762198708504,2.4924431974989307
6,0.03322761819490119,0.13501275609964633,13.527518645982703,2.4924431974989307
6,0.03322761819490119,0.18228444309622582,12.815339874841724,2.4924431974989307
6,0.03322761819490119,0.24610725056510596,12.233463513479522,2.4924431974989307
6,0.03322761819490119,0.33227618194901193,11.244212310434065,2.4924431974989307
6,0.03322761819490119,0.4486152311120365,10.439124541391106,2.4924431974989307
6,0.03322761819490119,0.6056877878071585,10.092937156562472,2.4924431974989307
6,0.03322761819490119,0.8177557756774221,8.589828620737624,2.4924431974989307
6,0.03322761819490119,1.1040746109061288,8.803646142475806,2.4924431974989307
6,0.03322761819490119,1.4906415615808106,8.270623045768696,2.4924431974989307
6,0.03322761819490119,2.012556255857059,7.0241272647771495,2.4924431974989307
6,0.03322761819490119,2.717207669088465,6.014148248245797,2.4924431974989307
6,0.03322761819490119,3.6685769629872937,6.256893574903951,2.4924431974989307
6,0.03322761819490119,4.953046867365847,5.091668164859146,2.4924431974989307
6,0.03322761819490119,6.687245086537825,4.940345136174373,2.4924431974989307
6,0.03322761819490119,9.028633898472895,4.524628060634681,2.4924431974989307
6,0.03322761819490119,12.189807464475196,3.8121873268574777,2.4924431974989307
6,0.03322761819490119,16.457795021028378,3.4805009575084678,2.4924431974989307
6,0.03322761819490119,22.22012265112078,2.653521418835298,2.4924431974989307
6,0.03322761819490119,29.99999999999996,1.971116620117473,2.4924431974989307
6,0.03322761819490119,40.503826829893846,1.3011392478347514,2.4924431974989307
6,0.03322761819490119,54.68533292886767,0.649542649855125,2.4924431974989307
6,0.03322761819490119,73.83217516953168,0.03429563788307568,2.4924431974989307
6,0.03322761819490119,99.68285458470345,-0.5717582217343157,2.4924431974989307
6,0.03322761819490119,134.58456933361077,-1.1697396209468118,2.4924431974989307
6,0.03322761819490119,181.70633634214732,-1.7727816443501623,2.4924431974989307
6,0.03322761819490119,245.3267327032263,-2.374798993094657,2.4924431974989307
6,0.03322761819490119,331.2223832718382,-2.972505531917815,2.4924431974989307
6,0.03322761819490119,447.1924684742427,-3.576118773921742,2.4924431974989307
6,0.03322761819490119,603.766876757117,-4.171632163073774,2.4924431974989307
6,0.03322761819490119,815.1623007265384,-4.77371545062175,2.4924431974989307
6,0.03322761819490119,1100.5730888961868,-5.375021807209757,2.4924431974989307
6,0.03322761819490119,1485.9140602097523,-5.975187669182419,2.4924431974989307
6,0.03322761819490119,2006.1735259613445,-6.575485918922369,2.4924431974989307
6,0.04486152311120365,0.1,13.633927328784274,2.4924431974989307
6,0.04486152311120365,0.13501275609964633,12.926096841040048,2.4924431974989307
6,0.04486152311120365,0.18228444309622582,12.205735824973436,2.4924431974989307
6,0.04486152311120365,0.24610725056510596,11.632239300074255,2.4924431974989307
6,0.04486152311120365,0.33227618194901193,10.643016205522965,2.4924431974989307
6,0.04486152311120365,0.4486152311120365,9.832596607644145,2.4924431974989307
6,0.04486152311120365,0.6056877878071585,9.491753455220797,2.4924431974989307
6,0.04486152311120365,0.8177557756774221,8.007526178682602,2.4924431974989307
6,0.04486152311120365,1.1040746109061288,8.177864757292115,2.4924431974989307
6,0.04486152311120365,1.4906415615808106,7.6628586313024325,2.4924431974989307
6,0.04486152311120365,2.012556255857059,6.421404731630726,2.4924431974989307
6,0.04486152311120365,2.717207669088465,5.468635256495375,2.4924431974989307
6,0.04486152311120365,3.6685769629872937,5.650175598948315,2.4924431974989307
6,0.04486152311120365,4.953046867365847,4.5487720661654665,2.4924431974989307
6,0.04486152311120365,6.687245086537825,4.371076526699533,2.4924431974989307
6,0.04486152311120365,9.028633898472895,3.9110729633281913,2.4924431974989307
6,0.04486152311120365,12.189807464475196,3.206782879566626,2.4924431974989307
6,0.04486152311120365,16.457795021028378,2.77190653387614,2.4924431974989307
6,0.04486152311120365,22.22012265112078,1.979404004183149,2.4924431974989307
6,0.04486152311120365,29.99999999999996,1.299281001387962,2.4924431974989307
6,0.04486152311120365,40.503826829893846,0.650246883894611,2.4924431974989307
6,0.04486152311120365,54.68533292886767,0.03302367985199985,2.4924431974989307
6,0.04486152311120365,73.83217516953168,-0.5723745277342521,2.4924431974989307
6,0.04486152311120365,99.68285458470345,-1.1738006345241718,2.4924431974989307
6,0.04486152311120365,134.58456933361077,-1.7716935348779461,2.4924431974989307
6,0.04486152311120365,181.70633634214732,-2.3731446431406864,2.4924431974989307
6,0.04486152311120365,245.3267327032263,-2.9725895788059056,2.4924431974989307
6,0.04486152311120365,331.2223832718382,-3.5751310932231815,2.4924431974989307
6,0.04486152311120365,447.1924684742427,-4.17314041073657,2.4924431974989307
6,0.04486152311120365,603.766876757117,-4.771846755281928,2.4924431974989307
6,0.04486152311120365,815.1623007265384,-5.373376363691975,2.4924431974989307
6,0.04486152311120365,1100.5730888961868,-5.974691890842733,2.4924431974989307
6,0.04486152311120365,1485.9140602097523,-6.575575508787989,2.4924431974989307
6,0.04486152311120365,2006.1735259613445,-7.177752402205618,2.4924431974989307
6,0.06056877878071584,0.1,13.032745001519334,2.4924431974989307
6,0.06056877878071584,0.13501275609964633,12.323960910428555,2.4924431974989307
6,0.06056877878071584,0.18228444309622582,11.596221447210086,2.4924431974989307
6,0.06056877878071584,0.24610725056510596,11.030399383892206,2.4924431974989307
6,0.06056877878071584,0.33227618194901193,10.041247102957541,2.4924431974989307
6,0.06056877878071584,0.4486152311120365,9.225758526695536,2.4924431974989307
6,0.06056877878071584,0.6056877878071585,8.888476836590792,2.4924431974989307
6,0.06056877878071584,0.8177557756774221,7.429312360380872,2.4924431974989307
6,0.06056877878071584,1.1040746109061288,7.551110470832763,2.4924431974989307
6,0.06056877878071584,1.4906415615808106,7.052693530721154,2.4924431974989307
6,0.06056877878071584,2.012556255857059,5.828118568146474,2.4924431974989307
6,0.06056877878071584,2.717207669088465,4.935118953801659,2.4924431974989307
6,0.06056877878071584,3.6685769629872937,5.04255200861408,2.4924431974989307
6,0.06056877878071584,4.953046867365847,4.0120801080060895,2.4924431974989307
6,0.06056877878071584,6.687245086537825,3.792528623130213,2.4924431974989307
6,0.06056877878071584,9.028633898472895,3.285007819020766,2.4924431974989307
6,0.06056877878071584,12.189807464475196,2.586569060707258,2.4924431974989307
6,0.06056877878071584,16.457795021028378,2.0458977763408828,2.4924431974989307
6,0.06056877878071584,22.22012265112078,1.3030448049005372,2.4924431974989307
6,0.06056877878071584,29.99999999999996,0.6493552805386686,2.4924431974989307
6,0.06056877878071584,40.503826829893846,0.03270937710596221,2.4924431974989307
6,0.06056877878071584,54.68533292886767,-0.5707875393564764,2.4924431974989307
6,0.06056877878071584,73.83217516953168,-1.170550649968624,2.4924431974989307
6,0.06056877878071584,99.68285458470345,-1.7729613728890101,2.4924431974989307
6,0.06056877878071584,134.58456933361077,-2.370475418897231,2.4924431974989307
6,0.06056877878071584,181.70633634214732,-2.9737161290195036,2.4924431974989307
6,0.06056877878071584,245.3267327032263,-3.574022787840781,2.4924431974989307
6,0.06056877878071584,331.2223832718382,-4.172834492547153,2.4924431974989307
6,0.06056877878071584,447.1924684742427,-4.773684192100997,2.4924431974989307
6,0.06056877878071584,603.766876757117,-5.376789409724659,2.4924431974989307
6,0.06056877878071584,815.1623007265384,-5.974370782511076,2.4924431974989307
6,0.06056877878071584,1100.5730888961868,-6.573609633381927,2.4924431974989307
6,0.06056877878071584,1485.9140602097523,-7.175447227420772,2.4924431974989307
6,0.06056877878071584,2006.1735259613445,-7.774701214111277,2.4924431974989307
6,0.0817755775677422,0.1,12.430944458300948,2.4924431974989307
6,0.0817755775677422,0.13501275609964633,11.720716152349787,2.4924431974989307
6,0.0817755775677422,0.18228444309622582,10.986847796324176,2.4924431974989307
6,0.0817755775677422,0.24610725056510596,10.427544007576182,2.4924431974989307
6,0.0817755775677422,0.33227618194901193,9.438612341480592,2.4924431974989307
6,0.0817755775677422,0.4486152311120365,8.618550850328404,2.4924431974989307
6,0.0817755775677422,0.6056877878071585,8.282243642676278,2.4924431974989307
6,0.0817755775677422,0.8177557756774221,6.855963144910359,2.4924431974989307
6,0.0817755775677422,1.1040746109061288,6.925305491564757,2.4924431974989307
6,0.0817755775677422,1.4906415615808106,6.439274787878327,2.4924431974989307
6,0.0817755775677422,2.012556255857059,5.246641862731884,2.4924431974989307
6,0.0817755775677422,2.717207669088465,4.414486207651151,2.4924431974989307
6,0.0817755775677422,3.6685769629872937,4.434076315146669,2.4924431974989307
6,0.0817755775677422,4.953046867365847,3.479734147332994,2.4924431974989307
6,0.0817755775677422,6.687245086537825,3.198991468725453,2.4924431974989307
6,0.0817755775677422,9.028633898472895,2.6400678762888043,2.4924431974989307
6,0.0817755775677422,12.189807464475196,1.9466420491537908,2.4924431974989307
6,0.0817755775677422,16.457795021028378,1.3266495056972645,2.4924431974989307
6,0.0817755775677422,22.22012265112078,0.6508144188424462,2.4924431974989307
6,0.0817755775677422,29.99999999999996,0.030603911828243048,2.4924431974989307
6,0.0817755775677422,40.503826829893846,-0.57180975649174,2.4924431974989307
6,0.0817755775677422,54.68533292886767,-1.1725392527323575,2.4924431974989307
6,0.0817755775677422,73.83217516953168,-1.7713821167033321,2.4924431974989307
6,0.0817755775677422,99.68285458470345,-2.3726351969349033,2.4924431974989307
6,0.0817755775677422,134.58456933361077,-2.9751922963340993,2.4924431974989307
6,0.0817755775677422,181.70633634214732,-3.577901574387565,2.4924431974989307
6,0.0817755775677422,245.3267327032263,-4.170144628394274,2.4924431974989307
6,0.0817755775677422,331.2223832718382,-4.772803836268862,2.4924431974989307
6,0.0817755775677422,447.1924684742427,-5.37444940978872,2.4924431974989307
6,0.0817755775677422,603.766876757117,-5.9744097940441705,2.4924431974989307
6,0.0817755775677422,815.1623007265384,-6.576683183475078,2.4924431974989307
6,0.0817755775677422,1100.5730888961868,-7.17829807465521,2.4924431974989307
6,0.0817755775677422,1485.9140602097523,-7.7766270738454075,2.4924431974989307
6,0.0817755775677422,2006.1735259613445,-8.379163719712109,2.4924431974989307
6,0.11040746109061289,0.1,11.828060873102817,2.4924431974989307
6,0.11040746109061289,0.13501275609964633,11.115875109327938,2.4924431974989307
6,0.11040746109061289,0.18228444309622582,10.377642756576007,2.4924431974989307
6,0.11040746109061289,0.24610725056510596,9.823080444393106,2.4924431974989307
6,0.11040746109061289,0.33227618194901193,8.83481732190629,2.4924431974989307
6,0.11040746109061289,0.4486152311120365,8.010676314194843,2.4924431974989307
6,0.11040746109061289,0.6056877878071585,7.672623272405531,2.4924431974989307
6,0.11040746109061289,0.8177557756774221,6.288173794018314,2.4924431974989307
6,0.11040746109061289,1.1040746109061288,6.301959246419571,2.4924431974989307
6,0.11040746109061289,1.4906415615808106,5.821833446537872,2.4924431974989307
6,0.11040746109061289,2.012556255857059,4.677381562561873,2.4924431974989307
6,0.11040746109061289,2.717207669088465,3.9053741547944725,2.4924431974989307
6,0.11040746109061289,3.6685769629872937,3.823669384846868,2.4924431974989307
6,0.11040746109061289,4.953046867365847,2.9475131428596284,2.4924431974989307
6,0.11040746109061289,6.687245086537825,2.5844373448810436,2.4924431974989307
6,0.11040746109061289,9.028633898472895,1.9744338298081237,2.4924431974989307
6,0.11040746109061289,12.189807464475196,1.2939496099292191,2.4924431974989307
6,0.11040746109061289,16.457795021028378,0.6521228594270448,2.4924431974989307
6,0.11040746109061289,22.22012265112078,0.03253358921848618,2.4924431974989307
6,0.11040746109061289,29.99999999999996,-0.5727166320078774,2.4924431974989307
6,0.11040746109061289,40.503826829893846,-1.1736858845872629,2.4924431974989307
6,0.11040746109061289,54.68533292886767,-1.7739591303455537,2.4924431974989307
6,0.11040746109061289,73.83217516953168,-2.3729063342310175,2.4924431974989307
6,0.11040746109061289,99.68285458470345,-2.972787504545461,2.4924431974989307
6,0.11040746109061289,134.58456933361077,-3.5784608708815036,2.4924431974989307
6,0.11040746109061289,181.70633634214732,-4.17290652008414,2.4924431974989307
6,0.11040746109061289,245.3267327032263,-4.772618992917222,2.4924431974989307
6,0.11040746109061289,331.2223832718382,-5.376968585286942,2.4924431974989307
6,0.11040746109061289,447.1924684742427,-5.97625875070314,2.4924431974989307
6,0.11040746109061289,603.766876757117,-6.5744205027621,2.4924431974989307
6,0.11040746109061289,815.1623007265384,-7.177841721336919,2.4924431974989307
6,0.11040746109061289,1100.5730888961868,-7.7736000798350435,2.4924431974989307
6,0.11040746109061289,1485.9140602097523,-8.37649937122405,2.4924431974989307
6,0.11040746109061289,2006.1735259613445,-8.978647515912467,2.4924431974989307
6,0.14906415615808105,0.1,11.223330863523945,2.4924431974989307
6,0.14906415615808105,0.13501275609964633,10.508905454307415,2.4924431974989307
6,0.14906415615808105,0.18228444309622582,9.76854560389049,2.4924431974989307
6,0.14906415615808105,0.24610725056510596,9.21616835181454,2.4924431974989307
6,0.14906415615808105,0.33227618194901193,8.22970283862081,2.4924431974989307
6,0.14906415615808105,0.4486152311120365,7.4018847431264305,2.4924431974989307
6,0.14906415615808105,0.6056877878071585,7.059774802923721,2.4924431974989307
6,0.14906415615808105,0.8177557756774221,5.726436709701411,2.4924431974989307
6,0.14906415615808105,1.1040746109061288,5.681847063333892,2.4924431974989307
6,0.14906415615808105,1.4906415615808106,5.199989834642963,2.4924431974989307
6,0.14906415615808105,2.012556255857059,4.1185440952276,2.4924431974989307
6,0.14906415615808105,2.717207669088465,3.403189992344761,2.4924431974989307
6,0.14906415615808105,3.6685769629872937,3.2082754707287675,2.4924431974989307
6,0.14906415615808105,4.953046867365847,2.4073578079782867,2.4924431974989307
6,0.14906415615808105,6.687245086537825,1.946297659012443,2.4924431974989307
6,0.14906415615808105,9.028633898472895,1.3023974983175008,2.4924431974989307
6,0.14906415615808105,12.189807464475196,0.6505910148435199,2.4924431974989307
6,0.14906415615808105,16.457795021028378,0.029307829458615445,2.4924431974989307
6,0.14906415615808105,22.22012265112078,-0.5695939370202046,2.4924431974989307
6,0.14906415615808105,29.99999999999996,-1.170877650381368,2.4924431974989307
6,0.14906415615808105,40.503826829893846,-1.7745795477999498,2.4924431974989307
6,0.14906415615808105,54.68533292886767,-2.3729988607906245,2.4924431974989307
6,0.14906415615808105,73.83217516953168,-2.974948258396054,2.4924431974989307
6,0.14906415615808105,99.68285458470345,-3.5730347785667256,2.4924431974989307
6,0.14906415615808105,134.58456933361077,-4.170041376620743,2.4924431974989307
6,0.14906415615808105,181.70633634214732,-4.7724244810611225,2.4924431974989307
6,0.14906415615808105,245.3267327032263,-5.375536283540329,2.4924431974989307
6,0.14906415615808105,331.2223832718382,-5.976626907739359,2.4924431974989307
6,0.14906415615808105,447.1924684742427,-6.5765734199538,2.4924431974989307
6,0.14906415615808105,603.766876757117,-7.174539719920976,2.4924431974989307
6,0.14906415615808105,815.1623007265384,-7.773013236821593,2.4924431974989307
6,0.14906415615808105,1100.5730888961868,-8.377415810156181,2.4924431974989307
6,0.14906415615808105,1485.9140602097523,-8.977390844846163,2.4924431974989307
6,0.14906415615808105,2006.1735259613445,-9.577203628377784,2.4924431974989307
6,0.2012556255857059,0.1,10.615590604917763,2.4924431974989307
6,0.2012556255857059,0.13501275609964633,9.899223103690336,2.4924431974989307
6,0.2012556255857059,0.18228444309622582,9.159305521395023,2.4924431974989307
6,0.2012556255857059,0.24610725056510596,8.605678375720034,2.4924431974989307
6,0.2012556255857059,0.33227618194901193,7.623374077422118,2.4924431974989307
6,0.2012556255857059,0.4486152311120365,6.792403636393645,2.4924431974989307
6,0.2012556255857059,0.6056877878071585,6.444242253952433,2.4924431974989307
6,0.2012556255857059,0.8177557756774221,5.170941931769438,2.4924431974989307
6,0.2012556255857059,1.1040746109061288,5.06492010278859,2.4924431974989307
6,0.2012556255857059,1.4906415615808106,4.573610919371512,2.4924431974989307
6,0.2012556255857059,2.012556255857059,3.5661621872112876,2.4924431974989307
6,0.2012556255857059,2.717207669088465,2.8994819092806603,2.4924431974989307
6,0.2012556255857059,3.6685769629872937,2.5825379429948208,2.4924431974989307
6,0.2012556255857059,4.953046867365847,1.847822701480827,2.4924431974989307
6,0.2012556255857059,6.687245086537825,1.294024674441735,2.4924431974989307
6,0.2012556255857059,9.028633898472895,0.6517912822006875,2.4924431974989307
6,0.2012556255857059,12.189807464475196,0.031958047781783405,2.4924431974989307
6,0.2012556255857059,16.457795021028378,-0.5719365738097614,2.4924431974989307
6,0.2012556255857059,22.22012265112078,-1.1735912957343837,2.4924431974989307
6,0.2012556255857059,29.99999999999996,-1.7728719794949672,2.4924431974989307
6,0.2012556255857059,40.503826829893846,-2.3747105531602437,2.4924431974989307
6,0.2012556255857059,54.68533292886767,-2.9703905564839195,2.4924431974989307
6,0.2012556255857059,73.83217516953168,-3.5775376444805045,2.4924431974989307
6,0.2012556255857059,99.68285458470345,-4.172177434888088,2.4924431974989307
6,0.2012556255857059,134.58456933361077,-4.772304858267759,2.4924431974989307
6,0.2012556255857059,181.70633634214732,-5.375731198431286,2.4924431974989307
6,0.2012556255857059,245.3267327032263,-5.976570007865274,2.4924431974989307
6,0.2012556255857059,331.2223832718382,-6.576277661330603,2.4924431974989307
6,0.2012556255857059,447.1924684742427,-7.17717167380955,2.4924431974989307
6,0.2012556255857059,603.766876757117,-7.777058489961797,2.4924431974989307
6,0.2012556255857059,815.1623007265384,-8.37660143554623,2.4924431974989307
6,0.2012556255857059,1100.5730888961868,-8.978109356383772,2.4924431974989307
6,0.2012556255857059,1485.9140602097523,-9.575910953381552,2.4924431974989307
6,0.2012556255857059,2006.1735259613445,-10.176538046690608,2.4924431974989307
6,0.2717207669088465,0.1,10.003264712633461,2.4924431974989307
6,0.2717207669088465,0.13501275609964633,9.286070517266785,2.4924431974989307
6,0.2717207669088465,0.18228444309622582,8.549389197230573,2.4924431974989307
6,0.2717207669088465,0.24610725056510596,7.990272692038648,2.4924431974989307
6,0.2717207669088465,0.33227618194901193,7.0161881079948865,2.4924431974989307
6,0.2717207669088465,0.4486152311120365,6.183205826677879,2.4924431974989307
6,0.2717207669088465,0.6056877878071585,5.826432469044098,2.4924431974989307
6,0.2717207669088465,0.8177557756774221,4.621612732865123,2.4924431974989307
6,0.2717207669088465,1.1040746109061288,4.450133480859334,2.4924431974989307
6,0.2717207669088465,1.4906415615808106,3.9418878293398167,2.4924431974989307
6,0.2717207669088465,2.012556255857059,3.0139149723034904,2.4924431974989307
6,0.2717207669088465,2.717207669088465,2.3821829713202916,2.4924431974989307
6,0.2717207669088465,3.6685769629872937,1.9415598864389336,2.4924431974989307
6,0.2717207669088465,4.953046867365847,1.2598405951254208,2.4924431974989307
6,0.2717207669088465,6.687245086537825,0.6499920496390673,2.4924431974989307
6,0.2717207669088465,9.028633898472895,0.033896714093367405,2.4924431974989307
6,0.2717207669088465,12.189807464475196,-0.5705361674720267,2.4924431974989307
6,0.2717207669088465,16.457795021028378,-1.1718733397301715,2.4924431974989307
6,0.2717207669088465,22.22012265112078,-1.7730787343001528,2.4924431974989307
6,0.2717207669088465,29.99999999999996,-2.3711011780888906,2.4924431974989307
6,0.2717207669088465,40.503826829893846,-2.9755943893446624,2.4924431974989307
6,0.2717207669088465,54.68533292886767,-3.576098750349391,2.4924431974989307
6,0.2717207669088465,73.83217516953168,-4.172243460725911,2.4924431974989307
6,0.2717207669088465,99.68285458470345,-4.772784340786449,2.4924431974989307
6,0.2717207669088465,134.58456933361077,-5.375209913064855,2.4924431974989307
6,0.2717207669088465,181.70633634214732,-5.976337945738306,2.4924431974989307
6,0.2717207669088465,245.3267327032263,-6.574929517553746,2.4924431974989307
6,0.2717207669088465,331.2223832718382,-7.17650695468642,2.4924431974989307
6,0.2717207669088465,447.1924684742427,-7.77688796633787,2.4924431974989307
6,0.2717207669088465,603.766876757117,-8.377124109439032,2.4924431974989307
6,0.2717207669088465,815.1623007265384,-8.976470460376648,2.4924431974989307
6,0.2717207669088465,1100.5730888961868,-9.577807069452234,2.4924431974989307
6,0.2717207669088465,1485.9140602097523,-10.175515795147538,2.4924431974989307
6,0.2717207669088465,2006.1735259613445,-10.777632085162368,2.4924431974989307
6,0.3668576962987294,0.1,9.3845754616916,2.4924431974989307
6,0.3668576962987294,0.13501275609964633,8.668399810166813,2.4924431974989307
6,0.3668576962987294,0.18228444309622582,7.937913892135983,2.4924431974989307
6,0.3668576962987294,0.24610725056510596,7.368727015773594,2.4924431974989307
6,0.3668576962987294,0.33227618194901193,6.408524370772996,2.4924431974989307
6,0.3668576962987294,0.4486152311120365,5.575852388402416,2.4924431974989307
6,0.3668576962987294,0.6056877878071585,5.206121465714978,2.4924431974989307
6,0.3668576962987294,0.8177557756774221,4.077864759994491,2.4924431974989307
6,0.3668576962987294,1.1040746109061288,3.835127461674528,2.4924431974989307
6,0.3668576962987294,1.4906415615808106,3.301880493160604,2.4924431974989307
6,0.3668576962987294,2.012556255857059,2.452759023610205,2.4924431974989307
6,0.3668576962987294,2.717207669088465,1.8378690204499906,2.4924431974989307
6,0.3668576962987294,3.6685769629872937,1.2906776380298548,2.4924431974989307
6,0.3668576962987294,4.953046867365847,0.6467720995606969,2.4924431974989307
6,0.3668576962987294,6.687245086537825,0.03227753445297277,2.4924431974989307
6,0.3668576962987294,9.028633898472895,-0.5709506999478905,2.4924431974989307
6,0.3668576962987294,12.189807464475196,-1.1733938914631201,2.4924431974989307
6,0.3668576962987294,16.457795021028378,-1.7733655030304256,2.4924431974989307
6,0.3668576962987294,22.22012265112078,-2.3731940188313403,2.4924431974989307
6,0.3668576962987294,29.99999999999996,-2.9730657955344513,2.4924431974989307
6,0.3668576962987294,40.503826829893846,-3.575882570786191,2.4924431974989307
6,0.3668576962987294,54.68533292886767,-4.174949832974833,2.4924431974989307
6,0.3668576962987294,73.83217516953168,-4.773541596654049,2.4924431974989307
6,0.3668576962987294,99.68285458470345,-5.375011969230884,2.4924431974989307
6,0.3668576962987294,134.58456933361077,-5.975763903165952,2.4924431974989307
6,0.3668576962987294,181.70633634214732,-6.574671183149259,2.4924431974989307
6,0.3668576962987294,245.3267327032263,-7.176430027661134,2.4924431974989307
6,0.3668576962987294,331.2223832718382,-7.775661517321862,2.4924431974989307
6,0.3668576962987294,447.1924684742427,-8.380120363461234,2.4924431974989307
6,0.3668576962987294,603.766876757117,-8.978100680124378,2.4924431974989307
6,0.3668576962987294,815.1623007265384,-9.576903678201623,2.4924431974989307
6,0.3668576962987294,1100.5730888961868,-10.175806153515564,2.4924431974989307
6,0.3668576962987294,1485.9140602097523,-10.778071313812971,2.4924431974989307
6,0.3668576962987294,2006.1735259613445,-11.376130761977914,2.4924431974989307
6,0.4953046867365847,0.1,8.758005005713079,2.4924431974989307
6,0.4953046867365847,0.13501275609964633,8.044966035349157,2.4924431974989307
6,0.4953046867365847,0.18228444309622582,7.323542531562849,2.4924431974989307
6,0.4953046867365847,0.24610725056510596,6.740306159102819,2.4924431974989307
6,0.4953046867365847,0.33227618194901193,5.800351941103271,2.4924431974989307
6,0.4953046867365847,0.4486152311120365,4.9718559021742745,2.4924431974989307
6,0.4953046867365847,0.6056877878071585,4.582143191003136,2.4924431974989307
6,0.4953046867365847,0.8177557756774221,3.53760450870444,2.4924431974989307
6,0.4953046867365847,1.1040746109061288,3.2159359028226024,2.4924431974989307
6,0.4953046867365847,1.4906415615808106,2.6482501133507332,2.4924431974989307
6,0.4953046867365847,2.012556255857059,1.8722249908279684,2.4924431974989307
6,0.4953046867365847,2.717207669088465,1.2575352295348412,2.4924431974989307
6,0.4953046867365847,3.6685769629872937,0.6498490257210268,2.4924431974989307
6,0.4953046867365847,4.953046867365847,0.031934400107358346,2.4924431974989307
6,0.4953046867365847,6.687245086537825,-0.5713748389921428,2.4924431974989307
6,0.4953046867365847,9.028633898472895,-1.1735075019338097,2.4924431974989307
6,0.4953046867365847,12.189807464475196,-1.7743160402251403,2.4924431974989307
6,0.4953046867365847,16.457795021028378,-2.37010474376315,2.4924431974989307
6,0.4953046867365847,22.22012265112078,-2.973380357652247,2.4924431974989307
6,0.4953046867365847,29.99999999999996,-3.575833478873367,2.4924431974989307
6,0.4953046867365847,40.503826829893846,-4.172059802171823,2.4924431974989307
6,0.4953046867365847,54.68533292886767,-4.772999409804712,2.4924431974989307
6,0.4953046867365847,73.83217516953168,-5.375399096000346,2.4924431974989307
6,0.4953046867365847,99.68285458470345,-5.974550370320025,2.4924431974989307
6,0.4953046867365847,134.58456933361077,-6.576849123133996,2.4924431974989307
6,0.4953046867365847,181.70633634214732,-7.178586327044904,2.4924431974989307
6,0.4953046867365847,245.3267327032263,-7.772112381143227,2.4924431974989307
6,0.4953046867365847,331.2223832718382,-8.378080978607478,2.4924431974989307
6,0.4953046867365847,447.1924684742427,-8.977776456454388,2.4924431974989307
6,0.4953046867365847,603.766876757117,-9.577954139331563,2.4924431974989307
6,0.4953046867365847,815.1623007265384,-10.177258359865554,2.4924431974989307
6,0.4953046867365847,1100.5730888961868,-10.778072643587587,2.4924431974989307
6,0.4953046867365847,1485.9140602097523,-11.379002972622926,2.4924431974989307
6,0.4953046867365847,2006.1735259613445,-11.978673635018104,2.4924431974989307
6,0.6687245086537824,0.1,8.122779326906015,2.4924431974989307
6,0.6687245086537824,0.13501275609964633,7.414623654691492,2.4924431974989307
6,0.6687245086537824,0.18228444309622582,6.70437137143076,2.4924431974989307
6,0.6687245086537824,0.24610725056510596,6.104686098235308,2.4924431974989307
6,0.6687245086537824,0.33227618194901193,5.190678680261953,2.4924431974989307
6,0.6687245086537824,0.4486152311120365,4.3716682557206505,2.4924431974989307
6,0.6687245086537824,0.6056877878071585,3.952008779104005,2.4924431974989307
6,0.6687245086537824,0.8177557756774221,2.995846232017059,2.4924431974989307
6,0.6687245086537824,1.1040746109061288,2.587037515699364,2.4924431974989307
6,0.6687245086537824,1.4906415615808106,1.978092680446896,2.4924431974989307
6,0.6687245086537824,2.012556255857059,1.2675736250819403,2.4924431974989307
6,0.6687245086537824,2.717207669088465,0.6455145496368713,2.4924431974989307
6,0.6687245086537824,3.6685769629872937,0.03382413396282662,2.4924431974989307
6,0.6687245086537824,4.953046867365847,-0.5706834179627824,2.4924431974989307
6,0.6687245086537824,6.687245086537825,-1.1719898393473382,2.4924431974989307
6,0.6687245086537824,9.028633898472895,-1.7759550190191238,2.4924431974989307
6,0.6687245086537824,12.189807464475196,-2.3706637820435184,2.4924431974989307
6,0.6687245086537824,16.457795021028378,-2.971400991048346,2.4924431974989307
6,0.6687245086537824,22.22012265112078,-3.5757139589359936,2.4924431974989307
6,0.6687245086537824,29.99999999999996,-4.172336556687387,2.4924431974989307
6,0.6687245086537824,40.503826829893846,-4.77363630439469,2.4924431974989307
6,0.6687245086537824,54.68533292886767,-5.37446983373774,2.4924431974989307
6,0.6687245086537824,73.83217516953168,-5.976752760196208,2.4924431974989307
6,0.6687245086537824,99.68285458470345,-6.574189335251705,2.4924431974989307
6,0.6687245086537824,134.58456933361077,-7.1751877485329585,2.4924431974989307
6,0.6687245086537824,181.70633634214732,-7.774358923447754,2.4924431974989307
6,0.6687245086537824,245.3267327032263,-8.378325193911705,2.4924431974989307
6,0.6687245086537824,331.2223832718382,-8.978468049582075,2.4924431974989307
6,0.6687245086537824,447.1924684742427,-9.576353846896492,2.4924431974989307
6,0.6687245086537824,603.766876757117,-10.177520496467778,2.4924431974989307
6,0.6687245086537824,815.1623007265384,-10.778178773698396,2.4924431974989307
6,0.6687245086537824,1100.5730888961868,-11.37638593021275,2.4924431974989307
6,0.6687245086537824,1485.9140602097523,-11.977841334898912,2.4924431974989307
6,0.6687245086537824,2006.1735259613445,-12.579843723833791,2.4924431974989307
6,0.9028633898472894,0.1,7.479012521230377,2.4924431974989307
6,0.9028633898472894,0.13501275609964633,6.776571284354962,2.4924431974989307
6,0.9028633898472894,0.18228444309622582,6.078010995578878,2.4924431974989307
6,0.9028633898472894,0.24610725056510596,5.461233162600127,2.4924431974989307
6,0.9028633898472894,0.33227618194901193,4.577003178340566,2.4924431974989307
6,0.9028633898472894,0.4486152311120365,3.7735052416771233,2.4924431974989307
6,0.9028633898472894,0.6056877878071585,3.3114636469207355,2.4924431974989307
6,0.9028633898472894,0.8177557756774221,2.4439813918355626,2.4924431974989307
6,0.9028633898472894,1.1040746109061288,1.9437739734880761,2.4924431974989307
6,0.9028633898472894,1.4906415615808106,1.3035759862814043,2.4924431974989307
6,0.9028633898472894,2.012556255857059,0.647974090452217,2.4924431974989307
6,0.9028633898472894,2.717207669088465,0.03182113272085798,2.4924431974989307
6,0.9028633898472894,3.6685769629872937,-0.571501284055355,2.4924431974989307
6,0.9028633898472894,4.953046867365847,-1.1719204443521871,2.4924431974989307
6,0.9028633898472894,6.687245086537825,-1.7745223377768082,2.4924431974989307
6,0.9028633898472894,9.028633898472895,-2.37027429196493,2.4924431974989307
6,0.9028633898472894,12.189807464475196,-2.972728350149751,2.4924431974989307
6,0.9028633898472894,16.457795021028378,-3.5769177553486413,2.4924431974989307
6,0.9028633898472894,22.22012265112078,-4.1735337470247895,2.4924431974989307
6,0.9028633898472894,29.99999999999996,-4.774321611730519,2.4924431974989307
6,0.9028633898472894,40.503826829893846,-5.375505596652272,2.4924431974989307
6,0.9028633898472894,54.68533292886767,-5.97479244295049,2.4924431974989307
6,0.9028633898472894,73.83217516953168,-6.578917789051852,2.4924431974989307
6,0.9028633898472894,99.68285458470345,-7.176651734085108,2.4924431974989307
6,0.9028633898472894,134.58456933361077,-7.771386395972415,2.4924431974989307
6,0.9028633898472894,181.70633634214732,-8.375306462017761,2.4924431974989307
6,0.9028633898472894,245.3267327032263,-8.980426076430076,2.4924431974989307
6,0.9028633898472894,331.2223832718382,-9.577960380223953,2.4924431974989307
6,0.9028633898472894,447.1924684742427,-10.177872327268588,2.4924431974989307
6,0.9028633898472894,603.766876757117,-10.779836774653427,2.4924431974989307
6,0.9028633898472894,815.1623007265384,-11.379425211299157,2.4924431974989307
6,0.9028633898472894,1100.5730888961868,-11.978389892771673,2.4924431974989307
6,0.9028633898472894,1485.9140602097523,-12.57810456218639,2.4924431974989307
6,0.9028633898472894,2006.1735259613445,-13.184309101554021,2.4924431974989307
6,1.2189807464475195,0.1,6.827426850262408,2.4924431974989307
6,1.2189807464475195,0.13501275609964633,6.130311952418795,2.4924431974989307
6,1.2189807464475195,0.18228444309622582,5.44190443453849,2.4924431974989307
6,1.2189807464475195,0.24610725056510596,4.808150995334946,2.4924431974989307
6,1.2189807464475195,0.33227618194901193,3.9549584107152898,2.4924431974989307
6,1.2189807464475195,0.4486152311120365,3.172368845759636,2.4924431974989307
6,1.2189807464475195,0.6056877878071585,2.6551572432648607,2.4924431974989307
6,1.2189807464475195,0.8177557756774221,1.8712621409739452,2.4924431974989307
6,1.2189807464475195,1.1040746109061288,1.291112343155481,2.4924431974989307
6,1.2189807464475195,1.4906415615808106,0.6515398899607684,2.4924431974989307
6,1.2189807464475195,2.012556255857059,0.03255521781520271,2.4924431974989307
6,1.2189807464475195,2.717207669088465,-0.5694615112761927,2.4924431974989307
6,1.2189807464475195,3.6685769629872937,-1.1719883926917796,2.4924431974989307
6,1.2189807464475195,4.953046867365847,-1.770447079021306,2.4924431974989307
6,1.2189807464475195,6.687245086537825,-2.3715390128485447,2.4924431974989307
6,1.2189807464475195,9.028633898472895,-2.9724653553621856,2.4924431974989307
6,1.2189807464475195,12.189807464475196,-3.5780138008698974,2.4924431974989307
6,1.2189807464475195,16.457795021028378,-4.173149208856654,2.4924431974989307
6,1.2189807464475195,22.22012265112078,-4.771848593896849,2.4924431974989307
6,1.2189807464475195,29.99999999999996,-5.376218354660641,2.4924431974989307
6,1.2189807464475195,40.503826829893846,-5.977026367626885,2.4924431974989307
6,1.2189807464475195,54.68533292886767,-6.57629888584551,2.4924431974989307
6,1.2189807464475195,73.83217516953168,-7.17592069608859,2.4924431974989307
6,1.2189807464475195,99.68285458470345,-7.7743945366009966,2.4924431974989307
6,1.2189807464475195,134.58456933361077,-8.376705026130672,2.4924431974989307
6,1.2189807464475195,181.70633634214732,-8.979612011070587,2.4924431974989307
6,1.2189807464475195,245.3267327032263,-9.578915827647453,2.4924431974989307
6,1.2189807464475195,331.2223832718382,-10.177363753441506,2.4924431974989307
6,1.2189807464475195,447.1924684742427,-10.780015372758957,2.4924431974989307
6,1.2189807464475195,603.766876757117,-11.381554062850658,2.4924431974989307
6,1.2189807464475195,815.1623007265384,-11.979004612286072,2.4924431974989307
6,1.2189807464475195,1100.5730888961868,-12.581502819739,2.4924431974989307
6,1.2189807464475195,1485.9140602097523,-13.180861263539745,2.4924431974989307
6,1.2189807464475195,2006.1735259613445,-13.78228442148138,2.4924431974989307
6,1.6457795021028379,0.1,6.1688795074650224,2.4924431974989307
6,1.6457795021028379,0.13501275609964633,5.4753530328053195,2.4924431974989307
6,1.6457795021028379,0.18228444309622582,4.7935706025888125,2.4924431974989307
6,1.6457795021028379,0.24610725056510596,4.1421688035838535,2.4924431974989307
6,1.6457795021028379,0.33227618194901193,3.3186080789873804,2.4924431974989307
6,1.6457795021028379,0.4486152311120365,2.5602836151533648,2.4924431974989307
6,1.6457795021028379,0.6056877878071585,1.9815655250756838,2.4924431974989307
6,1.6457795021028379,0.8177557756774221,1.271025121871343,2.4924431974989307
6,1.6457795021028379,1.1040746109061288,0.6484148863401792,2.4924431974989307
6,1.6457795021028379,1.4906415615808106,0.03163955267967715,2.4924431974989307
6,1.6457795021028379,2.012556255857059,-0.5699980442137598,2.4924431974989307
6,1.6457795021028379,2.717207669088465,-1.1747016048422032,2.4924431974989307
6,1.6457795021028379,3.6685769629872937,-1.7731083365233158,2.4924431974989307
6,1.6457795021028379,4.953046867365847,-2.3731341478495316,2.4924431974989307
6,1.6457795021028379,6.687245086537825,-2.9720774107754546,2.4924431974989307
6,1.6457795021028379,9.028633898472895,-3.5769056123449605,2.4924431974989307
6,1.6457795021028379,12.189807464475196,-4.172956595494617,2.4924431974989307
6,1.6457795021028379,16.457795021028378,-4.7709688203463685,2.4924431974989307
6,1.6457795021028379,22.22012265112078,-5.374850312293322,2.4924431974989307
6,1.6457795021028379,29.99999999999996,-5.976775750936954,2.4924431974989307
6,1.6457795021028379,40.503826829893846,-6.574397453059949,2.4924431974989307
6,1.6457795021028379,54.68533292886767,-7.176694382116816,2.4924431974989307
6,1.6457795021028379,73.83217516953168,-7.7715332226107385,2.4924431974989307
6,1.6457795021028379,99.68285458470345,-8.37408102353999,2.4924431974989307
6,1.6457795021028379,134.58456933361077,-8.976426952263822,2.4924431974989307
6,1.6457795021028379,181.70633634214732,-9.575825789361476,2.4924431974989307
6,1.6457795021028379,245.3267327032263,-10.177621175979723,2.4924431974989307
6,1.6457795021028379,331.2223832718382,-10.777179019051259,2.4924431974989307
6,1.6457795021028379,447.1924684742427,-11.377286665416584,2.4924431974989307
6,1.6457795021028379,603.766876757117,-11.979547769636548,2.4924431974989307
6,1.6457795021028379,815.1623007265384,-12.578730184456766,2.4924431974989307
6,1.6457795021028379,1100.5730888961868,-13.184454443896344,2.4924431974989307
6,1.6457795021028379,1485.9140602097523,-13.782791817312955,2.4924431974989307
6,1.6457795021028379,2006.1735259613445,-14.378961899882093,2.4924431974989307
6,2.222012265112078,0.1,5.50388288587682,2.4924431974989307
6,2.222012265112078,0.13501275609964633,4.810897228979148,2.4924431974989307
6,2.222012265112078,0.18228444309622582,4.130464331689318,2.4924431974989307
6,2.222012265112078,0.24610725056510596,3.459041398036667,2.4924431974989307
6,2.222012265112078,0.33227618194901193,2.662223753142932,2.4924431974989307
6,2.222012265112078,0.4486152311120365,1.9303764479791101,2.4924431974989307
6,2.222012265112078,0.6056877878071585,1.3043508508527593,2.4924431974989307
6,2.222012265112078,0.8177557756774221,0.650286936066329,2.4924431974989307
6,2.222012265112078,1.1040746109061288,0.03167872513826783,2.4924431974989307
6,2.222012265112078,1.4906415615808106,-0.5717022629136026,2.4924431974989307
6,2.222012265112078,2.012556255857059,-1.1741067308242463,2.4924431974989307
6,2.222012265112078,2.717207669088465,-1.7730110042252905,2.4924431974989307
6,2.222012265112078,3.6685769629872937,-2.370707555874248,2.4924431974989307
6,2.222012265112078,4.953046867365847,-2.971879561380856,2.4924431974989307
6,2.222012265112078,6.687245086537825,-3.5761416299141606,2.4924431974989307
6,2.222012265112078,9.028633898472895,-4.171882261102698,2.4924431974989307
6,2.222012265112078,12.189807464475196,-4.771387252734773,2.4924431974989307
6,2.222012265112078,16.457795021028378,-5.374890064022435,2.4924431974989307
6,2.222012265112078,22.22012265112078,-5.976400988819972,2.4924431974989307
6,2.222012265112078,29.99999999999996,-6.5772257813903545,2.4924431974989307
6,2.222012265112078,40.503826829893846,-7.176572853118566,2.4924431974989307
6,2.222012265112078,54.68533292886767,-7.772836783750457,2.4924431974989307
6,2.222012265112078,73.83217516953168,-8.377191750826903,2.4924431974989307
6,2.222012265112078,99.68285458470345,-8.978253593634108,2.4924431974989307
6,2.222012265112078,134.58456933361077,-9.574783909652883,2.4924431974989307
6,2.222012265112078,181.70633634214732,-10.178995732908112,2.4924431974989307
6,2.222012265112078,245.3267327032263,-10.7756685201025,2.4924431974989307
6,2.222012265112078,331.2223832718382,-11.378057337794434,2.4924431974989307
6,2.222012265112078,447.1924684742427,-11.978646786844482,2.4924431974989307
6,2.222012265112078,603.766876757117,-12.580070741545894,2.4924431974989307
6,2.222012265112078,815.1623007265384,-13.183879905383959,2.4924431974989307
6,2.222012265112078,1100.5730888961868,-13.782185418000186,2.4924431974989307
6,2.222012265112078,1485.9140602097523,-14.381531341363816,2.4924431974989307
6,2.222012265112078,2006.1735259613445,-14.979773170182336,2.4924431974989307
6,2.999999999999996,0.1,4.832127729376027,2.4924431974989307
6,2.999999999999996,0.13501275609964633,4.13564891887762,2.4924431974989307
6,2.999999999999996,0.18228444309622582,3.449683447730747,2.4924431974989307
6,2.999999999999996,0.24610725056510596,2.755382573923372,2.4924431974989307
6,2.999999999999996,0.33227618194901193,1.9855949505540542,2.4924431974989307
6,2.999999999999996,0.4486152311120365,1.2868791614357558,2.4924431974989307
6,2.999999999999996,0.6056877878071585,0.6510314677534317,2.4924431974989307
6,2.999999999999996,0.8177557756774221,0.03379686507258746,2.4924431974989307
6,2.999999999999996,1.1040746109061288,-0.5713409189395108,2.4924431974989307
6,2.999999999999996,1.4906415615808106,-1.175094334126724,2.4924431974989307
6,2.999999999999996,2.012556255857059,-1.7736515908157406,2.4924431974989307
6,2.999999999999996,2.717207669088465,-2.373456889014445,2.4924431974989307
6,2.999999999999996,3.6685769629872937,-2.9737888882807795,2.4924431974989307
6,2.999999999999996,4.953046867365847,-3.5769085766964603,2.4924431974989307
6,2.999999999999996,6.687245086537825,-4.171785302995474,2.4924431974989307
6,2.999999999999996,9.028633898472895,-4.773458256002877,2.4924431974989307
6,2.999999999999996,12.189807464475196,-5.3746395461573,2.4924431974989307
6,2.999999999999996,16.457795021028378,-5.975724192196254,2.4924431974989307
6,2.999999999999996,22.22012265112078,-6.573537891434323,2.4924431974989307
6,2.999999999999996,29.99999999999996,-7.174587093444671,2.4924431974989307
6,2.999999999999996,40.503826829893846,-7.774538281761559,2.4924431974989307
6,2.999999999999996,54.68533292886767,-8.376557940539922,2.4924431974989307
6,2.999999999999996,73.83217516953168,-8.976195100272706,2.4924431974989307
6,2.999999999999996,99.68285458470345,-9.57721644630529,2.4924431974989307
6,2.999999999999996,134.58456933361077,-10.175181494299258,2.4924431974989307
6,2.999999999999996,181.70633634214732,-10.779318978841255,2.4924431974989307
6,2.999999999999996,245.3267327032263,-11.378750981395138,2.4924431974989307
6,2.999999999999996,331.2223832718382,-11.978996468726397,2.4924431974989307
6,2.999999999999996,447.1924684742427,-12.58142441076568,2.4924431974989307
6,2.999999999999996,603.766876757117,-13.18071259364857,2.4924431974989307
6,2.999999999999996,815.1623007265384,-13.779614811185013,2.4924431974989307
6,2.999999999999996,1100.5730888961868,-14.381039905472969,2.4924431974989307
6,2.999999999999996,1485.9140602097523,-14.978568909864977,2.4924431974989307
6,2.999999999999996,2006.1735259613445,-15.581717159353694,2.4924431974989307
8,0.01,0.1,16.212073384432646,2.8745920267492266
8,0.01,0.13501275609964633,15.650932051739362,2.8745920267492266
8,0.01,0.18228444309622582,14.911155345831665,2.8745920267492266
8,0.01,0.24610725056510596,13.79056640760397,2.8745920267492266
8,0.01,0.33227618194901193,13.261607918532333,2.8745920267492266
8,0.01,0.4486152311120365,12.242070184865865,2.8745920267492266
8,0.01,0.6056877878071585,11.67216525681633,2.8745920267492266
8,0.01,0.8177557756774221,11.53415206686579,2.8745920267492266
8,0.01,1.1040746109061288,10.91381171578842,2.8745920267492266
8,0.01,1.4906415615808106,10.370602622648002,2.8745920267492266
8,0.01,2.012556255857059,9.964082637527751,2.8745920267492266
8,0.01,2.717207669088465,9.492525533624173,2.8745920267492266
8,0.01,3.6685769629872937,9.093241009897858,2.8745920267492266
8,0.01,4.953046867365847,8.099732757412196,2.8745920267492266
8,0.01,6.687245086537825,7.444637469544604,2.8745920267492266
8,0.01,9.028633898472895,6.637778958814304,2.8745920267492266
8,0.01,12.189807464475196,6.335073300258253,2.8745920267492266
8,0.01,16.457795021028378,5.873643670981162,2.8745920267492266
8,0.01,22.22012265112078,4.937155602519085,2.8745920267492266
8,0.01,29.99999999999996,4.512459844451008,2.8745920267492266
8,0.01,40.503826829893846,4.190252524775426,2.8745920267492266
8,0.01,54.68533292886767,3.5065038384605067,2.8745920267492266
8,0.01,73.83217516953168,2.897099791474067,2.8745920267492266
8,0.01,99.68285458470345,2.1961292083377884,2.8745920267492266
8,0.01,134.58456933361077,1.5807466853419705,2.8745920267492266
8,0.01,181.70633634214732,0.9322264377780531,2.8745920267492266
8,0.01,245.3267327032263,0.3192938370084215,2.8745920267492266
8,0.01,331.2223832718382,-0.2823037219798531,2.8745920267492266
8,0.01,447.1924684742427,-0.8845324437614345,2.8745920267492266
8,0.01,603.766876757117,-1.4830899367366979,2.8745920267492266
8,0.01,815.1623007265384,-2.085724295621151,2.8745920267492266
8,0.01,1100.5730888961868,-2.686770031367894,2.8745920267492266
8,0.01,1485.9140602097523,-3.2878860431697827,2.8745920267492266
8,0.01,2006.1735259613445,-3.888016560615615,2.8745920267492266
8,0.013501275609964631,0.1,15.611616138816677,2.8745920267492266
8,0.013501275609964631,0.13501275609964633,15.039794328435654,2.8745920267492266
8,0.013501275609964631,0.18228444309622582,14.301370140256473,2.8745920267492266
8,0.013501275609964631,0.24610725056510596,13.190713322229037,2.8745920267492266
8,0.013501275609964631,0.33227618194901193,12.654548084059076,2.8745920267492266
8,0.013501275609964631,0.4486152311120365,11.641922562151839,2.8745920267492266
8,0.013501275609964631,0.6056877878071585,11.073099798583975,2.8745920267492266
8,0.013501275609964631,0.8177557756774221,10.93865589848643,2.8745920267492266
8,0.013501275609964631,1.1040746109061288,10.316883440867471,2.8745920267492266
8,0.013501275609964631,1.4906415615808106,9.778741444875797,2.8745920267492266
8,0.013501275609964631,2.012556255857059,9.366857093895977,2.8745920267492266
8,0.013501275609964631,2.717207669088465,8.90160262363727,2.8745920267492266
8,0.013501275609964631,3.6685769629872937,8.49852527257344,2.8745920267492266
8,0.013501275609964631,4.953046867365847,7.488521484337913,2.8745920267492266
8,0.013501275609964631,6.687245086537825,6.845097809712651,2.8745920267492266
8,0.013501275609964631,9.028633898472895,6.037644028294381,2.8745920267492266
8,0.013501275609964631,12.189807464475196,5.732945144057724,2.8745920267492266
8,0.013501275609964631,16.457795021028378,5.277897972869763,2.8745920267492266
8,0.013501275609964631,22.22012265112078,4.36695644644036,2.8745920267492266
8,0.013501275609964631,29.99999999999996,3.9427780166557254,2.8745920267492266
8,0.013501275609964631,40.503826829893846,3.553163486537449,2.8745920267492266
8,0.013501275609964631,54.68533292886767,2.8740578057507356,2.8745920267492266
8,0.013501275609964631,73.83217516953168,2.239618171706914,2.8745920267492266
8,0.013501275609964631,99.68285458470345,1.5621026938765352,2.8745920267492266
8,0.013501275609964631,134.58456933361077,0.9338757320915742,2.8745920267492266
8,0.013501275609964631,181.70633634214732,0.32109890639304955,2.8745920267492266
8,0.013501275609964631,245.3267327032263,-0.28522194681448376,2.8745920267492266
8,0.013501275609964631,331.2223832718382,-0.8851700155567004,2.8745920267492266
8,0.013501275609964631,447.1924684742427,-1.4842440511045372,2.8745920267492266
8,0.013501275609964631,603.766876757117,-2.085993871086826,2.8745920267492266
8,0.013501275609964631,815.1623007265384,-2.685555320805904,2.8745920267492266
8,0.013501275609964631,1100.5730888961868,-3.2835517391624665,2.8745920267492266
8,0.013501275609964631,1485.9140602097523,-3.88608729770635,2.8745920267492266
8,0.013501275609964631,2006.1735259613445,-4.487581904175135,2.8745920267492266
8,0.018228444309622584,0.1,15.011114127476436,2.8745920267492266
8,0.018228444309622584,0.13501275609964633,14.426522924950028,2.8745920267492266
8,0.018228444309622584,0.18228444309622582,13.691412670705253,2.8745920267492266
8,0.018228444309622584,0.24610725056510596,12.591290893328962,2.8745920267492266
8,0.018228444309622584,0.33227618194901193,12.047115832648146,2.8745920267492266
8,0.018228444309622584,0.4486152311120365,11.041978429157945,2.8745920267492266
8,0.018228444309622584,0.6056877878071585,10.474949052909428,2.8745920267492266
8,0.018228444309622584,0.8177557756774221,10.345504520636144,2.8745920267492266
8,0.018228444309622584,1.1040746109061288,9.722216695983821,2.8745920267492266
8,0.018228444309622584,1.4906415615808106,9.188483663025117,2.8745920267492266
8,0.018228444309622584,2.012556255857059,8.770997534263913,2.8745920267492266
8,0.018228444309622584,2.717207669088465,8.31056284158801,2.8745920267492266
8,0.018228444309622584,3.6685769629872937,7.903922078372018,2.8745920267492266
8,0.018228444309622584,4.953046867365847,6.880696931367024,2.8745920267492266
8,0.018228444309622584,6.687245086537825,6.249351866085757,2.8745920267492266
8,0.018228444309622584,9.028633898472895,5.442967564653757,2.8745920267492266
8,0.018228444309622584,12.189807464475196,5.136800358202859,2.8745920267492266
8,0.018228444309622584,16.457795021028378,4.679276328875921,2.8745920267492266
8,0.018228444309622584,22.22012265112078,3.8044755766018863,2.8745920267492266
8,0.018228444309622584,29.99999999999996,3.365668704061149,2.8745920267492266
8,0.018228444309622584,40.503826829893846,2.902922866477093,2.8745920267492266
8,0.018228444309622584,54.68533292886767,2.22562116362705,2.8745920267492266
8,0.018228444309622584,73.83217516953168,1.5782224764104305,2.8745920267492266
8,0.018228444309622584,99.68285458470345,0.9337289895806392,2.8745920267492266
8,0.018228444309622584,134.58456933361077,0.317711897664985,2.8745920267492266
8,0.018228444309622584,181.70633634214732,-0.2837474719523305,2.8745920267492266
8,0.018228444309622584,245.3267327032263,-0.885966258017001,2.8745920267492266
8,0.018228444309622584,331.2223832718382,-1.484256351909725,2.8745920267492266
8,0.018228444309622584,447.1924684742427,-2.0851369526791395,2.8745920267492266
8,0.018228444309622584,603.766876757117,-2.689721912888759,2.8745920267492266
8,0.018228444309622584,815.1623007265384,-3.2831333743093345,2.8745920267492266
8,0.018228444309622584,1100.5730888961868,-3.884011602077098,2.8745920267492266
8,0.018228444309622584,1485.9140602097523,-4.486888867149328,2.8745920267492266
8,0.018228444309622584,2006.1735259613445,-5.0903148080857115,2.8745920267492266
8,0.024610725056510595,0.1,14.41053219821365,2.8745920267492266
8,0.024610725056510595,0.13501275609964633,13.811546560260616,2.8745920267492266
8,0.024610725056510595,0.18228444309622582,13.081224288649192,2.8745920267492266
8,0.024610725056510595,0.24610725056510596,11.992611490407569,2.8745920267492266
8,0.024610725056510595,0.33227618194901193,11.439886136490456,2.8745920267492266
8,0.024610725056510595,0.4486152311120365,10.442399375223975,2.8745920267492266
8,0.024610725056510595,0.6056877878071585,9.878181109361202,2.8745920267492266
8,0.024610725056510595,0.8177557756774221,9.755192820846991,2.8745920267492266
8,0.024610725056510595,1.1040746109061288,9.13056348275405,2.8745920267492266
8,0.024610725056510595,1.4906415615808106,8.600383253067612,2.8745920267492266
8,0.024610725056510595,2.012556255857059,8.17640630671115,2.8745920267492266
8,0.024610725056510595,2.717207669088465,7.719117276451166,2.8745920267492266
8,0.024610725056510595,3.6685769629872937,7.308460488877535,2.8745920267492266
8,0.024610725056510595,4.953046867365847,6.277467267791654,2.8745920267492266
8,0.024610725056510595,6.687245086537825,5.659339268799274,2.8745920267492266
8,0.024610725056510595,9.028633898472895,4.857208590600553,2.8745920267492266
8,0.024610725056510595,12.189807464475196,4.545949853551607,2.8745920267492266
8,0.024610725056510595,16.457795021028378,4.075976108849826,2.8745920267492266
8,0.024610725056510595,22.22012265112078,3.2470946632517936,2.8745920267492266
8,0.024610725056510595,29.99999999999996,2.7763978802464493,2.8745920267492266
8,0.024610725056510595,40.503826829893846,2.2401815707780424,2.8745920267492266
8,0.024610725056510595,54.68533292886767,1.5719769476173242,2.8745920267492266
8,0.024610725056510595,73.83217516953168,0.9364477563121227,2.8745920267492266
8,0.024610725056510595,99.68285458470345,0.3199184697172973,2.8745920267492266
8,0.024610725056510595,134.58456933361077,-0.28556779247023545,2.8745920267492266
8,0.024610725056510595,181.70633634214732,-0.8852160945246841,2.8745920267492266
8,0.024610725056510595,245.3267327032263,-1.4836695891854046,2.8745920267492266
8,0.024610725056510595,331.2223832718382,-2.085184305593128,2.8745920267492266
8,0.024610725056510595,447.1924684742427,-2.6886943839230826,2.8745920267492266
8,0.024610725056510595,603.766876757117,-3.2863388422551334,2.8745920267492266
8,0.024610725056510595,815.1623007265384,-3.8870911323312227,2.8745920267492266
8,0.024610725056510595,1100.5730888961868,-4.486638121901647,2.8745920267492266
8,0.024610725056510595,1485.9140602097523,-5.086746427093872,2.8745920267492266
8,0.024610725056510595,2006.1735259613445,-5.6854719606535005,2.8745920267492266
8,0.03322761819490119,0.1,13.809807591955026,2.8745920267492266
8,0.03322761819490119,0.13501275609964633,13.195449906472462,2.8745920267492266
8,0.03322761819490119,0.18228444309622582,12.470677732457446,2.8745920267492266
8,0.03322761819490119,0.24610725056510596,11.395164009691657,2.8745920267492266
8,0.03322761819490119,0.33227618194901193,10.833463605383182,2.8745920267492266
8,0.03322761819490119,0.4486152311120365,9.843467314654113,2.8745920267492266
8,0.03322761819490119,0.6056877878071585,9.28333839238004,2.8745920267492266
8,0.03322761819490119,0.8177557756774221,9.168097631722741,2.8745920267492266
8,0.03322761819490119,1.1040746109061288,8.542586828080001,2.8745920267492266
8,0.03322761819490119,1.4906415615808106,8.01537903104743,2.8745920267492266
8,0.03322761819490119,2.012556255857059,7.582503726155779,2.8745920267492266
8,0.03322761819490119,2.717207669088465,7.126991623980843,2.8745920267492266
8,0.03322761819490119,3.6685769629872937,6.711100555030638,2.8745920267492266
8,0.03322761819490119,4.953046867365847,5.67990365328214,2.8745920267492266
8,0.03322761819490119,6.687245086537825,5.0764356081925355,2.8745920267492266
8,0.03322761819490119,9.028633898472895,4.283625785405109,2.8745920267492266
8,0.03322761819490119,12.189807464475196,3.958365113125781,2.8745920267492266
8,0.03322761819490119,16.457795021028378,3.465287394407366,2.8745920267492266
8,0.03322761819490119,22.22012265112078,2.689002294976514,2.8745920267492266
8,0.03322761819490119,29.99999999999996,2.170719584303204,2.8745920267492266
8,0.03322761819490119,40.503826829893846,1.5770003612100232,2.8745920267492266
8,0.03322761819490119,54.68533292886767,0.9339076534708177,2.8745920267492266
8,0.03322761819490119,73.83217516953168,0.3206051784038022,2.8745920267492266
8,0.03322761819490119,99.68285458470345,-0.28283504400581616,2.8745920267492266
8,0.03322761819490119,134.58456933361077,-0.8840220166707271,2.8745920267492266
8,0.03322761819490119,181.70633634214732,-1.484935300120877,2.8745920267492266
8,0.03322761819490119,245.3267327032263,-2.0844603430583932,2.8745920267492266
8,0.03322761819490119,331.2223832718382,-2.6888455979726027,2.8745920267492266
8,0.03322761819490119,447.1924684742427,-3.2855348243656644,2.8745920267492266
8,0.03322761819490119,603.766876757117,-3.8861229070454995,2.8745920267492266
8,0.03322761819490119,815.1623007265384,-4.487864436599854,2.8745920267492266
8,0.03322761819490119,1100.5730888961868,-5.088050295722911,2.8745920267492266
8,0.03322761819490119,1485.9140602097523,-5.682838232857225,2.8745920267492266
8,0.03322761819490119,2006.1735259613445,-6.285703410750658,2.8745920267492266
8,0.04486152311120365,0.1,13.208829270460557,2.8745920267492266
8,0.04486152311120365,0.13501275609964633,12.578865162303735,2.8745920267492266
8,0.04486152311120365,0.18228444309622582,11.859562372017292,2.8745920267492266
8,0.04486152311120365,0.24610725056510596,10.799639216754281,2.8745920267492266
8,0.04486152311120365,0.33227618194901193,10.228439636003907,2.8745920267492266
8,0.04486152311120365,0.4486152311120365,9.245658348676717,2.8745920267492266
8,0.04486152311120365,0.6056877878071585,8.690983262469834,2.8745920267492266
8,0.04486152311120365,0.8177557756774221,8.584418151728446,2.8745920267492266
8,0.04486152311120365,1.1040746109061288,7.958675235896743,2.8745920267492266
8,0.04486152311120365,1.4906415615808106,7.434519484941856,2.8745920267492266
8,0.04486152311120365,2.012556255857059,6.98830946384514,2.8745920267492266
8,0.04486152311120365,2.717207669088465,6.5341100108542465,2.8745920267492266
8,0.04486152311120365,3.6685769629872937,6.110647710361276,2.8745920267492266
8,0.04486152311120365,4.953046867365847,5.088715290260852,2.8745920267492266
8,0.04486152311120365,6.687245086537825,4.50050279592846,2.8745920267492266
8,0.04486152311120365,9.028633898472895,3.7241443223609347,2.8745920267492266
8,0.04486152311120365,12.189807464475196,3.3703261013203822,2.8745920267492266
8,0.04486152311120365,16.457795021028378,2.843598313464395,2.8745920267492266
8,0.04486152311120365,22.22012265112078,2.120956702663966,2.8745920267492266
8,0.04486152311120365,29.99999999999996,1.5510017766591526,2.8745920267492266
8,0.04486152311120365,40.503826829893846,0.935204069033266,2.8745920267492266
8,0.04486152311120365,54.68533292886767,0.3202228656939895,2.8745920267492266
8,0.04486152311120365,73.83217516953168,-0.2825565166866282,2.8745920267492266
8,0.04486152311120365,99.68285458470345,-0.8848579942515045,2.8745920267492266
8,0.04486152311120365,134.58456933361077,-1.482008147438515,2.8745920267492266
8,0.04486152311120365,181.70633634214732,-2.084693064297646,2.8745920267492266
8,0.04486152311120365,245.3267327032263,-2.687598525688816,2.8745920267492266
8,0.04486152311120365,331.2223832718382,-3.2846448839237157,2.8745920267492266
8,0.04486152311120365,447.1924684742427,-3.8865817406107577,2.8745920267492266
8,0.04486152311120365,603.766876757117,-4.486712608671779,2.8745920267492266
8,0.04486152311120365,815.1623007265384,-5.087777930615659,2.8745920267492266
8,0.04486152311120365,1100.5730888961868,-5.683255875810754,2.8745920267492266
8,0.04486152311120365,1485.9140602097523,-6.2852310432150995,2.8745920267492266
8,0.04486152311120365,2006.1735259613445,-6.889511857500255,2.8745920267492266
8,0.06056877878071584,0.1,12.607404257403163,2.8745920267492266
8,0.06056877878071584,0.13501275609964633,11.962390035857965,2.8745920267492266
8,0.06056877878071584,0.18228444309622582,11.247588187451504,2.8745920267492266
8,0.06056877878071584,0.24610725056510596,10.206878104599427,2.8745920267492266
8,0.06056877878071584,0.33227618194901193,9.625323608194979,2.8745920267492266
8,0.06056877878071584,0.4486152311120365,8.64973569565108,2.8745920267492266
8,0.06056877878071584,0.6056877878071585,8.101731225024674,2.8745920267492266
8,0.06056877878071584,0.8177557756774221,8.004041475177525,2.8745920267492266
8,0.06056877878071584,1.1040746109061288,7.378783423370248,2.8745920267492266
8,0.06056877878071584,1.4906415615808106,6.8585453120213495,2.8745920267492266
8,0.06056877878071584,2.012556255857059,6.392755840633287,2.8745920267492266
8,0.06056877878071584,2.717207669088465,5.940478467799326,2.8745920267492266
8,0.06056877878071584,3.6685769629872937,5.50522651634154,2.8745920267492266
8,0.06056877878071584,4.953046867365847,4.503776142385932,2.8745920267492266
8,0.06056877878071584,6.687245086537825,3.9287550362699455,2.8745920267492266
8,0.06056877878071584,9.028633898472895,3.1777381378796052,2.8745920267492266
8,0.06056877878071584,12.189807464475196,2.776252788008555,2.8745920267492266
8,0.06056877878071584,16.457795021028378,2.2087646843953896,2.8745920267492266
8,0.06056877878071584,22.22012265112078,1.5339606653152666,2.8745920267492266
8,0.06056877878071584,29.99999999999996,0.9287026860926267,2.8745920267492266
8,0.06056877878071584,40.503826829893846,0.31960137880025047,2.8745920267492266
8,0.06056877878071584,54.68533292886767,-0.2839772725390612,2.8745920267492266
8,0.06056877878071584,73.83217516953168,-0.882859813325858,2.8745920267492266
8,0.06056877878071584,99.68285458470345,-1.484934586179721,2.8745920267492266
8,0.06056877878071584,134.58456933361077,-2.085462238207596,2.8745920267492266
8,0.06056877878071584,181.70633634214732,-2.6879393864951853,2.8745920267492266
8,0.06056877878071584,245.3267327032263,-3.2839913295021494,2.8745920267492266
8,0.06056877878071584,331.2223832718382,-3.8875483559390336,2.8745920267492266
8,0.06056877878071584,447.1924684742427,-4.489248585225701,2.8745920267492266
8,0.06056877878071584,603.766876757117,-5.087896905548304,2.8745920267492266
8,0.06056877878071584,815.1623007265384,-5.683610577133847,2.8745920267492266
8,0.06056877878071584,1100.5730888961868,-6.284491838741134,2.8745920267492266
8,0.06056877878071584,1485.9140602097523,-6.8912839410906574,2.8745920267492266
8,0.06056877878071584,2006.1735259613445,-7.485766308476149,2.8745920267492266
8,0.0817755775677422,0.1,12.005207975420399,2.8745920267492266
8,0.0817755775677422,0.13501275609964633,11.34652006065976,2.8745920267492266
8,0.0817755775677422,0.18228444309622582,10.634449274958717,2.8745920267492266
8,0.0817755775677422,0.24610725056510596,9.617726578800916,2.8745920267492266
8,0.0817755775677422,0.33227618194901193,9.024504239751472,2.8745920267492266
8,0.0817755775677422,0.4486152311120365,8.056832715183125,2.8745920267492266
8,0.0817755775677422,0.6056877878071585,7.516399282794361,2.8745920267492266
8,0.0817755775677422,0.8177557756774221,7.4264001155406865,2.8745920267492266
8,0.0817755775677422,1.1040746109061288,6.802430786656473,2.8745920267492266
8,0.0817755775677422,1.4906415615808106,6.28752187348718,2.8745920267492266
8,0.0817755775677422,2.012556255857059,5.795122008796775,2.8745920267492266
8,0.0817755775677422,2.717207669088465,5.345465737352534,2.8745920267492266
8,0.0817755775677422,3.6685769629872937,4.8916206153194555,2.8745920267492266
8,0.0817755775677422,4.953046867365847,3.9234916731671032,2.8745920267492266
8,0.0817755775677422,6.687245086537825,3.355171418817192,2.8745920267492266
8,0.0817755775677422,9.028633898472895,2.6384079763343635,2.8745920267492266
8,0.0817755775677422,12.189807464475196,2.1704565242948837,2.8745920267492266
8,0.0817755775677422,16.457795021028378,1.5673108396480357,2.8745920267492266
8,0.0817755775677422,22.22012265112078,0.9275274786081465,2.8745920267492266
8,0.0817755775677422,29.99999999999996,0.31733787631955157,2.8745920267492266
8,0.0817755775677422,40.503826829893846,-0.2839193918536129,2.8745920267492266
8,0.0817755775677422,54.68533292886767,-0.8855638301403967,2.8745920267492266
8,0.0817755775677422,73.83217516953168,-1.4843972599042967,2.8745920267492266
8,0.0817755775677422,99.68285458470345,-2.085206778452321,2.8745920267492266
8,0.0817755775677422,134.58456933361077,-2.6882126788265275,2.8745920267492266
8,0.0817755775677422,181.70633634214732,-3.2837524129995272,2.8745920267492266
8,0.0817755775677422,245.3267327032263,-3.8857436691091927,2.8745920267492266
8,0.0817755775677422,331.2223832718382,-4.4876738933864075,2.8745920267492266
8,0.0817755775677422,447.1924684742427,-5.086327912072806,2.8745920267492266
8,0.0817755775677422,603.766876757117,-5.682450486669803,2.8745920267492266
8,0.0817755775677422,815.1623007265384,-6.284327805135857,2.8745920267492266
8,0.0817755775677422,1100.5730888961868,-6.885909637719841,2.8745920267492266
8,0.0817755775677422,1485.9140602097523,-7.489015998947444,2.8745920267492266
8,0.0817755775677422,2006.1735259613445,-8.088993665624017,2.8745920267492266
8,0.11040746109061289,0.1,11.40172493282166,2.8745920267492266
8,0.11040746109061289,0.13501275609964633,10.731546953746474,2.8745920267492266
8,0.11040746109061289,0.18228444309622582,10.01997865958018,2.8745920267492266
8,0.11040746109061289,0.24610725056510596,9.032883326375483,2.8745920267492266
8,0.11040746109061289,0.33227618194901193,8.426307703824143,2.8745920267492266
8,0.11040746109061289,0.4486152311120365,7.468473237756905,2.8745920267492266
8,0.11040746109061289,0.6056877878071585,6.9361380111295245,2.8745920267492266
8,0.11040746109061289,0.8177557756774221,6.850447693617927,2.8745920267492266
8,0.11040746109061289,1.1040746109061288,6.228924514574917,2.8745920267492266
8,0.11040746109061289,1.4906415615808106,5.720552098109311,2.8745920267492266
8,0.11040746109061289,2.012556255857059,5.195503731364109,2.8745920267492266
8,0.11040746109061289,2.717207669088465,4.74689410421972,2.8745920267492266
8,0.11040746109061289,3.6685769629872937,4.2651618882929965,2.8745920267492266
8,0.11040746109061289,4.953046867365847,3.3440035069049356,2.8745920267492266
8,0.11040746109061289,6.687245086537825,2.771442539584262,2.8745920267492266
8,0.11040746109061289,9.028633898472895,2.0938111000416053,2.8745920267492266
8,0.11040746109061289,12.189807464475196,1.552880274880528,2.8745920267492266
8,0.11040746109061289,16.457795021028378,0.9343926527648718,2.8745920267492266
8,0.11040746109061289,22.22012265112078,0.31760821939096484,2.8745920267492266
8,0.11040746109061289,29.99999999999996,-0.2828704793856144,2.8745920267492266
8,0.11040746109061289,40.503826829893846,-0.8850880315143959,2.8745920267492266
8,0.11040746109061289,54.68533292886767,-1.48343573494489,2.8745920267492266
8,0.11040746109061289,73.83217516953168,-2.083768601143674,2.8745920267492266
8,0.11040746109061289,99.68285458470345,-2.6884913105278505,2.8745920267492266
8,0.11040746109061289,134.58456933361077,-3.287332930140481,2.8745920267492266
8,0.11040746109061289,181.70633634214732,-3.888034283160285,2.8745920267492266
8,0.11040746109061289,245.3267327032263,-4.484358939006494,2.8745920267492266
8,0.11040746109061289,331.2223832718382,-5.088789601104496,2.8745920267492266
8,0.11040746109061289,447.1924684742427,-5.682770091109035,2.8745920267492266
8,0.11040746109061289,603.766876757117,-6.287006462941758,2.8745920267492266
8,0.11040746109061289,815.1623007265384,-6.888886295531018,2.8745920267492266
8,0.11040746109061289,1100.5730888961868,-7.487344296981869,2.8745920267492266
8,0.11040746109061289,1485.9140602097523,-8.08452736113723,2.8745920267492266
8,0.11040746109061289,2006.1735259613445,-8.690318091679833,2.8745920267492266
8,0.14906415615808105,0.1,10.796211933841589,2.8745920267492266
8,0.14906415615808105,0.13501275609964633,10.117445138977725,2.8745920267492266
8,0.14906415615808105,0.18228444309622582,9.404354687845212,2.8745920267492266
8,0.14906415615808105,0.24610725056510596,8.452852986403629,2.8745920267492266
8,0.14906415615808105,0.33227618194901193,7.831124992902275,2.8745920267492266
8,0.14906415615808105,0.4486152311120365,6.886486593778647,2.8745920267492266
8,0.14906415615808105,0.6056877878071585,6.36239371103584,2.8745920267492266
8,0.14906415615808105,0.8177557756774221,6.274858098182099,2.8745920267492266
8,0.14906415615808105,1.1040746109061288,5.657614191520233,2.8745920267492266
8,0.14906415615808105,1.4906415615808106,5.1555438448865365,2.8745920267492266
8,0.14906415615808105,2.012556255857059,4.595000256996881,2.8745920267492266
8,0.14906415615808105,2.717207669088465,4.1408236105755,2.8745920267492266
8,0.14906415615808105,3.6685769629872937,3.6207134637388387,2.8745920267492266
8,0.14906415615808105,4.953046867365847,2.7587936516542375,2.8745920267492266
8,0.14906415615808105,6.687245086537825,2.1707162616228595,2.8745920267492266
8,0.14906415615808105,9.028633898472895,1.5279134848413183,2.8745920267492266
8,0.14906415615808105,12.189807464475196,0.9322112473564846,2.8745920267492266
8,0.14906415615808105,16.457795021028378,0.3188080010839855,2.8745920267492266
8,0.14906415615808105,22.22012265112078,-0.28481175546698456,2.8745920267492266
8,0.14906415615808105,29.99999999999996,-0.8850519197874912,2.8745920267492266
8,0.14906415615808105,40.503826829893846,-1.4836996363949897,2.8745920267492266
8,0.14906415615808105,54.68533292886767,-2.084706167275585,2.8745920267492266
8,0.14906415615808105,73.83217516953168,-2.6870876911596415,2.8745920267492266
8,0.14906415615808105,99.68285458470345,-3.2834504431553055,2.8745920267492266
8,0.14906415615808105,134.58456933361077,-3.8831999364757435,2.8745920267492266
8,0.14906415615808105,181.70633634214732,-4.485777444033032,2.8745920267492266
8,0.14906415615808105,245.3267327032263,-5.087036501620949,2.8745920267492266
8,0.14906415615808105,331.2223832718382,-5.68558785772484,2.8745920267492266
8,0.14906415615808105,447.1924684742427,-6.286321180265479,2.8745920267492266
8,0.14906415615808105,603.766876757117,-6.88893363970614,2.8745920267492266
8,0.14906415615808105,815.1623007265384,-7.486379566967221,2.8745920267492266
8,0.14906415615808105,1100.5730888961868,-8.08470118494083,2.8745920267492266
8,0.14906415615808105,1485.9140602097523,-8.689335408293847,2.8745920267492266
8,0.14906415615808105,2006.1735259613445,-9.288573578121001,2.8745920267492266
8,0.2012556255857059,0.1,10.187754145823535,2.8745920267492266
8,0.2012556255857059,0.13501275609964633,9.503846508136315,2.8745920267492266
8,0.2012556255857059,0.18228444309622582,8.78823758837555,2.8745920267492266
8,0.2012556255857059,0.24610725056510596,7.877936256684802,2.8745920267492266
8,0.2012556255857059,0.33227618194901193,7.239545413681493,2.8745920267492266
8,0.2012556255857059,0.4486152311120365,6.31280981694073,2.8745920267492266
8,0.2012556255857059,0.6056877878071585,5.796703412653734,2.8745920267492266
8,0.2012556255857059,0.8177557756774221,5.698499233104104,2.8745920267492266
8,0.2012556255857059,1.1040746109061288,5.087889318472702,2.8745920267492266
8,0.2012556255857059,1.4906415615808106,4.589091572993186,2.8745920267492266
8,0.2012556255857059,2.012556255857059,3.9949608190323667,2.8745920267492266
8,0.2012556255857059,2.717207669088465,3.5222892095188025,2.8745920267492266
8,0.2012556255857059,3.6685769629872937,2.9549927786445678,2.8745920267492266
8,0.2012556255857059,4.953046867365847,2.1607757393375513,2.8745920267492266
8,0.2012556255857059,6.687245086537825,1.5542227944882447,2.8745920267492266
8,0.2012556255857059,9.028633898472895,0.9311918292513188,2.8745920267492266
8,0.2012556255857059,12.189807464475196,0.31930422458614766,2.8745920267492266
8,0.2012556255857059,16.457795021028378,-0.2856094968528057,2.8745920267492266
8,0.2012556255857059,22.22012265112078,-0.8857546930706919,2.8745920267492266
8,0.2012556255857059,29.99999999999996,-1.4838979723628853,2.8745920267492266
8,0.2012556255857059,40.503826829893846,-2.084014490566656,2.8745920267492266
8,0.2012556255857059,54.68533292886767,-2.6876336485588874,2.8745920267492266
8,0.2012556255857059,73.83217516953168,-3.2829316801581627,2.8745920267492266
8,0.2012556255857059,99.68285458470345,-3.8841633831515145,2.8745920267492266
8,0.2012556255857059,134.58456933361077,-4.488158485314647,2.8745920267492266
8,0.2012556255857059,181.70633634214732,-5.087051103530589,2.8745920267492266
8,0.2012556255857059,245.3267327032263,-5.684881559246297,2.8745920267492266
8,0.2012556255857059,331.2223832718382,-6.2849202878300945,2.8745920267492266
8,0.2012556255857059,447.1924684742427,-6.887263602554372,2.8745920267492266
8,0.2012556255857059,603.766876757117,-7.487407505819647,2.8745920267492266
8,0.2012556255857059,815.1623007265384,-8.089560979324675,2.8745920267492266
8,0.2012556255857059,1100.5730888961868,-8.687920705308313,2.8745920267492266
8,0.2012556255857059,1485.9140602097523,-9.288270984821635,2.8745920267492266
8,0.2012556255857059,2006.1735259613445,-9.890839627474172,2.8745920267492266
8,0.2717207669088465,0.1,9.575484696453445,2.8745920267492266
8,0.2717207669088465,0.13501275609964633,8.890150786780477,2.8745920267492266
8,0.2717207669088465,0.18228444309622582,8.172728354128383,2.8745920267492266
8,0.2717207669088465,0.24610725056510596,7.308053134021127,2.8745920267492266
8,0.2717207669088465,0.33227618194901193,6.652422020039964,2.8745920267492266
8,0.2717207669088465,0.4486152311120365,5.749185345081389,2.8745920267492266
8,0.2717207669088465,0.6056877878071585,5.24048906868524,2.8745920267492266
8,0.2717207669088465,0.8177557756774221,5.120893720238898,2.8745920267492266
8,0.2717207669088465,1.1040746109061288,4.518769704109098,2.8745920267492266
8,0.2717207669088465,1.4906415615808106,4.016456750834844,2.8745920267492266
8,0.2717207669088465,2.012556255857059,3.395055521937293,2.8745920267492266
8,0.2717207669088465,2.717207669088465,2.886773557631777,2.8745920267492266
8,0.2717207669088465,3.6685769629872937,2.2715509168102503,2.8745920267492266
8,0.2717207669088465,4.953046867365847,1.5485629793486329,2.8745920267492266
8,0.2717207669088465,6.687245086537825,0.9322143246580308,2.8745920267492266
8,0.2717207669088465,9.028633898472895,0.3189580767737976,2.8745920267492266
8,0.2717207669088465,12.189807464475196,-0.2861158776608882,2.8745920267492266
8,0.2717207669088465,16.457795021028378,-0.884719027866681,2.8745920267492266
8,0.2717207669088465,22.22012265112078,-1.4840861271410368,2.8745920267492266
8,0.2717207669088465,29.99999999999996,-2.0867679256748004,2.8745920267492266
8,0.2717207669088465,40.503826829893846,-2.685473621065186,2.8745920267492266
8,0.2717207669088465,54.68533292886767,-3.284150742586657,2.8745920267492266
8,0.2717207669088465,73.83217516953168,-3.884587867851588,2.8745920267492266
8,0.2717207669088465,99.68285458470345,-4.485572413535411,2.8745920267492266
8,0.2717207669088465,134.58456933361077,-5.085582764066789,2.8745920267492266
8,0.2717207669088465,181.70633634214732,-5.684549900695741,2.8745920267492266
8,0.2717207669088465,245.3267327032263,-6.28414835680396,2.8745920267492266
8,0.2717207669088465,331.2223832718382,-6.8881333029234195,2.8745920267492266
8,0.2717207669088465,447.1924684742427,-7.486097861083347,2.8745920267492266
8,0.2717207669088465,603.766876757117,-8.089783340844189,2.8745920267492266
8,0.2717207669088465,815.1623007265384,-8.687313921928363,2.8745920267492266
8,0.2717207669088465,1100.5730888961868,-9.28629595488524,2.8745920267492266
8,0.2717207669088465,1485.9140602097523,-9.889779401177696,2.8745920267492266
8,0.2717207669088465,2006.1735259613445,-10.490209794281222,2.8745920267492266
8,0.3668576962987294,0.1,8.958931629974423,2.8745920267492266
8,0.3668576962987294,0.13501275609964633,8.275725768966758,2.8745920267492266
8,0.3668576962987294,0.18228444309622582,7.559155939486961,2.8745920267492266
8,0.3668576962987294,0.24610725056510596,6.742426785003891,2.8745920267492266
8,0.3668576962987294,0.33227618194901193,6.070713338309825,2.8745920267492266
8,0.3668576962987294,0.4486152311120365,5.196842123338493,2.8745920267492266
8,0.3668576962987294,0.6056877878071585,4.69495919944978,2.8745920267492266
8,0.3668576962987294,0.8177557756774221,4.542013621776644,2.8745920267492266
8,0.3668576962987294,1.1040746109061288,3.9480715561042223,2.8745920267492266
8,0.3668576962987294,1.4906415615808106,3.431665033185185,2.8745920267492266
8,0.3668576962987294,2.012556255857059,2.791504010861167,2.8745920267492266
8,0.3668576962987294,2.717207669088465,2.2339627203021766,2.8745920267492266
8,0.3668576962987294,3.6685769629872937,1.5894230180637046,2.8745920267492266
8,0.3668576962987294,4.953046867365847,0.9298813836444637,2.8745920267492266
8,0.3668576962987294,6.687245086537825,0.3182806287232378,2.8745920267492266
8,0.3668576962987294,9.028633898472895,-0.2835239608081712,2.8745920267492266
8,0.3668576962987294,12.189807464475196,-0.8850497914234112,2.8745920267492266
8,0.3668576962987294,16.457795021028378,-1.4838451353126427,2.8745920267492266
8,0.3668576962987294,22.22012265112078,-2.086645394222523,2.8745920267492266
8,0.3668576962987294,29.99999999999996,-2.687800875838063,2.8745920267492266
8,0.3668576962987294,40.503826829893846,-3.2823744878252854,2.8745920267492266
8,0.3668576962987294,54.68533292886767,-3.8877603287571407,2.8745920267492266
8,0.3668576962987294,73.83217516953168,-4.485669591194828,2.8745920267492266
8,0.3668576962987294,99.68285458470345,-5.089424469521119,2.8745920267492266
8,0.3668576962987294,134.58456933361077,-5.682526006104582,2.8745920267492266
8,0.3668576962987294,181.70633634214732,-6.284301009574743,2.8745920267492266
8,0.3668576962987294,245.3267327032263,-6.887922226092716,2.8745920267492266
8,0.3668576962987294,331.2223832718382,-7.4910623551029785,2.8745920267492266
8,0.3668576962987294,447.1924684742427,-8.08817367317116,2.8745920267492266
8,0.3668576962987294,603.766876757117,-8.690429138389181,2.8745920267492266
8,0.3668576962987294,815.1623007265384,-9.287060918139096,2.8745920267492266
8,0.3668576962987294,1100.5730888961868,-9.888189614178907,2.8745920267492266
8,0.3668576962987294,1485.9140602097523,-10.49184986072022,2.8745920267492266
8,0.3668576962987294,2006.1735259613445,-11.092650984284104,2.8745920267492266
8,0.4953046867365847,0.1,8.338315488017153,2.8745920267492266
8,0.4953046867365847,0.13501275609964633,7.660160935924724,2.8745920267492266
8,0.4953046867365847,0.18228444309622582,6.948821806492635,2.8745920267492266
8,0.4953046867365847,0.24610725056510596,6.179473291514999,2.8745920267492266
8,0.4953046867365847,0.33227618194901193,5.495085742882404,2.8745920267492266
8,0.4953046867365847,0.4486152311120365,4.656368680066115,2.8745920267492266
8,0.4953046867365847,0.6056877878071585,4.160889782761078,2.8745920267492266
8,0.4953046867365847,0.8177557756774221,3.961215576915132,2.8745920267492266
8,0.4953046867365847,1.1040746109061288,3.3714287683094986,2.8745920267492266
8,0.4953046867365847,1.4906415615808106,2.8284966009579424,2.8745920267492266
8,0.4953046867365847,2.012556255857059,2.1786549550280516,2.8745920267492266
8,0.4953046867365847,2.717207669088465,1.5759546186320912,2.8745920267492266
8,0.4953046867365847,3.6685769629872937,0.9366353116105299,2.8745920267492266
8,0.4953046867365847,4.953046867365847,0.3180348766252467,2.8745920267492266
8,0.4953046867365847,6.687245086537825,-0.28495405731164414,2.8745920267492266
8,0.4953046867365847,9.028633898472895,-0.8816810775748672,2.8745920267492266
8,0.4953046867365847,12.189807464475196,-1.484365805763134,2.8745920267492266
8,0.4953046867365847,16.457795021028378,-2.087269281218587,2.8745920267492266
8,0.4953046867365847,22.22012265112078,-2.685777874677789,2.8745920267492266
8,0.4953046867365847,29.99999999999996,-3.284523095214093,2.8745920267492266
8,0.4953046867365847,40.503826829893846,-3.886879331473901,2.8745920267492266
8,0.4953046867365847,54.68533292886767,-4.488890950914121,2.8745920267492266
8,0.4953046867365847,73.83217516953168,-5.08934025400578,2.8745920267492266
8,0.4953046867365847,99.68285458470345,-5.684062255839825,2.8745920267492266
8,0.4953046867365847,134.58456933361077,-6.2864285229156325,2.8745920267492266
8,0.4953046867365847,181.70633634214732,-6.889776594113079,2.8745920267492266
8,0.4953046867365847,245.3267327032263,-7.485859998042125,2.8745920267492266
8,0.4953046867365847,331.2223832718382,-8.084446579100259,2.8745920267492266
8,0.4953046867365847,447.1924684742427,-8.69027032094379,2.8745920267492266
8,0.4953046867365847,603.766876757117,-9.287794244983703,2.8745920267492266
8,0.4953046867365847,815.1623007265384,-9.89020060878489,2.8745920267492266
8,0.4953046867365847,1100.5730888961868,-10.491862254180136,2.8745920267492266
8,0.4953046867365847,1485.9140602097523,-11.091349874938768,2.8745920267492266
8,0.4953046867365847,2006.1735259613445,-11.69105102306659,2.8745920267492266
8,0.6687245086537824,0.1,7.714639643319712,2.8745920267492266
8,0.6687245086537824,0.13501275609964633,7.043544670103945,2.8745920267492266
8,0.6687245086537824,0.18228444309622582,6.342795696788606,2.8745920267492266
8,0.6687245086537824,0.24610725056510596,5.617137411992808,2.8745920267492266
8,0.6687245086537824,0.33227618194901193,4.925612536392776,2.8745920267492266
8,0.6687245086537824,0.4486152311120365,4.127737666581227,2.8745920267492266
8,0.6687245086537824,0.6056877878071585,3.6377755595894667,2.8745920267492266
8,0.6687245086537824,0.8177557756774221,3.376017070633418,2.8745920267492266
8,0.6687245086537824,1.1040746109061288,2.782310820429064,2.8745920267492266
8,0.6687245086537824,1.4906415615808106,2.204383789619949,2.8745920267492266
8,0.6687245086537824,2.012556255857059,1.5562484002341315,2.8745920267492266
8,0.6687245086537824,2.717207669088465,0.935376443458018,2.8745920267492266
8,0.6687245086537824,3.6685769629872937,0.31854628185127054,2.8745920267492266
8,0.6687245086537824,4.953046867365847,-0.28562432270974075,2.8745920267492266
8,0.6687245086537824,6.687245086537825,-0.8842878181130035,2.8745920267492266
8,0.6687245086537824,9.028633898472895,-1.4846844173932892,2.8745920267492266
8,0.6687245086537824,12.189807464475196,-2.0834204214597136,2.8745920267492266
8,0.6687245086537824,16.457795021028378,-2.6866366827903647,2.8745920267492266
8,0.6687245086537824,22.22012265112078,-3.285848903403283,2.8745920267492266
8,0.6687245086537824,29.99999999999996,-3.887100208471417,2.8745920267492266
8,0.6687245086537824,40.503826829893846,-4.486849269766264,2.8745920267492266
8,0.6687245086537824,54.68533292886767,-5.0887966236207145,2.8745920267492266
8,0.6687245086537824,73.83217516953168,-5.684682216239017,2.8745920267492266
8,0.6687245086537824,99.68285458470345,-6.283908860449657,2.8745920267492266
8,0.6687245086537824,134.58456933361077,-6.888030336431552,2.8745920267492266
8,0.6687245086537824,181.70633634214732,-7.488949704827137,2.8745920267492266
8,0.6687245086537824,245.3267327032263,-8.088372795219389,2.8745920267492266
8,0.6687245086537824,331.2223832718382,-8.688776974851713,2.8745920267492266
8,0.6687245086537824,447.1924684742427,-9.288331680517047,2.8745920267492266
8,0.6687245086537824,603.766876757117,-9.890464960404646,2.8745920267492266
8,0.6687245086537824,815.1623007265384,-10.489477178078308,2.8745920267492266
8,0.6687245086537824,1100.5730888961868,-11.090541376507751,2.8745920267492266
8,0.6687245086537824,1485.9140602097523,-11.691535462873855,2.8745920267492266
8,0.6687245086537824,2006.1735259613445,-12.294218970463417,2.8745920267492266
8,0.9028633898472894,0.1,7.089547827005673,2.8745920267492266
8,0.9028633898472894,0.13501275609964633,6.426658019955639,2.8745920267492266
8,0.9028633898472894,0.18228444309622582,5.7417015216150125,2.8745920267492266
8,0.9028633898472894,0.24610725056510596,5.053507113500457,2.8745920267492266
8,0.9028633898472894,0.33227618194901193,4.361845951019581,2.8745920267492266
8,0.9028633898472894,0.4486152311120365,3.609906684227598,2.8745920267492266
8,0.9028633898472894,0.6056877878071585,3.122144730554915,2.8745920267492266
8,0.9028633898472894,0.8177557756774221,2.7817585144355683,2.8745920267492266
8,0.9028633898472894,1.1040746109061288,2.175379404456976,2.8745920267492266
8,0.9028633898472894,1.4906415615808106,1.5677021986060578,2.8745920267492266
8,0.9028633898472894,2.012556255857059,0.9332877083054297,2.8745920267492266
8,0.9028633898472894,2.717207669088465,0.3190486237292876,2.8745920267492266
8,0.9028633898472894,3.6685769629872937,-0.2824483500724893,2.8745920267492266
8,0.9028633898472894,4.953046867365847,-0.8880877793230297,2.8745920267492266
8,0.9028633898472894,6.687245086537825,-1.4843532419479244,2.8745920267492266
8,0.9028633898472894,9.028633898472895,-2.089483184212091,2.8745920267492266
8,0.9028633898472894,12.189807464475196,-2.687610801686702,2.8745920267492266
8,0.9028633898472894,16.457795021028378,-3.285489979591904,2.8745920267492266
8,0.9028633898472894,22.22012265112078,-3.8871170285614,2.8745920267492266
8,0.9028633898472894,29.99999999999996,-4.48874127568459,2.8745920267492266
8,0.9028633898472894,40.503826829893846,-5.086163707354254,2.8745920267492266
8,0.9028633898472894,54.68533292886767,-5.685721105406774,2.8745920267492266
8,0.9028633898472894,73.83217516953168,-6.285528284046073,2.8745920267492266
8,0.9028633898472894,99.68285458470345,-6.8886976315236685,2.8745920267492266
8,0.9028633898472894,134.58456933361077,-7.48646944387613,2.8745920267492266
8,0.9028633898472894,181.70633634214732,-8.08774847834675,2.8745920267492266
8,0.9028633898472894,245.3267327032263,-8.68982028094129,2.8745920267492266
8,0.9028633898472894,331.2223832718382,-9.288031650646346,2.8745920267492266
8,0.9028633898472894,447.1924684742427,-9.88920963057305,2.8745920267492266
8,0.9028633898472894,603.766876757117,-10.489982037313183,2.8745920267492266
8,0.9028633898472894,815.1623007265384,-11.09167527702074,2.8745920267492266
8,0.9028633898472894,1100.5730888961868,-11.692881948505903,2.8745920267492266
8,0.9028633898472894,1485.9140602097523,-12.291071249995936,2.8745920267492266
8,0.9028633898472894,2006.1735259613445,-12.890321815209347,2.8745920267492266
8,1.2189807464475195,0.1,6.465000937936205,2.8745920267492266
8,1.2189807464475195,0.13501275609964633,5.810933948826638,2.8745920267492266
8,1.2189807464475195,0.18228444309622582,5.145470827108181,2.8745920267492266
8,1.2189807464475195,0.24610725056510596,4.487242280304372,2.8745920267492266
8,1.2189807464475195,0.33227618194901193,3.802935852922935,2.8745920267492266
8,1.2189807464475195,0.4486152311120365,3.099567960484324,2.8745920267492266
8,1.2189807464475195,0.6056877878071585,2.6058379935888,2.8745920267492266
8,1.2189807464475195,0.8177557756774221,2.1736795368961466,2.8745920267492266
8,1.2189807464475195,1.1040746109061288,1.5539992575529056,2.8745920267492266
8,1.2189807464475195,1.4906415615808106,0.9361841299738205,2.8745920267492266
8,1.2189807464475195,2.012556255857059,0.32101163144500694,2.8745920267492266
8,1.2189807464475195,2.717207669088465,-0.28411181966220944,2.8745920267492266
8,1.2189807464475195,3.6685769629872937,-0.8833397370484914,2.8745920267492266
8,1.2189807464475195,4.953046867365847,-1.4840556898887922,2.8745920267492266
8,1.2189807464475195,6.687245086537825,-2.0872805825921597,2.8745920267492266
8,1.2189807464475195,9.028633898472895,-2.686954103933987,2.8745920267492266
8,1.2189807464475195,12.189807464475196,-3.280499438569987,2.8745920267492266
8,1.2189807464475195,16.457795021028378,-3.886980242288527,2.8745920267492266
8,1.2189807464475195,22.22012265112078,-4.485657771658539,2.8745920267492266
8,1.2189807464475195,29.99999999999996,-5.08494397746864,2.8745920267492266
8,1.2189807464475195,40.503826829893846,-5.683254870423453,2.8745920267492266
8,1.2189807464475195,54.68533292886767,-6.283317921508486,2.8745920267492266
8,1.2189807464475195,73.83217516953168,-6.890202232828381,2.8745920267492266
8,1.2189807464475195,99.68285458470345,-7.488325094646759,2.8745920267492266
8,1.2189807464475195,134.58456933361077,-8.087459485754852,2.8745920267492266
8,1.2189807464475195,181.70633634214732,-8.691411101746946,2.8745920267492266
8,1.2189807464475195,245.3267327032263,-9.286880539611076,2.8745920267492266
8,1.2189807464475195,331.2223832718382,-9.890798227180357,2.8745920267492266
8,1.2189807464475195,447.1924684742427,-10.48993062512863,2.8745920267492266
8,1.2189807464475195,603.766876757117,-11.093158786238686,2.8745920267492266
8,1.2189807464475195,815.1623007265384,-11.69226960511299,2.8745920267492266
8,1.2189807464475195,1100.5730888961868,-12.293534002957179,2.8745920267492266
8,1.2189807464475195,1485.9140602097523,-12.893465736829713,2.8745920267492266
8,1.2189807464475195,2006.1735259613445,-13.493139803706477,2.8745920267492266
8,1.6457795021028379,0.1,5.8429195940559815,2.8745920267492266
8,1.6457795021028379,0.13501275609964633,5.198104588439718,2.8745920267492266
8,1.6457795021028379,0.18228444309622582,4.553195523162847,2.8745920267492266
8,1.6457795021028379,0.24610725056510596,3.9173689195554484,2.8745920267492266
8,1.6457795021028379,0.33227618194901193,3.247019680483197,2.8745920267492266
8,1.6457795021028379,0.4486152311120365,2.5894675001978507,2.8745920267492266
8,1.6457795021028379,0.6056877878071585,2.0760425346100417,2.8745920267492266
8,1.6457795021028379,0.8177557756774221,1.5531441780408755,2.8745920267492266
8,1.6457795021028379,1.1040746109061288,0.9313418227033436,2.8745920267492266
8,1.6457795021028379,1.4906415615808106,0.3198492973766875,2.8745920267492266
8,1.6457795021028379,2.012556255857059,-0.28231933077205984,2.8745920267492266
8,1.6457795021028379,2.717207669088465,-0.8855061893084839,2.8745920267492266
8,1.6457795021028379,3.6685769629872937,-1.4856135293286612,2.8745920267492266
8,1.6457795021028379,4.953046867365847,-2.0846887647205117,2.8745920267492266
8,1.6457795021028379,6.687245086537825,-2.6901847477595755,2.8745920267492266
8,1.6457795021028379,9.028633898472895,-3.2861414999771466,2.8745920267492266
8,1.6457795021028379,12.189807464475196,-3.886226304883487,2.8745920267492266
8,1.6457795021028379,16.457795021028378,-4.485522498108585,2.8745920267492266
8,1.6457795021028379,22.22012265112078,-5.085350934878574,2.8745920267492266
8,1.6457795021028379,29.99999999999996,-5.684250990248452,2.8745920267492266
8,1.6457795021028379,40.503826829893846,-6.283901062692265,2.8745920267492266
8,1.6457795021028379,54.68533292886767,-6.890841069120416,2.8745920267492266
8,1.6457795021028379,73.83217516953168,-7.489376462121513,2.8745920267492266
8,1.6457795021028379,99.68285458470345,-8.086535093877263,2.8745920267492266
8,1.6457795021028379,134.58456933361077,-8.69036908625704,2.8745920267492266
8,1.6457795021028379,181.70633634214732,-9.287284593494675,2.8745920267492266
8,1.6457795021028379,245.3267327032263,-9.8898930148105,2.8745920267492266
8,1.6457795021028379,331.2223832718382,-10.49095380389655,2.8745920267492266
8,1.6457795021028379,447.1924684742427,-11.09114795770586,2.8745920267492266
8,1.6457795021028379,603.766876757117,-11.69326354316516,2.8745920267492266
8,1.6457795021028379,815.1623007265384,-12.291027303026352,2.8745920267492266
8,1.6457795021028379,1100.5730888961868,-12.88938888363725,2.8745920267492266
8,1.6457795021028379,1485.9140602097523,-13.494399792308824,2.8745920267492266
8,1.6457795021028379,2006.1735259613445,-14.097245601314428,2.8745920267492266
8,2.222012265112078,0.1,5.224946221416191,2.8745920267492266
8,2.222012265112078,0.13501275609964633,4.589589846180592,2.8745920267492266
8,2.222012265112078,0.18228444309622582,3.9631136208783957,2.8745920267492266
8,2.222012265112078,0.24610725056510596,3.342339121655155,2.8745920267492266
8,2.222012265112078,0.33227618194901193,2.6896021366766627,2.8745920267492266
8,2.222012265112078,0.4486152311120365,2.067235651760234,2.8745920267492266
8,2.222012265112078,0.6056877878071585,1.5188404605049624,2.8745920267492266
8,2.222012265112078,0.8177557756774221,0.9310701229721723,2.8745920267492266
8,2.222012265112078,1.1040746109061288,0.31997601788213714,2.8745920267492266
8,2.222012265112078,1.4906415615808106,-0.2845274714336915,2.8745920267492266
8,2.222012265112078,2.012556255857059,-0.8856902872048955,2.8745920267492266
8,2.222012265112078,2.717207669088465,-1.4841486588372363,2.8745920267492266
8,2.222012265112078,3.6685769629872937,-2.085635323851078,2.8745920267492266
8,2.222012265112078,4.953046867365847,-2.6871899705604934,2.8745920267492266
8,2.222012265112078,6.687245086537825,-3.2837539317243345,2.8745920267492266
8,2.222012265112078,9.028633898472895,-3.887761613257923,2.8745920267492266
8,2.222012265112078,12.189807464475196,-4.488387673996179,2.8745920267492266
8,2.222012265112078,16.457795021028378,-5.08905085349339,2.8745920267492266
8,2.222012265112078,22.22012265112078,-5.684902447662147,2.8745920267492266
8,2.222012265112078,29.99999999999996,-6.285485374349177,2.8745920267492266
8,2.222012265112078,40.503826829893846,-6.890244833280813,2.8745920267492266
8,2.222012265112078,54.68533292886767,-7.487652168979856,2.8745920267492266
8,2.222012265112078,73.83217516953168,-8.088929145827832,2.8745920267492266
8,2.222012265112078,99.68285458470345,-8.688193708542896,2.8745920267492266
8,2.222012265112078,134.58456933361077,-9.28926840601209,2.8745920267492266
8,2.222012265112078,181.70633634214732,-9.890046821867085,2.8745920267492266
8,2.222012265112078,245.3267327032263,-10.491264013997466,2.8745920267492266
8,2.222012265112078,331.2223832718382,-11.089158332506384,2.8745920267492266
8,2.222012265112078,447.1924684742427,-11.692059478673082,2.8745920267492266
8,2.222012265112078,603.766876757117,-12.289738053026918,2.8745920267492266
8,2.222012265112078,815.1623007265384,-12.890449762561046,2.8745920267492266
8,2.222012265112078,1100.5730888961868,-13.493515679573909,2.8745920267492266
8,2.222012265112078,1485.9140602097523,-14.09738091159569,2.8745920267492266
8,2.222012265112078,2006.1735259613445,-14.693640743406744,2.8745920267492266
8,2.999999999999996,0.1,4.612182605270486,2.8745920267492266
8,2.999999999999996,0.13501275609964633,3.9857398105589246,2.8745920267492266
8,2.999999999999996,0.18228444309622582,3.372453890704038,2.8745920267492266
8,2.999999999999996,0.24610725056510596,2.7588514096661294,2.8745920267492266
8,2.999999999999996,0.33227618194901193,2.12245393218202,2.8745920267492266
8,2.999999999999996,0.4486152311120365,1.5167918631030786,2.8745920267492266
8,2.999999999999996,0.6056877878071585,0.9278280217090429,2.8745920267492266
8,2.999999999999996,0.8177557756774221,0.3194208165317124,2.8745920267492266
8,2.999999999999996,1.1040746109061288,-0.28313666712019536,2.8745920267492266
8,2.999999999999996,1.4906415615808106,-0.8850366757503424,2.8745920267492266
8,2.999999999999996,2.012556255857059,-1.4832646973362655,2.8745920267492266
8,2.999999999999996,2.717207669088465,-2.085180613305382,2.8745920267492266
8,2.999999999999996,3.6685769629872937,-2.6881869891903456,2.8745920267492266
8,2.999999999999996,4.953046867365847,-3.2857153596848256,2.8745920267492266
8,2.999999999999996,6.687245086537825,-3.8845893989903004,2.8745920267492266
8,2.999999999999996,9.028633898472895,-4.485009449115301,2.8745920267492266
8,2.999999999999996,12.189807464475196,-5.089525016223209,2.8745920267492266
8,2.999999999999996,16.457795021028378,-5.683196661596259,2.8745920267492266
8,2.999999999999996,22.22012265112078,-6.286169719609088,2.8745920267492266
8,2.999999999999996,29.99999999999996,-6.888388495335074,2.8745920267492266
8,2.999999999999996,40.503826829893846,-7.488979486354932,2.8745920267492266
8,2.999999999999996,54.68533292886767,-8.08645648451485,2.8745920267492266
8,2.999999999999996,73.83217516953168,-8.689264346032441,2.8745920267492266
8,2.999999999999996,99.68285458470345,-9.286466905942076,2.8745920267492266
8,2.999999999999996,134.58456933361077,-9.8904268291455,2.8745920267492266
8,2.999999999999996,181.70633634214732,-10.491439783064385,2.8745920267492266
8,2.999999999999996,245.3267327032263,-11.092563811474113,2.8745920267492266
8,2.999999999999996,331.2223832718382,-11.690510893043426,2.8745920267492266
8,2.999999999999996,447.1924684742427,-12.290196273145297,2.8745920267492266
8,2.999999999999996,603.766876757117,-12.889749290680955,2.8745920267492266
8,2.999999999999996,815.1623007265384,-13.493763080076679,2.8745920267492266
8,2.999999999999996,1100.5730888961868,-14.096546803910975,2.8745920267492266
8,2.999999999999996,1485.9140602097523,-14.692755559098261,2.8745920267492266
8,2.999999999999996,2006.1735259613445,-15.295901727660098,2.8745920267492266
16,0.01,0.1,16.55197894711444,4.060321552218873
16,0.01,0.13501275609964633,15.920779785608223,4.060321552218873
16,0.01,0.18228444309622582,15.339721652201916,4.060321552218873
16,0.01,0.24610725056510596,15.044768058043218,4.060321552218873
16,0.01,0.33227618194901193,14.366461454157047,4.060321552218873
16,0.01,0.4486152311120365,14.097986360793383,4.060321552218873
16,0.01,0.6056877878071585,14.015590693997822,4.060321552218873
16,0.01,0.8177557756774221,12.642847286493762,4.060321552218873
16,0.01,1.1040746109061288,11.91836085242221,4.060321552218873
16,0.01,1.4906415615808106,11.167229490089802,4.060321552218873
16,0.01,2.012556255857059,9.759551353443065,4.060321552218873
16,0.01,2.717207669088465,9.782184500781264,4.060321552218873
16,0.01,3.6685769629872937,9.814380084404426,4.060321552218873
16,0.01,4.953046867365847,9.1901812169144,4.060321552218873
16,0.01,6.687245086537825,7.7978019081963605,4.060321552218873
16,0.01,9.028633898472895,7.411094289907488,4.060321552218873
16,0.01,12.189807464475196,6.685283497275032,4.060321552218873
16,0.01,16.457795021028378,6.383315204916508,4.060321552218873
16,0.01,22.22012265112078,6.1021110871957855,4.060321552218873
16,0.01,29.99999999999996,5.5082847313297165,4.060321552218873
16,0.01,40.503826829893846,4.689736176758363,4.060321552218873
16,0.01,54.68533292886767,4.3398203939893,4.060321552218873
16,0.01,73.83217516953168,3.43659289437411,4.060321552218873
16,0.01,99.68285458470345,2.8426492958258383,4.060321552218873
16,0.01,134.58456933361077,2.246904462344814,4.060321552218873
16,0.01,181.70633634214732,1.6085952826601826,4.060321552218873
16,0.01,245.3267327032263,1.0083920474300054,4.060321552218873
16,0.01,331.2223832718382,0.41043448076232564,4.060321552218873
16,0.01,447.1924684742427,-0.1940223018899287,4.060321552218873
16,0.01,603.766876757117,-0.7925721053090118,4.060321552218873
16,0.01,815.1623007265384,-1.3919256250584344,4.060321552218873
16,0.01,1100.5730888961868,-1.9905342465011941,4.060321552218873
16,0.01,1485.9140602097523,-2.5910505559017416,4.060321552218873
16,0.01,2006.1735259613445,-3.19220877296914,4.060321552218873
16,0.013501275609964631,0.1,15.947108220596633,4.060321552218873
16,0.013501275609964631,0.13501275609964633,15.320457110602101,4.060321552218873
16,0.013501275609964631,0.18228444309622582,14.73936005908899,4.060321552218873
16,0.013501275609964631,0.24610725056510596,14.438185029372354,4.060321552218873
16,0.013501275609964631,0.33227618194901193,13.767069522371536,4.060321552218873
16,0.013501275609964631,0.4486152311120365,13.497578030923268,4.060321552218873
16,0.013501275609964631,0.6056877878071585,13.413713572357095,4.060321552218873
16,0.013501275609964631,0.8177557756774221,12.046570837431698,4.060321552218873
16,0.013501275609964631,1.1040746109061288,11.312852066591676,4.060321552218873
16,0.013501275609964631,1.4906415615808106,10.569823263871726,4.060321552218873
16,0.013501275609964631,2.012556255857059,9.172321362525471,4.060321552218873
16,0.013501275609964631,2.717207669088465,9.182137293171586,4.060321552218873
16,0.013501275609964631,3.6685769629872937,9.204914686888731,4.060321552218873
16,0.013501275609964631,4.953046867365847,8.59673266567436,4.060321552218873
16,0.013501275609964631,6.687245086537825,7.209416237214409,4.060321552218873
16,0.013501275609964631,9.028633898472895,6.835569305170831,4.060321552218873
16,0.013501275609964631,12.189807464475196,6.111018874318029,4.060321552218873
16,0.013501275609964631,16.457795021028378,5.788675156900981,4.060321552218873
16,0.013501275609964631,22.22012265112078,5.48180777506377,4.060321552218873
16,0.013501275609964631,29.99999999999996,4.871665710568963,4.060321552218873
16,0.013501275609964631,40.503826829893846,4.090204970302474,4.060321552218873
16,0.013501275609964631,54.68533292886767,3.6585511084464937,4.060321552218873
16,0.013501275609964631,73.83217516953168,2.8347140895576044,4.060321552218873
16,0.013501275609964631,99.68285458470345,2.2289306640717736,4.060321552218873
16,0.013501275609964631,134.58456933361077,1.6203483779496841,4.060321552218873
16,0.013501275609964631,181.70633634214732,1.0083733927170346,4.060321552218873
16,0.013501275609964631,245.3267327032263,0.40963447064627095,4.060321552218873
16,0.013501275609964631,331.2223832718382,-0.1956914289486664,4.060321552218873
16,0.013501275609964631,447.1924684742427,-0.793057398855343,4.060321552218873
16,0.013501275609964631,603.766876757117,-1.3926453120119449,4.060321552218873
16,0.013501275609964631,815.1623007265384,-1.9910105820443382,4.060321552218873
16,0.013501275609964631,1100.5730888961868,-2.58830080654397,4.060321552218873
16,0.013501275609964631,1485.9140602097523,-3.194467407400431,4.060321552218873
16,0.013501275609964631,2006.1735259613445,-3.7943959915437664,4.060321552218873
16,0.018228444309622584,0.1,15.340995394449752,4.060321552218873
16,0.018228444309622584,0.13501275609964633,14.720191413681302,4.060321552218873
16,0.018228444309622584,0.18228444309622582,14.139025337629285,4.060321552218873
16,0.018228444309622584,0.24610725056510596,13.829936617219138,4.060321552218873
16,0.018228444309622584,0.33227618194901193,13.16825852232639,4.060321552218873
16,0.018228444309622584,0.4486152311120365,12.897163293395058,4.060321552218873
16,0.018228444309622584,0.6056877878071585,12.81074880944541,4.060321552218873
16,0.018228444309622584,0.8177557756774221,11.452358218714314,4.060321552218873
16,0.018228444309622584,1.1040746109061288,10.705814165658019,4.060321552218873
16,0.018228444309622584,1.4906415615808106,9.974195184721719,4.060321552218873
16,0.018228444309622584,2.012556255857059,8.591732195736345,4.060321552218873
16,0.018228444309622584,2.717207669088465,8.582674993783074,4.060321552218873
16,0.018228444309622584,3.6685769629872937,8.593980769796508,4.060321552218873
16,0.018228444309622584,4.953046867365847,7.998377970345638,4.060321552218873
16,0.018228444309622584,6.687245086537825,6.629171578048048,4.060321552218873
16,0.018228444309622584,9.028633898472895,6.263446834717106,4.060321552218873
16,0.018228444309622584,12.189807464475196,5.540379708363952,4.060321552218873
16,0.018228444309622584,16.457795021028378,5.197274501710008,4.060321552218873
16,0.018228444309622584,22.22012265112078,4.854475378309076,4.060321552218873
16,0.018228444309622584,29.99999999999996,4.227509866884972,4.060321552218873
16,0.018228444309622584,40.503826829893846,3.4813529241216026,4.060321552218873
16,0.018228444309622584,54.68533292886767,2.9653169715219896,4.060321552218873
16,0.018228444309622584,73.83217516953168,2.227118775267843,4.060321552218873
16,0.018228444309622584,99.68285458470345,1.6167387537350957,4.060321552218873
16,0.018228444309622584,134.58456933361077,1.0112537689320162,4.060321552218873
16,0.018228444309622584,181.70633634214732,0.41121787889612565,4.060321552218873
16,0.018228444309622584,245.3267327032263,-0.1923455484096018,4.060321552218873
16,0.018228444309622584,331.2223832718382,-0.793011864953071,4.060321552218873
16,0.018228444309622584,447.1924684742427,-1.392162817696805,4.060321552218873
16,0.018228444309622584,603.766876757117,-1.9918858501258947,4.060321552218873
16,0.018228444309622584,815.1623007265384,-2.5929343497820847,4.060321552218873
16,0.018228444309622584,1100.5730888961868,-3.1947050964500874,4.060321552218873
16,0.018228444309622584,1485.9140602097523,-3.7930252376315226,4.060321552218873
16,0.018228444309622584,2006.1735259613445,-4.390809399163301,4.060321552218873
16,0.024610725056510595,0.1,14.733938862993343,4.060321552218873
16,0.024610725056510595,0.13501275609964633,14.120025989296375,4.060321552218873
16,0.024610725056510595,0.18228444309622582,13.538737929365467,4.060321552218873
16,0.024610725056510595,0.24610725056510596,13.220055769787033,4.060321552218873
16,0.024610725056510595,0.33227618194901193,12.57013071356907,4.060321552218873
16,0.024610725056510595,0.4486152311120365,12.296737414501184,4.060321552218873
16,0.024610725056510595,0.6056877878071585,12.206051835346262,4.060321552218873
16,0.024610725056510595,0.8177557756774221,10.860441760396192,4.060321552218873
16,0.024610725056510595,1.1040746109061288,10.097337356041821,4.060321552218873
16,0.024610725056510595,1.4906415615808106,9.38085536051745,4.060321552218873
16,0.024610725056510595,2.012556255857059,8.019129910263883,4.060321552218873
16,0.024610725056510595,2.717207669088465,7.983724755560359,4.060321552218873
16,0.024610725056510595,3.6685769629872937,7.98145950436301,4.060321552218873
16,0.024610725056510595,4.953046867365847,7.393485863952485,4.060321552218873
16,0.024610725056510595,6.687245086537825,6.058230525300982,4.060321552218873
16,0.024610725056510595,9.028633898472895,5.6932314235230725,4.060321552218873
16,0.024610725056510595,12.189807464475196,4.975152274702115,4.060321552218873
16,0.024610725056510595,16.457795021028378,4.608697845828139,4.060321552218873
16,0.024610725056510595,22.22012265112078,4.218105696650207,4.060321552218873
16,0.024610725056510595,29.99999999999996,3.5748513524399765,4.060321552218873
16,0.024610725056510595,40.503826829893846,2.8620124496160235,4.060321552218873
16,0.024610725056510595,54.68533292886767,2.2788720129340403,4.060321552218873
16,0.024610725056510595,73.83217516953168,1.6177087373866117,4.060321552218873
16,0.024610725056510595,99.68285458470345,1.011625001056951,4.060321552218873
16,0.024610725056510595,134.58456933361077,0.4095055325375184,4.060321552218873
16,0.024610725056510595,181.70633634214732,-0.19398067014164727,4.060321552218873
16,0.024610725056510595,245.3267327032263,-0.7929054527651698,4.060321552218873
16,0.024610725056510595,331.2223832718382,-1.390789894907453,4.060321552218873
16,0.024610725056510595,447.1924684742427,-1.9933565248045153,4.060321552218873
16,0.024610725056510595,603.766876757117,-2.5912252108568716,4.060321552218873
16,0.024610725056510595,815.1623007265384,-3.1952636720112806,4.060321552218873
16,0.024610725056510595,1100.5730888961868,-3.792755230691014,4.060321552218873
16,0.024610725056510595,1485.9140602097523,-4.390799152277229,4.060321552218873
16,0.024610725056510595,2006.1735259613445,-4.994115557505723,4.060321552218873
16,0.03322761819490119,0.1,14.126392746866813,4.060321552218873
16,0.03322761819490119,0.13501275609964633,13.520034664460708,4.060321552218873
16,0.03322761819490119,0.18228444309622582,12.938533312346113,4.060321552218873
16,0.03322761819490119,0.24610725056510596,12.60851636470038,4.060321552218873
16,0.03322761819490119,0.33227618194901193,11.972617027608603,4.060321552218873
16,0.03322761819490119,0.4486152311120365,11.696291577989195,4.060321552218873
16,0.03322761819490119,0.6056877878071585,11.598771956312191,4.060321552218873
16,0.03322761819490119,0.8177557756774221,10.270553005625954,4.060321552218873
16,0.03322761819490119,1.1040746109061288,9.48754929901131,4.060321552218873
16,0.03322761819490119,1.4906415615808106,8.789993816397176,4.060321552218873
16,0.03322761819490119,2.012556255857059,7.455221379729894,4.060321552218873
16,0.03322761819490119,2.717207669088465,7.385760759528692,4.060321552218873
16,0.03322761819490119,3.6685769629872937,7.366950799525872,4.060321552218873
16,0.03322761819490119,4.953046867365847,6.781025656052323,4.060321552218873
16,0.03322761819490119,6.687245086537825,5.496902035856424,4.060321552218873
16,0.03322761819490119,9.028633898472895,5.123635180864596,4.060321552218873
16,0.03322761819490119,12.189807464475196,4.41659310923365,4.060321552218873
16,0.03322761819490119,16.457795021028378,4.020748873551327,4.060321552218873
16,0.03322761819490119,22.22012265112078,3.570635607612509,4.060321552218873
16,0.03322761819490119,29.99999999999996,2.9152633485554618,4.060321552218873
16,0.03322761819490119,40.503826829893846,2.2368205924259357,4.060321552218873
16,0.03322761819490119,54.68533292886767,1.6264201835316727,4.060321552218873
16,0.03322761819490119,73.83217516953168,1.0109775249084005,4.060321552218873
16,0.03322761819490119,99.68285458470345,0.41238453961087024,4.060321552218873
16,0.03322761819490119,134.58456933361077,-0.1941533986202548,4.060321552218873
16,0.03322761819490119,181.70633634214732,-0.7940879506400669,4.060321552218873
16,0.03322761819490119,245.3267327032263,-1.3906185870208283,4.060321552218873
16,0.03322761819490119,331.2223832718382,-1.9911909826410612,4.060321552218873
16,0.03322761819490119,447.1924684742427,-2.5893452838381394,4.060321552218873
16,0.03322761819490119,603.766876757117,-3.1944630358244264,4.060321552218873
16,0.03322761819490119,815.1623007265384,-3.7908127555107027,4.060321552218873
16,0.03322761819490119,1100.5730888961868,-4.389399266488559,4.060321552218873
16,0.03322761819490119,1485.9140602097523,-4.9919926891062,4.060321552218873
16,0.03322761819490119,2006.1735259613445,-5.595169718884154,4.060321552218873
16,0.04486152311120365,0.1,13.518849547349943,4.060321552218873
16,0.04486152311120365,0.13501275609964633,12.920337528871322,4.060321552218873
16,0.04486152311120365,0.18228444309622582,12.33847123078466,4.060321552218873
16,0.04486152311120365,0.24610725056510596,11.995221184866297,4.060321552218873
16,0.04486152311120365,0.33227618194901193,11.375465976870814,4.060321552218873
16,0.04486152311120365,0.4486152311120365,11.095808581199044,4.060321552218873
16,0.04486152311120365,0.6056877878071585,10.987884293188579,4.060321552218873
16,0.04486152311120365,0.8177557756774221,9.681940926621248,4.060321552218873
16,0.04486152311120365,1.1040746109061288,8.876552195617334,4.060321552218873
16,0.04486152311120365,1.4906415615808106,8.201291521699147,4.060321552218873
16,0.04486152311120365,2.012556255857059,6.900234780346224,4.060321552218873
16,0.04486152311120365,2.717207669088465,6.790031091146011,4.060321552218873
16,0.04486152311120365,3.6685769629872937,6.749564538452482,4.060321552218873
16,0.04486152311120365,4.953046867365847,6.160247374794089,4.060321552218873
16,0.04486152311120365,6.687245086537825,4.944615515438764,4.060321552218873
16,0.04486152311120365,9.028633898472895,4.553278725036456,4.060321552218873
16,0.04486152311120365,12.189807464475196,3.8645624455798857,4.060321552218873
16,0.04486152311120365,16.457795021028378,3.4293923426428994,4.060321552218873
16,0.04486152311120365,22.22012265112078,2.913522355543474,4.060321552218873
16,0.04486152311120365,29.99999999999996,2.258717206835122,4.060321552218873
16,0.04486152311120365,40.503826829893846,1.616156378846245,4.060321552218873
16,0.04486152311120365,54.68533292886767,1.0099955262917046,4.060321552218873
16,0.04486152311120365,73.83217516953168,0.40946011930211146,4.060321552218873
16,0.04486152311120365,99.68285458470345,-0.19354973377582968,4.060321552218873
16,0.04486152311120365,134.58456933361077,-0.7924139353903036,4.060321552218873
16,0.04486152311120365,181.70633634214732,-1.3926544370171998,4.060321552218873
16,0.04486152311120365,245.3267327032263,-1.9918067732400633,4.060321552218873
16,0.04486152311120365,331.2223832718382,-2.592970626640668,4.060321552218873
16,0.04486152311120365,447.1924684742427,-3.1914664855917705,4.060321552218873
16,0.04486152311120365,603.766876757117,-3.790703701839663,4.060321552218873
16,0.04486152311120365,815.1623007265384,-4.393490714850748,4.060321552218873
16,0.04486152311120365,1100.5730888961868,-4.994062297761943,4.060321552218873
16,0.04486152311120365,1485.9140602097523,-5.595496223353349,4.060321552218873
16,0.04486152311120365,2006.1735259613445,-6.197908354251863,4.060321552218873
16,0.06056877878071584,0.1,12.9117490004286,4.060321552218873
16,0.06056877878071584,0.13501275609964633,12.321113698341424,4.060321552218873
16,0.06056877878071584,0.18228444309622582,11.738646684791568,4.060321552218873
16,0.06056877878071584,0.24610725056510596,11.38010143754898,4.060321552218873
16,0.06056877878071584,0.33227618194901193,10.778395053424573,4.060321552218873
16,0.06056877878071584,0.4486152311120365,10.495252807413294,4.060321552218873
16,0.06056877878071584,0.6056877878071585,10.372201084232076,4.060321552218873
16,0.06056877878071584,0.8177557756774221,9.093645562192608,4.060321552218873
16,0.06056877878071584,1.1040746109061288,8.264507736816977,4.060321552218873
16,0.06056877878071584,1.4906415615808106,7.613983215253184,4.060321552218873
16,0.06056877878071584,2.012556255857059,6.354324834176804,4.060321552218873
16,0.06056877878071584,2.717207669088465,6.198356261750861,4.060321552218873
16,0.06056877878071584,3.6685769629872937,6.1277828418713876,4.060321552218873
16,0.06056877878071584,4.953046867365847,5.530393758921474,4.060321552218873
16,0.06056877878071584,6.687245086537825,4.399691140075436,4.060321552218873
16,0.06056877878071584,9.028633898472895,3.9802582466266996,4.060321552218873
16,0.06056877878071584,12.189807464475196,3.3163474976147236,4.060321552218873
16,0.06056877878071584,16.457795021028378,2.8305720768890357,4.060321552218873
16,0.06056877878071584,22.22012265112078,2.2577816054460325,4.060321552218873
16,0.06056877878071584,29.99999999999996,1.6227084463636234,4.060321552218873
16,0.06056877878071584,40.503826829893846,1.0073059287771557,4.060321552218873
16,0.06056877878071584,54.68533292886767,0.41036107778519165,4.060321552218873
16,0.06056877878071584,73.83217516953168,-0.1944605097473949,4.060321552218873
16,0.06056877878071584,99.68285458470345,-0.7954069702612954,4.060321552218873
16,0.06056877878071584,134.58456933361077,-1.3919052621106913,4.060321552218873
16,0.06056877878071584,181.70633634214732,-1.9908896694011098,4.060321552218873
16,0.06056877878071584,245.3267327032263,-2.590652708456917,4.060321552218873
16,0.06056877878071584,331.2223832718382,-3.1938570508647315,4.060321552218873
16,0.06056877878071584,447.1924684742427,-3.791537705962127,4.060321552218873
16,0.06056877878071584,603.766876757117,-4.393133983943756,4.060321552218873
16,0.06056877878071584,815.1623007265384,-4.993929504139928,4.060321552218873
16,0.06056877878071584,1100.5730888961868,-5.594550548459524,4.060321552218873
16,0.06056877878071584,1485.9140602097523,-6.19574709737047,4.060321552218873
16,0.06056877878071584,2006.1735259613445,-6.792481212013409,4.060321552218873
16,0.0817755775677422,0.1,12.305386762739168,4.060321552218873
16,0.0817755775677422,0.13501275609964633,11.722590603676174,4.060321552218873
16,0.0817755775677422,0.18228444309622582,11.139195353807972,4.060321552218873
16,0.0817755775677422,0.24610725056510596,10.763225947604198,4.060321552218873
16,0.0817755775677422,0.33227618194901193,10.181252471518087,4.060321552218873
16,0.0817755775677422,0.4486152311120365,9.894545856758977,4.060321552218873
16,0.0817755775677422,0.6056877878071585,9.750379125751023,4.060321552218873
16,0.0817755775677422,0.8177557756774221,8.504777498883199,4.060321552218873
16,0.0817755775677422,1.1040746109061288,7.651869574711649,4.060321552218873
16,0.0817755775677422,1.4906415615808106,7.027091225863918,4.060321552218873
16,0.0817755775677422,2.012556255857059,5.817755390910269,4.060321552218873
16,0.0817755775677422,2.717207669088465,5.612705267439631,4.060321552218873
16,0.0817755775677422,3.6685769629872937,5.499734591011126,4.060321552218873
16,0.0817755775677422,4.953046867365847,4.890857672090985,4.060321552218873
16,0.0817755775677422,6.687245086537825,3.858908495764575,4.060321552218873
16,0.0817755775677422,9.028633898472895,3.4017691303253197,4.060321552218873
16,0.0817755775677422,12.189807464475196,2.7651586766973018,4.060321552218873
16,0.0817755775677422,16.457795021028378,2.2242866848592033,4.060321552218873
16,0.0817755775677422,22.22012265112078,1.6220410573132356,4.060321552218873
16,0.0817755775677422,29.99999999999996,1.011622841933966,4.060321552218873
16,0.0817755775677422,40.503826829893846,0.4108736631649257,4.060321552218873
16,0.0817755775677422,54.68533292886767,-0.19366175651185905,4.060321552218873
16,0.0817755775677422,73.83217516953168,-0.7913752922154417,4.060321552218873
16,0.0817755775677422,99.68285458470345,-1.3913596779294166,4.060321552218873
16,0.0817755775677422,134.58456933361077,-1.9941631777035869,4.060321552218873
16,0.0817755775677422,181.70633634214732,-2.5926313244219217,4.060321552218873
16,0.0817755775677422,245.3267327032263,-3.1949675405741225,4.060321552218873
16,0.0817755775677422,331.2223832718382,-3.7920065050446174,4.060321552218873
16,0.0817755775677422,447.1924684742427,-4.391461655575137,4.060321552218873
16,0.0817755775677422,603.766876757117,-4.995001736177497,4.060321552218873
16,0.0817755775677422,815.1623007265384,-5.594466022609963,4.060321552218873
16,0.0817755775677422,1100.5730888961868,-6.196262994019621,4.060321552218873
16,0.0817755775677422,1485.9140602097523,-6.792782738692063,4.060321552218873
16,0.0817755775677422,2006.1735259613445,-7.393770141307126,4.060321552218873
16,0.11040746109061289,0.1,11.699833158347097,4.060321552218873
16,0.11040746109061289,0.13501275609964633,11.124975253301649,4.060321552218873
16,0.11040746109061289,0.18228444309622582,10.540274262566943,4.060321552218873
16,0.11040746109061289,0.24610725056510596,10.144849961258585,4.060321552218873
16,0.11040746109061289,0.33227618194901193,9.583977294899912,4.060321552218873
16,0.11040746109061289,0.4486152311120365,9.293508196649897,4.060321552218873
16,0.11040746109061289,0.6056877878071585,9.121070362874727,4.060321552218873
16,0.11040746109061289,0.8177557756774221,7.914554948606093,4.060321552218873
16,0.11040746109061289,1.1040746109061288,7.039639331289898,4.060321552218873
16,0.11040746109061289,1.4906415615808106,6.43960010548936,4.060321552218873
16,0.11040746109061289,2.012556255857059,5.290672107735988,4.060321552218873
16,0.11040746109061289,2.717207669088465,5.034725554110406,4.060321552218873
16,0.11040746109061289,3.6685769629872937,4.863875509864434,4.060321552218873
16,0.11040746109061289,4.953046867365847,4.241532510700807,4.060321552218873
16,0.11040746109061289,6.687245086537825,3.317019141035689,4.060321552218873
16,0.11040746109061289,9.028633898472895,2.8145863171534646,4.060321552218873
16,0.11040746109061289,12.189807464475196,2.199894729566157,4.060321552218873
16,0.11040746109061289,16.457795021028378,1.6152260314302973,4.060321552218873
16,0.11040746109061289,22.22012265112078,1.0106204065528617,4.060321552218873
16,0.11040746109061289,29.99999999999996,0.41078385245120946,4.060321552218873
16,0.11040746109061289,40.503826829893846,-0.19471750474028143,4.060321552218873
16,0.11040746109061289,54.68533292886767,-0.7920492892938804,4.060321552218873
16,0.11040746109061289,73.83217516953168,-1.3922846078966138,4.060321552218873
16,0.11040746109061289,99.68285458470345,-1.9933715228832891,4.060321552218873
16,0.11040746109061289,134.58456933361077,-2.590211939741353,4.060321552218873
16,0.11040746109061289,181.70633634214732,-3.193884509274182,4.060321552218873
16,0.11040746109061289,245.3267327032263,-3.7930536152766003,4.060321552218873
16,0.11040746109061289,331.2223832718382,-4.392631475319344,4.060321552218873
16,0.11040746109061289,447.1924684742427,-4.99212642055157,4.060321552218873
16,0.11040746109061289,603.766876757117,-5.596467664236924,4.060321552218873
16,0.11040746109061289,815.1623007265384,-6.196057112403493,4.060321552218873
16,0.11040746109061289,1100.5730888961868,-6.792316820881146,4.060321552218873
16,0.11040746109061289,1485.9140602097523,-7.397059332535709,4.060321552218873
16,0.11040746109061289,2006.1735259613445,-7.996323523765188,4.060321552218873
16,0.14906415615808105,0.1,11.09494654830601,4.060321552218873
16,0.14906415615808105,0.13501275609964633,10.528312507291009,4.060321552218873
16,0.14906415615808105,0.18228444309622582,9.941990411341603,4.060321552218873
16,0.14906415615808105,0.24610725056510596,9.525460131267963,4.060321552218873
16,0.14906415615808105,0.33227618194901193,8.986391294692798,4.060321552218873
16,0.14906415615808105,0.4486152311120365,8.691732569211295,4.060321552218873
16,0.14906415615808105,0.6056877878071585,8.483246803126711,4.060321552218873
16,0.14906415615808105,0.8177557756774221,7.322064235465752,4.060321552218873
16,0.14906415615808105,1.1040746109061288,6.4293880010391184,4.060321552218873
16,0.14906415615808105,1.4906415615808106,5.850481909862406,4.060321552218873
16,0.14906415615808105,2.012556255857059,4.772594641693664,4.060321552218873
16,0.14906415615808105,2.717207669088465,4.465080984478274,4.060321552218873
16,0.14906415615808105,3.6685769629872937,4.219530135605613,4.060321552218873
16,0.14906415615808105,4.953046867365847,3.583123506385521,4.060321552218873
16,0.14906415615808105,6.687245086537825,2.7666089970504,4.060321552218873
16,0.14906415615808105,9.028633898472895,2.217914483962287,4.060321552218873
16,0.14906415615808105,12.189807464475196,1.6111906647588508,4.060321552218873
16,0.14906415615808105,16.457795021028378,1.0107015866814761,4.060321552218873
16,0.14906415615808105,22.22012265112078,0.4089472297397769,4.060321552218873
16,0.14906415615808105,29.99999999999996,-0.19475926922992812,4.060321552218873
16,0.14906415615808105,40.503826829893846,-0.794973600781033,4.060321552218873
16,0.14906415615808105,54.68533292886767,-1.3924433582738727,4.060321552218873
16,0.14906415615808105,73.83217516953168,-1.990376034976516,4.060321552218873
16,0.14906415615808105,99.68285458470345,-2.5908384632651726,4.060321552218873
16,0.14906415615808105,134.58456933361077,-3.193404825568674,4.060321552218873
16,0.14906415615808105,181.70633634214732,-3.792729593268928,4.060321552218873
16,0.14906415615808105,245.3267327032263,-4.393531669893022,4.060321552218873
16,0.14906415615808105,331.2223832718382,-4.9967992029869155,4.060321552218873
16,0.14906415615808105,447.1924684742427,-5.5955636934669615,4.060321552218873
16,0.14906415615808105,603.766876757117,-6.196312876115153,4.060321552218873
16,0.14906415615808105,815.1623007265384,-6.793562279347488,4.060321552218873
16,0.14906415615808105,1100.5730888961868,-7.3966025515419105,4.060321552218873
16,0.14906415615808105,1485.9140602097523,-7.997440048369622,4.060321552218873
16,0.14906415615808105,2006.1735259613445,-8.59577071237222,4.060321552218873
16,0.2012556255857059,0.1,10.490495035507479,4.060321552218873
16,0.2012556255857059,0.13501275609964633,9.932333445468812,4.060321552218873
16,0.2012556255857059,0.18228444309622582,9.344276734812587,4.060321552218873
16,0.2012556255857059,0.24610725056510596,8.905845977656258,4.060321552218873
16,0.2012556255857059,0.33227618194901193,8.388070476064438,4.060321552218873
16,0.2012556255857059,0.4486152311120365,8.088362164489652,4.060321552218873
16,0.2012556255857059,0.6056877878071585,7.836445813239457,4.060321552218873
16,0.2012556255857059,0.8177557756774221,6.725948232629308,4.060321552218873
16,0.2012556255857059,1.1040746109061288,5.822811760868243,4.060321552218873
16,0.2012556255857059,1.4906415615808106,5.258696777993657,4.060321552218873
16,0.2012556255857059,2.012556255857059,4.261797934116638,4.060321552218873
16,0.2012556255857059,2.717207669088465,3.902502441011215,4.060321552218873
16,0.2012556255857059,3.6685769629872937,3.5671080919820795,4.060321552218873
16,0.2012556255857059,4.953046867365847,2.9188318838689895,4.060321552218873
16,0.2012556255857059,6.687245086537825,2.199732389155874,4.060321552218873
16,0.2012556255857059,9.028633898472895,1.615111393515126,4.060321552218873
16,0.2012556255857059,12.189807464475196,1.0083394279852804,4.060321552218873
16,0.2012556255857059,16.457795021028378,0.41204517748668745,4.060321552218873
16,0.2012556255857059,22.22012265112078,-0.19566872591025988,4.060321552218873
16,0.2012556255857059,29.99999999999996,-0.7914688826831043,4.060321552218873
16,0.2012556255857059,40.503826829893846,-1.3902376833005607,4.060321552218873
16,0.2012556255857059,54.68533292886767,-1.9919343145318924,4.060321552218873
16,0.2012556255857059,73.83217516953168,-2.5909805630897313,4.060321552218873
16,0.2012556255857059,99.68285458470345,-3.1949927289627107,4.060321552218873
16,0.2012556255857059,134.58456933361077,-3.7928631969114996,4.060321552218873
16,0.2012556255857059,181.70633634214732,-4.392700868895528,4.060321552218873
16,0.2012556255857059,245.3267327032263,-4.99445609300481,4.060321552218873
16,0.2012556255857059,331.2223832718382,-5.594755363392953,4.060321552218873
16,0.2012556255857059,447.1924684742427,-6.194257049439468,4.060321552218873
16,0.2012556255857059,603.766876757117,-6.7915738085057376,4.060321552218873
16,0.2012556255857059,815.1623007265384,-7.397364396120488,4.060321552218873
16,0.2012556255857059,1100.5730888961868,-7.994901463689693,4.060321552218873
16,0.2012556255857059,1485.9140602097523,-8.598334692024494,4.060321552218873
16,0.2012556255857059,2006.1735259613445,-9.19815963383435,4.060321552218873
16,0.2717207669088465,0.1,9.886264175296175,4.060321552218873
16,0.2717207669088465,0.13501275609964633,9.33641051572425,4.060321552218873
16,0.2717207669088465,0.18228444309622582,8.746792036923372,4.060321552218873
16,0.2717207669088465,0.24610725056510596,8.28704672957369,4.060321552218873
16,0.2717207669088465,0.33227618194901193,7.788457813147452,4.060321552218873
16,0.2717207669088465,0.4486152311120365,7.48183439901036,4.060321552218873
16,0.2717207669088465,0.6056877878071585,7.180621237674387,4.060321552218873
16,0.2717207669088465,0.8177557756774221,6.124224701746601,4.060321552218873
16,0.2717207669088465,1.1040746109061288,5.220938181245204,4.060321552218873
16,0.2717207669088465,1.4906415615808106,4.663275875398739,4.060321552218873
16,0.2717207669088465,2.012556255857059,3.75476151841096,4.060321552218873
16,0.2717207669088465,2.717207669088465,3.342858071296635,4.060321552218873
16,0.2717207669088465,3.6685769629872937,2.909493864002046,4.060321552218873
16,0.2717207669088465,4.953046867365847,2.2595062894181988,4.060321552218873
16,0.2717207669088465,6.687245086537825,1.6121937428298063,4.060321552218873
16,0.2717207669088465,9.028633898472895,1.0105087969465918,4.060321552218873
16,0.2717207669088465,12.189807464475196,0.40968438491812337,4.060321552218873
16,0.2717207669088465,16.457795021028378,-0.19455881265165453,4.060321552218873
16,0.2717207669088465,22.22012265112078,-0.7915929914858473,4.060321552218873
16,0.2717207669088465,29.99999999999996,-1.3916804556645985,4.060321552218873
16,0.2717207669088465,40.503826829893846,-1.9896539656356638,4.060321552218873
16,0.2717207669088465,54.68533292886767,-2.5925980472650507,4.060321552218873
16,0.2717207669088465,73.83217516953168,-3.1940157645327716,4.060321552218873
16,0.2717207669088465,99.68285458470345,-3.7946286134171316,4.060321552218873
16,0.2717207669088465,134.58456933361077,-4.391257038964718,4.060321552218873
16,0.2717207669088465,181.70633634214732,-4.99331703591016,4.060321552218873
16,0.2717207669088465,245.3267327032263,-5.595125790807212,4.060321552218873
16,0.2717207669088465,331.2223832718382,-6.196388660832507,4.060321552218873
16,0.2717207669088465,447.1924684742427,-6.794033825805872,4.060321552218873
16,0.2717207669088465,603.766876757117,-7.396217650551172,4.060321552218873
16,0.2717207669088465,815.1623007265384,-7.995810197775453,4.060321552218873
16,0.2717207669088465,1100.5730888961868,-8.598068472065073,4.060321552218873
16,0.2717207669088465,1485.9140602097523,-9.199302499540343,4.060321552218873
16,0.2717207669088465,2006.1735259613445,-9.797237837556288,4.060321552218873
16,0.3668576962987294,0.1,9.282105424130021,4.060321552218873
16,0.3668576962987294,0.13501275609964633,8.739666906515092,4.060321552218873
16,0.3668576962987294,0.18228444309622582,8.148984598994854,4.060321552218873
16,0.3668576962987294,0.24610725056510596,7.670069679845799,4.060321552218873
16,0.3668576962987294,0.33227618194901193,7.1871182104062274,4.060321552218873
16,0.3668576962987294,0.4486152311120365,6.869816356039739,4.060321552218873
16,0.3668576962987294,0.6056877878071585,6.51552374083741,4.060321552218873
16,0.3668576962987294,0.8177557756774221,5.514200753612808,4.060321552218873
16,0.3668576962987294,1.1040746109061288,4.623423930919631,4.060321552218873
16,0.3668576962987294,1.4906415615808106,4.06333097868658,4.060321552218873
16,0.3668576962987294,2.012556255857059,3.245726324975583,4.060321552218873
16,0.3668576962987294,2.717207669088465,2.778955510837206,4.060321552218873
16,0.3668576962987294,3.6685769629872937,2.2564650797468135,4.060321552218873
16,0.3668576962987294,4.953046867365847,1.622985143240412,4.060321552218873
16,0.3668576962987294,6.687245086537825,1.0095537608273184,4.060321552218873
16,0.3668576962987294,9.028633898472895,0.4099719094854628,4.060321552218873
16,0.3668576962987294,12.189807464475196,-0.19230162145003424,4.060321552218873
16,0.3668576962987294,16.457795021028378,-0.794355856559971,4.060321552218873
16,0.3668576962987294,22.22012265112078,-1.3919736428361897,4.060321552218873
16,0.3668576962987294,29.99999999999996,-1.9920729754367206,4.060321552218873
16,0.3668576962987294,40.503826829893846,-2.5919457417631446,4.060321552218873
16,0.3668576962987294,54.68533292886767,-3.194081790096166,4.060321552218873
16,0.3668576962987294,73.83217516953168,-3.794000822287463,4.060321552218873
16,0.3668576962987294,99.68285458470345,-4.392044784945086,4.060321552218873
16,0.3668576962987294,134.58456933361077,-4.995152490674184,4.060321552218873
16,0.3668576962987294,181.70633634214732,-5.59610163724672,4.060321552218873
16,0.3668576962987294,245.3267327032263,-6.196562456515074,4.060321552218873
16,0.3668576962987294,331.2223832718382,-6.79170201601209,4.060321552218873
16,0.3668576962987294,447.1924684742427,-7.39686539512127,4.060321552218873
16,0.3668576962987294,603.766876757117,-7.997754829193987,4.060321552218873
16,0.3668576962987294,815.1623007265384,-8.5967654366407,4.060321552218873
16,0.3668576962987294,1100.5730888961868,-9.199859336960822,4.060321552218873
16,0.3668576962987294,1485.9140602097523,-9.799323085099726,4.060321552218873
16,0.3668576962987294,2006.1735259613445,-10.397711065501438,4.060321552218873
16,0.4953046867365847,0.1,8.678034974686337,4.060321552218873
16,0.4953046867365847,0.13501275609964633,8.141207845777899,4.060321552218873
16,0.4953046867365847,0.18228444309622582,7.550408327560631,4.060321552218873
16,0.4953046867365847,0.24610725056510596,7.055618110085556,4.060321552218873
16,0.4953046867365847,0.33227618194901193,6.583876794991607,4.060321552218873
16,0.4953046867365847,0.4486152311120365,6.249555316953772,4.060321552218873
16,0.4953046867365847,0.6056877878071585,5.8400116244066576,4.060321552218873
16,0.4953046867365847,0.8177557756774221,4.892466898004092,4.060321552218873
16,0.4953046867365847,1.1040746109061288,4.028241110708985,4.060321552218873
16,0.4953046867365847,1.4906415615808106,3.457862389372062,4.060321552218873
16,0.4953046867365847,2.012556255857059,2.726075123008918,4.060321552218873
16,0.4953046867365847,2.717207669088465,2.202512213870298,4.060321552218873
16,0.4953046867365847,3.6685769629872937,1.6236346695035477,4.060321552218873
16,0.4953046867365847,4.953046867365847,1.010811949490799,4.060321552218873
16,0.4953046867365847,6.687245086537825,0.40969993763866064,4.060321552218873
16,0.4953046867365847,9.028633898472895,-0.19387249182878868,4.060321552218873
16,0.4953046867365847,12.189807464475196,-0.7939551100671371,4.060321552218873
16,0.4953046867365847,16.457795021028378,-1.3925489257037658,4.060321552218873
16,0.4953046867365847,22.22012265112078,-1.9927747046911177,4.060321552218873
16,0.4953046867365847,29.99999999999996,-2.5907812318710004,4.060321552218873
16,0.4953046867365847,40.503826829893846,-3.1938713601806348,4.060321552218873
16,0.4953046867365847,54.68533292886767,-3.794057689062366,4.060321552218873
16,0.4953046867365847,73.83217516953168,-4.392169568414021,4.060321552218873
16,0.4953046867365847,99.68285458470345,-4.993482420540517,4.060321552218873
16,0.4953046867365847,134.58456933361077,-5.597019396049968,4.060321552218873
16,0.4953046867365847,181.70633634214732,-6.19546932270835,4.060321552218873
16,0.4953046867365847,245.3267327032263,-6.790155317106594,4.060321552218873
16,0.4953046867365847,331.2223832718382,-7.39796068276008,4.060321552218873
16,0.4953046867365847,447.1924684742427,-7.997690152500563,4.060321552218873
16,0.4953046867365847,603.766876757117,-8.596208268080881,4.060321552218873
16,0.4953046867365847,815.1623007265384,-9.200238224348363,4.060321552218873
16,0.4953046867365847,1100.5730888961868,-9.79735558863089,4.060321552218873
16,0.4953046867365847,1485.9140602097523,-10.399276646147865,4.060321552218873
16,0.4953046867365847,2006.1735259613445,-10.996149718444933,4.060321552218873
16,0.6687245086537824,0.1,8.074419463680547,4.060321552218873
16,0.6687245086537824,0.13501275609964633,7.540453829250439,4.060321552218873
16,0.6687245086537824,0.18228444309622582,6.9511695501366395,4.060321552218873
16,0.6687245086537824,0.24610725056510596,6.444146737132492,4.060321552218873
16,0.6687245086537824,0.33227618194901193,5.97864571813489,4.060321552218873
16,0.6687245086537824,0.4486152311120365,5.6184528774071465,4.060321552218873
16,0.6687245086537824,0.6056877878071585,5.151982467256916,4.060321552218873
16,0.6687245086537824,0.8177557756774221,4.255389397075755,4.060321552218873
16,0.6687245086537824,1.1040746109061288,3.4318669144009535,4.060321552218873
16,0.6687245086537824,1.4906415615808106,2.8461564600384994,4.060321552218873
16,0.6687245086537824,2.012556255857059,2.18408386415123,4.060321552218873
16,0.6687245086537824,2.717207669088465,1.6100645535054383,4.060321552218873
16,0.6687245086537824,3.6685769629872937,1.0128595098031985,4.060321552218873
16,0.6687245086537824,4.953046867365847,0.41038066336774626,4.060321552218873
16,0.6687245086537824,6.687245086537825,-0.19517032586773983,4.060321552218873
16,0.6687245086537824,9.028633898472895,-0.7946016673718753,4.060321552218873
16,0.6687245086537824,12.189807464475196,-1.3929056905529618,4.060321552218873
16,0.6687245086537824,16.457795021028378,-1.9944526551045214,4.060321552218873
16,0.6687245086537824,22.22012265112078,-2.590568805976163,4.060321552218873
16,0.6687245086537824,29.99999999999996,-3.1937273846974916,4.060321552218873
16,0.6687245086537824,40.503826829893846,-3.792429790629271,4.060321552218873
16,0.6687245086537824,54.68533292886767,-4.390674844050422,4.060321552218873
16,0.6687245086537824,73.83217516953168,-4.995241667359666,4.060321552218873
16,0.6687245086537824,99.68285458470345,-5.593722711225647,4.060321552218873
16,0.6687245086537824,134.58456933361077,-6.1977403624643825,4.060321552218873
16,0.6687245086537824,181.70633634214732,-6.793905253567116,4.060321552218873
16,0.6687245086537824,245.3267327032263,-7.395777502113614,4.060321552218873
16,0.6687245086537824,331.2223832718382,-7.996566466451888,4.060321552218873
16,0.6687245086537824,447.1924684742427,-8.597053361640835,4.060321552218873
16,0.6687245086537824,603.766876757117,-9.197834174481821,4.060321552218873
16,0.6687245086537824,815.1623007265384,-9.798583865977031,4.060321552218873
16,0.6687245086537824,1100.5730888961868,-10.39673137344038,4.060321552218873
16,0.6687245086537824,1485.9140602097523,-10.999277489499958,4.060321552218873
16,0.6687245086537824,2006.1735259613445,-11.599941904637541,4.060321552218873
16,0.9028633898472894,0.1,7.47210917678874,4.060321552218873
16,0.9028633898472894,0.13501275609964633,6.937547247038473,4.060321552218873
16,0.9028633898472894,0.18228444309622582,6.352136812222873,4.060321552218873
16,0.9028633898472894,0.24610725056510596,5.836149095907873,4.060321552218873
16,0.9028633898472894,0.33227618194901193,5.370986393028813,4.060321552218873
16,0.9028633898472894,0.4486152311120365,4.974306144714684,4.060321552218873
16,0.9028633898472894,0.6056877878071585,4.449216247623581,4.060321552218873
16,0.9028633898472894,0.8177557756774221,3.6008762817566966,4.060321552218873
16,0.9028633898472894,1.1040746109061288,2.8305419206418625,4.060321552218873
16,0.9028633898472894,1.4906415615808106,2.230361085295839,4.060321552218873
16,0.9028633898472894,2.012556255857059,1.6097227547898347,4.060321552218873
16,0.9028633898472894,2.717207669088465,1.0088272486970722,4.060321552218873
16,0.9028633898472894,3.6685769629872937,0.40965964159328483,4.060321552218873
16,0.9028633898472894,4.953046867365847,-0.19500300347570726,4.060321552218873
16,0.9028633898472894,6.687245086537825,-0.7934485018704172,4.060321552218873
16,0.9028633898472894,9.028633898472895,-1.3927832412680579,4.060321552218873
16,0.9028633898472894,12.189807464475196,-1.9929279740538972,4.060321552218873
16,0.9028633898472894,16.457795021028378,-2.5911543162112802,4.060321552218873
16,0.9028633898472894,22.22012265112078,-3.194137263591527,4.060321552218873
16,0.9028633898472894,29.99999999999996,-3.792636095575673,4.060321552218873
16,0.9028633898472894,40.503826829893846,-4.391831885906146,4.060321552218873
16,0.9028633898472894,54.68533292886767,-4.993684774538753,4.060321552218873
16,0.9028633898472894,73.83217516953168,-5.596495787813503,4.060321552218873
16,0.9028633898472894,99.68285458470345,-6.196406123939129,4.060321552218873
16,0.9028633898472894,134.58456933361077,-6.7928644784454795,4.060321552218873
16,0.9028633898472894,181.70633634214732,-7.398985164677057,4.060321552218873
16,0.9028633898472894,245.3267327032263,-7.997655820978896,4.060321552218873
16,0.9028633898472894,331.2223832718382,-8.598458811681443,4.060321552218873
16,0.9028633898472894,447.1924684742427,-9.19733704835276,4.060321552218873
16,0.9028633898472894,603.766876757117,-9.797764657885764,4.060321552218873
16,0.9028633898472894,815.1623007265384,-10.398067316583605,4.060321552218873
16,0.9028633898472894,1100.5730888961868,-10.998131939939539,4.060321552218873
16,0.9028633898472894,1485.9140602097523,-11.599053326465429,4.060321552218873
16,0.9028633898472894,2006.1735259613445,-12.199502473551469,4.060321552218873
16,1.2189807464475195,0.1,6.872361981200061,4.060321552218873
16,1.2189807464475195,0.13501275609964633,6.333715529565503,4.060321552218873
16,1.2189807464475195,0.18228444309622582,5.754658412602294,4.060321552218873
16,1.2189807464475195,0.24610725056510596,5.232198222400525,4.060321552218873
16,1.2189807464475195,0.33227618194901193,4.7596624583730245,4.060321552218873
16,1.2189807464475195,0.4486152311120365,4.315186627789015,4.060321552218873
16,1.2189807464475195,0.6056877878071585,3.731463244451274,4.060321552218873
16,1.2189807464475195,0.8177557756774221,2.9325152168392186,4.060321552218873
16,1.2189807464475195,1.1040746109061288,2.223327523265361,4.060321552218873
16,1.2189807464475195,1.4906415615808106,1.616686565940466,4.060321552218873
16,1.2189807464475195,2.012556255857059,1.0112334033222488,4.060321552218873
16,1.2189807464475195,2.717207669088465,0.4099746097985153,4.060321552218873
16,1.2189807464475195,3.6685769629872937,-0.1970884289770302,4.060321552218873
16,1.2189807464475195,4.953046867365847,-0.7933843282400697,4.060321552218873
16,1.2189807464475195,6.687245086537825,-1.3911757676322314,4.060321552218873
16,1.2189807464475195,9.028633898472895,-1.9944880713512472,4.060321552218873
16,1.2189807464475195,12.189807464475196,-2.5913172866741734,4.060321552218873
16,1.2189807464475195,16.457795021028378,-3.1939793112864905,4.060321552218873
16,1.2189807464475195,22.22012265112078,-3.7944494523752734,4.060321552218873
16,1.2189807464475195,29.99999999999996,-4.391114832184699,4.060321552218873
16,1.2189807464475195,40.503826829893846,-4.994063709649699,4.060321552218873
16,1.2189807464475195,54.68533292886767,-5.592330076623702,4.060321552218873
16,1.2189807464475195,73.83217516953168,-6.196835161446761,4.060321552218873
16,1.2189807464475195,99.68285458470345,-6.791326431115251,4.060321552218873
16,1.2189807464475195,134.58456933361077,-7.3957218444258155,4.060321552218873
16,1.2189807464475195,181.70633634214732,-7.997740441651725,4.060321552218873
16,1.2189807464475195,245.3267327032263,-8.5983772477064,4.060321552218873
16,1.2189807464475195,331.2223832718382,-9.198904043220814,4.060321552218873
16,1.2189807464475195,447.1924684742427,-9.798844468599338,4.060321552218873
16,1.2189807464475195,603.766876757117,-10.399657994161405,4.060321552218873
16,1.2189807464475195,815.1623007265384,-10.997637120823041,4.060321552218873
16,1.2189807464475195,1100.5730888961868,-11.600742838869504,4.060321552218873
16,1.2189807464475195,1485.9140602097523,-12.200847270746898,4.060321552218873
16,1.2189807464475195,2006.1735259613445,-12.800770630877935,4.060321552218873
16,1.6457795021028379,0.1,6.27653142259269,4.060321552218873
16,1.6457795021028379,0.13501275609964633,5.731336279318324,4.060321552218873
16,1.6457795021028379,0.18228444309622582,5.160040088057323,4.060321552218873
16,1.6457795021028379,0.24610725056510596,4.632353409752562,4.060321552218873
16,1.6457795021028379,0.33227618194901193,4.142457668054217,4.060321552218873
16,1.6457795021028379,0.4486152311120365,3.640260349062396,4.060321552218873
16,1.6457795021028379,0.6056877878071585,3.0055533946515167,4.060321552218873
16,1.6457795021028379,0.8177557756774221,2.2655691207782227,4.060321552218873
16,1.6457795021028379,1.1040746109061288,1.6138105363214978,4.060321552218873
16,1.6457795021028379,1.4906415615808106,1.0099179844778017,4.060321552218873
16,1.6457795021028379,2.012556255857059,0.4104965553279549,4.060321552218873
16,1.6457795021028379,2.717207669088465,-0.1918509995376471,4.060321552218873
16,1.6457795021028379,3.6685769629872937,-0.7921340674597899,4.060321552218873
16,1.6457795021028379,4.953046867365847,-1.3929169032360162,4.060321552218873
16,1.6457795021028379,6.687245086537825,-1.9930610736653682,4.060321552218873
16,1.6457795021028379,9.028633898472895,-2.590586717893523,4.060321552218873
16,1.6457795021028379,12.189807464475196,-3.1950229816707427,4.060321552218873
16,1.6457795021028379,16.457795021028378,-3.792452111352713,4.060321552218873
16,1.6457795021028379,22.22012265112078,-4.39180387742217,4.060321552218873
16,1.6457795021028379,29.99999999999996,-4.994920219820565,4.060321552218873
16,1.6457795021028379,40.503826829893846,-5.5957629628618655,4.060321552218873
16,1.6457795021028379,54.68533292886767,-6.196408323921445,4.060321552218873
16,1.6457795021028379,73.83217516953168,-6.789552578919779,4.060321552218873
16,1.6457795021028379,99.68285458470345,-7.395933529314217,4.060321552218873
16,1.6457795021028379,134.58456933361077,-7.997352622485842,4.060321552218873
16,1.6457795021028379,181.70633634214732,-8.596119167945307,4.060321552218873
16,1.6457795021028379,245.3267327032263,-9.199008436129088,4.060321552218873
16,1.6457795021028379,331.2223832718382,-9.79794501187741,4.060321552218873
16,1.6457795021028379,447.1924684742427,-10.397097149514977,4.060321552218873
16,1.6457795021028379,603.766876757117,-11.00064538507865,4.060321552218873
16,1.6457795021028379,815.1623007265384,-11.599852605658882,4.060321552218873
16,1.6457795021028379,1100.5730888961868,-12.200255629028165,4.060321552218873
16,1.6457795021028379,1485.9140602097523,-12.800968146367559,4.060321552218873
16,1.6457795021028379,2006.1735259613445,-13.396702565468344,4.060321552218873
16,2.222012265112078,0.1,5.685665969117314,4.060321552218873
16,2.222012265112078,0.13501275609964633,5.1333958354514,4.060321552218873
16,2.222012265112078,0.18228444309622582,4.569177938744858,4.060321552218873
16,2.222012265112078,0.24610725056510596,4.035154199504021,4.060321552218873
16,2.222012265112078,0.33227618194901193,3.516674287733534,4.060321552218873
16,2.222012265112078,0.4486152311120365,2.9539243687057097,4.060321552218873
16,2.222012265112078,0.6056877878071585,2.2940024208683054,4.060321552218873
16,2.222012265112078,0.8177557756774221,1.6223735603267595,4.060321552218873
16,2.222012265112078,1.1040746109061288,1.0083550129795544,4.060321552218873
16,2.222012265112078,1.4906415615808106,0.41177685688446924,4.060321552218873
16,2.222012265112078,2.012556255857059,-0.19388423320968984,4.060321552218873
16,2.222012265112078,2.717207669088465,-0.79287077463434,4.060321552218873
16,2.222012265112078,3.6685769629872937,-1.391666584862372,4.060321552218873
16,2.222012265112078,4.953046867365847,-1.9926355840236072,4.060321552218873
16,2.222012265112078,6.687245086537825,-2.592250934241898,4.060321552218873
16,2.222012265112078,9.028633898472895,-3.1936651587777534,4.060321552218873
16,2.222012265112078,12.189807464475196,-3.793838342946362,4.060321552218873
16,2.222012265112078,16.457795021028378,-4.391630985278623,4.060321552218873
16,2.222012265112078,22.22012265112078,-4.992677747432285,4.060321552218873
16,2.222012265112078,29.99999999999996,-5.593532182294865,4.060321552218873
16,2.222012265112078,40.503826829893846,-6.195635831493268,4.060321552218873
16,2.222012265112078,54.68533292886767,-6.795665114467431,4.060321552218873
16,2.222012265112078,73.83217516953168,-7.395482508279767,4.060321552218873
16,2.222012265112078,99.68285458470345,-7.997104228317556,4.060321552218873
16,2.222012265112078,134.58456933361077,-8.596473544021613,4.060321552218873
16,2.222012265112078,181.70633634214732,-9.200723559928822,4.060321552218873
16,2.222012265112078,245.3267327032263,-9.79930745761923,4.060321552218873
16,2.222012265112078,331.2223832718382,-10.396651416117384,4.060321552218873
16,2.222012265112078,447.1924684742427,-10.998975563211118,4.060321552218873
16,2.222012265112078,603.766876757117,-11.599492161669344,4.060321552218873
16,2.222012265112078,815.1623007265384,-12.200127780015688,4.060321552218873
16,2.222012265112078,1100.5730888961868,-12.799970305394051,4.060321552218873
16,2.222012265112078,1485.9140602097523,-13.398031093886765,4.060321552218873
16,2.222012265112078,2006.1735259613445,-14.003417665311384,4.060321552218873
16,2.999999999999996,0.1,5.1002851371567575,4.060321552218873
16,2.999999999999996,0.13501275609964633,4.542310981979961,4.060321552218873
16,2.999999999999996,0.18228444309622582,3.9821408625252435,4.060321552218873
16,2.999999999999996,0.24610725056510596,3.4371361636871107,4.060321552218873
16,2.999999999999996,0.33227618194901193,2.881636648253837,4.060321552218873
16,2.999999999999996,0.4486152311120365,2.273541269818975,4.060321552218873
16,2.999999999999996,0.6056877878071585,1.6286822774337812,4.060321552218873
16,2.999999999999996,0.8177557756774221,1.0082741029935085,4.060321552218873
16,2.999999999999996,1.1040746109061288,0.4120917502210597,4.060321552218873
16,2.999999999999996,1.4906415615808106,-0.19421721912963733,4.060321552218873
16,2.999999999999996,2.012556255857059,-0.7917666275803239,4.060321552218873
16,2.999999999999996,2.717207669088465,-1.3891429203181482,4.060321552218873
16,2.999999999999996,3.6685769629872937,-1.9931689201069065,4.060321552218873
16,2.999999999999996,4.953046867365847,-2.5926764733898455,4.060321552218873
16,2.999999999999996,6.687245086537825,-3.1943360589987626,4.060321552218873
16,2.999999999999996,9.028633898472895,-3.791994968165219,4.060321552218873
16,2.999999999999996,12.189807464475196,-4.389980666539857,4.060321552218873
16,2.999999999999996,16.457795021028378,-4.995177573789643,4.060321552218873
16,2.999999999999996,22.22012265112078,-5.5949564520300585,4.060321552218873
16,2.999999999999996,29.99999999999996,-6.196929138186387,4.060321552218873
16,2.999999999999996,40.503826829893846,-6.79354509660305,4.060321552218873
16,2.999999999999996,54.68533292886767,-7.396729878306395,4.060321552218873
16,2.999999999999996,73.83217516953168,-7.99610388823139,4.060321552218873
16,2.999999999999996,99.68285458470345,-8.597019018525335,4.060321552218873
16,2.999999999999996,134.58456933361077,-9.198223883529046,4.060321552218873
16,2.999999999999996,181.70633634214732,-9.798720217857941,4.060321552218873
16,2.999999999999996,245.3267327032263,-10.398015871122992,4.060321552218873
16,2.999999999999996,331.2223832718382,-10.996278215042437,4.060321552218873
16,2.999999999999996,447.1924684742427,-11.601453420117279,4.060321552218873
16,2.999999999999996,603.766876757117,-12.198502353571946,4.060321552218873
16,2.999999999999996,815.1623007265384,-12.801440604587688,4.060321552218873
16,2.999999999999996,1100.5730888961868,-13.39515711347796,4.060321552218873
16,2.999999999999996,1485.9140602097523,-14.00297422614423,4.060321552218873
16,2.999999999999996,2006.1735259613445,-14.599999396466034,4.060321552218873
32,0.01,0.1,17.02322955619945,5.7465318451181275
32,0.01,0.13501275609964633,16.32921417286923,5.7465318451181275
32,0.01,0.18228444309622582,15.791531132081737,5.7465318451181275
32,0.01,0.24610725056510596,15.335002802908566,5.7465318451181275
32,0.01,0.33227618194901193,14.667374737043428,5.7465318451181275
32,0.01,0.4486152311120365,14.688105405635365,5.7465318451181275
32,0.01,0.6056877878071585,14.158781394472383,5.7465318451181275
32,0.01,0.8177557756774221,13.791633324700157,5.7465318451181275
32,0.01,1.1040746109061288,12.630480451150065,5.7465318451181275
32,0.01,1.4906415615808106,11.883828564954344,5.7465318451181275
32,0.01,2.012556255857059,11.082627123747374,5.7465318451181275
32,0.01,2.717207669088465,10.797852666064879,5.7465318451181275
32,0.01,3.6685769629872937,10.247271045758444,5.7465318451181275
32,0.01,4.953046867365847,9.200799235073418,5.7465318451181275
32,0.01,6.687245086537825,9.437132775300869,5.7465318451181275
32,0.01,9.028633898472895,8.76095153044656,5.7465318451181275
32,0.01,12.189807464475196,7.926189905565633,5.7465318451181275
32,0.01,16.457795021028378,6.885760813980664,5.7465318451181275
32,0.01,22.22012265112078,6.59280197695986,5.7465318451181275
32,0.01,29.99999999999996,5.55703088927568,5.7465318451181275
32,0.01,40.503826829893846,5.005751126949462,5.7465318451181275
32,0.01,54.68533292886767,4.711165215307849,5.7465318451181275
32,0.01,73.83217516953168,4.024489222702542,5.7465318451181275
32,0.01,99.68285458470345,3.5085604806741855,5.7465318451181275
32,0.01,134.58456933361077,2.899106600930359,5.7465318451181275
32,0.01,181.70633634214732,2.307693104905827,5.7465318451181275
32,0.01,245.3267327032263,1.703478548502189,5.7465318451181275
32,0.01,331.2223832718382,1.1016635404641941,5.7465318451181275
32,0.01,447.1924684742427,0.502903029223375,5.7465318451181275
32,0.01,603.766876757117,-0.10046403643341267,5.7465318451181275
32,0.01,815.1623007265384,-0.695928116343385,5.7465318451181275
32,0.01,1100.5730888961868,-1.2963810334739994,5.7465318451181275
32,0.01,1485.9140602097523,-1.8940688692063272,5.7465318451181275
32,0.01,2006.1735259613445,-2.503454065903773,5.7465318451181275
32,0.013501275609964631,0.1,16.422805028109096,5.7465318451181275
32,0.013501275609964631,0.13501275609964633,15.73530309745343,5.7465318451181275
32,0.013501275609964631,0.18228444309622582,15.19091042134378,5.7465318451181275
32,0.013501275609964631,0.24610725056510596,14.73055913223216,5.7465318451181275
32,0.013501275609964631,0.33227618194901193,14.067399669669173,5.7465318451181275
32,0.013501275609964631,0.4486152311120365,14.085096214171312,5.7465318451181275
32,0.013501275609964631,0.6056877878071585,13.555598745276882,5.7465318451181275
32,0.013501275609964631,0.8177557756774221,13.181802504230694,5.7465318451181275
32,0.013501275609964631,1.1040746109061288,12.035809430443468,5.7465318451181275
32,0.013501275609964631,1.4906415615808106,11.282265855418752,5.7465318451181275
32,0.013501275609964631,2.012556255857059,10.490666947520923,5.7465318451181275
32,0.013501275609964631,2.717207669088465,10.199142560608346,5.7465318451181275
32,0.013501275609964631,3.6685769629872937,9.64176620587274,5.7465318451181275
32,0.013501275609964631,4.953046867365847,8.616119550853178,5.7465318451181275
32,0.013501275609964631,6.687245086537825,8.806758200538882,5.7465318451181275
32,0.013501275609964631,9.028633898472895,8.140194686861603,5.7465318451181275
32,0.013501275609964631,12.189807464475196,7.3215599296607365,5.7465318451181275
32,0.013501275609964631,16.457795021028378,6.310547102655947,5.7465318451181275
32,0.013501275609964631,22.22012265112078,6.0016787298905445,5.7465318451181275
32,0.013501275609964631,29.99999999999996,5.027357855027836,5.7465318451181275
32,0.013501275609964631,40.503826829893846,4.467481979117556,5.7465318451181275
32,0.013501275609964631,54.68533292886767,4.114600597192715,5.7465318451181275
32,0.013501275609964631,73.83217516953168,3.460892749154184,5.7465318451181275
32,0.013501275609964631,99.68285458470345,2.9079805701531365,5.7465318451181275
32,0.013501275609964631,134.58456933361077,2.303556918312962,5.7465318451181275
32,0.013501275609964631,181.70633634214732,1.7048526687579124,5.7465318451181275
32,0.013501275609964631,245.3267327032263,1.1041774838067517,5.7465318451181275
32,0.013501275609964631,331.2223832718382,0.49989238430330235,5.7465318451181275
32,0.013501275609964631,447.1924684742427,-0.09823005969554863,5.7465318451181275
32,0.013501275609964631,603.766876757117,-0.6969553101778837,5.7465318451181275
32,0.013501275609964631,815.1623007265384,-1.2989516577384874,5.7465318451181275
32,0.013501275609964631,1100.5730888961868,-1.8966671091293301,5.7465318451181275
32,0.013501275609964631,1485.9140602097523,-2.501998466538325,5.7465318451181275
32,0.013501275609964631,2006.1735259613445,-3.1010862455712265,5.7465318451181275
32,0.018228444309622584,0.1,15.82235446146082,5.7465318451181275
32,0.018228444309622584,0.13501275609964633,15.142307878087905,5.7465318451181275
32,0.018228444309622584,0.18228444309622582,14.590163704768763,5.7465318451181275
32,0.018228444309622584,0.24610725056510596,14.124070158546589,5.7465318451181275
32,0.018228444309622584,0.33227618194901193,13.467671464364958,5.7465318451181275
32,0.018228444309622584,0.4486152311120365,13.480278286565987,5.7465318451181275
32,0.018228444309622584,0.6056877878071585,12.951056733701368,5.7465318451181275
32,0.018228444309622584,0.8177557756774221,12.567785958903777,5.7465318451181275
32,0.018228444309622584,1.1040746109061288,11.4416757604319,5.7465318451181275
32,0.018228444309622584,1.4906415615808106,10.680155892292587,5.7465318451181275
32,0.018228444309622584,2.012556255857059,9.900195735105912,5.7465318451181275
32,0.018228444309622584,2.717207669088465,9.601723868482377,5.7465318451181275
32,0.018228444309622584,3.6685769629872937,9.03892887802876,5.7465318451181275
32,0.018228444309622584,4.953046867365847,8.03257904385136,5.7465318451181275
32,0.018228444309622584,6.687245086537825,8.171011258978968,5.7465318451181275
32,0.018228444309622584,9.028633898472895,7.510575413913541,5.7465318451181275
32,0.018228444309622584,12.189807464475196,6.713974472101946,5.7465318451181275
32,0.018228444309622584,16.457795021028378,5.738877504152411,5.7465318451181275
32,0.018228444309622584,22.22012265112078,5.40597432023416,5.7465318451181275
32,0.018228444309622584,29.99999999999996,4.499227216607025,5.7465318451181275
32,0.018228444309622584,40.503826829893846,3.9377052497478062,5.7465318451181275
32,0.018228444309622584,54.68533292886767,3.514406843158984,5.7465318451181275
32,0.018228444309622584,73.83217516953168,2.887538952358331,5.7465318451181275
32,0.018228444309622584,99.68285458470345,2.304450633566886,5.7465318451181275
32,0.018228444309622584,134.58456933361077,1.70286521513369,5.7465318451181275
32,0.018228444309622584,181.70633634214732,1.1038083974478394,5.7465318451181275
32,0.018228444309622584,245.3267327032263,0.5018149504726197,5.7465318451181275
32,0.018228444309622584,331.2223832718382,-0.09996972464958571,5.7465318451181275
32,0.018228444309622584,447.1924684742427,-0.6975833896644,5.7465318451181275
32,0.018228444309622584,603.766876757117,-1.2961366242424697,5.7465318451181275
32,0.018228444309622584,815.1623007265384,-1.8973492271291694,5.7465318451181275
32,0.018228444309622584,1100.5730888961868,-2.5022733722986166,5.7465318451181275
32,0.018228444309622584,1485.9140602097523,-3.1008028590496743,5.7465318451181275
32,0.018228444309622584,2006.1735259613445,-3.7008017822104446,5.7465318451181275
32,0.024610725056510595,0.1,15.221855197454426,5.7465318451181275
32,0.024610725056510595,0.13501275609964633,14.549848449729733,5.7465318451181275
32,0.024610725056510595,0.18228444309622582,13.989263478115754,5.7465318451181275
32,0.024610725056510595,0.24610725056510596,13.515155631975242,5.7465318451181275
32,0.024610725056510595,0.33227618194901193,12.868244823013354,5.7465318451181275
32,0.024610725056510595,0.4486152311120365,12.872746387818173,5.7465318451181275
32,0.024610725056510595,0.6056877878071585,12.344929928106014,5.7465318451181275
32,0.024610725056510595,0.8177557756774221,11.949021502240125,5.7465318451181275
32,0.024610725056510595,1.1040746109061288,10.847415475592888,5.7465318451181275
32,0.024610725056510595,1.4906415615808106,10.077581946039379,5.7465318451181275
32,0.024610725056510595,2.012556255857059,9.311232276581684,5.7465318451181275
32,0.024610725056510595,2.717207669088465,9.005626681749535,5.7465318451181275
32,0.024610725056510595,3.6685769629872937,8.43919238654836,5.7465318451181275
32,0.024610725056510595,4.953046867365847,7.450308240423195,5.7465318451181275
32,0.024610725056510595,6.687245086537825,7.529857170706071,5.7465318451181275
32,0.024610725056510595,9.028633898472895,6.871736211308266,5.7465318451181275
32,0.024610725056510595,12.189807464475196,6.10174044693728,5.7465318451181275
32,0.024610725056510595,16.457795021028378,5.1707161099197,5.7465318451181275
32,0.024610725056510595,22.22012265112078,4.801246730331407,5.7465318451181275
32,0.024610725056510595,29.99999999999996,3.9687755497984916,5.7465318451181275
32,0.024610725056510595,40.503826829893846,3.4084626531158997,5.7465318451181275
32,0.024610725056510595,54.68533292886767,2.910505645672807,5.7465318451181275
32,0.024610725056510595,73.83217516953168,2.2996287560355193,5.7465318451181275
32,0.024610725056510595,99.68285458470345,1.7010662359309066,5.7465318451181275
32,0.024610725056510595,134.58456933361077,1.1027688890900387,5.7465318451181275
32,0.024610725056510595,181.70633634214732,0.501208797245452,5.7465318451181275
32,0.024610725056510595,245.3267327032263,-0.09783401840793998,5.7465318451181275
32,0.024610725056510595,331.2223832718382,-0.697152487866376,5.7465318451181275
32,0.024610725056510595,447.1924684742427,-1.2971928635593324,5.7465318451181275
32,0.024610725056510595,603.766876757117,-1.8974248909107627,5.7465318451181275
32,0.024610725056510595,815.1623007265384,-2.501066786501979,5.7465318451181275
32,0.024610725056510595,1100.5730888961868,-3.099483900590378,5.7465318451181275
32,0.024610725056510595,1485.9140602097523,-3.7005822625729974,5.7465318451181275
32,0.024610725056510595,2006.1735259613445,-4.302232912393816,5.7465318451181275
32,0.03322761819490119,0.1,14.62126616207345,5.7465318451181275
32,0.03322761819490119,0.13501275609964633,13.957543584609283,5.7465318451181275
32,0.03322761819490119,0.18228444309622582,13.388224631991696,5.7465318451181275
32,0.03322761819490119,0.24610725056510596,12.903724501521712,5.7465318451181275
32,0.03322761819490119,0.33227618194901193,12.269066059952207,5.7465318451181275
32,0.03322761819490119,0.4486152311120365,12.261543607608811,5.7465318451181275
32,0.03322761819490119,0.6056877878071585,11.73714450911358,5.7465318451181275
32,0.03322761819490119,0.8177557756774221,11.325338943884537,5.7465318451181275
32,0.03322761819490119,1.1040746109061288,10.252218767426427,5.7465318451181275
32,0.03322761819490119,1.4906415615808106,9.474997279071772,5.7465318451181275
32,0.03322761819490119,2.012556255857059,8.723823242194008,5.7465318451181275
32,0.03322761819490119,2.717207669088465,8.410703476793444,5.7465318451181275
32,0.03322761819490119,3.6685769629872937,7.8422954485801695,5.7465318451181275
32,0.03322761819490119,4.953046867365847,6.869594851693933,5.7465318451181275
32,0.03322761819490119,6.687245086537825,6.883920750505516,5.7465318451181275
32,0.03322761819490119,9.028633898472895,6.224278805724917,5.7465318451181275
32,0.03322761819490119,12.189807464475196,5.482847770126943,5.7465318451181275
32,0.03322761819490119,16.457795021028378,4.605081664781999,5.7465318451181275
32,0.03322761819490119,22.22012265112078,4.184846210178722,5.7465318451181275
32,0.03322761819490119,29.99999999999996,3.4300694466144854,5.7465318451181275
32,0.03322761819490119,40.503826829893846,2.8658199713386288,5.7465318451181275
32,0.03322761819490119,54.68533292886767,2.3053157946174725,5.7465318451181275
32,0.03322761819490119,73.83217516953168,1.6997720899882205,5.7465318451181275
32,0.03322761819490119,99.68285458470345,1.0996105962005662,5.7465318451181275
32,0.03322761819490119,134.58456933361077,0.5013638001882218,5.7465318451181275
32,0.03322761819490119,181.70633634214732,-0.09833504344729248,5.7465318451181275
32,0.03322761819490119,245.3267327032263,-0.6965955638500637,5.7465318451181275
32,0.03322761819490119,331.2223832718382,-1.2975438257647671,5.7465318451181275
32,0.03322761819490119,447.1924684742427,-1.8980287798381805,5.7465318451181275
32,0.03322761819490119,603.766876757117,-2.502425598845904,5.7465318451181275
32,0.03322761819490119,815.1623007265384,-3.1022939813549453,5.7465318451181275
32,0.03322761819490119,1100.5730888961868,-3.70293908494971,5.7465318451181275
32,0.03322761819490119,1485.9140602097523,-4.300848905224526,5.7465318451181275
32,0.03322761819490119,2006.1735259613445,-4.902628413909971,5.7465318451181275
32,0.04486152311120365,0.1,14.020514267778246,5.7465318451181275
32,0.04486152311120365,0.13501275609964633,13.365011701757567,5.7465318451181275
32,0.04486152311120365,0.18228444309622582,12.7871185639045,5.7465318451181275
32,0.04486152311120365,0.24610725056510596,12.290026924406636,5.7465318451181275
32,0.04486152311120365,0.33227618194901193,11.669876256671223,5.7465318451181275
32,0.04486152311120365,0.4486152311120365,11.645957298221395,5.7465318451181275
32,0.04486152311120365,0.6056877878071585,11.127697767424097,5.7465318451181275
32,0.04486152311120365,0.8177557756774221,10.696860729779333,5.7465318451181275
32,0.04486152311120365,1.1040746109061288,9.655191922746692,5.7465318451181275
32,0.04486152311120365,1.4906415615808106,8.87328123090347,5.7465318451181275
32,0.04486152311120365,2.012556255857059,8.137958010274225,5.7465318451181275
32,0.04486152311120365,2.717207669088465,7.81673235372698,5.7465318451181275
32,0.04486152311120365,3.6685769629872937,7.247094734827557,5.7465318451181275
32,0.04486152311120365,4.953046867365847,6.291122339461642,5.7465318451181275
32,0.04486152311120365,6.687245086537825,6.234064984548644,5.7465318451181275
32,0.04486152311120365,9.028633898472895,5.569859643555982,5.7465318451181275
32,0.04486152311120365,12.189807464475196,4.855545333164791,5.7465318451181275
32,0.04486152311120365,16.457795021028378,4.039628278269685,5.7465318451181275
32,0.04486152311120365,22.22012265112078,3.558333948383679,5.7465318451181275
32,0.04486152311120365,29.99999999999996,2.875245725795126,5.7465318451181275
32,0.04486152311120365,40.503826829893846,2.294929970267298,5.7465318451181275
32,0.04486152311120365,54.68533292886767,1.7017069998018355,5.7465318451181275
32,0.04486152311120365,73.83217516953168,1.0995287340599944,5.7465318451181275
32,0.04486152311120365,99.68285458470345,0.5011308615239353,5.7465318451181275
32,0.04486152311120365,134.58456933361077,-0.09999502659552656,5.7465318451181275
32,0.04486152311120365,181.70633634214732,-0.6975817226650378,5.7465318451181275
32,0.04486152311120365,245.3267327032263,-1.29835298938706,5.7465318451181275
32,0.04486152311120365,331.2223832718382,-1.898474906250589,5.7465318451181275
32,0.04486152311120365,447.1924684742427,-2.5023813383439513,5.7465318451181275
32,0.04486152311120365,603.766876757117,-3.1014091772027887,5.7465318451181275
32,0.04486152311120365,815.1623007265384,-3.7015808640911625,5.7465318451181275
32,0.04486152311120365,1100.5730888961868,-4.301066182034052,5.7465318451181275
32,0.04486152311120365,1485.9140602097523,-4.900955577924364,5.7465318451181275
32,0.04486152311120365,2006.1735259613445,-5.499918552769799,5.7465318451181275
32,0.06056877878071584,0.1,13.41947323580067,5.7465318451181275
32,0.06056877878071584,0.13501275609964633,12.771840358855112,5.7465318451181275
32,0.06056877878071584,0.18228444309622582,12.186017206094185,5.7465318451181275
32,0.06056877878071584,0.24610725056510596,11.674586693622894,5.7465318451181275
32,0.06056877878071584,0.33227618194901193,11.070226116705099,5.7465318451181275
32,0.06056877878071584,0.4486152311120365,11.025763897305676,5.7465318451181275
32,0.06056877878071584,0.6056877878071585,10.516519704324185,5.7465318451181275
32,0.06056877878071584,0.8177557756774221,10.06386984338764,5.7465318451181275
32,0.06056877878071584,1.1040746109061288,9.05561361353826,5.7465318451181275
32,0.06056877878071584,1.4906415615808106,8.273513038368932,5.7465318451181275
32,0.06056877878071584,2.012556255857059,7.553527790215298,5.7465318451181275
32,0.06056877878071584,2.717207669088465,7.223200993211424,5.7465318451181275
32,0.06056877878071584,3.6685769629872937,6.65145771533025,5.7465318451181275
32,0.06056877878071584,4.953046867365847,5.716027736331249,5.7465318451181275
32,0.06056877878071584,6.687245086537825,5.580835440009868,5.7465318451181275
32,0.06056877878071584,9.028633898472895,4.91091874167477,5.7465318451181275
32,0.06056877878071584,12.189807464475196,4.219275691335381,5.7465318451181275
32,0.06056877878071584,16.457795021028378,3.470462931878944,5.7465318451181275
32,0.06056877878071584,22.22012265112078,2.929737392970977,5.7465318451181275
32,0.06056877878071584,29.99999999999996,2.296775716666366,5.7465318451181275
32,0.06056877878071584,40.503826829893846,1.7013659652168096,5.7465318451181275
32,0.06056877878071584,54.68533292886767,1.1013727775471422,5.7465318451181275
32,0.06056877878071584,73.83217516953168,0.5029630191425671,5.7465318451181275
32,0.06056877878071584,99.68285458470345,-0.09728999931388921,5.7465318451181275
32,0.06056877878071584,134.58456933361077,-0.6974950753736322,5.7465318451181275
32,0.06056877878071584,181.70633634214732,-1.297143240665399,5.7465318451181275
32,0.06056877878071584,245.3267327032263,-1.8964215046588706,5.7465318451181275
32,0.06056877878071584,331.2223832718382,-2.5020377071766293,5.7465318451181275
32,0.06056877878071584,447.1924684742427,-3.103017815060333,5.7465318451181275
32,0.06056877878071584,603.766876757117,-3.7027605379844606,5.7465318451181275
32,0.06056877878071584,815.1623007265384,-4.30066504974809,5.7465318451181275
32,0.06056877878071584,1100.5730888961868,-4.901325232959628,5.7465318451181275
32,0.06056877878071584,1485.9140602097523,-5.499098492277353,5.7465318451181275
32,0.06056877878071584,2006.1735259613445,-6.102604808124803,5.7465318451181275
32,0.0817755775677422,0.1,12.817935340682228,5.7465318451181275
32,0.0817755775677422,0.13501275609964633,12.177579786679106,5.7465318451181275
32,0.0817755775677422,0.18228444309622582,11.584878593454635,5.7465318451181275
32,0.0817755775677422,0.24610725056510596,11.058071882060359,5.7465318451181275
32,0.0817755775677422,0.33227618194901193,10.469693709101275,5.7465318451181275
32,0.0817755775677422,0.4486152311120365,10.40123685272627,5.7465318451181275
32,0.0817755775677422,0.6056877878071585,9.903417358250607,5.7465318451181275
32,0.0817755775677422,0.8177557756774221,9.426760126000309,5.7465318451181275
32,0.0817755775677422,1.1040746109061288,8.45336571921914,5.7465318451181275
32,0.0817755775677422,1.4906415615808106,7.676475087596323,5.7465318451181275
32,0.0817755775677422,2.012556255857059,6.970382900413021,5.7465318451181275
32,0.0817755775677422,2.717207669088465,6.628809002648646,5.7465318451181275
32,0.0817755775677422,3.6685769629872937,6.052400064198379,5.7465318451181275
32,0.0817755775677422,4.953046867365847,5.145531902528742,5.7465318451181275
32,0.0817755775677422,6.687245086537825,4.92417366844266,5.7465318451181275
32,0.0817755775677422,9.028633898472895,4.250262681153177,5.7465318451181275
32,0.0817755775677422,12.189807464475196,3.576499055161379,5.7465318451181275
32,0.0817755775677422,16.457795021028378,2.8922260878759234,5.7465318451181275
32,0.0817755775677422,22.22012265112078,2.3102695060266427,5.7465318451181275
32,0.0817755775677422,29.99999999999996,1.701482409989238,5.7465318451181275
32,0.0817755775677422,40.503826829893846,1.103911702446933,5.7465318451181275
32,0.0817755775677422,54.68533292886767,0.4993859119221009,5.7465318451181275
32,0.0817755775677422,73.83217516953168,-0.09905876029385906,5.7465318451181275
32,0.0817755775677422,99.68285458470345,-0.6976984918986618,5.7465318451181275
32,0.0817755775677422,134.58456933361077,-1.2990958717296486,5.7465318451181275
32,0.0817755775677422,181.70633634214732,-1.8952111672579433,5.7465318451181275
32,0.0817755775677422,245.3267327032263,-2.5027294318407676,5.7465318451181275
32,0.0817755775677422,331.2223832718382,-3.101620025038171,5.7465318451181275
32,0.0817755775677422,447.1924684742427,-3.702884037670304,5.7465318451181275
32,0.0817755775677422,603.766876757117,-4.3028683521657545,5.7465318451181275
32,0.0817755775677422,815.1623007265384,-4.901498722336477,5.7465318451181275
32,0.0817755775677422,1100.5730888961868,-5.4987766558354885,5.7465318451181275
32,0.0817755775677422,1485.9140602097523,-6.10210931437004,5.7465318451181275
32,0.0817755775677422,2006.1735259613445,-6.701069954293749,5.7465318451181275
32,0.11040746109061289,0.1,12.215585840305675,5.7465318451181275
32,0.11040746109061289,0.13501275609964633,11.581801983716455,5.7465318451181275
32,0.11040746109061289,0.18228444309622582,10.983490802430882,5.7465318451181275
32,0.11040746109061289,0.24610725056510596,10.44122257879503,5.7465318451181275
32,0.11040746109061289,0.33227618194901193,9.868206251869864,5.7465318451181275
32,0.11040746109061289,0.4486152311120365,9.772998117397382,5.7465318451181275
32,0.11040746109061289,0.6056877878071585,9.288170443456027,5.7465318451181275
32,0.11040746109061289,0.8177557756774221,8.785992211515884,5.7465318451181275
32,0.11040746109061289,1.1040746109061288,7.849099607311892,5.7465318451181275
32,0.11040746109061289,1.4906415615808106,7.082131779668609,5.7465318451181275
32,0.11040746109061289,2.012556255857059,6.388463321841563,5.7465318451181275
32,0.11040746109061289,2.717207669088465,6.031197441837214,5.7465318451181275
32,0.11040746109061289,3.6685769629872937,5.446574219123099,5.7465318451181275
32,0.11040746109061289,4.953046867365847,4.580123274600896,5.7465318451181275
32,0.11040746109061289,6.687245086537825,4.263975082750316,5.7465318451181275
32,0.11040746109061289,9.028633898472895,3.5915630635057094,5.7465318451181275
32,0.11040746109061289,12.189807464475196,2.9357959598036234,5.7465318451181275
32,0.11040746109061289,16.457795021028378,2.3008550003651025,5.7465318451181275
32,0.11040746109061289,22.22012265112078,1.7029924794230427,5.7465318451181275
32,0.11040746109061289,29.99999999999996,1.1024276309033452,5.7465318451181275
32,0.11040746109061289,40.503826829893846,0.5034523491695777,5.7465318451181275
32,0.11040746109061289,54.68533292886767,-0.0979304378903554,5.7465318451181275
32,0.11040746109061289,73.83217516953168,-0.6959483913221208,5.7465318451181275
32,0.11040746109061289,99.68285458470345,-1.298762844035387,5.7465318451181275
32,0.11040746109061289,134.58456933361077,-1.898303551040859,5.7465318451181275
32,0.11040746109061289,181.70633634214732,-2.502830658393532,5.7465318451181275
32,0.11040746109061289,245.3267327032263,-3.1010820663514926,5.7465318451181275
32,0.11040746109061289,331.2223832718382,-3.701286617057569,5.7465318451181275
32,0.11040746109061289,447.1924684742427,-4.30236865659861,5.7465318451181275
32,0.11040746109061289,603.766876757117,-4.899325800559837,5.7465318451181275
32,0.11040746109061289,815.1623007265384,-5.499272748866655,5.7465318451181275
32,0.11040746109061289,1100.5730888961868,-6.1009323778167905,5.7465318451181275
32,0.11040746109061289,1485.9140602097523,-6.704488831167381,5.7465318451181275
32,0.11040746109061289,2006.1735259613445,-7.298872305743421,5.7465318451181275
32,0.14906415615808105,0.1,11.612007956565677,5.7465318451181275
32,0.14906415615808105,0.13501275609964633,10.984206848221877,5.7465318451181275
32,0.14906415615808105,0.18228444309622582,10.381599711972203,5.7465318451181275
32,0.14906415615808105,0.24610725056510596,9.824910095955117,5.7465318451181275
32,0.14906415615808105,0.33227618194901193,9.266275995457665,5.7465318451181275
32,0.14906415615808105,0.4486152311120365,9.141985510226963,5.7465318451181275
32,0.14906415615808105,0.6056877878071585,8.670684625408231,5.7465318451181275
32,0.14906415615808105,0.8177557756774221,8.142008446218794,5.7465318451181275
32,0.14906415615808105,1.1040746109061288,7.243791139407965,5.7465318451181275
32,0.14906415615808105,1.4906415615808106,6.489496301093145,5.7465318451181275
32,0.14906415615808105,2.012556255857059,5.807843457481424,5.7465318451181275
32,0.14906415615808105,2.717207669088465,5.427392708880775,5.7465318451181275
32,0.14906415615808105,3.6685769629872937,4.8310358494975665,5.7465318451181275
32,0.14906415615808105,4.953046867365847,4.018511798509661,5.7465318451181275
32,0.14906415615808105,6.687245086537825,3.6024615587230997,5.7465318451181275
32,0.14906415615808105,9.028633898472895,2.94207621732208,5.7465318451181275
32,0.14906415615808105,12.189807464475196,2.3101978558250984,5.7465318451181275
32,0.14906415615808105,16.457795021028378,1.7016122633339406,5.7465318451181275
32,0.14906415615808105,22.22012265112078,1.102228546959948,5.7465318451181275
32,0.14906415615808105,29.99999999999996,0.5016586924837236,5.7465318451181275
32,0.14906415615808105,40.503826829893846,-0.09741381220528003,5.7465318451181275
32,0.14906415615808105,54.68533292886767,-0.6960265995341698,5.7465318451181275
32,0.14906415615808105,73.83217516953168,-1.2989269112906094,5.7465318451181275
32,0.14906415615808105,99.68285458470345,-1.8954271483428315,5.7465318451181275
32,0.14906415615808105,134.58456933361077,-2.503085852271645,5.7465318451181275
32,0.14906415615808105,181.70633634214732,-3.1021419006883506,5.7465318451181275
32,0.14906415615808105,245.3267327032263,-3.701523285362586,5.7465318451181275
32,0.14906415615808105,331.2223832718382,-4.301116854599736,5.7465318451181275
32,0.14906415615808105,447.1924684742427,-4.902242095458343,5.7465318451181275
32,0.14906415615808105,603.766876757117,-5.499595904180606,5.7465318451181275
32,0.14906415615808105,815.1623007265384,-6.1035210570392735,5.7465318451181275
32,0.14906415615808105,1100.5730888961868,-6.704159996208315,5.7465318451181275
32,0.14906415615808105,1485.9140602097523,-7.3035954105738075,5.7465318451181275
32,0.14906415615808105,2006.1735259613445,-7.904517657355525,5.7465318451181275
32,0.2012556255857059,0.1,11.00675771544699,5.7465318451181275
32,0.2012556255857059,0.13501275609964633,10.384688131834082,5.7465318451181275
32,0.2012556255857059,0.18228444309622582,9.779208390626767,5.7465318451181275
32,0.2012556255857059,0.24610725056510596,9.210271453909607,5.7465318451181275
32,0.2012556255857059,0.33227618194901193,8.665058499381825,5.7465318451181275
32,0.2012556255857059,0.4486152311120365,8.509613780888252,5.7465318451181275
32,0.2012556255857059,0.6056877878071585,8.050957329991308,5.7465318451181275
32,0.2012556255857059,0.8177557756774221,7.4952398792657196,5.7465318451181275
32,0.2012556255857059,1.1040746109061288,6.63791018614669,5.7465318451181275
32,0.2012556255857059,1.4906415615808106,5.897106505979056,5.7465318451181275
32,0.2012556255857059,2.012556255857059,5.2285390268652785,5.7465318451181275
32,0.2012556255857059,2.717207669088465,4.81481790229355,5.7465318451181275
32,0.2012556255857059,3.6685769629872937,4.204386097348521,5.7465318451181275
32,0.2012556255857059,4.953046867365847,3.45658048731246,5.7465318451181275
32,0.2012556255857059,6.687245086537825,2.948439106403146,5.7465318451181275
32,0.2012556255857059,9.028633898472895,2.312060830826553,5.7465318451181275
32,0.2012556255857059,12.189807464475196,1.701320719687643,5.7465318451181275
32,0.2012556255857059,16.457795021028378,1.1024830301522,5.7465318451181275
32,0.2012556255857059,22.22012265112078,0.5011568245444812,5.7465318451181275
32,0.2012556255857059,29.99999999999996,-0.09775398822598243,5.7465318451181275
32,0.2012556255857059,40.503826829893846,-0.6991053826193032,5.7465318451181275
32,0.2012556255857059,54.68533292886767,-1.3001303969095126,5.7465318451181275
32,0.2012556255857059,73.83217516953168,-1.896262312038574,5.7465318451181275
32,0.2012556255857059,99.68285458470345,-2.502589031671763,5.7465318451181275
32,0.2012556255857059,134.58456933361077,-3.098819764432276,5.7465318451181275
32,0.2012556255857059,181.70633634214732,-3.7028151081028406,5.7465318451181275
32,0.2012556255857059,245.3267327032263,-4.301319052928379,5.7465318451181275
32,0.2012556255857059,331.2223832718382,-4.900492307236734,5.7465318451181275
32,0.2012556255857059,447.1924684742427,-5.497948456920728,5.7465318451181275
32,0.2012556255857059,603.766876757117,-6.105197102055637,5.7465318451181275
32,0.2012556255857059,815.1623007265384,-6.701681533619632,5.7465318451181275
32,0.2012556255857059,1100.5730888961868,-7.302313309559146,5.7465318451181275
32,0.2012556255857059,1485.9140602097523,-7.903519477145839,5.7465318451181275
32,0.2012556255857059,2006.1735259613445,-8.505260366812129,5.7465318451181275
32,0.2717207669088465,0.1,10.399513473586007,5.7465318451181275
32,0.2717207669088465,0.13501275609964633,9.783319309795464,5.7465318451181275
32,0.2717207669088465,0.18228444309622582,9.176815593430025,5.7465318451181275
32,0.2717207669088465,0.24610725056510596,8.598770900218963,5.7465318451181275
32,0.2717207669088465,0.33227618194901193,8.06626049608728,5.7465318451181275
32,0.2717207669088465,0.4486152311120365,7.877820066189183,5.7465318451181275
32,0.2717207669088465,0.6056877878071585,7.428740572557198,5.7465318451181275
32,0.2717207669088465,0.8177557756774221,6.84622841557965,5.7465318451181275
32,0.2717207669088465,1.1040746109061288,6.030747430352205,5.7465318451181275
32,0.2717207669088465,1.4906415615808106,5.30376683354121,5.7465318451181275
32,0.2717207669088465,2.012556255857059,4.6500475331823985,5.7465318451181275
32,0.2717207669088465,2.717207669088465,4.19237832685257,5.7465318451181275
32,0.2717207669088465,3.6685769629872937,3.568901911658481,5.7465318451181275
32,0.2717207669088465,4.953046867365847,2.886944180708916,5.7465318451181275
32,0.2717207669088465,6.687245086537825,2.3150082807208614,5.7465318451181275
32,0.2717207669088465,9.028633898472895,1.7033201403612683,5.7465318451181275
32,0.2717207669088465,12.189807464475196,1.1011139441255418,5.7465318451181275
32,0.2717207669088465,16.457795021028378,0.5028401907673821,5.7465318451181275
32,0.2717207669088465,22.22012265112078,-0.09792279010386801,5.7465318451181275
32,0.2717207669088465,29.99999999999996,-0.6967032454600742,5.7465318451181275
32,0.2717207669088465,40.503826829893846,-1.2968333592170933,5.7465318451181275
32,0.2717207669088465,54.68533292886767,-1.8972324630541093,5.7465318451181275
32,0.2717207669088465,73.83217516953168,-2.50242272434387,5.7465318451181275
32,0.2717207669088465,99.68285458470345,-3.10078651710641,5.7465318451181275
32,0.2717207669088465,134.58456933361077,-3.701905278489377,5.7465318451181275
32,0.2717207669088465,181.70633634214732,-4.30101222905516,5.7465318451181275
32,0.2717207669088465,245.3267327032263,-4.90276551017747,5.7465318451181275
32,0.2717207669088465,331.2223832718382,-5.49694081906727,5.7465318451181275
32,0.2717207669088465,447.1924684742427,-6.105129243469036,5.7465318451181275
32,0.2717207669088465,603.766876757117,-6.701732832991791,5.7465318451181275
32,0.2717207669088465,815.1623007265384,-7.301140910267699,5.7465318451181275
32,0.2717207669088465,1100.5730888961868,-7.904559770183731,5.7465318451181275
32,0.2717207669088465,1485.9140602097523,-8.503107269845309,5.7465318451181275
32,0.2717207669088465,2006.1735259613445,-9.10553124618178,5.7465318451181275
32,0.3668576962987294,0.1,9.790232395912897,5.7465318451181275
32,0.3668576962987294,0.13501275609964633,9.180347583916513,5.7465318451181275
32,0.3668576962987294,0.18228444309622582,8.575358710831674,5.7465318451181275
32,0.3668576962987294,0.24610725056510596,7.992121802197568,5.7465318451181275
32,0.3668576962987294,0.33227618194901193,7.471949897493119,5.7465318451181275
32,0.3668576962987294,0.4486152311120365,7.248636183379733,5.7465318451181275
32,0.3668576962987294,0.6056877878071585,6.8031940527957,5.7465318451181275
32,0.3668576962987294,0.8177557756774221,6.195634097312964,5.7465318451181275
32,0.3668576962987294,1.1040746109061288,5.420399191726492,5.7465318451181275
32,0.3668576962987294,1.4906415615808106,4.708830734178969,5.7465318451181275
32,0.3668576962987294,2.012556255857059,4.070842176999837,5.7465318451181275
32,0.3668576962987294,2.717207669088465,3.5619603221099543,5.7465318451181275
32,0.3668576962987294,3.6685769629872937,2.933670404179046,5.7465318451181275
32,0.3668576962987294,4.953046867365847,2.3017125468634383,5.7465318451181275
32,0.3668576962987294,6.687245086537825,1.7031605339265905,5.7465318451181275
32,0.3668576962987294,9.028633898472895,1.1033740771959355,5.7465318451181275
32,0.3668576962987294,12.189807464475196,0.5028002762250803,5.7465318451181275
32,0.3668576962987294,16.457795021028378,-0.10002521713002117,5.7465318451181275
32,0.3668576962987294,22.22012265112078,-0.6964894409880005,5.7465318451181275
32,0.3668576962987294,29.99999999999996,-1.297137397232393,5.7465318451181275
32,0.3668576962987294,40.503826829893846,-1.8968655150612117,5.7465318451181275
32,0.3668576962987294,54.68533292886767,-2.502349048367256,5.7465318451181275
32,0.3668576962987294,73.83217516953168,-3.097958681911579,5.7465318451181275
32,0.3668576962987294,99.68285458470345,-3.701508398184968,5.7465318451181275
32,0.3668576962987294,134.58456933361077,-4.303418257291523,5.7465318451181275
32,0.3668576962987294,181.70633634214732,-4.900512901007531,5.7465318451181275
32,0.3668576962987294,245.3267327032263,-5.499177769386079,5.7465318451181275
32,0.3668576962987294,331.2223832718382,-6.104856303441553,5.7465318451181275
32,0.3668576962987294,447.1924684742427,-6.702205766550115,5.7465318451181275
32,0.3668576962987294,603.766876757117,-7.302478105961037,5.7465318451181275
32,0.3668576962987294,815.1623007265384,-7.906056041255316,5.7465318451181275
32,0.3668576962987294,1100.5730888961868,-8.50335758461477,5.7465318451181275
32,0.3668576962987294,1485.9140602097523,-9.105914616037468,5.7465318451181275
32,0.3668576962987294,2006.1735259613445,-9.702707250942467,5.7465318451181275
32,0.4953046867365847,0.1,9.179251396499883,5.7465318451181275
32,0.4953046867365847,0.13501275609964633,8.576308112428626,5.7465318451181275
32,0.4953046867365847,0.18228444309622582,7.975938722606413,5.7465318451181275
32,0.4953046867365847,0.24610725056510596,7.392164588841326,5.7465318451181275
32,0.4953046867365847,0.33227618194901193,6.884217891315203,5.7465318451181275
32,0.4953046867365847,0.4486152311120365,6.623389441101471,5.7465318451181275
32,0.4953046867365847,0.6056877878071585,6.172928473743284,5.7465318451181275
32,0.4953046867365847,0.8177557756774221,5.543968316554862,5.7465318451181275
32,0.4953046867365847,1.1040746109061288,4.804590269785106,5.7465318451181275
32,0.4953046867365847,1.4906415615808106,4.11175689548631,5.7465318451181275
32,0.4953046867365847,2.012556255857059,3.4884095935755832,5.7465318451181275
32,0.4953046867365847,2.717207669088465,2.9308299516777714,5.7465318451181275
32,0.4953046867365847,3.6685769629872937,2.311166290364137,5.7465318451181275
32,0.4953046867365847,4.953046867365847,1.7026647299021567,5.7465318451181275
32,0.4953046867365847,6.687245086537825,1.1029464966564548,5.7465318451181275
32,0.4953046867365847,9.028633898472895,0.5028423268102716,5.7465318451181275
32,0.4953046867365847,12.189807464475196,-0.10000727213023228,5.7465318451181275
32,0.4953046867365847,16.457795021028378,-0.6975497057443302,5.7465318451181275
32,0.4953046867365847,22.22012265112078,-1.3003584385939815,5.7465318451181275
32,0.4953046867365847,29.99999999999996,-1.8985493693661,5.7465318451181275
32,0.4953046867365847,40.503826829893846,-2.5000678021416443,5.7465318451181275
32,0.4953046867365847,54.68533292886767,-3.1016726364717546,5.7465318451181275
32,0.4953046867365847,73.83217516953168,-3.702843237801188,5.7465318451181275
32,0.4953046867365847,99.68285458470345,-4.30185012964643,5.7465318451181275
32,0.4953046867365847,134.58456933361077,-4.899780631236434,5.7465318451181275
32,0.4953046867365847,181.70633634214732,-5.498047666879164,5.7465318451181275
32,0.4953046867365847,245.3267327032263,-6.10492373166528,5.7465318451181275
32,0.4953046867365847,331.2223832718382,-6.703812260520232,5.7465318451181275
32,0.4953046867365847,447.1924684742427,-7.2994682549166425,5.7465318451181275
32,0.4953046867365847,603.766876757117,-7.903168989539605,5.7465318451181275
32,0.4953046867365847,815.1623007265384,-8.505387455337821,5.7465318451181275
32,0.4953046867365847,1100.5730888961868,-9.106633648310115,5.7465318451181275
32,0.4953046867365847,1485.9140602097523,-9.704947317114623,5.7465318451181275
32,0.4953046867365847,2006.1735259613445,-10.3056975099512,5.7465318451181275
32,0.6687245086537824,0.1,8.567400443262844,5.7465318451181275
32,0.6687245086537824,0.13501275609964633,7.9722738880714505,5.7465318451181275
32,0.6687245086537824,0.18228444309622582,7.379664821670934,5.7465318451181275
32,0.6687245086537824,0.24610725056510596,6.8007137252255845,5.7465318451181275
32,0.6687245086537824,0.33227618194901193,6.3045940726226775,5.7465318451181275
32,0.6687245086537824,0.4486152311120365,6.002114202138669,5.7465318451181275
32,0.6687245086537824,0.6056877878071585,5.536498424315229,5.7465318451181275
32,0.6687245086537824,0.8177557756774221,4.89135589202517,5.7465318451181275
32,0.6687245086537824,1.1040746109061288,4.182050929886632,5.7465318451181275
32,0.6687245086537824,1.4906415615808106,3.511858731093051,5.7465318451181275
32,0.6687245086537824,2.012556255857059,2.9001399645151027,5.7465318451181275
32,0.6687245086537824,2.717207669088465,2.3092376955106944,5.7465318451181275
32,0.6687245086537824,3.6685769629872937,1.70219615450494,5.7465318451181275
32,0.6687245086537824,4.953046867365847,1.1014810996517326,5.7465318451181275
32,0.6687245086537824,6.687245086537825,0.5028896994043341,5.7465318451181275
32,0.6687245086537824,9.028633898472895,-0.09844867435141058,5.7465318451181275
32,0.6687245086537824,12.189807464475196,-0.6970472844912832,5.7465318451181275
32,0.6687245086537824,16.457795021028378,-1.2957926429697966,5.7465318451181275
32,0.6687245086537824,22.22012265112078,-1.8965679061846983,5.7465318451181275
32,0.6687245086537824,29.99999999999996,-2.5024438538753246,5.7465318451181275
32,0.6687245086537824,40.503826829893846,-3.101361541678495,5.7465318451181275
32,0.6687245086537824,54.68533292886767,-3.7029259091915523,5.7465318451181275
32,0.6687245086537824,73.83217516953168,-4.30325522526494,5.7465318451181275
32,0.6687245086537824,99.68285458470345,-4.900024303663286,5.7465318451181275
32,0.6687245086537824,134.58456933361077,-5.498565594158988,5.7465318451181275
32,0.6687245086537824,181.70633634214732,-6.103314125532137,5.7465318451181275
32,0.6687245086537824,245.3267327032263,-6.70281830547944,5.7465318451181275
32,0.6687245086537824,331.2223832718382,-7.299444014953451,5.7465318451181275
32,0.6687245086537824,447.1924684742427,-7.904668227486026,5.7465318451181275
32,0.6687245086537824,603.766876757117,-8.506238141169517,5.7465318451181275
32,0.6687245086537824,815.1623007265384,-9.104558549996112,5.7465318451181275
32,0.6687245086537824,1100.5730888961868,-9.703768622838007,5.7465318451181275
32,0.6687245086537824,1485.9140602097523,-10.304300959916844,5.7465318451181275
32,0.6687245086537824,2006.1735259613445,-10.90498613472731,5.7465318451181275
32,0.9028633898472894,0.1,7.956270055760143,5.7465318451181275
32,0.9028633898472894,0.13501275609964633,7.370102357983213,5.7465318451181275
32,0.9028633898472894,0.18228444309622582,6.78787046290016,5.7465318451181275
32,0.9028633898472894,0.24610725056510596,6.219243056025941,5.7465318451181275
32,0.9028633898472894,0.33227618194901193,5.733325049894308,5.7465318451181275
32,0.9028633898472894,0.4486152311120365,5.383697269396759,5.7465318451181275
32,0.9028633898472894,0.6056877878071585,4.893081049883215,5.7465318451181275
32,0.9028633898472894,0.8177557756774221,4.237934593706838,5.7465318451181275
32,0.9028633898472894,1.1040746109061288,3.5542708516936092,5.7465318451181275
32,0.9028633898472894,1.4906415615808106,2.9094444192597506,5.7465318451181275
32,0.9028633898472894,2.012556255857059,2.3040336692667904,5.7465318451181275
32,0.9028633898472894,2.717207669088465,1.7002944997235305,5.7465318451181275
32,0.9028633898472894,3.6685769629872937,1.1014888685012927,5.7465318451181275
32,0.9028633898472894,4.953046867365847,0.5044590880295475,5.7465318451181275
32,0.9028633898472894,6.687245086537825,-0.10035850351173548,5.7465318451181275
32,0.9028633898472894,9.028633898472895,-0.6986361771806227,5.7465318451181275
32,0.9028633898472894,12.189807464475196,-1.2986151371251453,5.7465318451181275
32,0.9028633898472894,16.457795021028378,-1.8973143538455415,5.7465318451181275
32,0.9028633898472894,22.22012265112078,-2.503737832666846,5.7465318451181275
32,0.9028633898472894,29.99999999999996,-3.100614012371597,5.7465318451181275
32,0.9028633898472894,40.503826829893846,-3.704851136480335,5.7465318451181275
32,0.9028633898472894,54.68533292886767,-4.301693032825649,5.7465318451181275
32,0.9028633898472894,73.83217516953168,-4.900514202777832,5.7465318451181275
32,0.9028633898472894,99.68285458470345,-5.497458045308402,5.7465318451181275
32,0.9028633898472894,134.58456933361077,-6.103891674894855,5.7465318451181275
32,0.9028633898472894,181.70633634214732,-6.7043880611431375,5.7465318451181275
32,0.9028633898472894,245.3267327032263,-7.30112410009207,5.7465318451181275
32,0.9028633898472894,331.2223832718382,-7.9027308082922,5.7465318451181275
32,0.9028633898472894,447.1924684742427,-8.50384185960299,5.7465318451181275
32,0.9028633898472894,603.766876757117,-9.10845210199096,5.7465318451181275
32,0.9028633898472894,815.1623007265384,-9.705249744849787,5.7465318451181275
32,0.9028633898472894,1100.5730888961868,-10.304628549808726,5.7465318451181275
32,0.9028633898472894,1485.9140602097523,-10.908273350951934,5.7465318451181275
32,0.9028633898472894,2006.1735259613445,-11.505264891871606,5.7465318451181275
32,1.2189807464475195,0.1,7.348529750482171,5.7465318451181275
32,1.2189807464475195,0.13501275609964633,6.772484682685356,5.7465318451181275
32,1.2189807464475195,0.18228444309622582,6.202481064269553,5.7465318451181275
32,1.2189807464475195,0.24610725056510596,5.64848282633538,5.7465318451181275
32,1.2189807464475195,0.33227618194901193,5.168807449767716,5.7465318451181275
32,1.2189807464475195,0.4486152311120365,4.766664742911819,5.7465318451181275
32,1.2189807464475195,0.6056877878071585,4.243145485496423,5.7465318451181275
32,1.2189807464475195,0.8177557756774221,3.5854882713747656,5.7465318451181275
32,1.2189807464475195,1.1040746109061288,2.9276476442223935,5.7465318451181275
32,1.2189807464475195,1.4906415615808106,2.3062444160372206,5.7465318451181275
32,1.2189807464475195,2.012556255857059,1.7012882834943692,5.7465318451181275
32,1.2189807464475195,2.717207669088465,1.100784777540182,5.7465318451181275
32,1.2189807464475195,3.6685769629872937,0.49984435756825224,5.7465318451181275
32,1.2189807464475195,4.953046867365847,-0.09987229014503378,5.7465318451181275
32,1.2189807464475195,6.687245086537825,-0.698586030055799,5.7465318451181275
32,1.2189807464475195,9.028633898472895,-1.298424803380882,5.7465318451181275
32,1.2189807464475195,12.189807464475196,-1.8967166056960996,5.7465318451181275
32,1.2189807464475195,16.457795021028378,-2.5016598338566203,5.7465318451181275
32,1.2189807464475195,22.22012265112078,-3.098725697129798,5.7465318451181275
32,1.2189807464475195,29.99999999999996,-3.7022315568561783,5.7465318451181275
32,1.2189807464475195,40.503826829893846,-4.30156429700985,5.7465318451181275
32,1.2189807464475195,54.68533292886767,-4.900842034204646,5.7465318451181275
32,1.2189807464475195,73.83217516953168,-5.500263963595444,5.7465318451181275
32,1.2189807464475195,99.68285458470345,-6.104646581805178,5.7465318451181275
32,1.2189807464475195,134.58456933361077,-6.702235986258535,5.7465318451181275
32,1.2189807464475195,181.70633634214732,-7.300423203283662,5.7465318451181275
32,1.2189807464475195,245.3267327032263,-7.9062451332989205,5.7465318451181275
32,1.2189807464475195,331.2223832718382,-8.505769740627793,5.7465318451181275
32,1.2189807464475195,447.1924684742427,-9.106753201277499,5.7465318451181275
32,1.2189807464475195,603.766876757117,-9.70518071734406,5.7465318451181275
32,1.2189807464475195,815.1623007265384,-10.304048889021828,5.7465318451181275
32,1.2189807464475195,1100.5730888961868,-10.90774748194761,5.7465318451181275
32,1.2189807464475195,1485.9140602097523,-11.50511987120995,5.7465318451181275
32,1.2189807464475195,2006.1735259613445,-12.106543624997233,5.7465318451181275
32,1.6457795021028379,0.1,6.747841379447037,5.7465318451181275
32,1.6457795021028379,0.13501275609964633,6.182734332479858,5.7465318451181275
32,1.6457795021028379,0.18228444309622582,5.625973732921891,5.7465318451181275
32,1.6457795021028379,0.24610725056510596,5.088088672453523,5.7465318451181275
32,1.6457795021028379,0.33227618194901193,4.607405491683254,5.7465318451181275
32,1.6457795021028379,0.4486152311120365,4.149911799164764,5.7465318451181275
32,1.6457795021028379,0.6056877878071585,3.589840620792484,5.7465318451181275
32,1.6457795021028379,0.8177557756774221,2.9405286357905367,5.7465318451181275
32,1.6457795021028379,1.1040746109061288,2.3111894901540744,5.7465318451181275
32,1.6457795021028379,1.4906415615808106,1.703596164044558,5.7465318451181275
32,1.6457795021028379,2.012556255857059,1.1008192224114866,5.7465318451181275
32,1.6457795021028379,2.717207669088465,0.5004602967515751,5.7465318451181275
32,1.6457795021028379,3.6685769629872937,-0.09941916742576527,5.7465318451181275
32,1.6457795021028379,4.953046867365847,-0.6981679914235266,5.7465318451181275
32,1.6457795021028379,6.687245086537825,-1.298500080139595,5.7465318451181275
32,1.6457795021028379,9.028633898472895,-1.8966476972856712,5.7465318451181275
32,1.6457795021028379,12.189807464475196,-2.50196005336014,5.7465318451181275
32,1.6457795021028379,16.457795021028378,-3.1007888967579094,5.7465318451181275
32,1.6457795021028379,22.22012265112078,-3.7031900636990494,5.7465318451181275
32,1.6457795021028379,29.99999999999996,-4.303001281336591,5.7465318451181275
32,1.6457795021028379,40.503826829893846,-4.899150827950397,5.7465318451181275
32,1.6457795021028379,54.68533292886767,-5.4970959347843005,5.7465318451181275
32,1.6457795021028379,73.83217516953168,-6.103416865718356,5.7465318451181275
32,1.6457795021028379,99.68285458470345,-6.702984281109493,5.7465318451181275
32,1.6457795021028379,134.58456933361077,-7.304341564111325,5.7465318451181275
32,1.6457795021028379,181.70633634214732,-7.903698911026283,5.7465318451181275
32,1.6457795021028379,245.3267327032263,-8.505025878207714,5.7465318451181275
32,1.6457795021028379,331.2223832718382,-9.105850882997661,5.7465318451181275
32,1.6457795021028379,447.1924684742427,-9.705270705800082,5.7465318451181275
32,1.6457795021028379,603.766876757117,-10.30321018080684,5.7465318451181275
32,1.6457795021028379,815.1623007265384,-10.905064985315875,5.7465318451181275
32,1.6457795021028379,1100.5730888961868,-11.506861213987603,5.7465318451181275
32,1.6457795021028379,1485.9140602097523,-12.106528647852947,5.7465318451181275
32,1.6457795021028379,2006.1735259613445,-12.703858890760198,5.7465318451181275
32,2.222012265112078,0.1,6.158158591805881,5.7465318451181275
32,2.222012265112078,0.13501275609964633,5.604277101374448,5.7465318451181275
32,2.222012265112078,0.18228444309622582,5.060642479474943,5.7465318451181275
32,2.222012265112078,0.24610725056510596,4.536191467315708,5.7465318451181275
32,2.222012265112078,0.33227618194901193,4.044010913322785,5.7465318451181275
32,2.222012265112078,0.4486152311120365,3.5330613840380525,5.7465318451181275
32,2.222012265112078,0.6056877878071585,2.942070177473623,5.7465318451181275
32,2.222012265112078,0.8177557756774221,2.3128177169929067,5.7465318451181275
32,2.222012265112078,1.1040746109061288,1.7051760226836292,5.7465318451181275
32,2.222012265112078,1.4906415615808106,1.1017524464217872,5.7465318451181275
32,2.222012265112078,2.012556255857059,0.5015237884068088,5.7465318451181275
32,2.222012265112078,2.717207669088465,-0.09707059221579514,5.7465318451181275
32,2.222012265112078,3.6685769629872937,-0.6975045286493499,5.7465318451181275
32,2.222012265112078,4.953046867365847,-1.29908791520215,5.7465318451181275
32,2.222012265112078,6.687245086537825,-1.8957039245581029,5.7465318451181275
32,2.222012265112078,9.028633898472895,-2.5021624495175754,5.7465318451181275
32,2.222012265112078,12.189807464475196,-3.0994997818292567,5.7465318451181275
32,2.222012265112078,16.457795021028378,-3.7009693469508487,5.7465318451181275
32,2.222012265112078,22.22012265112078,-4.301476396432645,5.7465318451181275
32,2.222012265112078,29.99999999999996,-4.89936968383637,5.7465318451181275
32,2.222012265112078,40.503826829893846,-5.500736300988578,5.7465318451181275
32,2.222012265112078,54.68533292886767,-6.102162486242397,5.7465318451181275
32,2.222012265112078,73.83217516953168,-6.701995809761009,5.7465318451181275
32,2.222012265112078,99.68285458470345,-7.3033308669011925,5.7465318451181275
32,2.222012265112078,134.58456933361077,-7.903150735163974,5.7465318451181275
32,2.222012265112078,181.70633634214732,-8.50589505001292,5.7465318451181275
32,2.222012265112078,245.3267327032263,-9.104381715652758,5.7465318451181275
32,2.222012265112078,331.2223832718382,-9.704471213162725,5.7465318451181275
32,2.222012265112078,447.1924684742427,-10.305851557678293,5.7465318451181275
32,2.222012265112078,603.766876757117,-10.905210011267684,5.7465318451181275
32,2.222012265112078,815.1623007265384,-11.503985311818797,5.7465318451181275
32,2.222012265112078,1100.5730888961868,-12.102260117696357,5.7465318451181275
32,2.222012265112078,1485.9140602097523,-12.705728576287635,5.7465318451181275
32,2.222012265112078,2006.1735259613445,-13.306378043198492,5.7465318451181275
32,2.999999999999996,0.1,5.582742620181001,5.7465318451181275
32,2.999999999999996,0.13501275609964633,5.039724393226324,5.7465318451181275
32,2.999999999999996,0.18228444309622582,4.507288577971908,5.7465318451181275
32,2.999999999999996,0.24610725056510596,3.98873897778318,5.7465318451181275
32,2.999999999999996,0.33227618194901193,3.4736169517809525,5.7465318451181275
32,2.999999999999996,0.4486152311120365,2.9175347624848755,5.7465318451181275
32,2.999999999999996,0.6056877878071585,2.312585439009814,5.7465318451181275
32,2.999999999999996,0.8177557756774221,1.702002060033569,5.7465318451181275
32,2.999999999999996,1.1040746109061288,1.1023094912175027,5.7465318451181275
32,2.999999999999996,1.4906415615808106,0.49929202262296435,5.7465318451181275
32,2.999999999999996,2.012556255857059,-0.09739373428946485,5.7465318451181275
32,2.999999999999996,2.717207669088465,-0.6962882563825263,5.7465318451181275
32,2.999999999999996,3.6685769629872937,-1.298090747354831,5.7465318451181275
32,2.999999999999996,4.953046867365847,-1.8968340803045562,5.7465318451181275
32,2.999999999999996,6.687245086537825,-2.5011291087794314,5.7465318451181275
32,2.999999999999996,9.028633898472895,-3.0994959900530272,5.7465318451181275
32,2.999999999999996,12.189807464475196,-3.7023974700999127,5.7465318451181275
32,2.999999999999996,16.457795021028378,-4.299960239324962,5.7465318451181275
32,2.999999999999996,22.22012265112078,-4.902224828839662,5.7465318451181275
32,2.999999999999996,29.99999999999996,-5.498432415902683,5.7465318451181275
32,2.999999999999996,40.503826829893846,-6.103482929830796,5.7465318451181275
32,2.999999999999996,54.68533292886767,-6.7020900652212845,5.7465318451181275
32,2.999999999999996,73.83217516953168,-7.3029514770639725,5.7465318451181275
32,2.999999999999996,99.68285458470345,-7.902950063710589,5.7465318451181275
32,2.999999999999996,134.58456933361077,-8.503212441203232,5.7465318451181275
32,2.999999999999996,181.70633634214732,-9.105555871620876,5.7465318451181275
32,2.999999999999996,245.3267327032263,-9.704408390462769,5.7465318451181275
32,2.999999999999996,331.2223832718382,-10.305127239867815,5.7465318451181275
32,2.999999999999996,447.1924684742427,-10.906361953462811,5.7465318451181275
32,2.999999999999996,603.766876757117,-11.508221701121576,5.7465318451181275
32,2.999999999999996,815.1623007265384,-12.106320420495713,5.7465318451181275
32,2.999999999999996,1100.5730888961868,-12.704831191768966,5.7465318451181275
32,2.999999999999996,1485.9140602097523,-13.307077850944125,5.7465318451181275
32,2.999999999999996,2006.1735259613445,-13.908312163982572,5.7465318451181275
64,0.01,0.1,17.47113088097545,8.13061103779699
64,0.01,0.13501275609964633,16.821202628749923,8.13061103779699
64,0.01,0.18228444309622582,16.20696480796614,8.13061103779699
64,0.01,0.24610725056510596,15.363139395454196,8.13061103779699
64,0.01,0.33227618194901193,14.686581192682812,8.13061103779699
64,0.01,0.4486152311120365,14.275381232962143,8.13061103779699
64,0.01,0.6056877878071585,13.633941325489014,8.13061103779699
64,0.01,0.8177557756774221,13.361064664313894,8.13061103779699
64,0.01,1.1040746109061288,12.920919808189707,8.13061103779699
64,0.01,1.4906415615808106,12.494792352127115,8.13061103779699
64,0.01,2.012556255857059,12.095936747161804,8.13061103779699
64,0.01,2.717207669088465,11.907650422549573,8.13061103779699
64,0.01,3.6685769629872937,10.958168644528804,8.13061103779699
64,0.01,4.953046867365847,9.852377922683388,8.13061103779699
64,0.01,6.687245086537825,9.392963375656434,8.13061103779699
64,0.01,9.028633898472895,8.946412547803071,8.13061103779699
64,0.01,12.189807464475196,8.291144159580035,8.13061103779699
64,0.01,16.457795021028378,7.774853598934105,8.13061103779699
64,0.01,22.22012265112078,7.156409262291142,8.13061103779699
64,0.01,29.99999999999996,6.566426790601148,8.13061103779699
64,0.01,40.503826829893846,6.2959201731015195,8.13061103779699
64,0.01,54.68533292886767,5.429318184737047,8.13061103779699
64,0.01,73.83217516953168,4.881047553089111,8.13061103779699
64,0.01,99.68285458470345,4.1605721746992845,8.13061103779699
64,0.01,134.58456933361077,3.617038671742766,8.13061103779699
64,0.01,181.70633634214732,2.9973484937429795,8.13061103779699
64,0.01,245.3267327032263,2.3980179835832396,8.13061103779699
64,0.01,331.2223832718382,1.7949448543393276,8.13061103779699
64,0.01,447.1924684742427,1.1933641226729437,8.13061103779699
64,0.01,603.766876757117,0.5940366362389933,8.13061103779699
64,0.01,815.1623007265384,-0.005665721145476074,8.13061103779699
64,0.01,1100.5730888961868,-0.6041266034362445,8.13061103779699
64,0.01,1485.9140602097523,-1.208422391970287,8.13061103779699
64,0.01,2006.1735259613445,-1.8103043454796859,8.13061103779699
64,0.013501275609964631,0.1,16.869685447176195,8.13061103779699
64,0.013501275609964631,0.13501275609964633,16.220896396080384,8.13061103779699
64,0.013501275609964631,0.18228444309622582,15.606489178512726,8.13061103779699
64,0.013501275609964631,0.24610725056510596,14.766782576685857,8.13061103779699
64,0.013501275609964631,0.33227618194901193,14.088658172846392,8.13061103779699
64,0.013501275609964631,0.4486152311120365,13.676221156547358,8.13061103779699
64,0.013501275609964631,0.6056877878071585,13.033857109809567,8.13061103779699
64,0.013501275609964631,0.8177557756774221,12.753100499036721,8.13061103779699
64,0.013501275609964631,1.1040746109061288,12.31961522720068,8.13061103779699
64,0.013501275609964631,1.4906415615808106,11.901188670953402,8.13061103779699
64,0.013501275609964631,2.012556255857059,11.499267254154786,8.13061103779699
64,0.013501275609964631,2.717207669088465,11.305648743166037,8.13061103779699
64,0.013501275609964631,3.6685769629872937,10.350045409697302,8.13061103779699
64,0.013501275609964631,4.953046867365847,9.260214516740241,8.13061103779699
64,0.013501275609964631,6.687245086537825,8.819784964437979,8.13061103779699
64,0.013501275609964631,9.028633898472895,8.361919900355812,8.13061103779699
64,0.013501275609964631,12.189807464475196,7.718886643543695,8.13061103779699
64,0.013501275609964631,16.457795021028378,7.15820401493054,8.13061103779699
64,0.013501275609964631,22.22012265112078,6.566116467509369,8.13061103779699
64,0.013501275609964631,29.99999999999996,5.972556210301113,8.13061103779699
64,0.013501275609964631,40.503826829893846,5.643013555300797,8.13061103779699
64,0.013501275609964631,54.68533292886767,4.820497187246897,8.13061103779699
64,0.013501275609964631,73.83217516953168,4.25056287614102,8.13061103779699
64,0.013501275609964631,99.68285458470345,3.584602996414108,8.13061103779699
64,0.013501275609964631,134.58456933361077,3.0000799535776093,8.13061103779699
64,0.013501275609964631,181.70633634214732,2.3961410113491803,8.13061103779699
64,0.013501275609964631,245.3267327032263,1.7965746862260474,8.13061103779699
64,0.013501275609964631,331.2223832718382,1.1952658534181206,8.13061103779699
64,0.013501275609964631,447.1924684742427,0.5939581282692659,8.13061103779699
64,0.013501275609964631,603.766876757117,-0.004049887424584761,8.13061103779699
64,0.013501275609964631,815.1623007265384,-0.608273436060908,8.13061103779699
64,0.013501275609964631,1100.5730888961868,-1.2059426976922452,8.13061103779699
64,0.013501275609964631,1485.9140602097523,-1.8093133441586664,8.13061103779699
64,0.013501275609964631,2006.1735259613445,-2.405730892661706,8.13061103779699
64,0.018228444309622584,0.1,16.267550995598604,8.13061103779699
64,0.018228444309622584,0.13501275609964633,15.620665279008211,8.13061103779699
64,0.018228444309622584,0.18228444309622582,15.005947957612138,8.13061103779699
64,0.018228444309622584,0.24610725056510596,14.171887724160701,8.13061103779699
64,0.018228444309622584,0.33227618194901193,13.49252699865516,8.13061103779699
64,0.018228444309622584,0.4486152311120365,13.077807409325304,8.13061103779699
64,0.018228444309622584,0.6056877878071585,12.434084171669431,8.13061103779699
64,0.018228444309622584,0.8177557756774221,12.14606822408064,8.13061103779699
64,0.018228444309622584,1.1040746109061288,11.717793123738248,8.13061103779699
64,0.018228444309622584,1.4906415615808106,11.30812235320052,8.13061103779699
64,0.018228444309622584,2.012556255857059,10.903105331175233,8.13061103779699
64,0.018228444309622584,2.717207669088465,10.699538531064537,8.13061103779699
64,0.018228444309622584,3.6685769629872937,9.742174438789784,8.13061103779699
64,0.018228444309622584,4.953046867365847,8.669519505377604,8.13061103779699
64,0.018228444309622584,6.687245086537825,8.250645341909284,8.13061103779699
64,0.018228444309622584,9.028633898472895,7.777716140814894,8.13061103779699
64,0.018228444309622584,12.189807464475196,7.144818252428726,8.13061103779699
64,0.018228444309622584,16.457795021028378,6.548505669531785,8.13061103779699
64,0.018228444309622584,22.22012265112078,5.976803232279267,8.13061103779699
64,0.018228444309622584,29.99999999999996,5.37944618722245,8.13061103779699
64,0.018228444309622584,40.503826829893846,4.979308204132148,8.13061103779699
64,0.018228444309622584,54.68533292886767,4.2115626645035364,8.13061103779699
64,0.018228444309622584,73.83217516953168,3.6211297275559815,8.13061103779699
64,0.018228444309622584,99.68285458470345,2.9958666056341468,8.13061103779699
64,0.018228444309622584,134.58456933361077,2.396278781273479,8.13061103779699
64,0.018228444309622584,181.70633634214732,1.7948796312447637,8.13061103779699
64,0.018228444309622584,245.3267327032263,1.1942316798185286,8.13061103779699
64,0.018228444309622584,331.2223832718382,0.5935493219134041,8.13061103779699
64,0.018228444309622584,447.1924684742427,-0.005292674414244324,8.13061103779699
64,0.018228444309622584,603.766876757117,-0.6062218582560638,8.13061103779699
64,0.018228444309622584,815.1623007265384,-1.2057575732481234,8.13061103779699
64,0.018228444309622584,1100.5730888961868,-1.8106475453867117,8.13061103779699
64,0.018228444309622584,1485.9140602097523,-2.4060335981934853,8.13061103779699
64,0.018228444309622584,2006.1735259613445,-3.005750955673544,8.13061103779699
64,0.024610725056510595,0.1,15.664433723358432,8.13061103779699
64,0.024610725056510595,0.13501275609964633,15.02056721379459,8.13061103779699
64,0.024610725056510595,0.18228444309622582,14.405292382429524,8.13061103779699
64,0.024610725056510595,0.24610725056510596,13.578423955152576,8.13061103779699
64,0.024610725056510595,0.33227618194901193,12.899203684167434,8.13061103779699
64,0.024610725056510595,0.4486152311120365,12.480364145769517,8.13061103779699
64,0.024610725056510595,0.6056877878071585,11.834922423199252,8.13061103779699
64,0.024610725056510595,0.8177557756774221,11.540383999978856,8.13061103779699
64,0.024610725056510595,1.1040746109061288,11.11534771654914,8.13061103779699
64,0.024610725056510595,1.4906415615808106,10.715208469604244,8.13061103779699
64,0.024610725056510595,2.012556255857059,10.306727211321785,8.13061103779699
64,0.024610725056510595,2.717207669088465,10.087826026305338,8.13061103779699
64,0.024610725056510595,3.6685769629872937,9.134765344424796,8.13061103779699
64,0.024610725056510595,4.953046867365847,8.08213818223692,8.13061103779699
64,0.024610725056510595,6.687245086537825,7.6852237976802105,8.13061103779699
64,0.024610725056510595,9.028633898472895,7.192149171871598,8.13061103779699
64,0.024610725056510595,12.189807464475196,6.567043523661432,8.13061103779699
64,0.024610725056510595,16.457795021028378,5.9457944961323,8.13061103779699
64,0.024610725056510595,22.22012265112078,5.3866617778892545,8.13061103779699
64,0.024610725056510595,29.99999999999996,4.786378544807916,8.13061103779699
64,0.024610725056510595,40.503826829893846,4.309559375888084,8.13061103779699
64,0.024610725056510595,54.68533292886767,3.6032498518574774,8.13061103779699
64,0.024610725056510595,73.83217516953168,3.001991272587273,8.13061103779699
64,0.024610725056510595,99.68285458470345,2.396965451446955,8.13061103779699
64,0.024610725056510595,134.58456933361077,1.796406126267821,8.13061103779699
64,0.024610725056510595,181.70633634214732,1.1959543697717265,8.13061103779699
64,0.024610725056510595,245.3267327032263,0.5959085815613391,8.13061103779699
64,0.024610725056510595,331.2223832718382,-0.004920100238156239,8.13061103779699
64,0.024610725056510595,447.1924684742427,-0.6054566878283345,8.13061103779699
64,0.024610725056510595,603.766876757117,-1.2061677326358973,8.13061103779699
64,0.024610725056510595,815.1623007265384,-1.809800274326205,8.13061103779699
64,0.024610725056510595,1100.5730888961868,-2.4057437960146886,8.13061103779699
64,0.024610725056510595,1485.9140602097523,-3.007569785060371,8.13061103779699
64,0.024610725056510595,2006.1735259613445,-3.606956167372399,8.13061103779699
64,0.03322761819490119,0.1,15.06009411456412,8.13061103779699
64,0.03322761819490119,0.13501275609964633,14.420698709814948,8.13061103779699
64,0.03322761819490119,0.18228444309622582,13.80444779877153,8.13061103779699
64,0.03322761819490119,0.24610725056510596,12.986253362724508,8.13061103779699
64,0.03322761819490119,0.33227618194901193,12.309896680347222,8.13061103779699
64,0.03322761819490119,0.4486152311120365,11.883994474812274,8.13061103779699
64,0.03322761819490119,0.6056877878071585,11.236893062424155,8.13061103779699
64,0.03322761819490119,0.8177557756774221,10.936418506085188,8.13061103779699
64,0.03322761819490119,1.1040746109061288,10.512401116252951,8.13061103779699
64,0.03322761819490119,1.4906415615808106,10.122020664094553,8.13061103779699
64,0.03322761819490119,2.012556255857059,9.709233435235163,8.13061103779699
64,0.03322761819490119,2.717207669088465,9.469574612696357,8.13061103779699
64,0.03322761819490119,3.6685769629872937,8.527730660820346,8.13061103779699
64,0.03322761819490119,4.953046867365847,7.500262930032119,8.13061103779699
64,0.03322761819490119,6.687245086537825,7.121810648161191,8.13061103779699
64,0.03322761819490119,9.028633898472895,6.603416530581733,8.13061103779699
64,0.03322761819490119,12.189807464475196,5.984423761583825,8.13061103779699
64,0.03322761819490119,16.457795021028378,5.350104157861264,8.13061103779699
64,0.03322761819490119,22.22012265112078,4.794019386777682,8.13061103779699
64,0.03322761819490119,29.99999999999996,4.192207961184531,8.13061103779699
64,0.03322761819490119,40.503826829893846,3.6470643490048684,8.13061103779699
64,0.03322761819490119,54.68533292886767,2.997377430069985,8.13061103779699
64,0.03322761819490119,73.83217516953168,2.3965068341886275,8.13061103779699
64,0.03322761819490119,99.68285458470345,1.7970887934518298,8.13061103779699
64,0.03322761819490119,134.58456933361077,1.1941789118699866,8.13061103779699
64,0.03322761819490119,181.70633634214732,0.5965439746950362,8.13061103779699
64,0.03322761819490119,245.3267327032263,-0.0031893604506777924,8.13061103779699
64,0.03322761819490119,331.2223832718382,-0.6067332900686082,8.13061103779699
64,0.03322761819490119,447.1924684742427,-1.2046472149215357,8.13061103779699
64,0.03322761819490119,603.766876757117,-1.8088372992087973,8.13061103779699
64,0.03322761819490119,815.1623007265384,-2.407572850206178,8.13061103779699
64,0.03322761819490119,1100.5730888961868,-3.0072399913357377,8.13061103779699
64,0.03322761819490119,1485.9140602097523,-3.610027852808541,8.13061103779699
64,0.03322761819490119,2006.1735259613445,-4.208583518398023,8.13061103779699
64,0.04486152311120365,0.1,14.454484248549669,8.13061103779699
64,0.04486152311120365,0.13501275609964633,13.821209052517158,8.13061103779699
64,0.04486152311120365,0.18228444309622582,13.203319441400845,8.13061103779699
64,0.04486152311120365,0.24610725056510596,12.395298802473574,8.13061103779699
64,0.04486152311120365,0.33227618194901193,11.725678937281476,8.13061103779699
64,0.04486152311120365,0.4486152311120365,11.288651726752526,8.13061103779699
64,0.04486152311120365,0.6056877878071585,10.640762671943975,8.13061103779699
64,0.04486152311120365,0.8177557756774221,10.334462272791104,8.13061103779699
64,0.04486152311120365,1.1040746109061288,9.909529901112366,8.13061103779699
64,0.04486152311120365,1.4906415615808106,9.528199492319528,8.13061103779699
64,0.04486152311120365,2.012556255857059,9.109816117565959,8.13061103779699
64,0.04486152311120365,2.717207669088465,8.844562346036117,8.13061103779699
64,0.04486152311120365,3.6685769629872937,7.9205613875639616,8.13061103779699
64,0.04486152311120365,4.953046867365847,6.9259201758047455,8.13061103779699
64,0.04486152311120365,6.687245086537825,6.557309303543715,8.13061103779699
64,0.04486152311120365,9.028633898472895,6.010301196710355,8.13061103779699
64,0.04486152311120365,12.189807464475196,5.396400661833311,8.13061103779699
64,0.04486152311120365,16.457795021028378,4.760777278665124,8.13061103779699
64,0.04486152311120365,22.22012265112078,4.19805875008169,8.13061103779699
64,0.04486152311120365,29.99999999999996,3.5957879199865705,8.13061103779699
64,0.04486152311120365,40.503826829893846,3.009044889032426,8.13061103779699
64,0.04486152311120365,54.68533292886767,2.3964100677141578,8.13061103779699
64,0.04486152311120365,73.83217516953168,1.7970574956212502,8.13061103779699
64,0.04486152311120365,99.68285458470345,1.1951211250397349,8.13061103779699
64,0.04486152311120365,134.58456933361077,0.5931848437321157,8.13061103779699
64,0.04486152311120365,181.70633634214732,-0.007214387179042332,8.13061103779699
64,0.04486152311120365,245.3267327032263,-0.6049093611058857,8.13061103779699
64,0.04486152311120365,331.2223832718382,-1.2055677668937879,8.13061103779699
64,0.04486152311120365,447.1924684742427,-1.8087801382546154,8.13061103779699
64,0.04486152311120365,603.766876757117,-2.404524523971879,8.13061103779699
64,0.04486152311120365,815.1623007265384,-3.00926168182999,8.13061103779699
64,0.04486152311120365,1100.5730888961868,-3.6076844018813605,8.13061103779699
64,0.04486152311120365,1485.9140602097523,-4.2090401365970065,8.13061103779699
64,0.04486152311120365,2006.1735259613445,-4.807911734268303,8.13061103779699
64,0.06056877878071584,0.1,13.84782387100898,8.13061103779699
64,0.06056877878071584,0.13501275609964633,13.22230042842104,8.13061103779699
64,0.06056877878071584,0.18228444309622582,12.601838048012667,8.13061103779699
64,0.06056877878071584,0.24610725056510596,11.8057049327,8.13061103779699
64,0.06056877878071584,0.33227618194901193,11.147062367391625,8.13061103779699
64,0.06056877878071584,0.4486152311120365,10.694317878580774,8.13061103779699
64,0.06056877878071584,0.6056877878071585,10.047474556905224,8.13061103779699
64,0.06056877878071584,0.8177557756774221,9.734749384927074,8.13061103779699
64,0.06056877878071584,1.1040746109061288,9.307876894390873,8.13061103779699
64,0.06056877878071584,1.4906415615808106,8.93363628092225,8.13061103779699
64,0.06056877878071584,2.012556255857059,8.507964326648871,8.13061103779699
64,0.06056877878071584,2.717207669088465,8.213222241076252,8.13061103779699
64,0.06056877878071584,3.6685769629872937,7.3123647435294625,8.13061103779699
64,0.06056877878071584,4.953046867365847,6.360173834807293,8.13061103779699
64,0.06056877878071584,6.687245086537825,5.987804769363719,8.13061103779699
64,0.06056877878071584,9.028633898472895,5.41274446139015,8.13061103779699
64,0.06056877878071584,12.189807464475196,4.802599977830192,8.13061103779699
64,0.06056877878071584,16.457795021028378,4.175210213556223,8.13061103779699
64,0.06056877878071584,22.22012265112078,3.5994068209097065,8.13061103779699
64,0.06056877878071584,29.99999999999996,2.9964860611112587,8.13061103779699
64,0.06056877878071584,40.503826829893846,2.3965730167520203,8.13061103779699
64,0.06056877878071584,54.68533292886767,1.796883003183665,8.13061103779699
64,0.06056877878071584,73.83217516953168,1.1973935372695617,8.13061103779699
64,0.06056877878071584,99.68285458470345,0.5938682650107456,8.13061103779699
64,0.06056877878071584,134.58456933361077,-0.004519353727858114,8.13061103779699
64,0.06056877878071584,181.70633634214732,-0.6053882598811156,8.13061103779699
64,0.06056877878071584,245.3267327032263,-1.2068312244406334,8.13061103779699
64,0.06056877878071584,331.2223832718382,-1.8103344813046516,8.13061103779699
64,0.06056877878071584,447.1924684742427,-2.407724300111638,8.13061103779699
64,0.06056877878071584,603.766876757117,-3.0076592074511597,8.13061103779699
64,0.06056877878071584,815.1623007265384,-3.609532852932587,8.13061103779699
64,0.06056877878071584,1100.5730888961868,-4.208877273192109,8.13061103779699
64,0.06056877878071584,1485.9140602097523,-4.8078536292351615,8.13061103779699
64,0.06056877878071584,2006.1735259613445,-5.407912465883628,8.13061103779699
64,0.0817755775677422,0.1,13.240560554757574,8.13061103779699
64,0.0817755775677422,0.13501275609964633,12.624186638102083,8.13061103779699
64,0.0817755775677422,0.18228444309622582,12.000084735549189,8.13061103779699
64,0.0817755775677422,0.24610725056510596,11.217970417606082,8.13061103779699
64,0.0817755775677422,0.33227618194901193,10.57381212683554,8.13061103779699
64,0.0817755775677422,0.4486152311120365,10.101331563666468,8.13061103779699
64,0.0817755775677422,0.6056877878071585,9.458095506932425,8.13061103779699
64,0.0817755775677422,0.8177557756774221,9.137562941238858,8.13061103779699
64,0.0817755775677422,1.1040746109061288,8.708984619049817,8.13061103779699
64,0.0817755775677422,1.4906415615808106,8.338685396297025,8.13061103779699
64,0.0817755775677422,2.012556255857059,7.903574076639599,8.13061103779699
64,0.0817755775677422,2.717207669088465,7.576329348389444,8.13061103779699
64,0.0817755775677422,3.6685769629872937,6.702087783142624,8.13061103779699
64,0.0817755775677422,4.953046867365847,5.8023533637217986,8.13061103779699
64,0.0817755775677422,6.687245086537825,5.4093560977558415,8.13061103779699
64,0.0817755775677422,9.028633898472895,4.811663803473533,8.13061103779699
64,0.0817755775677422,12.189807464475196,4.203125704296094,8.13061103779699
64,0.0817755775677422,16.457795021028378,3.5883090911508173,8.13061103779699
64,0.0817755775677422,22.22012265112078,2.998764538811977,8.13061103779699
64,0.0817755775677422,29.99999999999996,2.3948633426246135,8.13061103779699
64,0.0817755775677422,40.503826829893846,1.7954345590238163,8.13061103779699
64,0.0817755775677422,54.68533292886767,1.1958593261986947,8.13061103779699
64,0.0817755775677422,73.83217516953168,0.5959847122936616,8.13061103779699
64,0.0817755775677422,99.68285458470345,-0.004763060432021662,8.13061103779699
64,0.0817755775677422,134.58456933361077,-0.6053256514486698,8.13061103779699
64,0.0817755775677422,181.70633634214732,-1.2063794840184452,8.13061103779699
64,0.0817755775677422,245.3267327032263,-1.8071941747234368,8.13061103779699
64,0.0817755775677422,331.2223832718382,-2.407537106726619,8.13061103779699
64,0.0817755775677422,447.1924684742427,-3.009938787184651,8.13061103779699
64,0.0817755775677422,603.766876757117,-3.6062967028390505,8.13061103779699
64,0.0817755775677422,815.1623007265384,-4.207765571462736,8.13061103779699
64,0.0817755775677422,1100.5730888961868,-4.806665012999229,8.13061103779699
64,0.0817755775677422,1485.9140602097523,-5.411116220318218,8.13061103779699
64,0.0817755775677422,2006.1735259613445,-6.008099603590535,8.13061103779699
64,0.11040746109061289,0.1,12.633292705969032,8.13061103779699
64,0.11040746109061289,0.13501275609964633,12.026996429381313,8.13061103779699
64,0.11040746109061289,0.18228444309622582,11.398496130671138,8.13061103779699
64,0.11040746109061289,0.24610725056510596,10.633065982155731,8.13061103779699
64,0.11040746109061289,0.33227618194901193,10.005195179878823,8.13061103779699
64,0.11040746109061289,0.4486152311120365,9.510607427334369,8.13061103779699
64,0.11040746109061289,0.6056877878071585,8.87389150894158,8.13061103779699
64,0.11040746109061289,0.8177557756774221,8.543483213191822,8.13061103779699
64,0.11040746109061289,1.1040746109061288,8.11442191083665,8.13061103779699
64,0.11040746109061289,1.4906415615808106,7.744150486772533,8.13061103779699
64,0.11040746109061289,2.012556255857059,7.297000906219611,8.13061103779699
64,0.11040746109061289,2.717207669088465,6.934344970628185,8.13061103779699
64,0.11040746109061289,3.6685769629872937,6.088810898471774,8.13061103779699
64,0.11040746109061289,4.953046867365847,5.249772884764247,8.13061103779699
64,0.11040746109061289,6.687245086537825,4.819131449300566,8.13061103779699
64,0.11040746109061289,9.028633898472895,4.208218755562606,8.13061103779699
64,0.11040746109061289,12.189807464475196,3.599636195723413,8.13061103779699
64,0.11040746109061289,16.457795021028378,2.994318513547857,8.13061103779699
64,0.11040746109061289,22.22012265112078,2.3970626090438896,8.13061103779699
64,0.11040746109061289,29.99999999999996,1.7944950436244957,8.13061103779699
64,0.11040746109061289,40.503826829893846,1.1955245608268912,8.13061103779699
64,0.11040746109061289,54.68533292886767,0.594970088556251,8.13061103779699
64,0.11040746109061289,73.83217516953168,-0.001866722810830466,8.13061103779699
64,0.11040746109061289,99.68285458470345,-0.6060210735614814,8.13061103779699
64,0.11040746109061289,134.58456933361077,-1.2077613174781596,8.13061103779699
64,0.11040746109061289,181.70633634214732,-1.8116812733371488,8.13061103779699
64,0.11040746109061289,245.3267327032263,-2.4057419872574846,8.13061103779699
64,0.11040746109061289,331.2223832718382,-3.0065994171686987,8.13061103779699
64,0.11040746109061289,447.1924684742427,-3.6067220111851626,8.13061103779699
64,0.11040746109061289,603.766876757117,-4.207743950483972,8.13061103779699
64,0.11040746109061289,815.1623007265384,-4.807466848801506,8.13061103779699
64,0.11040746109061289,1100.5730888961868,-5.409081910740561,8.13061103779699
64,0.11040746109061289,1485.9140602097523,-6.008730530967483,8.13061103779699
64,0.11040746109061289,2006.1735259613445,-6.6104441617063685,8.13061103779699
64,0.14906415615808105,0.1,12.026757143740822,8.13061103779699
64,0.14906415615808105,0.13501275609964633,11.430688383628976,8.13061103779699
64,0.14906415615808105,0.18228444309622582,10.798043021485917,8.13061103779699
64,0.14906415615808105,0.24610725056510596,10.052503545816244,8.13061103779699
64,0.14906415615808105,0.33227618194901193,9.440466607298063,8.13061103779699
64,0.14906415615808105,0.4486152311120365,8.923561645970086,8.13061103779699
64,0.14906415615808105,0.6056877878071585,8.296390116177632,8.13061103779699
64,0.14906415615808105,0.8177557756774221,7.953718768142972,8.13061103779699
64,0.14906415615808105,1.1040746109061288,7.525526761046706,8.13061103779699
64,0.14906415615808105,1.4906415615808106,7.150859622353205,8.13061103779699
64,0.14906415615808105,2.012556255857059,6.688894382235795,8.13061103779699
64,0.14906415615808105,2.717207669088465,6.286746339384659,8.13061103779699
64,0.14906415615808105,3.6685769629872937,5.472043010502869,8.13061103779699
64,0.14906415615808105,4.953046867365847,4.698139823960487,8.13061103779699
64,0.14906415615808105,6.687245086537825,4.2173350937480505,8.13061103779699
64,0.14906415615808105,9.028633898472895,3.6038287316530804,8.13061103779699
64,0.14906415615808105,12.189807464475196,2.995763061339111,8.13061103779699
64,0.14906415615808105,16.457795021028378,2.394802125595095,8.13061103779699
64,0.14906415615808105,22.22012265112078,1.7957214886441493,8.13061103779699
64,0.14906415615808105,29.99999999999996,1.1940978160388112,8.13061103779699
64,0.14906415615808105,40.503826829893846,0.5964753254740566,8.13061103779699
64,0.14906415615808105,54.68533292886767,-0.002402948502622002,8.13061103779699
64,0.14906415615808105,73.83217516953168,-0.607220276857302,8.13061103779699
64,0.14906415615808105,99.68285458470345,-1.2070342482709229,8.13061103779699
64,0.14906415615808105,134.58456933361077,-1.8088152210425674,8.13061103779699
64,0.14906415615808105,181.70633634214732,-2.406083809046429,8.13061103779699
64,0.14906415615808105,245.3267327032263,-3.010013467325472,8.13061103779699
64,0.14906415615808105,331.2223832718382,-3.6093584960288525,8.13061103779699
64,0.14906415615808105,447.1924684742427,-4.208292956129173,8.13061103779699
64,0.14906415615808105,603.766876757117,-4.806353740262283,8.13061103779699
64,0.14906415615808105,815.1623007265384,-5.409951331822628,8.13061103779699
64,0.14906415615808105,1100.5730888961868,-6.007933427405066,8.13061103779699
64,0.14906415615808105,1485.9140602097523,-6.610626088890922,8.13061103779699
64,0.14906415615808105,2006.1735259613445,-7.212334944930978,8.13061103779699
64,0.2012556255857059,0.1,11.421889867824202,8.13061103779699
64,0.2012556255857059,0.13501275609964633,10.83513514914016,8.13061103779699
64,0.2012556255857059,0.18228444309622582,10.200230054484303,8.13061103779699
64,0.2012556255857059,0.24610725056510596,9.478229484327477,8.13061103779699
64,0.2012556255857059,0.33227618194901193,8.879269776170363,8.13061103779699
64,0.2012556255857059,0.4486152311120365,8.341844240612001,8.13061103779699
64,0.2012556255857059,0.6056877878071585,7.727248855342792,8.13061103779699
64,0.2012556255857059,0.8177557756774221,7.370239830934424,8.13061103779699
64,0.2012556255857059,1.1040746109061288,6.943432925018245,8.13061103779699
64,0.2012556255857059,1.4906415615808106,6.559096774815817,8.13061103779699
64,0.2012556255857059,2.012556255857059,6.07959074363403,8.13061103779699
64,0.2012556255857059,2.717207669088465,5.63216727287564,8.13061103779699
64,0.2012556255857059,3.6685769629872937,4.852061711255266,8.13061103779699
64,0.2012556255857059,4.953046867365847,4.1422702017949895,8.13061103779699
64,0.2012556255857059,6.687245086537825,3.6087537941526446,8.13061103779699
64,0.2012556255857059,9.028633898472895,3.0003574497954193,8.13061103779699
64,0.2012556255857059,12.189807464475196,2.3962369964584584,8.13061103779699
64,0.2012556255857059,16.457795021028378,1.7961029194046345,8.13061103779699
64,0.2012556255857059,22.22012265112078,1.1941600377432355,8.13061103779699
64,0.2012556255857059,29.99999999999996,0.5928310758829085,8.13061103779699
64,0.2012556255857059,40.503826829893846,-0.004151879571481078,8.13061103779699
64,0.2012556255857059,54.68533292886767,-0.6063088779475021,8.13061103779699
64,0.2012556255857059,73.83217516953168,-1.2056558408001543,8.13061103779699
64,0.2012556255857059,99.68285458470345,-1.808237751799401,8.13061103779699
64,0.2012556255857059,134.58456933361077,-2.4074366860154734,8.13061103779699
64,0.2012556255857059,181.70633634214732,-3.0078376714942814,8.13061103779699
64,0.2012556255857059,245.3267327032263,-3.6091304116591907,8.13061103779699
64,0.2012556255857059,331.2223832718382,-4.20923723896171,8.13061103779699
64,0.2012556255857059,447.1924684742427,-4.805407342349058,8.13061103779699
64,0.2012556255857059,603.766876757117,-5.408445320507557,8.13061103779699
64,0.2012556255857059,815.1623007265384,-6.007881104586992,8.13061103779699
64,0.2012556255857059,1100.5730888961868,-6.610110437784387,8.13061103779699
64,0.2012556255857059,1485.9140602097523,-7.211304651319504,8.13061103779699
64,0.2012556255857059,2006.1735259613445,-7.813143853913405,8.13061103779699
64,0.2717207669088465,0.1,10.819887107561732,8.13061103779699
64,0.2717207669088465,0.13501275609964633,10.240461494668166,8.13061103779699
64,0.2717207669088465,0.18228444309622582,9.606920166792415,8.13061103779699
64,0.2717207669088465,0.24610725056510596,8.912193490851832,8.13061103779699
64,0.2717207669088465,0.33227618194901193,8.321837472130445,8.13061103779699
64,0.2717207669088465,0.4486152311120365,7.767171885446101,8.13061103779699
64,0.2717207669088465,0.6056877878071585,7.168032995646471,8.13061103779699
64,0.2717207669088465,0.8177557756774221,6.795533571912834,8.13061103779699
64,0.2717207669088465,1.1040746109061288,6.36910493705397,8.13061103779699
64,0.2717207669088465,1.4906415615808106,5.968410423820546,8.13061103779699
64,0.2717207669088465,2.012556255857059,5.4683465072286745,8.13061103779699
64,0.2717207669088465,2.717207669088465,4.969970823797396,8.13061103779699
64,0.2717207669088465,3.6685769629872937,4.230487583566971,8.13061103779699
64,0.2717207669088465,4.953046867365847,3.5760961780965568,8.13061103779699
64,0.2717207669088465,6.687245086537825,2.999684196003796,8.13061103779699
64,0.2717207669088465,9.028633898472895,2.3972834602061925,8.13061103779699
64,0.2717207669088465,12.189807464475196,1.798024253994168,8.13061103779699
64,0.2717207669088465,16.457795021028378,1.1950487613040366,8.13061103779699
64,0.2717207669088465,22.22012265112078,0.596824222049092,8.13061103779699
64,0.2717207669088465,29.99999999999996,-0.006162425708165322,8.13061103779699
64,0.2717207669088465,40.503826829893846,-0.6060442105221748,8.13061103779699
64,0.2717207669088465,54.68533292886767,-1.206153066110992,8.13061103779699
64,0.2717207669088465,73.83217516953168,-1.8092571720868256,8.13061103779699
64,0.2717207669088465,99.68285458470345,-2.4066604517527614,8.13061103779699
64,0.2717207669088465,134.58456933361077,-3.009470027409434,8.13061103779699
64,0.2717207669088465,181.70633634214732,-3.6082959831238597,8.13061103779699
64,0.2717207669088465,245.3267327032263,-4.208435632052344,8.13061103779699
64,0.2717207669088465,331.2223832718382,-4.807254472198288,8.13061103779699
64,0.2717207669088465,447.1924684742427,-5.409256774419286,8.13061103779699
64,0.2717207669088465,603.766876757117,-6.008672537544745,8.13061103779699
64,0.2717207669088465,815.1623007265384,-6.61151201242878,8.13061103779699
64,0.2717207669088465,1100.5730888961868,-7.211029189910585,8.13061103779699
64,0.2717207669088465,1485.9140602097523,-7.8145033214562565,8.13061103779699
64,0.2717207669088465,2006.1735259613445,-8.41061442809121,8.13061103779699
64,0.3668576962987294,0.1,10.222171915585776,8.13061103779699
64,0.3668576962987294,0.13501275609964633,9.647491065643148,8.13061103779699
64,0.3668576962987294,0.18228444309622582,9.020166122547696,8.13061103779699
64,0.3668576962987294,0.24610725056510596,8.355647829408,8.13061103779699
64,0.3668576962987294,0.33227618194901193,7.769082285627851,8.13061103779699
64,0.3668576962987294,0.4486152311120365,7.201464851842861,8.13061103779699
64,0.3668576962987294,0.6056877878071585,6.620095793931194,8.13061103779699
64,0.3668576962987294,0.8177557756774221,6.232086132530177,8.13061103779699
64,0.3668576962987294,1.1040746109061288,5.80300474474122,8.13061103779699
64,0.3668576962987294,1.4906415615808106,5.377893247898576,8.13061103779699
64,0.3668576962987294,2.012556255857059,4.853447882544681,8.13061103779699
64,0.3668576962987294,2.717207669088465,4.303447818508229,8.13061103779699
64,0.3668576962987294,3.6685769629872937,3.611298978989902,8.13061103779699
64,0.3668576962987294,4.953046867365847,2.9929909069309204,8.13061103779699
64,0.3668576962987294,6.687245086537825,2.395710493233997,8.13061103779699
64,0.3668576962987294,9.028633898472895,1.7950123763236177,8.13061103779699
64,0.3668576962987294,12.189807464475196,1.195858277793144,8.13061103779699
64,0.3668576962987294,16.457795021028378,0.593271125284095,8.13061103779699
64,0.3668576962987294,22.22012265112078,-0.006419469939557583,8.13061103779699
64,0.3668576962987294,29.99999999999996,-0.6042670861897383,8.13061103779699
64,0.3668576962987294,40.503826829893846,-1.2063630397634528,8.13061103779699
64,0.3668576962987294,54.68533292886767,-1.8097109560694726,8.13061103779699
64,0.3668576962987294,73.83217516953168,-2.406361556728041,8.13061103779699
64,0.3668576962987294,99.68285458470345,-3.0081923935414343,8.13061103779699
64,0.3668576962987294,134.58456933361077,-3.607312544788567,8.13061103779699
64,0.3668576962987294,181.70633634214732,-4.208460703492675,8.13061103779699
64,0.3668576962987294,245.3267327032263,-4.807335036239523,8.13061103779699
64,0.3668576962987294,331.2223832718382,-5.410856084823168,8.13061103779699
64,0.3668576962987294,447.1924684742427,-6.007511764617577,8.13061103779699
64,0.3668576962987294,603.766876757117,-6.609751513620372,8.13061103779699
64,0.3668576962987294,815.1623007265384,-7.212732689577274,8.13061103779699
64,0.3668576962987294,1100.5730888961868,-7.815090099549851,8.13061103779699
64,0.3668576962987294,1485.9140602097523,-8.410229995381796,8.13061103779699
64,0.3668576962987294,2006.1735259613445,-9.010151958498861,8.13061103779699
64,0.4953046867365847,0.1,9.630232152081637,8.13061103779699
64,0.4953046867365847,0.13501275609964633,9.058020371900183,8.13061103779699
64,0.4953046867365847,0.18228444309622582,8.442106868780117,8.13061103779699
64,0.4953046867365847,0.24610725056510596,7.808598035625345,8.13061103779699
64,0.4953046867365847,0.33227618194901193,7.222596196293443,8.13061103779699
64,0.4953046867365847,0.4486152311120365,6.647083379216794,8.13061103779699
64,0.4953046867365847,0.6056877878071585,6.08452557532159,8.13061103779699
64,0.4953046867365847,0.8177557756774221,5.681643799945359,8.13061103779699
64,0.4953046867365847,1.1040746109061288,5.244384991084826,8.13061103779699
64,0.4953046867365847,1.4906415615808106,4.78650005744277,8.13061103779699
64,0.4953046867365847,2.012556255857059,4.234230490993641,8.13061103779699
64,0.4953046867365847,2.717207669088465,3.6437637320243983,8.13061103779699
64,0.4953046867365847,3.6685769629872937,2.999664783850789,8.13061103779699
64,0.4953046867365847,4.953046867365847,2.3952030748151176,8.13061103779699
64,0.4953046867365847,6.687245086537825,1.7971791265843178,8.13061103779699
64,0.4953046867365847,9.028633898472895,1.1941714052693835,8.13061103779699
64,0.4953046867365847,12.189807464475196,0.5947609318273932,8.13061103779699
64,0.4953046867365847,16.457795021028378,-0.006695166915885232,8.13061103779699
64,0.4953046867365847,22.22012265112078,-0.605244198794882,8.13061103779699
64,0.4953046867365847,29.99999999999996,-1.2062015971146347,8.13061103779699
64,0.4953046867365847,40.503826829893846,-1.8099940277113804,8.13061103779699
64,0.4953046867365847,54.68533292886767,-2.4064751236790003,8.13061103779699
64,0.4953046867365847,73.83217516953168,-3.009643386556185,8.13061103779699
64,0.4953046867365847,99.68285458470345,-3.609463559948708,8.13061103779699
64,0.4953046867365847,134.58456933361077,-4.2103774941161465,8.13061103779699
64,0.4953046867365847,181.70633634214732,-4.807877934605926,8.13061103779699
64,0.4953046867365847,245.3267327032263,-5.408764429669824,8.13061103779699
64,0.4953046867365847,331.2223832718382,-6.008325187591509,8.13061103779699
64,0.4953046867365847,447.1924684742427,-6.612786608745611,8.13061103779699
64,0.4953046867365847,603.766876757117,-7.210518698028328,8.13061103779699
64,0.4953046867365847,815.1623007265384,-7.816177670734032,8.13061103779699
64,0.4953046867365847,1100.5730888961868,-8.409716926515646,8.13061103779699
64,0.4953046867365847,1485.9140602097523,-9.014920814335426,8.13061103779699
64,0.4953046867365847,2006.1735259613445,-9.614972824924626,8.13061103779699
64,0.6687245086537824,0.1,9.045407761723597,8.13061103779699
64,0.6687245086537824,0.13501275609964633,8.474692252087833,8.13061103779699
64,0.6687245086537824,0.18228444309622582,7.874659424611597,8.13061103779699
64,0.6687245086537824,0.24610725056510596,7.269884921442639,8.13061103779699
64,0.6687245086537824,0.33227618194901193,6.684309776516027,8.13061103779699
64,0.6687245086537824,0.4486152311120365,6.106514245025511,8.13061103779699
64,0.6687245086537824,0.6056877878071585,5.561954979435452,8.13061103779699
64,0.6687245086537824,0.8177557756774221,5.144215461825213,8.13061103779699
64,0.6687245086537824,1.1040746109061288,4.690601373299227,8.13061103779699
64,0.6687245086537824,1.4906415615808106,4.193159222218375,8.13061103779699
64,0.6687245086537824,2.012556255857059,3.614220523171017,8.13061103779699
64,0.6687245086537824,2.717207669088465,3.007110932335722,8.13061103779699
64,0.6687245086537824,3.6685769629872937,2.3959506155557597,8.13061103779699
64,0.6687245086537824,4.953046867365847,1.7941003709582448,8.13061103779699
64,0.6687245086537824,6.687245086537825,1.1960688691872143,8.13061103779699
64,0.6687245086537824,9.028633898472895,0.5947243810329546,8.13061103779699
64,0.6687245086537824,12.189807464475196,-0.007168152049284397,8.13061103779699
64,0.6687245086537824,16.457795021028378,-0.6071607952344154,8.13061103779699
64,0.6687245086537824,22.22012265112078,-1.2061681840931973,8.13061103779699
64,0.6687245086537824,29.99999999999996,-1.8092721568186911,8.13061103779699
64,0.6687245086537824,40.503826829893846,-2.4075980474499903,8.13061103779699
64,0.6687245086537824,54.68533292886767,-3.0081971809259294,8.13061103779699
64,0.6687245086537824,73.83217516953168,-3.60803545675744,8.13061103779699
64,0.6687245086537824,99.68285458470345,-4.209116646115148,8.13061103779699
64,0.6687245086537824,134.58456933361077,-4.807659204419357,8.13061103779699
64,0.6687245086537824,181.70633634214732,-5.409326327791955,8.13061103779699
64,0.6687245086537824,245.3267327032263,-6.007866464315899,8.13061103779699
64,0.6687245086537824,331.2223832718382,-6.60984537047189,8.13061103779699
64,0.6687245086537824,447.1924684742427,-7.213242753434999,8.13061103779699
64,0.6687245086537824,603.766876757117,-7.814816424406892,8.13061103779699
64,0.6687245086537824,815.1623007265384,-8.41197707065543,8.13061103779699
64,0.6687245086537824,1100.5730888961868,-9.013244209588423,8.13061103779699
64,0.6687245086537824,1485.9140602097523,-9.61320361256915,8.13061103779699
64,0.6687245086537824,2006.1735259613445,-10.210953577136397,8.13061103779699
64,0.9028633898472894,0.1,8.468714725430962,8.13061103779699
64,0.9028633898472894,0.13501275609964633,7.900384628162806,8.13061103779699
64,0.9028633898472894,0.18228444309622582,7.31883222220708,8.13061103779699
64,0.9028633898472894,0.24610725056510596,6.737829521554364,8.13061103779699
64,0.9028633898472894,0.33227618194901193,6.155579671623324,8.13061103779699
64,0.9028633898472894,0.4486152311120365,5.581139987221978,8.13061103779699
64,0.9028633898472894,0.6056877878071585,5.051999948621192,8.13061103779699
64,0.9028633898472894,0.8177557756774221,4.616833206506901,8.13061103779699
64,0.9028633898472894,1.1040746109061288,4.136614056445556,8.13061103779699
64,0.9028633898472894,1.4906415615808106,3.597026667082736,8.13061103779699
64,0.9028633898472894,2.012556255857059,3.000309777199133,8.13061103779699
64,0.9028633898472894,2.717207669088465,2.396814887476837,8.13061103779699
64,0.9028633898472894,3.6685769629872937,1.7952953928312816,8.13061103779699
64,0.9028633898472894,4.953046867365847,1.1954834856976435,8.13061103779699
64,0.9028633898472894,6.687245086537825,0.5944644433206409,8.13061103779699
64,0.9028633898472894,9.028633898472895,-0.007809485748819645,8.13061103779699
64,0.9028633898472894,12.189807464475196,-0.6071119078989576,8.13061103779699
64,0.9028633898472894,16.457795021028378,-1.205541680215881,8.13061103779699
64,0.9028633898472894,22.22012265112078,-1.8114109258227655,8.13061103779699
64,0.9028633898472894,29.99999999999996,-2.4055972806358374,8.13061103779699
64,0.9028633898472894,40.503826829893846,-3.0104088423900435,8.13061103779699
64,0.9028633898472894,54.68533292886767,-3.6076603438920887,8.13061103779699
64,0.9028633898472894,73.83217516953168,-4.206653070585372,8.13061103779699
64,0.9028633898472894,99.68285458470345,-4.80610852428259,8.13061103779699
64,0.9028633898472894,134.58456933361077,-5.408107136138643,8.13061103779699
64,0.9028633898472894,181.70633634214732,-6.009093968162439,8.13061103779699
64,0.9028633898472894,245.3267327032263,-6.610334226856822,8.13061103779699
64,0.9028633898472894,331.2223832718382,-7.213489018804182,8.13061103779699
64,0.9028633898472894,447.1924684742427,-7.8122027524363356,8.13061103779699
64,0.9028633898472894,603.766876757117,-8.413465222855605,8.13061103779699
64,0.9028633898472894,815.1623007265384,-9.013230371706948,8.13061103779699
64,0.9028633898472894,1100.5730888961868,-9.611832989098177,8.13061103779699
64,0.9028633898472894,1485.9140602097523,-10.214632394979901,8.13061103779699
64,0.9028633898472894,2006.1735259613445,-10.813090515611659,8.13061103779699
64,1.2189807464475195,0.1,7.900718907559025,8.13061103779699
64,1.2189807464475195,0.13501275609964633,7.3372456049655845,8.13061103779699
64,1.2189807464475195,0.18228444309622582,6.774063299821619,8.13061103779699
64,1.2189807464475195,0.24610725056510596,6.2107993287138665,8.13061103779699
64,1.2189807464475195,0.33227618194901193,5.6360103726014525,8.13061103779699
64,1.2189807464475195,0.4486152311120365,5.069683749121458,8.13061103779699
64,1.2189807464475195,0.6056877878071585,4.551845183166407,8.13061103779699
64,1.2189807464475195,0.8177557756774221,4.0918652557776145,8.13061103779699
64,1.2189807464475195,1.1040746109061288,3.574483210839297,8.13061103779699
64,1.2189807464475195,1.4906415615808106,2.997770652369437,8.13061103779699
64,1.2189807464475195,2.012556255857059,2.396886340227414,8.13061103779699
64,1.2189807464475195,2.717207669088465,1.7958400927638805,8.13061103779699
64,1.2189807464475195,3.6685769629872937,1.194884764781961,8.13061103779699
64,1.2189807464475195,4.953046867365847,0.5950336287382286,8.13061103779699
64,1.2189807464475195,6.687245086537825,-0.006206641089891915,8.13061103779699
64,1.2189807464475195,9.028633898472895,-0.6044761014176777,8.13061103779699
64,1.2189807464475195,12.189807464475196,-1.2071610547014637,8.13061103779699
64,1.2189807464475195,16.457795021028378,-1.8118477583291468,8.13061103779699
64,1.2189807464475195,22.22012265112078,-2.408463062557721,8.13061103779699
64,1.2189807464475195,29.99999999999996,-3.007350638985831,8.13061103779699
64,1.2189807464475195,40.503826829893846,-3.6074529348918056,8.13061103779699
64,1.2189807464475195,54.68533292886767,-4.207294138906747,8.13061103779699
64,1.2189807464475195,73.83217516953168,-4.807116824842537,8.13061103779699
64,1.2189807464475195,99.68285458470345,-5.409992274945626,8.13061103779699
64,1.2189807464475195,134.58456933361077,-6.007654832250589,8.13061103779699
64,1.2189807464475195,181.70633634214732,-6.6104294223521265,8.13061103779699
64,1.2189807464475195,245.3267327032263,-7.212176397951147,8.13061103779699
64,1.2189807464475195,331.2223832718382,-7.813274301862259,8.13061103779699
64,1.2189807464475195,447.1924684742427,-8.41318446126591,8.13061103779699
64,1.2189807464475195,603.766876757117,-9.013151096247393,8.13061103779699
64,1.2189807464475195,815.1623007265384,-9.612238738583253,8.13061103779699
64,1.2189807464475195,1100.5730888961868,-10.212002518563727,8.13061103779699
64,1.2189807464475195,1485.9140602097523,-10.810936487226304,8.13061103779699
64,1.2189807464475195,2006.1735259613445,-11.41422346574784,8.13061103779699
64,1.6457795021028379,0.1,7.341486041437993,8.13061103779699
64,1.6457795021028379,0.13501275609964633,6.785778944017697,8.13061103779699
64,1.6457795021028379,0.18228444309622582,6.238160655028185,8.13061103779699
64,1.6457795021028379,0.24610725056510596,5.687174291143081,8.13061103779699
64,1.6457795021028379,0.33227618194901193,5.122709565351457,8.13061103779699
64,1.6457795021028379,0.4486152311120365,4.567107954398254,8.13061103779699
64,1.6457795021028379,0.6056877878071585,4.053200659255308,8.13061103779699
64,1.6457795021028379,0.8177557756774221,3.5551884450182847,8.13061103779699
64,1.6457795021028379,1.1040746109061288,2.994793513523353,8.13061103779699
64,1.6457795021028379,1.4906415615808106,2.39699518838104,8.13061103779699
64,1.6457795021028379,2.012556255857059,1.79730233296054,8.13061103779699
64,1.6457795021028379,2.717207669088465,1.1956789846846227,8.13061103779699
64,1.6457795021028379,3.6685769629872937,0.5946041193074266,8.13061103779699
64,1.6457795021028379,4.953046867365847,-0.0054653129854639205,8.13061103779699
64,1.6457795021028379,6.687245086537825,-0.6069220596753228,8.13061103779699
64,1.6457795021028379,9.028633898472895,-1.2069403208679481,8.13061103779699
64,1.6457795021028379,12.189807464475196,-1.8089187565655374,8.13061103779699
64,1.6457795021028379,16.457795021028378,-2.406926217410095,8.13061103779699
64,1.6457795021028379,22.22012265112078,-3.0067902233932298,8.13061103779699
64,1.6457795021028379,29.99999999999996,-3.609099157125015,8.13061103779699
64,1.6457795021028379,40.503826829893846,-4.208305011794041,8.13061103779699
64,1.6457795021028379,54.68533292886767,-4.808724314411048,8.13061103779699
64,1.6457795021028379,73.83217516953168,-5.410405486636113,8.13061103779699
64,1.6457795021028379,99.68285458470345,-6.007962612579345,8.13061103779699
64,1.6457795021028379,134.58456933361077,-6.607643821427623,8.13061103779699
64,1.6457795021028379,181.70633634214732,-7.210955303874838,8.13061103779699
64,1.6457795021028379,245.3267327032263,-7.813622741245629,8.13061103779699
64,1.6457795021028379,331.2223832718382,-8.411929868160284,8.13061103779699
64,1.6457795021028379,447.1924684742427,-9.01159343125942,8.13061103779699
64,1.6457795021028379,603.766876757117,-9.612632171572686,8.13061103779699
64,1.6457795021028379,815.1623007265384,-10.211403462438875,8.13061103779699
64,1.6457795021028379,1100.5730888961868,-10.811384456948847,8.13061103779699
64,1.6457795021028379,1485.9140602097523,-11.41474925758047,8.13061103779699
64,1.6457795021028379,2006.1735259613445,-12.013744082721733,8.13061103779699
64,2.222012265112078,0.1,6.790614119487742,8.13061103779699
64,2.222012265112078,0.13501275609964633,6.2445032895591295,8.13061103779699
64,2.222012265112078,0.18228444309622582,5.707896012172639,8.13061103779699
64,2.222012265112078,0.24610725056510596,5.164784844419752,8.13061103779699
64,2.222012265112078,0.33227618194901193,4.610334668745945,8.13061103779699
64,2.222012265112078,0.4486152311120365,4.063617622358702,8.13061103779699
64,2.222012265112078,0.6056877878071585,3.5384154441004827,8.13061103779699
64,2.222012265112078,0.8177557756774221,2.989922911690643,8.13061103779699
64,2.222012265112078,1.1040746109061288,2.39692266280136,8.13061103779699
64,2.222012265112078,1.4906415615808106,1.7966205768519334,8.13061103779699
64,2.222012265112078,2.012556255857059,1.1958430685999282,8.13061103779699
64,2.222012265112078,2.717207669088465,0.5934238863153392,8.13061103779699
64,2.222012265112078,3.6685769629872937,-0.005628505375520114,8.13061103779699
64,2.222012265112078,4.953046867365847,-0.6051702695373631,8.13061103779699
64,2.222012265112078,6.687245086537825,-1.206725029072405,8.13061103779699
64,2.222012265112078,9.028633898472895,-1.8119293987741334,8.13061103779699
64,2.222012265112078,12.189807464475196,-2.40634919888109,8.13061103779699
64,2.222012265112078,16.457795021028378,-3.0076034193973133,8.13061103779699
64,2.222012265112078,22.22012265112078,-3.6079549847421633,8.13061103779699
64,2.222012265112078,29.99999999999996,-4.209565447806259,8.13061103779699
64,2.222012265112078,40.503826829893846,-4.80832005516241,8.13061103779699
64,2.222012265112078,54.68533292886767,-5.408640845493748,8.13061103779699
64,2.222012265112078,73.83217516953168,-6.007069082264788,8.13061103779699
64,2.222012265112078,99.68285458470345,-6.609247566287931,8.13061103779699
64,2.222012265112078,134.58456933361077,-7.213037961228726,8.13061103779699
64,2.222012265112078,181.70633634214732,-7.812800500490419,8.13061103779699
64,2.222012265112078,245.3267327032263,-8.409623871169416,8.13061103779699
64,2.222012265112078,331.2223832718382,-9.014947374927342,8.13061103779699
64,2.222012265112078,447.1924684742427,-9.613622207260066,8.13061103779699
64,2.222012265112078,603.766876757117,-10.210649742656711,8.13061103779699
64,2.222012265112078,815.1623007265384,-10.811052298277032,8.13061103779699
64,2.222012265112078,1100.5730888961868,-11.414264615521676,8.13061103779699
64,2.222012265112078,1485.9140602097523,-12.01652154627217,8.13061103779699
64,2.222012265112078,2006.1735259613445,-12.61448604957586,8.13061103779699
64,2.999999999999996,0.1,6.247283688207409,8.13061103779699
64,2.999999999999996,0.13501275609964633,5.710442512068679,8.13061103779699
64,2.999999999999996,0.18228444309622582,5.1797340826397305,8.13061103779699
64,2.999999999999996,0.24610725056510596,4.640322962681167,8.13061103779699
64,2.999999999999996,0.33227618194901193,4.091326917822029,8.13061103779699
64,2.999999999999996,0.4486152311120365,3.542940028459352,8.13061103779699
64,2.999999999999996,0.6056877878071585,2.9853708513997637,8.13061103779699
64,2.999999999999996,0.8177557756774221,2.3959771734686033,8.13061103779699
64,2.999999999999996,1.1040746109061288,1.7949316310907764,8.13061103779699
64,2.999999999999996,1.4906415615808106,1.1960011062813591,8.13061103779699
64,2.999999999999996,2.012556255857059,0.5966301065372097,8.13061103779699
64,2.999999999999996,2.717207669088465,-0.00363103604820249,8.13061103779699
64,2.999999999999996,3.6685769629872937,-0.6050290583544969,8.13061103779699
64,2.999999999999996,4.953046867365847,-1.2063069583191843,8.13061103779699
64,2.999999999999996,6.687245086537825,-1.8089848698041298,8.13061103779699
64,2.999999999999996,9.028633898472895,-2.4060146275147636,8.13061103779699
64,2.999999999999996,12.189807464475196,-3.0064864578528017,8.13061103779699
64,2.999999999999996,16.457795021028378,-3.6076697269072326,8.13061103779699
64,2.999999999999996,22.22012265112078,-4.208383416102517,8.13061103779699
64,2.999999999999996,29.99999999999996,-4.806352233125062,8.13061103779699
64,2.999999999999996,40.503826829893846,-5.4112021742116125,8.13061103779699
64,2.999999999999996,54.68533292886767,-6.006481133456982,8.13061103779699
64,2.999999999999996,73.83217516953168,-6.610725563219927,8.13061103779699
64,2.999999999999996,99.68285458470345,-7.213264051001413,8.13061103779699
64,2.999999999999996,134.58456933361077,-7.814369184976937,8.13061103779699
64,2.999999999999996,181.70633634214732,-8.41198337482943,8.13061103779699
64,2.999999999999996,245.3267327032263,-9.013037856059803,8.13061103779699
64,2.999999999999996,331.2223832718382,-9.610119339590172,8.13061103779699
64,2.999999999999996,447.1924684742427,-10.211362320701475,8.13061103779699
64,2.999999999999996,603.766876757117,-10.809416069849442,8.13061103779699
64,2.999999999999996,815.1623007265384,-11.414058030816529,8.13061103779699
64,2.999999999999996,1100.5730888961868,-12.014505015761706,8.13061103779699
64,2.999999999999996,1485.9140602097523,-12.61258860376575,8.13061103779699
64,2.999999999999996,2006.1735259613445,-13.212813342178993,8.13061103779699
